annotation.is_fraud,annotation.fraud_type,annotation.fraud_labels.transaction_upi_fraud,annotation.fraud_labels.transaction_card_fraud,annotation.fraud_labels.transaction_bank_transfer,annotation.fraud_labels.commerce_nondelivery,annotation.fraud_labels.commerce_fake_seller,annotation.fraud_labels.credential_phishing,annotation.fraud_labels.social_authority_scam,annotation.fraud_labels.social_urgency_scam,annotation.fraud_labels.meta_victim_story,annotation.fraud_labels.meta_fraud_question,annotation.key_features.payment_method,annotation.key_features.fraud_channel,annotation.key_features.victim_action,annotation.key_features.request_type,annotation.key_features.impersonated_entity,annotation.key_features.amount_mentioned,annotation.key_features.currency,annotation.key_features.urgency_level,annotation.psychological_tactics.urgency,annotation.psychological_tactics.fear,annotation.psychological_tactics.authority,annotation.psychological_tactics.reward,annotation.key_features.amount_normalized,annotation.key_features.has_amount
1,transaction,1,0,0,0,0,0,0,0,1,0,upi,email,sent_money,payment,bank,unknown,unknown,0.9,1.0,0.0,1.0,0.0,,0
1,transaction,0,1,0,0,0,0,0,0,0,0,card,email,sent_money,payment,company,2000,unknown,1.0,1.0,1.0,1.0,0.0,2000.0,1
1,social_engineering,0,0,0,0,0,0,1,1,0,0,unknown,social_media,none,none,individual,unknown,unknown,1.0,1.0,1.0,1.0,0.0,,0
1,social_engineering,0,0,0,0,0,1,0,1,0,0,unknown,social_media,shared_credentials,none,individual,unknown,unknown,1.0,1.0,1.0,1.0,0.0,,0
1,commerce,0,0,0,1,1,0,0,0,0,0,upi,website,clicked_link,commerce,company,unknown,unknown,0.8,1.0,0.0,0.0,0.0,,0
1,commerce,0,0,0,0,1,0,0,0,0,0,bank,phone,installed_app,verification,insurance_company,unknown,unknown,0.8,1.0,0.0,0.0,0.0,,0
1,transaction,0,1,0,0,0,0,0,0,0,0,unknown,unknown,sent_money,payment,unknown,unknown,unknown,0.0,1.0,1.0,0.0,0.0,,0
1,transaction,1,0,0,0,0,0,1,1,0,1,upi,sms,sent_money,payment,bank,unknown,unknown,1.0,1.0,1.0,1.0,0.0,,0
1,transaction,0,1,0,0,0,0,0,0,0,0,card,website,clicked_link,payment,company,unknown,unknown,0.0,1.0,1.0,0.0,0.0,,0
1,transaction,0,0,1,0,0,0,0,0,0,0,bank,unknown,sent_money,payment,company,50000,INR,1.0,1.0,0.0,1.0,0.0,50000.0,1
1,social_engineering,0,0,0,0,0,1,0,0,0,0,crypto,direct_message,seed_phrase,verification,none,unknown,unknown,0.9,1.0,1.0,0.0,0.0,,0
1,transaction,0,0,0,0,0,0,0,0,1,0,crypto,private,sent_money,payment,unknown,$2,USD,0.9,1.0,0.0,0.0,0.0,2.0,1
1,transaction,0,0,0,0,0,0,1,1,0,0,crypto,website,clicked_link,payment,elon_musk,unknown,unknown,1.0,1.0,1.0,1.0,0.0,,0
1,transaction,0,0,1,0,0,0,0,0,0,0,bank,phone,none,verification,bank,unknown,unknown,0.9,1.0,1.0,1.0,0.0,,0
1,commerce,0,0,0,1,0,0,0,0,0,0,upi,phone,shared_credentials,cancellation,meesho,unknown,unknown,0.8,1.0,0.0,0.0,0.0,,0
1,transaction,0,0,1,0,0,0,0,0,0,0,bank,phone,sent_money,payment,company,unknown,unknown,0.9,1.0,0.0,1.0,0.0,,0
1,transaction,0,0,0,0,0,0,0,0,0,0,unknown,whatsapp,deposited_money,payment,unknown,€60,EUR,0.9,1.0,0.0,0.0,0.0,60.0,1
1,transaction,0,0,1,0,0,0,0,0,1,0,bank,email,sent_money,payment,company,$250K,USD,1.0,1.0,1.0,0.0,0.0,250.0,1
0,none,0,0,0,0,0,1,0,0,0,0,upi,email,shared_credentials,phishing,bank,unknown,unknown,0.0,0.0,1.0,1.0,0.0,,0
1,transaction,0,1,0,0,0,0,0,0,0,0,bank,social_media,clicked_link,payment,tiktok,$20 CAD,CAD,1.0,1.0,0.0,1.0,1.0,20.0,1
1,social_engineering,0,0,0,0,0,1,1,1,0,0,unknown,sms,clicked_link,evidence,police,none,unknown,1.0,1.0,1.0,1.0,0.0,,0
1,transaction,0,0,1,0,0,0,0,0,0,0,crypto,telegram,sent_money,transaction,unknown,2000,USD,1.0,1.0,0.0,0.0,0.0,2000.0,1
1,commerce,0,0,1,1,0,0,0,0,1,0,bank,email,paid,payment,company,800,INR,1.0,1.0,1.0,1.0,0.0,800.0,1
1,transaction,0,0,1,0,0,0,0,0,0,0,bank,email,sent_money,payment,company,10,unknown,0.8,1.0,1.0,1.0,0.0,10.0,1
1,transaction,0,0,1,0,0,0,0,0,0,0,bank,email,sent_money,payment,company,unknown,unknown,0.9,1.0,1.0,1.0,0.0,,0
1,transaction,0,1,0,0,0,0,0,1,0,0,card,phone,sent_money,transaction,company,unknown,unknown,1.0,1.0,0.0,1.0,0.0,,0
1,transaction,0,0,1,0,0,0,0,1,1,0,bank,social_media,sent_money,payment,unknown,19.45,SOL,0.8,1.0,0.0,0.0,0.0,19.45,1
1,transaction,1,0,0,0,0,0,0,0,0,0,upi,email,sent_money,payment,company,2550,EUR,1.0,1.0,0.0,1.0,0.0,2550.0,1
1,transaction,0,0,1,0,0,0,0,0,0,0,bank,email,sent_money,payment,company,1000,unknown,0.8,1.0,0.0,1.0,0.0,1000.0,1
1,commerce,0,0,0,0,0,0,0,0,0,0,unknown,unknown,sent_money,payment,unknown,unknown,unknown,0.0,1.0,1.0,0.0,0.0,,0
1,transaction,0,0,0,0,0,0,0,0,1,0,crypto,website,sent_money,transaction,none,109 BTC,BTC,0.8,1.0,1.0,0.0,0.0,109.0,1
1,transaction,0,0,0,0,0,0,0,0,0,0,crypto,website,clicked_link,none,unknown,unknown,unknown,0.9,1.0,1.0,0.0,0.0,,0
1,social_engineering,0,0,0,0,0,1,1,1,0,0,unknown,social_media,clicked_link,none,company,unknown,unknown,1.0,1.0,1.0,1.0,0.0,,0
1,transaction,0,0,1,0,0,0,0,0,1,0,bank,website,deposit_money,payment,none,unknown,unknown,0.9,1.0,0.0,0.0,0.0,,0
1,transaction,0,0,1,0,0,0,0,0,0,0,bank,email,sent_money,payment,company,22000,unknown,1.0,1.0,0.0,1.0,0.0,22000.0,1
1,transaction,0,1,1,0,0,0,0,0,0,0,bank,phone,sent_money,payment,bank,$65 million,USD,1.0,1.0,1.0,1.0,0.0,65000000.0,1
1,transaction,0,1,0,0,0,0,0,0,0,0,bank,email,shared_credentials,payment,ebay,850,GBP,1.0,1.0,1.0,1.0,0.0,850.0,1
1,transaction,0,0,1,0,0,0,0,0,0,0,bank,website,clicked_link,payment,company,unknown,unknown,0.8,1.0,0.0,1.0,0.0,,0
1,transaction,0,0,1,0,0,0,0,0,0,0,bank,unknown,sent_money,payment,none,$500,USD,0.0,1.0,1.0,0.0,0.0,500.0,1
1,transaction,0,0,0,0,0,0,0,0,0,0,crypto,sms,sent_money,payment,unknown,unknown,unknown,0.0,1.0,0.0,0.0,0.0,,0
1,social_engineering,0,0,0,0,0,0,1,1,0,0,unknown,email,clicked_link,none,google_forms,unknown,unknown,1.0,1.0,0.0,1.0,0.0,,0
1,transaction,0,0,1,0,0,0,0,0,0,0,bank,phone,shared_credentials,verification,none,unknown,unknown,0.8,1.0,0.0,0.0,0.0,,0
1,commerce,0,0,0,0,0,0,0,0,0,0,upi,social_media,sent_money,payment,company,unknown,unknown,0.8,1.0,0.0,1.0,0.0,,0
1,social_engineering,0,0,0,0,0,1,1,1,1,0,unknown,phone,none,none,united_healthcare,unknown,unknown,1.0,1.0,1.0,1.0,0.0,,0
1,transaction,1,0,0,0,0,0,0,0,0,0,upi,sms,sent_money,payment,bank,870,INR,1.0,1.0,0.0,1.0,0.0,870.0,1
1,transaction,1,0,0,0,0,0,0,0,1,0,upi,sms,sent_money,payment,bank,unknown,unknown,0.5,1.0,1.0,1.0,0.0,,0
1,transaction,1,0,0,0,0,0,0,0,0,0,upi,sms,sent_money,payment,bank,unknown,unknown,0.8,1.0,0.0,1.0,0.0,,0
0,none,0,0,0,0,0,0,0,0,0,0,unknown,social_media,none,none,individual,unknown,unknown,0.0,0.0,0.0,1.0,0.0,,0
1,transaction,0,0,1,0,0,0,0,0,0,0,bank,email,sent_money,payment,company,unknown,unknown,0.9,1.0,1.0,1.0,0.0,,0
1,transaction,0,0,1,0,0,0,0,0,0,0,bank,website,sent_money,payment,company,100,EUR,0.8,1.0,0.0,1.0,0.0,100.0,1
1,transaction,1,0,0,0,0,0,0,0,0,0,upi,sms,sent_money,payment,bank,unknown,unknown,0.9,1.0,0.0,1.0,0.0,,0
0,none,0,0,0,0,0,0,0,0,0,0,upi,sms,sent_money,payment,bank,unknown,unknown,0.0,0.0,0.0,1.0,0.0,,0
1,transaction,0,0,1,0,0,0,0,0,0,0,bank,telegram,sent_money,payment,unknown,unknown,unknown,0.5,1.0,0.0,0.0,0.0,,0
1,transaction,0,0,1,0,0,0,0,0,1,0,bank,sms,sent_money,transaction,company,unknown,unknown,0.9,1.0,0.0,1.0,0.0,,0
1,transaction,0,0,0,0,0,0,0,0,1,0,crypto,email,shared_credentials,recovery,none,unknown,unknown,0.8,1.0,1.0,0.0,0.0,,0
0,none,0,1,0,0,0,0,0,0,0,0,card,app,clicked_link,payment,none,unknown,unknown,0.0,0.0,0.0,1.0,0.0,,0
1,transaction,0,1,0,0,0,0,0,0,0,0,card,sms,none,payment,bank,unknown,unknown,0.8,1.0,1.0,1.0,0.0,,0
1,social_engineering,0,0,1,0,0,0,0,0,1,0,bank,phone,sent_money,payment,individual,unknown,unknown,0.8,1.0,1.0,0.0,0.0,,0
1,transaction,0,0,1,0,0,0,0,0,1,0,bank,email,sent_money,payment,none,$70,USD,1.0,1.0,0.0,0.0,0.0,70.0,1
1,social_engineering,0,0,0,0,0,1,0,0,0,0,unknown,email,shared_credentials,none,individual,unknown,unknown,0.9,1.0,0.0,1.0,0.0,,0
1,transaction,0,0,0,0,0,0,0,0,1,0,crypto,website,clicked_link,payment,company,150,USD,0.8,1.0,0.0,1.0,0.0,150.0,1
1,social_engineering,0,0,0,0,0,1,1,1,0,0,unknown,phone,none,none,compliance_officer,unknown,unknown,0.8,1.0,1.0,1.0,0.0,,0
1,social_engineering,0,0,0,0,0,0,1,1,0,0,unknown,phone,none,none,real_estate_agent,unknown,unknown,0.8,1.0,1.0,1.0,0.0,,0
1,transaction,1,0,0,0,0,0,1,1,0,0,upi,sms,sent_money,payment,bank,unknown,unknown,1.0,1.0,1.0,1.0,0.0,,0
1,transaction,0,0,1,0,0,0,0,0,0,0,bank,website,clicked_link,payment,company,$8K,USD,0.5,1.0,0.0,1.0,0.0,8.0,1
1,transaction,0,0,1,0,0,0,1,0,0,0,bank,unknown,sent_money,transaction,government,50 Lakhs to 1 Crore,unknown,0.0,1.0,1.0,1.0,0.0,5000000.0,1
1,transaction,0,0,1,0,0,0,0,0,1,0,bank,website,deposited_money,payment,none,unknown,unknown,0.9,1.0,0.0,0.0,0.0,,0
1,social_engineering,0,0,0,0,0,1,0,0,0,0,unknown,discord,none,none,unknown,unknown,unknown,0.8,1.0,1.0,0.0,0.0,,0
1,transaction,0,0,1,0,0,0,0,0,0,0,bank,website,withdrew_money,transaction,none,"$9,000",USD,1.0,1.0,1.0,0.0,0.0,9000.0,1
1,transaction,0,0,1,0,0,0,0,0,1,0,bank,website,installed_app,none,none,unknown,unknown,0.8,1.0,0.0,0.0,0.0,,0
1,transaction,0,0,1,0,0,0,0,0,1,0,bank,sms,sent_money,payment,none,32k,unknown,0.9,1.0,1.0,0.0,0.0,32.0,1
1,transaction,1,0,0,0,0,0,0,1,0,0,upi,sms,sent_money,payment,bank,unknown,unknown,1.0,1.0,0.0,1.0,0.0,,0
1,transaction,0,0,0,0,0,0,0,0,0,0,crypto,website,withdrew_funds,transaction,exchange,unknown,unknown,0.9,1.0,1.0,0.0,0.0,,0
0,none,0,0,0,0,0,0,0,0,0,0,unknown,social_media,none,none,individual,unknown,unknown,0.0,0.0,0.0,0.0,0.0,,0
1,transaction,0,0,0,0,0,0,0,0,0,0,unknown,sms,none,none,unknown,unknown,unknown,0.8,1.0,0.0,0.0,0.0,,0
1,transaction,1,0,0,0,0,0,0,0,0,0,upi,email,sent_money,payment,bank,1000,INR,0.5,1.0,0.0,1.0,0.0,1000.0,1
1,transaction,0,0,1,0,0,0,0,0,0,0,bank,email,deposited_check,payment,unknown,$976,USD,0.8,1.0,0.0,0.0,0.0,976.0,1
1,pig_butchering,0,0,0,0,0,0,1,1,1,0,crypto,website,invested,transaction,ark_invest,unknown,unknown,1.0,1.0,1.0,1.0,0.0,,0
1,social_engineering,0,0,0,0,0,1,0,0,0,0,unknown,app,installed_app,none,unknown,unknown,unknown,0.8,1.0,0.0,0.0,0.0,,0
1,transaction,1,0,0,0,0,0,0,0,0,0,upi,sms,sent_money,payment,bank,unknown,unknown,0.9,1.0,1.0,1.0,0.0,,0
1,transaction,0,1,0,0,0,0,0,0,1,0,card,email,shared_credentials,verification,none,200,USD,0.8,1.0,1.0,0.0,0.0,200.0,1
1,transaction,0,0,1,0,0,0,0,0,0,0,bank,email,sent_money,payment,company,45000,INR,1.0,1.0,0.0,1.0,0.0,45000.0,1
1,transaction,0,0,1,0,0,0,0,0,1,0,bank,website,clicked_link,donation,none,unknown,unknown,0.8,1.0,1.0,0.0,0.0,,0
1,none,0,0,0,0,0,0,0,0,1,0,unknown,none,none,none,none,unknown,unknown,0.8,1.0,1.0,0.0,0.0,,0
1,commerce,0,0,0,1,1,0,0,0,0,0,crypto,website,deposit,commission,e_commerce_brands,unknown,unknown,0.9,1.0,1.0,1.0,0.0,,0
1,transaction,1,0,0,0,0,0,0,0,0,0,upi,sms,sent_money,payment,unknown,unknown,unknown,0.0,1.0,0.5,0.0,0.0,,0
1,transaction,0,0,1,0,0,0,0,0,0,0,bank,email,sent_money,payment,individual,$600,USD,0.5,1.0,0.0,0.0,0.0,600.0,1
1,transaction,0,0,1,0,0,0,0,0,1,0,bank,none,sent_money,payment,none,200,unknown,1.0,1.0,1.0,0.0,0.0,200.0,1
1,transaction,0,0,0,0,0,0,0,0,1,0,crypto,website,deposited_money,transaction,crypto_casino,2500,unknown,1.0,1.0,1.0,0.0,0.0,2500.0,1
1,transaction,0,1,0,0,0,0,0,0,0,0,unknown,website,sent_money,payment,none,"$2,500",USD,0.0,1.0,0.0,0.0,1.0,2500.0,1
1,transaction,1,0,0,0,0,0,1,1,0,0,upi,sms,sent_money,payment,bank,unknown,unknown,1.0,1.0,1.0,1.0,0.0,,0
1,transaction,0,0,0,0,0,0,0,0,0,0,bank,sms,sent_money,payment,company,unknown,EUR,0.9,1.0,0.0,1.0,0.0,,0
1,transaction,0,0,1,0,0,0,0,0,0,0,bank,phone,sent_money,payment,broker,30000,INR,0.5,1.0,0.0,1.0,0.0,30000.0,1
1,credential,0,0,0,0,0,1,0,0,0,0,upi,email,clicked_link,phishing,paypal,unknown,unknown,0.9,1.0,1.0,1.0,0.0,,0
1,transaction,0,0,0,0,0,0,0,0,0,0,unknown,sms,none,payment,company,"$5,000.00 USD",USD,1.0,1.0,1.0,1.0,0.0,5000.0,1
0,none,0,0,0,0,0,0,0,0,0,0,unknown,phone,none,none,company,"$240,000 USD",USD,0.0,1.0,1.0,1.0,0.0,240000.0,1
1,transaction,0,0,0,0,0,0,0,0,1,0,crypto,website,clicked_link,transaction,company,unknown,unknown,0.8,1.0,0.0,1.0,0.0,,0
1,transaction,0,0,1,0,0,0,0,0,1,0,bank,website,withdrew_money,payment,none,unknown,unknown,1.0,1.0,1.0,0.0,0.0,,0
1,transaction,1,0,0,0,0,0,0,0,0,0,upi,phone,sent_money,payment,bank,unknown,unknown,0.8,1.0,1.0,1.0,0.0,,0
1,transaction,0,0,1,0,0,0,0,0,0,0,bank,phone,paid_money,payment,government,"$10,000",USD,0.9,1.0,1.0,1.0,0.0,10000.0,1
1,transaction,0,0,1,0,0,0,0,0,1,0,bank,website,sent_money,payment,company,unknown,unknown,0.9,1.0,0.0,0.0,0.0,,0
1,social_engineering,0,0,0,1,0,0,1,1,0,0,none,phone,none,none,fire_dept,unknown,unknown,1.0,1.0,1.0,1.0,0.0,,0
1,pig_butchering,0,0,0,0,0,0,0,0,0,0,crypto,whatsapp,sent_money,investment,individual,unknown,unknown,0.9,1.0,1.0,0.0,0.0,,0
1,crypto,0,0,0,0,0,0,0,0,1,0,crypto,website,clicked_link,transaction,none,unknown,unknown,0.9,1.0,1.0,0.0,0.0,,0
1,transaction,0,0,0,0,0,0,0,0,0,0,crypto,social_media,sent_money,payment,unknown,0.5,unknown,0.8,1.0,0.0,0.0,0.0,0.5,1
1,transaction,1,0,0,1,0,0,0,0,0,0,unknown,sms,clicked_link,none,ups,unknown,unknown,0.8,1.0,1.0,1.0,0.0,,0
1,transaction,1,0,0,0,0,0,1,1,0,0,upi,sms,sent_money,payment,bank,unknown,unknown,1.0,1.0,1.0,1.0,0.0,,0
1,transaction,0,0,1,0,0,0,0,0,0,0,bank,email,sent_money,payment,company,unknown,unknown,0.8,1.0,1.0,1.0,0.0,,0
1,commerce,0,0,0,1,1,0,0,0,0,0,bank,email,shared_credentials,payment,seller,16000,USD,0.5,1.0,1.0,0.0,0.0,16000.0,1
1,social_engineering,0,0,0,0,0,0,1,1,0,0,unknown,social_media,none,none,individual,unknown,unknown,0.8,1.0,1.0,1.0,0.0,,0
1,transaction,0,0,1,0,0,0,0,0,0,0,bank,email,sent_money,payment,seller,200000,USD,0.8,1.0,1.0,0.0,0.0,200000.0,1
1,identity_theft,0,1,0,0,0,0,0,0,1,0,card,phone,shared_credentials,transaction,bank,unknown,unknown,0.8,1.0,1.0,1.0,0.0,,0
1,transaction,0,0,0,0,0,0,1,1,0,0,crypto,website,invested,transaction,none,$500,USD,1.0,1.0,1.0,1.0,0.0,500.0,1
1,transaction,0,1,0,0,0,0,0,0,0,0,card,website,clicked_link,none,company,unknown,unknown,0.8,1.0,1.0,1.0,0.0,,0
1,transaction,0,0,1,0,0,0,0,0,0,0,bank,email,none,transaction,company,unknown,unknown,0.8,1.0,0.0,1.0,0.0,,0
1,transaction,0,0,1,0,0,0,0,0,1,0,bank,website,paid,payment,company,10000,unknown,0.8,1.0,1.0,1.0,0.0,10000.0,1
1,commerce,0,0,0,1,0,0,0,0,0,0,bank,website,sent_money,commerce,ebay,$235,USD,0.8,1.0,0.0,1.0,0.0,235.0,1
1,transaction,0,0,0,0,0,0,1,1,0,0,unknown,social_media,none,none,individual,unknown,unknown,0.95,1.0,1.0,1.0,0.0,,0
1,transaction,0,0,1,0,0,0,0,0,1,0,bank,website,clicked_link,transaction,none,unknown,unknown,0.9,1.0,1.0,0.0,0.0,,0
1,social_engineering,0,0,0,0,0,0,1,1,0,0,unknown,social_media,none,none,discord_staff,unknown,unknown,1.0,1.0,1.0,1.0,0.0,,0
1,social_engineering,0,0,0,0,0,0,0,0,1,0,unknown,social_media,clicked_link,none,individual,unknown,unknown,0.8,1.0,1.0,0.0,0.0,,0
1,transaction,0,0,1,0,0,0,0,0,1,0,bank,email,sent_money,payment,company,unknown,unknown,0.8,1.0,1.0,1.0,0.0,,0
1,social_engineering,0,0,0,0,0,1,0,0,0,0,unknown,social_media,none,verification,discord,unknown,unknown,0.5,1.0,0.0,1.0,0.0,,0
1,commerce,0,0,0,1,1,0,0,0,0,0,unknown,none,sent_money,payment,none,$200,USD,0.5,1.0,0.0,0.0,0.0,200.0,1
1,social_engineering,0,0,0,0,0,0,0,1,0,0,unknown,social_media,none,none,individual,unknown,unknown,1.0,1.0,0.0,0.0,0.0,,0
1,transaction,0,0,1,0,0,0,0,0,1,0,bank,email,sent_money,payment,individual,unknown,unknown,0.9,1.0,1.0,0.0,0.0,,0
1,transaction,0,0,1,0,0,0,0,0,0,0,bank,website,clicked_link,payment,company,unknown,unknown,0.8,1.0,0.0,1.0,0.0,,0
1,commerce,0,0,1,0,1,0,0,0,0,0,bank,social_media,sent_money,payment,individual,unknown,unknown,0.8,1.0,0.0,0.0,0.0,,0
1,transaction,0,0,1,0,0,0,0,0,0,0,bank,sms,sent_money,transaction,none,unknown,unknown,0.8,1.0,1.0,0.0,0.0,,0
1,transaction,1,0,0,0,0,0,0,1,0,0,upi,sms,sent_money,payment,unknown,unknown,unknown,1.0,1.0,1.0,0.0,0.0,,0
1,transaction,0,0,1,0,0,0,0,0,1,0,bank,email,clicked_link,transaction,company,500000,unknown,1.0,1.0,1.0,0.0,0.0,500000.0,1
1,commerce,0,1,0,0,0,0,0,0,0,0,card,email,none,payment,amazon,$550,USD,0.8,1.0,1.0,1.0,0.0,550.0,1
1,transaction,1,0,0,0,0,0,0,0,0,0,upi,app,installed_app,payment,bank,499,unknown,0.8,1.0,0.0,1.0,0.0,499.0,1
1,transaction,0,0,1,0,0,0,0,0,0,0,bank,website,installed_app,transaction,company,unknown,unknown,0.9,1.0,0.0,1.0,0.0,,0
1,transaction,1,0,0,0,0,0,0,1,1,0,upi,phone,sent_money,payment,unknown,23400,INR,1.0,1.0,1.0,0.0,0.0,23400.0,1
1,social_engineering,0,0,0,0,0,0,1,1,0,0,unknown,email,none,none,bank,unknown,unknown,1.0,1.0,1.0,1.0,0.0,,0
1,transaction,0,0,1,0,0,0,0,0,0,0,bank,website,sent_money,payment,company,200,unknown,1.0,1.0,0.0,0.0,0.0,200.0,1
1,transaction,0,0,1,0,0,0,1,1,0,0,bank,phone,sent_money,payment,company,$500,USD,1.0,1.0,1.0,1.0,0.0,500.0,1
1,transaction,0,0,1,0,0,0,0,0,1,0,bank,none,sent_money,payment,company,40000,INR,1.0,1.0,1.0,0.0,0.0,40000.0,1
1,transaction,0,0,0,0,0,0,0,0,0,0,bank,email,sent_money,payment,company,unknown,unknown,0.5,1.0,0.0,1.0,0.0,,0
1,transaction,0,0,1,0,0,0,0,0,0,0,bank,website,sent_money,verification,none,360,unknown,1.0,1.0,0.0,0.0,0.0,360.0,1
1,commerce,0,1,0,0,0,0,0,0,0,0,card,website,clicked_link,transaction,company,unknown,unknown,0.5,1.0,1.0,0.0,0.0,,0
1,transaction,0,1,1,0,0,0,0,0,0,0,bank,email,shared_credentials,payment,individual,400,USD,0.5,1.0,0.0,0.0,0.0,400.0,1
1,transaction,0,1,0,0,0,0,0,0,0,0,card,unknown,swiped/tapped/inserted_a_card,payment,none,$25,USD,0.8,1.0,0.0,0.0,0.0,25.0,1
1,transaction,1,0,0,0,0,0,0,0,0,0,upi,unknown,sent_money,payment,none,15000,INR,0.8,1.0,1.0,0.0,0.0,15000.0,1
1,transaction,0,0,0,0,0,0,0,0,0,0,card,phone,shared_credentials,verification,bank,unknown,unknown,0.8,1.0,0.0,1.0,0.0,,0
1,transaction,0,0,0,0,0,0,0,0,0,0,unknown,none,sent_money,payment,none,unknown,unknown,0.0,0.0,0.0,0.0,0.0,,0
1,transaction,0,1,0,0,0,0,0,0,0,0,unknown,sms,sent_money,payment,none,9000,unknown,1.0,1.0,1.0,0.0,0.0,9000.0,1
1,transaction,0,0,1,0,0,0,0,0,1,0,bank,website,sent_money,payment,company,1000000,USD,0.8,1.0,1.0,1.0,0.0,1000000.0,1
1,commerce,0,0,1,1,1,0,0,0,0,0,bank,social_media,sent_money,payment,company,200,unknown,0.8,1.0,1.0,1.0,0.0,200.0,1
1,transaction,1,0,0,0,0,0,0,0,0,0,upi,sms,sent_money,payment,bank,25000,INR,1.0,1.0,0.0,1.0,0.0,25000.0,1
1,social_engineering,0,0,0,0,0,1,1,1,0,0,unknown,email,sent_money,payment,tumblr_support_person,unknown,unknown,1.0,1.0,1.0,1.0,0.0,,0
1,transaction,0,0,1,0,0,0,0,1,0,0,bank,social_media,sent_money,payment,none,18,unknown,0.9,1.0,0.0,0.0,0.0,18.0,1
1,transaction,0,0,1,0,0,0,0,0,1,0,bank,wechat,sent_money,payment,none,unknown,unknown,0.9,1.0,1.0,0.0,0.0,,0
1,transaction,0,0,0,0,0,0,0,0,1,0,crypto,website,swapping,transaction,unknown,unknown,unknown,0.8,1.0,1.0,0.0,0.0,,0
1,transaction,0,1,0,0,0,0,0,0,0,0,crypto,social_media,clicked_link,payment,company,unknown,unknown,0.8,1.0,1.0,1.0,0.0,,0
1,transaction,0,0,0,0,0,0,0,0,0,0,unknown,door_to_door,signed_contract,authorization,gas_company,unknown,unknown,0.5,1.0,1.0,1.0,0.0,,0
0,none,0,0,0,0,0,0,1,1,0,0,unknown,sms | email | phone | social_media | website | app | unknown | none,none | unknown,none | unknown,bank_|_government_|_company_|_individual_|_none_|_unknown,unknown,unknown,1.0,1.0,1.0,1.0,0.0,,0
1,commerce,0,1,0,0,0,0,0,0,0,0,bank,phone,none,cancellation,company,unknown,unknown,0.5,1.0,0.0,1.0,0.0,,0
1,commerce,0,0,0,1,1,0,0,0,0,0,upi,website,sent_money,payment,e_commerce_platform,unknown,unknown,0.9,1.0,1.0,1.0,0.0,,0
1,commerce,0,0,0,1,0,0,0,0,0,0,bank,website,clicked_link,nondelivery,company,unknown,unknown,0.8,1.0,0.0,1.0,0.0,,0
1,transaction,1,0,0,0,0,0,0,0,0,0,upi,sms,sent_money,payment,bank,unknown,unknown,0.5,1.0,0.0,1.0,0.0,,0
1,transaction,0,0,0,0,0,1,0,0,0,0,upi,sms,clicked_link,verification,nj_india_invest_pvt_ltd,unknown,unknown,0.9,1.0,0.0,1.0,0.0,,0
1,transaction,0,1,0,0,0,0,0,0,0,0,card,email,locked_card,payment,none,unknown,unknown,0.8,1.0,1.0,0.0,0.0,,0
1,social_engineering,0,0,0,0,0,1,0,0,0,0,unknown,email,shared_credentials,none,tumblr,unknown,unknown,0.8,1.0,1.0,0.0,0.0,,0
1,commerce,0,0,1,1,0,0,0,0,0,0,bank,website,sent_money,commerce,company,unknown,unknown,0.9,1.0,1.0,0.0,0.0,,0
1,transaction,0,0,0,0,0,0,0,0,0,0,crypto,website,clicked_link,transaction,unknown,unknown,unknown,0.9,1.0,0.0,0.0,0.0,,0
1,transaction,1,0,0,0,0,0,0,0,0,0,upi,email,sent_money,payment,bank,unknown,unknown,0.8,1.0,0.0,1.0,0.0,,0
1,social_engineering,0,0,0,0,0,0,1,1,0,0,unknown,social_media,none,none,individual,unknown,unknown,1.0,1.0,0.0,1.0,0.0,,0
1,transaction,0,0,0,0,0,1,0,0,0,0,unknown,email,changed_password,verification,none,unknown,unknown,0.5,1.0,1.0,0.0,0.0,,0
1,social_engineering,0,0,0,0,0,1,1,1,0,0,upi,email,sent_money,payment,bank,unknown,unknown,1.0,1.0,1.0,1.0,0.0,,0
1,social_engineering,0,0,0,0,0,1,0,0,0,0,unknown,email,clicked_link,credential,company,unknown,unknown,0.8,1.0,0.0,1.0,0.0,,0
1,advanced,0,0,0,0,0,0,0,0,1,0,crypto,social_media,clicked_link,withdrawal,unknown,7000000,GBP,1.0,1.0,0.0,0.0,0.0,7000000.0,1
1,commerce,0,0,0,1,0,0,0,0,0,0,upi,phone,sent_money,payment,company,unknown,unknown,0.8,1.0,0.0,1.0,0.0,,0
1,commerce,0,0,0,1,0,0,0,0,0,0,unknown,phone,inspected_item,none,delivery_guy,unknown,unknown,0.8,1.0,0.0,0.0,0.0,,0
1,transaction,0,1,0,0,0,0,0,1,0,0,upi,email,sent_money,payment,bank,unknown,unknown,1.0,1.0,1.0,1.0,0.0,,0
0,none,0,0,0,0,0,0,0,0,1,0,unknown,website,none,none,none,unknown,unknown,0.0,0.0,0.0,0.0,0.0,,0
1,transaction,0,1,0,0,0,0,0,0,0,0,card,street,sent_money,payment,fundraiser,100,unknown,0.5,1.0,1.0,0.0,0.0,100.0,1
1,commerce,0,0,0,0,0,0,0,0,0,0,crypto,website,invested,investment,company,unknown,unknown,0.0,1.0,1.0,1.0,0.0,,0
1,pig_butchering,0,0,0,0,0,0,1,1,0,0,unknown,telegram,none,none,none,unknown,unknown,1.0,1.0,1.0,1.0,0.0,,0
1,transaction,1,0,0,0,0,0,0,1,0,0,upi,sms,sent_money,payment,none,30000,INR,1.0,1.0,1.0,0.0,0.0,30000.0,1
1,social_engineering,0,0,0,0,0,0,0,1,1,0,unknown,sms,none,none,unknown,unknown,unknown,1.0,1.0,0.0,0.0,0.0,,0
1,transaction,0,1,0,0,0,0,0,0,0,0,card,website,sent_money,payment,unknown,$50.00-$45.00-$40.00-$30.00-$25.00,USD,1.0,1.0,0.0,0.0,0.0,50.0,1
1,transaction,0,1,0,0,0,0,0,0,0,0,card,phone,deposited_money,payment,ticketmaster,unknown,unknown,0.8,1.0,1.0,1.0,0.0,,0
1,transaction,1,0,0,0,0,0,0,0,0,0,upi,sms,sent_money,payment,bank,unknown,unknown,0.8,1.0,0.0,1.0,0.0,,0
1,social_engineering,0,0,0,0,0,0,1,1,0,0,unknown,email,none,none,discord,unknown,unknown,0.8,1.0,1.0,1.0,0.0,,0
1,transaction,0,0,1,0,0,0,0,0,1,0,bank,website,clicked_link,payment,irs,$400,USD,1.0,1.0,1.0,1.0,0.0,400.0,1
1,commerce,0,0,0,0,1,0,0,0,0,0,unknown,none,installed_app,none,company,unknown,unknown,0.9,1.0,0.0,0.0,0.0,,0
1,social_engineering,0,0,0,0,0,1,0,0,0,0,unknown,sms,none,credential,apple,unknown,unknown,0.8,1.0,1.0,1.0,0.0,,0
1,social_engineering,0,0,0,0,0,0,1,1,0,0,unknown,phone,none,none,bank,unknown,unknown,1.0,1.0,1.0,1.0,0.0,,0
1,commerce,0,0,0,1,1,0,0,0,0,0,upi,phone,sent_money,payment,company,799,INR,0.8,1.0,1.0,0.0,0.0,799.0,1
1,transaction,0,0,1,0,0,0,0,0,1,0,bank,sms,sent_money,payment,unknown,1000,USD,0.8,1.0,1.0,0.0,0.0,1000.0,1
1,commerce,0,0,0,1,1,0,0,0,0,0,bank,phone,booked_property,commerce,property_owner,500,GBP,1.0,1.0,1.0,0.0,0.0,500.0,1
1,commerce,0,1,0,0,0,0,0,0,0,0,card,mail,received,none,unknown,unknown,unknown,0.0,0.0,0.0,0.0,0.0,,0
1,commerce,0,1,0,0,0,0,0,0,0,0,card,phone,sent_money,payment,none,unknown,unknown,0.8,1.0,1.0,1.0,0.0,,0
1,commerce,0,0,0,1,0,0,0,0,0,0,upi,phone,paid,payment,none,749,INR,0.8,1.0,1.0,0.0,0.0,749.0,1
1,transaction,0,0,1,0,0,0,0,0,0,0,bank,phone,none,payment,none,unknown,unknown,0.8,1.0,1.0,0.0,0.0,,0
1,social_engineering,0,0,0,0,0,1,0,0,0,0,unknown,email,clicked_link,credential,microsoft,unknown,unknown,0.8,1.0,1.0,1.0,0.0,,0
1,social_engineering,0,0,0,0,0,1,0,0,0,0,none,email,clicked_link,credential,individual,unknown,unknown,0.8,1.0,1.0,0.0,0.0,,0
1,transaction,0,1,0,0,0,0,0,0,0,0,card,phone,sent_money,transaction,bank,unknown,unknown,0.9,1.0,1.0,1.0,0.0,,0
0,none,0,0,0,0,0,0,0,0,0,0,unknown,unknown,unknown,unknown,unknown,unknown,unknown,0.0,0.0,0.0,0.0,0.0,,0
1,commerce,0,1,0,0,0,0,0,0,0,0,crypto,website,clicked_link,presale,company,unknown,unknown,0.9,1.0,1.0,1.0,0.0,,0
1,transaction,0,1,1,0,0,0,0,0,0,0,crypto,unknown,sent_money,transaction,unknown,2000,USD,1.0,1.0,0.0,0.0,0.0,2000.0,1
1,transaction,0,0,0,0,0,0,0,1,0,0,crypto,phone,installed_app,payment,none,unknown,USDC,1.0,1.0,0.0,0.0,0.0,,0
1,transaction,0,0,1,0,0,0,0,0,1,0,bank,website,sent_money,transaction,company,unknown,unknown,0.9,1.0,1.0,1.0,0.0,,0
1,commerce,0,0,1,1,1,0,0,0,0,0,bank,website,sent_money,payment,company,451,USD,0.8,1.0,1.0,1.0,0.0,451.0,1
1,commerce,0,0,0,0,0,0,0,0,0,0,unknown,website,clicked_link,payment,company,unknown,unknown,0.9,1.0,1.0,1.0,0.0,,0
1,transaction,1,0,0,0,0,0,0,0,0,0,upi,website,sent_money,payment,bank,unknown,unknown,0.8,1.0,0.0,1.0,0.0,,0
1,transaction,1,0,0,0,0,0,0,0,0,0,upi,sms,sent_money,payment,bank,unknown,unknown,0.8,1.0,0.0,1.0,0.0,,0
1,transaction,0,0,0,0,0,0,0,0,0,0,unknown,email,none,none,company,unknown,unknown,0.9,1.0,0.0,0.0,0.0,,0
1,transaction,0,0,1,0,0,0,0,0,0,0,bank,phone,shared_credentials,login,company,unknown,unknown,0.8,1.0,1.0,1.0,0.0,,0
1,transaction,0,0,0,0,0,0,0,0,0,0,upi | card | bank | crypto | gift_card | unknown | none,sms | email | phone | social_media | website | app | unknown | none,sent_money,payment,bank_|_government_|_company_|_individual_|_none_|_unknown,unknown,USD,0.9,1.0,0.0,0.0,0.0,,0
1,social_engineering,0,0,0,0,0,0,1,1,0,0,unknown,email,none,none,individual,unknown,unknown,0.5,1.0,1.0,1.0,0.0,,0
1,transaction,0,0,1,0,0,0,0,0,0,0,bank,unknown,sent_money,payment,none,unknown,unknown,0.8,1.0,0.0,0.0,0.0,,0
1,social_engineering,0,0,1,0,0,0,0,1,0,0,bank,phone,installed_app,payment,scammer,unknown,unknown,1.0,1.0,1.0,0.0,0.0,,0
1,transaction,0,1,0,0,0,0,0,0,0,0,card,website,clicked_link,transaction,company,$100,USD,0.5,1.0,0.0,1.0,1.0,100.0,1
1,transaction,0,0,1,0,0,0,0,0,1,0,bank,email,sent_money,payment,individual,1500000,USD,0.8,1.0,1.0,0.0,0.0,1500000.0,1
1,transaction,0,0,0,0,0,0,0,0,0,0,unknown,sms,sent_money,payment,none,unknown,unknown,0.8,1.0,0.0,0.0,0.0,,0
1,transaction,0,0,0,0,0,0,0,0,0,0,upi,sms,sent_money,payment,unknown,unknown,unknown,0.0,1.0,0.0,0.0,0.0,,0
1,transaction,0,0,1,0,0,0,0,0,1,0,bank,email,sent_money,payment,none,400,unknown,1.0,1.0,1.0,0.0,0.0,400.0,1
1,commerce,0,1,0,0,0,0,0,0,0,0,card,social_media,sent_money,payment,company,unknown,unknown,0.9,1.0,1.0,1.0,0.0,,0
1,social_engineering,0,0,0,0,0,1,0,0,0,0,crypto,phone,none,verification,bank,unknown,unknown,0.9,1.0,1.0,1.0,0.0,,0
1,transaction,0,0,1,0,0,0,0,0,1,0,bank,email,sent_money,payment,company,$100k,USD,1.0,1.0,1.0,1.0,0.0,100.0,1
1,social_engineering,0,0,0,0,0,0,1,1,0,0,none,sms,none,none,chief_of_police,unknown,unknown,1.0,1.0,1.0,1.0,0.0,,0
0,none,0,0,0,0,0,0,0,0,0,0,unknown,phone,clicked_link,verification,google,unknown,unknown,0.0,1.0,1.0,1.0,0.0,,0
1,transaction,0,1,0,0,0,0,0,0,0,0,card,email,none,payment,unknown,71.6,EUR,0.8,1.0,1.0,0.0,0.0,71.6,1
1,commerce,0,0,0,0,0,0,0,0,1,0,unknown,website,sent_money,paternity_test,none,unknown,unknown,0.8,1.0,0.0,0.0,0.0,,0
1,transaction,0,0,1,0,0,0,0,1,0,0,bank,email,sent_money,payment,scammer,1000,USD,1.0,1.0,1.0,0.0,0.0,1000.0,1
1,transaction,0,0,1,0,0,0,0,0,0,0,bank,unknown,withdrew_money,transaction,none,$50,USD,1.0,1.0,0.0,0.0,0.0,50.0,1
1,transaction,1,0,0,0,0,0,0,0,0,0,upi,social_media,sent_money,payment,bank,unknown,unknown,0.8,1.0,0.0,1.0,0.0,,0
1,transaction,0,1,1,0,0,0,0,0,1,0,bank,email,sent_money,payment,none,$800,USD,1.0,1.0,1.0,0.0,0.0,800.0,1
1,advanced,0,0,1,0,0,0,0,0,0,0,bank,website,sent_money,transaction,bank,3000,unknown,1.0,1.0,0.0,1.0,0.0,3000.0,1
0,none,0,0,0,0,0,0,0,0,0,0,crypto,website,clicked_link,mining,company,unknown,unknown,0.0,0.0,0.0,1.0,0.0,,0
1,commerce,0,0,0,0,0,0,0,0,0,0,bank,phone,sent_money,payment,company,1598,INR,0.9,1.0,1.0,1.0,0.0,1598.0,1
1,transaction,0,1,0,0,0,0,0,0,0,0,crypto,website,sent_money,payment,company,"$4,112",USD,0.7,1.0,1.0,1.0,0.0,4112.0,1
1,commerce,0,0,0,1,0,0,0,0,0,0,upi,app,exchange_request,commerce,meesho_mall,unknown,unknown,0.8,1.0,1.0,1.0,0.0,,0
1,social_engineering,0,0,0,0,0,0,0,1,0,0,none,email,sent_money,payment,individual,unknown,unknown,1.0,1.0,0.0,0.0,0.0,,0
1,commerce,0,0,0,1,0,0,0,0,0,0,upi,none,sent_money,payment,company,unknown,unknown,0.8,1.0,0.0,0.0,0.0,,0
1,transaction,0,0,1,0,0,0,0,0,0,0,bank,website,deposited,withdrawal,broker,$100,USD,0.8,1.0,1.0,1.0,0.0,100.0,1
1,commerce,0,0,0,1,0,0,0,0,0,0,bank,website,sent_money,payment,individual,$850,USD,0.7,1.0,0.0,0.0,0.0,850.0,1
1,transaction,0,0,0,0,0,0,0,0,0,0,unknown,none,none,none,none,unknown,unknown,0.0,0.0,0.0,0.0,0.0,,0
1,social_engineering,0,0,0,0,0,0,1,1,0,0,crypto,social_media,installed_app,download,individual,unknown,unknown,1.0,1.0,1.0,1.0,0.0,,0
1,meta,0,0,0,0,0,0,1,1,0,0,unknown,website,none,none,individual,unknown,unknown,1.0,1.0,1.0,1.0,0.0,,0
1,transaction,0,0,1,0,0,0,0,0,1,0,bank,phone,sent_money,payment,individual,unknown,unknown,0.8,1.0,0.0,0.0,0.0,,0
1,transaction,0,1,0,0,0,0,0,0,0,0,unknown,sms,none,payment,unknown,unknown,unknown,0.8,1.0,1.0,0.0,0.0,,0
1,commerce,0,0,0,1,1,0,0,0,0,0,unknown,social_media,sent_money,commerce,none,1 ticket,unknown,0.5,1.0,0.0,0.0,0.0,1.0,1
1,transaction,0,0,1,0,0,0,0,0,0,0,bank,email,sent_money,payment,company,10000,USD,0.9,1.0,0.0,1.0,0.0,10000.0,1
1,transaction,0,0,1,0,0,0,0,0,0,0,bank,website,sent_money,payment,company,$108,USD,0.9,1.0,1.0,1.0,0.0,108.0,1
1,transaction,0,0,0,0,0,0,0,0,0,0,unknown,sms,sent_money,payment,company,$60/hour with benefits,USD,0.8,1.0,0.0,1.0,0.0,60.0,1
1,transaction,0,1,0,0,0,0,0,0,0,0,card,website,sent_money,payment,company,8000,CAD,0.0,1.0,1.0,1.0,0.0,8000.0,1
1,transaction,1,0,0,0,0,0,0,0,0,0,upi,sms,sent_money,payment,bank,10000,INR,0.8,1.0,0.0,1.0,0.0,10000.0,1
1,transaction,0,0,1,0,0,0,0,0,1,0,bank,email,deposit_money,payment,valbury_capital_management,70000,USD,1.0,1.0,1.0,1.0,0.0,70000.0,1
1,transaction,0,0,1,0,0,0,0,0,0,0,bank,email,sent_money,payment,company,unknown,unknown,0.8,1.0,0.0,1.0,0.0,,0
1,transaction,0,0,1,0,0,0,0,0,0,0,bank,social_media,sent_money,payment,individual,100,USD,0.5,1.0,0.0,0.0,0.0,100.0,1
1,commerce,0,0,0,1,0,0,0,0,0,0,unknown,email,sent_money,payment,seller,$800,USD,0.5,1.0,1.0,0.0,0.0,800.0,1
1,transaction,0,0,0,0,0,0,0,0,0,0,crypto,email,clicked_link,transaction,unknown,unknown,unknown,0.9,1.0,1.0,0.0,0.0,,0
1,transaction,0,0,0,0,0,0,0,0,0,0,unknown,none,sent_money,payment,individual,$500,USD,0.0,1.0,1.0,0.0,1.0,500.0,1
1,transaction,0,0,1,0,0,0,0,1,0,0,bank,social_media,sent_money,payment,none,100,unknown,1.0,1.0,0.0,0.0,0.0,100.0,1
1,transaction,0,0,1,0,0,0,0,0,1,0,bank,website,sent_money,payment,company,unknown,unknown,0.9,1.0,1.0,1.0,0.0,,0
1,transaction,0,0,1,0,0,0,0,0,1,0,bank,website,sent_money,payment,company,"$50,000",USD,1.0,1.0,1.0,0.0,0.0,50000.0,1
0,none,0,0,0,0,0,0,0,0,0,0,unknown,social_media,none,none,none,none,unknown,0.0,1.0,1.0,0.0,0.0,,0
1,commerce,0,0,0,1,1,0,0,0,0,0,crypto,website,clicked_link,commerce,individual,unknown,unknown,0.8,1.0,0.0,0.0,0.0,,0
1,social_engineering,0,0,0,0,0,1,0,0,0,0,unknown,email,shared_credentials,credential,company,unknown,unknown,0.5,1.0,1.0,1.0,0.0,,0
1,transaction,0,1,0,0,0,0,0,0,0,0,card,website,sent_money,payment,company,unknown,unknown,0.5,1.0,1.0,1.0,0.0,,0
1,transaction,0,0,1,0,0,0,0,0,1,0,bank,sms,sent_money,payment,none,300,unknown,1.0,1.0,1.0,0.0,0.0,300.0,1
1,transaction,1,0,0,0,0,0,0,0,0,0,upi,phone,sent_money,payment,bank,unknown,unknown,0.8,1.0,1.0,1.0,0.0,,0
1,transaction,1,0,0,0,0,0,0,1,0,0,upi,website,sent_money,payment,company,35000,unknown,1.0,1.0,1.0,0.0,0.0,35000.0,1
1,advanced,1,1,1,0,0,0,0,0,0,0,upi | card | bank | crypto | gift_card | unknown | none,sms | email | phone | social_media | website | app | unknown | none,sent_money | shared_credentials | clicked_link | installed_app | none | unknown,payment | verification | login | download | none | unknown,bank_|_government_|_company_|_individual_|_none_|_unknown,1,unknown,0.9,1.0,1.0,0.0,0.0,1.0,1
0,none,0,0,0,0,0,0,0,0,1,0,unknown,none,none,none,none,unknown,unknown,0.0,1.0,0.0,0.0,0.0,,0
1,transaction,0,0,1,0,0,0,0,0,1,0,bank,website,clicked_link,payment,company,$5.06,USD,0.8,1.0,0.0,1.0,0.0,5.06,1
1,transaction,0,1,0,0,0,0,0,0,0,0,crypto,website,sent_money,payment,crypto_exchange,unknown,unknown,0.0,0.0,1.0,0.0,0.0,,0
1,social_engineering,0,0,0,0,0,0,1,1,0,0,unknown,sms,none,verification,individual,unknown,unknown,1.0,1.0,1.0,1.0,0.0,,0
1,transaction,1,0,0,0,0,0,0,1,0,0,upi,sms,sent_money,payment,unknown,350,USD,1.0,1.0,0.0,0.0,0.0,350.0,1
1,credential,0,0,0,0,0,1,0,0,0,0,unknown,unknown,sent_credentials,verification,unknown,unknown,unknown,0.0,0.0,1.0,0.0,0.0,,0
1,transaction,1,0,1,0,0,0,0,0,1,0,upi,sms,sent_money,payment,bank,unknown,unknown,1.0,1.0,1.0,1.0,0.0,,0
1,transaction,0,0,1,0,0,0,0,0,1,0,bank,email,sent_money,payment,individual,$1.9 million,USD,0.8,1.0,1.0,0.0,0.0,1900000.0,1
1,social_engineering,0,0,0,0,0,0,0,1,0,0,unknown,email,clicked_link,none,individual,unknown,unknown,1.0,1.0,0.0,0.0,0.0,,0
1,transaction,1,0,0,0,0,0,0,0,0,0,upi,sms,sent_money,payment,bank,unknown,unknown,0.5,1.0,0.0,1.0,0.0,,0
1,transaction,0,0,1,0,0,0,0,0,0,0,bank,app,sent_money,payment,wallet_provider,"$40,000.00",USD,1.0,1.0,1.0,1.0,0.0,40000.0,1
1,transaction,0,0,0,0,0,0,0,0,1,0,crypto,website,sent_money,payment,company,100,unknown,0.8,1.0,0.0,0.0,0.0,100.0,1
1,commerce,0,0,1,1,0,0,0,0,1,0,bank,website,none,payment,company,5000,INR,0.8,1.0,0.0,0.0,0.0,5000.0,1
1,transaction,1,0,0,0,0,0,0,0,0,0,upi,sms,sent_money,payment,bank,unknown,unknown,0.5,1.0,0.0,1.0,0.0,,0
1,transaction,0,1,0,0,0,0,0,0,0,0,upi,sms,sent_money,payment,company,unknown,unknown,0.8,1.0,0.0,1.0,0.0,,0
1,social_engineering,0,0,0,0,0,0,1,1,0,0,unknown,phone,none,none,bank,unknown,unknown,1.0,1.0,1.0,1.0,0.0,,0
1,transaction,0,0,1,0,0,0,0,1,0,0,bank,sms,sent_money,transaction,company,5250,unknown,1.0,1.0,0.0,1.0,0.0,5250.0,1
1,meta,0,0,0,0,0,0,0,0,1,0,unknown,website,none,none,none,unknown,unknown,0.8,1.0,1.0,0.0,0.0,,0
1,transaction,0,1,0,0,0,0,0,0,1,0,card,social_media,sent_money,payment,company,unknown,unknown,0.9,1.0,1.0,0.0,0.0,,0
1,social_engineering,0,0,0,0,0,0,1,1,0,0,unknown,sms,none,none,government,unknown,unknown,1.0,1.0,1.0,1.0,0.0,,0
1,transaction,0,0,0,0,0,0,0,0,0,0,unknown,website,clicked_link,none,company,unknown,unknown,0.9,1.0,0.0,1.0,0.0,,0
1,transaction,0,0,1,0,0,0,0,0,0,0,bank,email,sent_money,payment,company,3000,USD,1.0,1.0,0.0,1.0,0.0,3000.0,1
1,transaction,1,0,0,0,0,0,0,1,0,0,upi,phone,sent_money,payment,company,32000,INR,1.0,1.0,0.0,1.0,0.0,32000.0,1
1,transaction,0,0,1,0,0,0,0,0,0,0,bank,email,clicked_link,transaction,company,unknown,unknown,0.9,1.0,0.0,0.0,0.0,,0
1,social_engineering,0,0,1,0,0,0,1,1,1,0,bank,sms,sent_money,transaction,binance,unknown,unknown,1.0,1.0,1.0,1.0,0.0,,0
1,transaction,0,1,0,0,0,0,0,0,0,0,card,phone,shared_credentials,none,unknown,unknown,unknown,0.8,1.0,0.0,0.0,0.0,,0
1,transaction,0,1,0,0,0,0,0,0,0,0,bank,sms,sent_money,payment,company,250,unknown,1.0,1.0,0.0,1.0,0.0,250.0,1
1,transaction,0,1,0,0,0,0,0,0,0,0,crypto,social_media,sent_money,payment,individual,"$20,000",USD,1.0,1.0,1.0,0.0,0.0,20000.0,1
1,transaction,0,0,0,0,0,0,0,0,1,0,upi,sms,sent_money,payment,company,2000,USD,1.0,1.0,1.0,1.0,1.0,2000.0,1
1,transaction,0,0,0,0,0,0,0,0,0,0,crypto,telegram,sent_money,payment,unknown,unknown,unknown,0.9,1.0,1.0,0.0,0.0,,0
1,transaction,0,0,1,0,0,0,0,0,1,0,bank,website,sent_money,payment,exchange,"$20,000",USD,1.0,1.0,1.0,1.0,0.0,20000.0,1
1,transaction,0,0,1,0,0,0,0,0,0,0,bank,social_media,sent_money,payment,unknown,unknown,unknown,0.9,1.0,1.0,0.0,0.0,,0
1,transaction,1,1,1,0,0,0,0,0,0,0,upi | card | bank | crypto | gift_card | unknown | none,sms | email | phone | social_media | website | app | unknown | none,sent_money | shared_credentials | clicked_link | installed_app | none | unknown,payment | verification | login | download | none | unknown,bank_|_government_|_company_|_individual_|_none_|_unknown,unknown,unknown,0.9,1.0,1.0,0.0,0.0,,0
1,transaction,0,0,0,0,0,0,1,1,0,0,unknown,sms | email | phone | social_media | website | app | unknown | none,sent_money,payment,company,unknown,unknown,1.0,1.0,1.0,1.0,0.0,,0
1,none,0,0,0,0,0,0,0,0,1,0,unknown,none,none,none,none,unknown,unknown,0.0,1.0,1.0,0.0,0.0,,0
1,transaction,0,1,0,0,0,0,0,0,0,0,card,phone,shared_credentials,verification,bank,unknown,unknown,0.8,1.0,1.0,1.0,0.0,,0
1,commerce,0,0,1,1,1,0,0,0,0,0,bank,telegram,sent_money,commerce,individual,$150,USD,0.8,1.0,1.0,0.0,0.0,150.0,1
1,transaction,0,0,0,0,0,0,0,0,0,0,crypto,social_media,sent_money,payment,unknown,unknown,unknown,0.0,0.0,0.0,1.0,1.0,,0
1,social_engineering,0,0,0,0,0,1,1,1,0,0,unknown,email,clicked_link,credential,company,unknown,unknown,1.0,1.0,1.0,1.0,0.0,,0
1,transaction,0,0,1,0,0,0,0,0,0,0,bank,email,sent_money,payment,company,unknown,unknown,0.9,1.0,0.0,1.0,0.0,,0
1,transaction,0,0,1,0,0,0,0,0,0,0,bank,email,sent_money,payment,bank,2500,USD,1.0,1.0,0.0,1.0,0.0,2500.0,1
1,transaction,0,0,1,0,0,0,0,0,1,0,bank,telegram,sent_money,withdrawal,unknown,unknown,unknown,0.9,1.0,0.0,0.0,0.0,,0
1,transaction,0,0,1,0,0,0,0,0,1,0,bank,sms,sent_money,payment,company,unknown,unknown,0.9,1.0,0.0,1.0,0.0,,0
1,transaction,0,0,0,0,0,0,0,0,1,0,upi,sms,sent_money,payment,toll_authority,unknown,unknown,0.8,1.0,0.0,1.0,0.0,,0
1,transaction,1,0,1,0,0,0,0,0,1,0,upi,telegram,sent_money,payment,unknown,150,INR,0.8,1.0,0.0,0.0,0.0,150.0,1
1,transaction,0,0,0,0,0,0,0,0,0,0,unknown,sms | email | phone | social_media | website | app | unknown | none,sent_money,payment,unknown,unknown,unknown,0.8,1.0,1.0,0.0,0.0,,0
1,transaction,1,0,0,0,0,0,0,0,0,0,upi,social_media,sent_money,payment,unknown,unknown,unknown,0.8,1.0,0.0,0.0,0.0,,0
1,transaction,1,0,0,0,0,0,0,1,0,0,upi,website,sent_money,withdrawal,online_casino,160,unknown,1.0,1.0,1.0,0.0,0.0,160.0,1
1,transaction,1,0,0,0,0,0,0,1,0,0,upi,sms,sent_money,payment,company,5000,INR,1.0,1.0,0.0,0.0,0.0,5000.0,1
1,transaction,0,0,1,0,0,0,0,0,0,0,bank,sms,sent_money,transaction,company,unknown,unknown,0.9,1.0,0.0,1.0,0.0,,0
1,transaction,0,0,0,1,0,0,0,0,0,0,upi,email,sent_money,payment,unknown,unknown,unknown,0.8,1.0,0.0,0.0,0.0,,0
1,transaction,0,0,0,0,0,0,0,0,0,0,bank,phone,sent_money,payment,individual,200,EUR,0.0,1.0,1.0,0.0,0.0,200.0,1
1,transaction,0,0,0,0,0,0,0,0,0,0,unknown,sms,sent_money,payment,none,unknown,unknown,0.9,1.0,0.0,0.0,0.0,,0
1,social_engineering,0,0,0,0,0,0,1,1,0,0,unknown,sms,none,none,government,unknown,unknown,0.8,1.0,1.0,1.0,0.0,,0
1,transaction,0,0,0,0,0,0,1,1,0,0,unknown,telegram,sent_money,payment,none,$20,USD,1.0,1.0,1.0,1.0,0.0,20.0,1
1,commerce,0,1,0,0,0,0,0,0,0,0,card,website,sent_money,payment,unknown,unknown,unknown,0.8,1.0,1.0,0.0,0.0,,0
1,transaction,0,0,0,1,0,0,0,0,1,0,gift_card,email,sent_money,payment,none,unknown,unknown,0.8,1.0,1.0,0.0,0.0,,0
1,social_engineering,0,0,0,0,0,0,1,1,0,0,unknown,phone,none,none,service_provider,unknown,unknown,1.0,1.0,1.0,1.0,0.0,,0
1,transaction,0,0,1,0,0,0,0,0,1,0,bank,sms,sent_money,payment,company,unknown,unknown,0.8,1.0,0.0,1.0,0.0,,0
1,transaction,0,0,1,0,0,0,0,0,1,0,bank,social_media,sent_money,payment,none,140000,USD,0.95,1.0,1.0,0.0,0.0,140000.0,1
1,transaction,0,0,0,0,0,0,0,0,0,0,bank,app,sent_money,payment,company,650,GBP,0.0,1.0,1.0,1.0,0.0,650.0,1
1,commerce,0,0,0,1,0,0,0,0,0,0,upi,phone,none,delivery,company,unknown,unknown,0.9,1.0,1.0,0.0,0.0,,0
1,transaction,0,0,1,0,0,0,0,0,0,0,bank,phone,sent_money,payment,individual,200,USD,1.0,1.0,1.0,0.0,0.0,200.0,1
1,transaction,1,0,0,0,0,0,1,1,0,0,upi,website,sent_money,payment,company,3000,USD,1.0,1.0,1.0,1.0,0.0,3000.0,1
1,transaction,0,1,0,0,0,0,0,0,0,0,card,website,clicked_link,transaction,unknown,unknown,unknown,0.8,1.0,0.0,0.0,0.0,,0
1,advanced,0,0,1,0,0,0,0,1,1,0,bank,phone,sent_money,transaction,company,unknown,unknown,1.0,1.0,1.0,0.0,0.0,,0
1,transaction,0,0,1,0,0,0,0,0,0,0,bank,website,sent_money,payment,unknown,unknown,unknown,0.8,1.0,0.0,0.0,0.0,,0
1,transaction,0,0,0,0,0,0,0,0,0,0,bank,phone,sent_money,payment,company,40000,INR,1.0,1.0,0.0,1.0,0.0,40000.0,1
1,transaction,0,0,1,0,0,0,0,0,0,0,bank,telegram,sent_money,payment,unknown,45,USD,0.9,1.0,1.0,0.0,0.0,45.0,1
1,transaction,0,0,1,0,0,0,0,0,1,0,bank,website,sent_money,payment,none,250,EUR,1.0,1.0,1.0,0.0,0.0,250.0,1
1,transaction,1,0,0,0,0,0,0,0,1,0,upi,website,sent_money,payment,company,100,USD,0.8,1.0,1.0,1.0,0.0,100.0,1
1,commerce,0,0,0,1,1,0,0,0,0,0,unknown,website,clicked_link,payment,company,unknown,unknown,0.8,1.0,0.0,1.0,0.0,,0
1,transaction,0,0,1,0,0,0,0,1,0,0,bank,phone,transfer_money,payment,crypto_exchange,unknown,unknown,1.0,1.0,1.0,0.0,0.0,,0
1,social_engineering,0,1,0,0,0,0,1,1,0,0,card,phone,clicked_link,verification,law_enforcement_/_fbi,unknown,unknown,1.0,1.0,1.0,1.0,0.0,,0
0,none,0,0,0,0,0,0,0,0,1,0,unknown,sms,none,none,individual,unknown,unknown,0.0,1.0,0.0,0.0,0.0,,0
1,transaction,0,1,1,0,0,0,0,1,0,0,bank,website,sent_money,payment,company,100000,USD,1.0,1.0,1.0,0.0,0.0,100000.0,1
1,transaction,0,0,1,0,0,0,0,0,0,0,bank,email,sent_money,payment,company,unknown,unknown,0.5,1.0,0.0,1.0,0.0,,0
1,transaction,0,1,0,0,0,0,0,0,0,0,crypto,website,sent_money,payment,unknown,unknown,unknown,0.0,1.0,1.0,0.0,0.0,,0
1,transaction,0,0,1,0,0,0,0,0,0,0,bank,email,clicked_link,transaction,bank,unknown,unknown,0.8,1.0,1.0,1.0,0.0,,0
1,transaction,0,0,0,0,1,0,1,1,0,0,unknown,phone,sent_money,payment,none,unknown,unknown,0.95,1.0,1.0,1.0,0.0,,0
1,transaction,0,0,1,0,0,0,0,0,0,0,bank,website,sent_money,payment,company,unknown,unknown,0.5,1.0,0.0,0.0,0.0,,0
1,social_engineering,0,0,0,0,0,0,1,1,0,0,unknown,social_media,none,romance,mark_owen,unknown,unknown,0.8,1.0,1.0,1.0,0.0,,0
1,transaction,0,1,0,0,0,0,0,0,0,0,card,email,sent_money,payment,company,unknown,unknown,0.0,1.0,1.0,1.0,0.0,,0
0,none,0,0,0,0,0,0,0,0,0,0,upi,unknown,sent_money,payment,bank,unknown,unknown,0.0,0.0,0.0,1.0,0.0,,0
1,transaction,0,0,1,0,0,0,0,0,0,0,bank,website,sent_money,verification,blockchain,unknown,unknown,0.8,1.0,0.0,1.0,0.0,,0
1,transaction,0,0,1,0,0,0,0,0,0,0,bank,sms,sent_money,payment,company,unknown,unknown,0.8,1.0,0.0,1.0,0.0,,0
1,transaction,0,0,0,0,0,0,0,0,0,0,unknown,email,sent_money,payment,company,unknown,unknown,0.5,1.0,0.0,1.0,0.0,,0
1,transaction,0,1,0,0,0,0,0,0,0,0,gift_card,phone,none,payment,unknown,unknown,unknown,0.8,1.0,1.0,0.0,0.0,,0
1,commerce,0,1,0,0,0,0,0,0,0,0,bank,email,sent_money,payment,individual,unknown,unknown,0.9,1.0,1.0,0.0,0.0,,0
1,commerce,0,0,0,1,0,0,0,0,0,0,gift_card,email,clicked_link,payment,target,unknown,unknown,0.5,1.0,0.0,1.0,0.0,,0
1,transaction,0,1,0,0,0,0,0,0,0,0,card,social_media,sent_money,payment,individual,320,unknown,0.0,1.0,1.0,0.0,0.0,320.0,1
1,transaction,0,0,0,0,0,0,0,0,0,0,upi,sms,sent_money,payment,unknown,unknown,unknown,0.0,1.0,0.0,0.0,0.0,,0
0,none,0,1,0,0,0,0,0,0,0,0,card,email,shared_credentials,transaction,company,unknown,unknown,0.0,1.0,0.0,1.0,0.0,,0
1,meta,0,0,0,0,0,0,0,0,0,0,unknown,social_media,none,donation,ice,unknown,unknown,1.0,1.0,1.0,1.0,0.0,,0
1,transaction,0,1,0,0,0,0,0,0,0,0,bank,phone,sent_money,payment,company,unknown,unknown,0.9,1.0,0.0,1.0,0.0,,0
1,transaction,0,0,1,0,0,0,0,0,0,0,bank,phone,sent_money,payment,company,5500,unknown,1.0,1.0,1.0,1.0,0.0,5500.0,1
0,none,0,0,0,0,0,0,0,0,0,0,unknown,social_media,none,none,none,unknown,unknown,0.0,0.0,0.0,0.0,0.0,,0
1,transaction,0,1,0,0,0,0,0,0,1,0,card,email,reported_fraud,dispute,none,20000,USD,0.5,1.0,1.0,0.0,0.0,20000.0,1
1,transaction,0,0,0,0,0,0,0,0,0,0,crypto,website,deposited_money,payment,gambling_website,unknown,unknown,0.0,1.0,1.0,0.0,0.0,,0
1,credential,0,0,0,0,0,1,0,0,0,0,unknown,unknown,none,none,bank,unknown,unknown,0.8,1.0,1.0,1.0,0.0,,0
1,transaction,0,0,1,0,0,0,0,0,0,0,bank,phone,none,none,company,unknown,unknown,0.9,1.0,0.0,0.0,0.0,,0
1,transaction,0,0,1,0,0,0,1,1,0,0,bank,sms,sent_money,payment,police_officer,unknown,unknown,1.0,1.0,1.0,1.0,0.0,,0
1,transaction,1,0,0,0,0,0,0,0,0,0,upi,sms,sent_money,payment,bank,unknown,unknown,0.9,1.0,0.0,1.0,0.0,,0
1,commerce,0,0,0,0,0,0,0,0,1,0,bank,social_media,none,commerce,company,950,INR,0.8,1.0,0.0,1.0,0.0,950.0,1
1,transaction,0,0,0,0,0,0,0,0,0,0,unknown,sms,sent_money,payment,company,unknown,unknown,0.8,1.0,0.0,1.0,0.0,,0
1,social_engineering,0,0,0,0,0,1,0,0,0,0,upi,sms,none,credential,individual,unknown,unknown,0.8,1.0,0.0,1.0,0.0,,0
1,transaction,0,0,1,0,0,0,0,0,0,0,bank,website,deposited_funds,withdrawal,none,unknown,unknown,0.9,1.0,0.0,0.0,0.0,,0
0,meta,0,0,0,0,0,0,0,0,1,0,unknown,email,none,none,none,unknown,unknown,0.0,1.0,0.0,0.0,0.0,,0
1,transaction,0,0,1,0,0,0,0,1,1,0,bank,phone,sent_money,payment,unknown,unknown,unknown,1.0,1.0,1.0,0.0,0.0,,0
1,transaction,1,0,0,0,0,0,1,1,0,0,upi,website,sent_money,payment,bank,unknown,unknown,1.0,1.0,1.0,1.0,0.0,,0
1,transaction,0,0,0,0,0,0,0,0,0,0,unknown,sms,sent_money,payment,individual,unknown,unknown,0.9,1.0,0.0,0.0,0.0,,0
1,transaction,0,1,0,0,0,0,0,0,0,0,card,phone,cashed_a_check,transaction,bank,18000,unknown,0.5,1.0,1.0,1.0,0.0,18000.0,1
1,social_engineering,0,0,0,0,0,0,0,1,0,0,unknown,sms,none,none,individual,unknown,unknown,1.0,1.0,0.0,0.0,0.0,,0
1,transaction,0,0,1,0,0,0,0,0,1,0,bank,email,sent_money,payment,draftkings,2700,USD,1.0,1.0,1.0,1.0,0.0,2700.0,1
1,transaction,0,0,1,0,0,0,1,1,0,0,bank,phone,sent_money,payment,bank,60000,INR,1.0,1.0,1.0,1.0,0.0,60000.0,1
1,transaction,1,0,1,0,0,0,1,1,1,0,upi,phone,sent_money,payment,bank,50000,INR,1.0,1.0,1.0,1.0,0.0,50000.0,1
1,transaction,0,0,1,0,0,0,0,0,1,0,bank,none,sent_money,payment,individual,900000,INR,0.85,1.0,1.0,0.0,0.0,900000.0,1
1,transaction,0,1,0,0,0,0,0,0,0,0,card,phone,clicked_link,payment,credit_union,"$13,666",USD,0.8,1.0,1.0,1.0,0.0,13666.0,1
1,transaction,0,0,1,0,0,0,0,1,0,0,bank,email,sent_money,payment,individual,unknown,unknown,1.0,1.0,1.0,0.0,0.0,,0
1,transaction,1,0,1,0,0,0,0,1,0,0,upi,sms,sent_money,payment,bank,unknown,unknown,1.0,1.0,1.0,0.0,0.0,,0
1,transaction,0,0,0,0,0,0,0,0,0,0,bank,email,paid,payment,company,3540,INR,1.0,1.0,1.0,1.0,0.0,3540.0,1
1,transaction,1,0,0,0,0,0,0,0,0,0,upi,website,sent_money,payment,hotel,34400,INR,1.0,1.0,1.0,1.0,0.0,34400.0,1
1,commerce,0,0,0,1,1,0,0,0,0,0,upi,phone,sent_money,payment,delivery_guy,unknown,unknown,0.8,1.0,1.0,0.0,0.0,,0
1,transaction,1,0,0,0,0,0,0,0,0,0,upi,phone,sent_money,payment,unknown,17000,unknown,0.8,1.0,0.0,0.0,0.0,17000.0,1
1,transaction,0,0,1,0,0,0,0,0,0,0,bank,email,sent_money,refund,company,100,EUR,0.8,1.0,0.0,1.0,0.0,100.0,1
1,transaction,0,0,1,0,0,0,0,0,1,0,bank,email,sent_money,payment,bank,unknown,unknown,0.9,1.0,1.0,0.0,0.0,,0
1,transaction,0,0,1,0,0,0,0,0,0,0,bank,email,sent_money,payment,individual,unknown,unknown,0.8,1.0,0.0,0.0,0.0,,0
1,transaction,0,0,1,0,0,0,0,0,1,0,bank,phone,sent_money,payment,individual,500,unknown,1.0,1.0,1.0,0.0,0.0,500.0,1
1,transaction,1,0,0,0,0,0,0,0,0,0,upi,sms,sent_money,payment,bank,unknown,unknown,0.8,1.0,0.0,1.0,0.0,,0
1,transaction,1,0,0,0,0,0,0,0,0,0,upi,sms,sent_money,payment,bank,unknown,unknown,0.9,1.0,0.0,1.0,0.0,,0
1,transaction,0,1,0,0,0,0,0,0,0,0,crypto,email,clicked_link,transaction,company,unknown,unknown,0.8,1.0,0.0,1.0,0.0,,0
1,transaction,0,0,1,0,0,0,0,0,0,0,bank,instagram,sent_money,payment,individual,unknown,unknown,0.8,1.0,0.0,0.0,0.0,,0
1,social_engineering,0,0,0,0,0,1,0,0,0,0,unknown,email,clicked_link,credential,twitter,unknown,unknown,0.8,1.0,1.0,0.0,0.0,,0
1,transaction,1,0,1,0,0,0,0,0,0,0,upi,phone,none,transaction,bank,"$2,500",USD,1.0,1.0,0.0,1.0,0.0,2500.0,1
1,social_engineering,0,0,0,0,0,1,1,1,0,0,unknown,phone,shared_credentials,verification,company,unknown,unknown,1.0,1.0,1.0,1.0,0.0,,0
1,social_engineering,0,0,0,0,0,1,1,1,0,0,crypto,phone,clicked_link,none,google,unknown,unknown,1.0,1.0,1.0,1.0,0.0,,0
1,transaction,0,0,1,0,0,0,0,0,0,0,bank,website,sent_money,payment,bank,unknown,unknown,0.9,1.0,0.0,1.0,0.0,,0
1,commerce,0,0,1,0,1,0,0,0,0,0,bank,email,sent_money,payment,none,unknown,unknown,0.9,1.0,0.0,0.0,0.0,,0
1,commerce,0,0,1,1,1,0,0,0,0,0,bank,social_media,sent_money,payment,individual,1000,EUR,0.5,1.0,1.0,0.0,0.0,1000.0,1
1,transaction,1,0,1,0,0,0,0,0,1,0,upi,phone,sent_money,payment,bank,1000000,INR,1.0,1.0,1.0,1.0,0.0,1000000.0,1
1,commerce,0,1,0,0,0,0,0,0,0,0,gift_card,none,sent_money,payment,lululemon,unknown,unknown,0.8,1.0,1.0,1.0,0.0,,0
1,transaction,0,0,1,0,0,0,0,0,1,0,bank,website,holded_coin,none,crypto_team,unknown,unknown,0.9,1.0,1.0,1.0,0.0,,0
1,social_engineering,0,0,0,0,0,0,1,1,0,0,unknown,email,none,none,law_firm,unknown,unknown,1.0,1.0,1.0,1.0,0.0,,0
1,social_engineering,0,0,0,0,0,1,1,1,0,0,unknown,discord,none,none,unknown,47 reports,unknown,1.0,1.0,1.0,1.0,0.0,47.0,1
1,commerce,0,0,0,0,0,0,0,0,1,0,bank,website,clicked_link,payment,company,unknown,unknown,0.9,1.0,0.0,0.0,0.0,,0
1,commerce,0,0,1,0,0,0,0,1,0,0,bank,social_media,sent_money,payment,seller,unknown,unknown,1.0,1.0,1.0,0.0,0.0,,0
1,social_engineering,0,0,0,0,0,0,1,0,0,0,unknown,phone,none,none,government,unknown,unknown,0.5,1.0,0.0,1.0,0.0,,0
1,commerce,0,0,1,0,0,0,0,0,1,0,bank,website,sent_money,payment,company,10000000,INR,0.9,1.0,0.0,1.0,0.0,10000000.0,1
1,transaction,0,1,0,0,0,0,0,0,0,0,card,phone,shared_credentials,verification,front_desk,unknown,unknown,0.9,1.0,0.0,1.0,0.0,,0
1,transaction,0,1,0,0,0,0,0,0,0,0,bank,email,sent_money,payment,company,$40k,USD,1.0,1.0,1.0,1.0,0.0,40.0,1
1,commerce,0,0,0,1,1,0,0,0,0,0,crypto,website,deposit,commission,e_commerce_brands,unknown,unknown,0.9,1.0,1.0,1.0,0.0,,0
1,commerce,0,0,0,0,0,0,0,0,0,0,unknown,website,sent_money,payment,none,unknown,unknown,0.0,1.0,1.0,0.0,0.0,,0
1,transaction,0,0,0,0,0,0,0,0,0,0,crypto,website,sent_money,payment,crypto_trading_platform,unknown,unknown,0.0,1.0,1.0,0.0,0.0,,0
1,transaction,1,0,0,0,0,0,0,0,0,0,upi,sms,sent_money,payment,unknown,unknown,unknown,0.8,1.0,1.0,0.0,0.0,,0
1,social_engineering,0,0,0,0,0,0,1,1,0,0,unknown,phone,sent_money,payment,individual,unknown,unknown,1.0,1.0,1.0,1.0,0.0,,0
1,transaction,0,0,0,0,0,0,0,0,1,0,crypto,website,deposited_money,transaction,none,unknown,unknown,0.9,1.0,1.0,0.0,0.0,,0
1,commerce,0,0,0,1,0,0,0,0,0,0,unknown,website,clicked_link,none,none,unknown,unknown,0.0,1.0,0.0,0.0,0.0,,0
1,transaction,1,0,0,0,0,0,0,0,0,0,upi,app,scanned_qr_code,transaction,bank,unknown,unknown,0.8,1.0,0.0,1.0,0.0,,0
1,transaction,1,0,0,0,0,0,0,0,0,0,upi,sms,sent_money,payment,bank,unknown,unknown,0.8,1.0,0.0,1.0,0.0,,0
1,transaction,0,0,1,0,0,0,0,0,0,0,bank,website,paid,tax,crypto_exchange,unknown,unknown,0.9,1.0,1.0,1.0,0.0,,0
1,transaction,0,0,1,0,0,0,0,0,0,0,bank,email,sent_money,transaction,company,$989.96,USD,0.5,1.0,1.0,1.0,0.0,989.96,1
1,transaction,0,0,1,0,0,0,0,0,1,0,bank,sms,sent_money,payment,friend,$40,USD,1.0,1.0,1.0,0.0,0.0,40.0,1
1,commerce,0,0,0,1,0,0,0,0,0,0,unknown,email,sent_money,payment,none,unknown,unknown,0.8,1.0,1.0,0.0,0.0,,0
1,transaction,0,1,0,0,0,0,0,1,0,0,card,sms,sent_money,payment,bank,unknown,unknown,1.0,1.0,1.0,1.0,0.0,,0
1,commerce,0,0,0,0,0,0,0,0,0,0,unknown,website,sent_money,payment,company,unknown,unknown,0.8,1.0,0.0,1.0,0.0,,0
1,transaction,0,0,0,0,0,0,0,0,0,0,crypto,website,staked_money,payment,none,unknown,unknown,0.5,1.0,0.0,0.0,0.0,,0
1,transaction,0,0,0,0,0,0,0,0,1,0,crypto,unknown,sent_money,payment,none,2500,USD,1.0,1.0,0.0,0.0,0.0,2500.0,1
1,transaction,0,0,0,0,0,0,0,0,0,0,card,phone,shared_credentials,transaction,bank,unknown,unknown,0.9,1.0,1.0,1.0,0.0,,0
1,transaction,0,0,1,0,0,0,0,0,0,0,bank,phone,sent_money,payment,none,"$4,500",USD,1.0,1.0,1.0,0.0,0.0,4500.0,1
1,social_engineering,0,0,0,0,0,1,1,1,0,0,unknown,phone,none,credential,google,unknown,unknown,1.0,1.0,1.0,1.0,0.0,,0
1,transaction,1,0,0,0,0,0,0,1,0,0,upi,website,clicked_link,transaction,company,unknown,unknown,1.0,1.0,0.0,1.0,0.0,,0
1,transaction,0,0,1,0,0,0,0,0,1,0,bank,website,deposited_money,payment,none,10000,USD,0.8,1.0,1.0,0.0,0.0,10000.0,1
1,commerce,0,0,0,1,0,0,0,0,0,0,bank,website,clicked_link,commerce,company,$99,USD,0.5,1.0,0.0,1.0,0.0,99.0,1
1,transaction,1,0,0,0,0,0,0,0,0,0,upi,sms,sent_money,payment,company,unknown,unknown,0.5,1.0,0.0,1.0,0.0,,0
1,commerce,0,0,0,1,1,0,0,0,0,0,bank,email,sent_money,payment,company,unknown,unknown,0.95,1.0,1.0,1.0,0.0,,0
1,transaction,0,1,0,0,0,0,0,0,0,0,card,phone,shared_credentials,verification,bank,unknown,unknown,0.9,1.0,1.0,1.0,0.0,,0
1,transaction,0,1,0,0,0,0,0,0,0,0,card,phone,sent_money,payment,military,unknown,unknown,0.8,1.0,1.0,1.0,0.0,,0
1,transaction,0,0,0,0,0,0,0,0,0,0,unknown,phone,none,none,tax_authority,unknown,unknown,0.9,1.0,1.0,1.0,0.0,,0
1,social_engineering,0,0,0,0,0,1,0,0,0,0,unknown,social_media,none,credential,individual,unknown,unknown,0.5,1.0,0.0,1.0,0.0,,0
1,transaction,0,0,1,0,0,0,0,0,0,0,bank,phone,none,payment,company,400,unknown,0.5,1.0,0.0,0.0,0.0,400.0,1
1,transaction,0,0,0,0,0,0,0,0,0,0,bank,email,deposited_check,payment,company,$10k,USD,0.9,1.0,1.0,1.0,0.0,10.0,1
1,transaction,0,0,1,0,0,0,0,0,1,0,bank,website,sent_money,transaction,none,unknown,unknown,0.9,1.0,1.0,0.0,0.0,,0
1,transaction,0,0,0,0,0,0,0,0,0,0,crypto,email,sent_money,payment,unknown,unknown,unknown,0.8,1.0,0.0,0.0,0.0,,0
0,none,0,0,0,0,0,0,0,0,0,0,unknown,unknown,none,none,unknown,unknown,unknown,0.0,0.0,0.0,0.0,0.0,,0
1,multi_level_marketing,0,0,0,0,1,0,1,1,0,0,unknown,social_media,none,none,individual,unknown,unknown,0.8,1.0,1.0,1.0,0.0,,0
1,social_engineering,0,0,0,0,0,1,1,1,0,0,unknown,phone,none,none,county_sheriff,unknown,unknown,1.0,1.0,1.0,1.0,0.0,,0
1,transaction,0,1,0,0,0,0,0,0,0,0,unknown,phone,none,payment,unknown,unknown,unknown,0.5,1.0,0.0,0.0,0.0,,0
1,transaction,0,0,1,0,0,0,0,0,1,0,bank,website,sent_money,transaction,company,6000,USD,1.0,1.0,1.0,1.0,0.0,6000.0,1
1,transaction,0,0,0,0,0,0,0,0,0,0,unknown,website,uploaded_documents,tender,government,unknown,unknown,0.9,1.0,0.0,1.0,0.0,,0
1,transaction,0,0,1,0,0,0,0,0,1,0,bank,social_media,none,none,bank,unknown,INR,0.9,1.0,1.0,0.0,0.0,,0
1,transaction,1,0,0,0,0,0,0,0,0,0,upi,sms,sent_money,payment,company,unknown,unknown,0.8,1.0,1.0,0.0,0.0,,0
1,transaction,0,1,0,0,0,0,0,0,0,0,card,website,clicked_link,payment,unknown,$1,USD,0.0,0.0,0.0,0.0,0.0,1.0,1
1,credential,0,0,0,0,0,1,0,0,0,0,unknown,email,clicked_link,phishing,google,unknown,unknown,0.9,1.0,1.0,1.0,0.0,,0
1,social_engineering,0,0,1,0,0,0,0,1,0,0,bank,phone,sent_money,payment,none,unknown,unknown,1.0,1.0,1.0,0.0,0.0,,0
1,transaction,0,0,1,0,0,0,0,0,0,0,bank,sms,sent_money,payment,individual,1000,unknown,0.5,1.0,1.0,0.0,0.0,1000.0,1
1,transaction,1,0,0,0,0,0,0,0,0,0,upi,sms,sent_money,payment,none,unknown,unknown,0.9,1.0,0.0,0.0,0.0,,0
1,transaction,1,0,0,0,0,0,0,1,0,0,upi,telegram,sent_money,payment,unknown,340,USD,1.0,1.0,1.0,0.0,0.0,340.0,1
1,commerce,0,1,0,1,0,0,0,0,0,0,card,phone,shared_credentials,transaction,company,unknown,unknown,0.8,1.0,0.0,1.0,0.0,,0
1,transaction,0,1,0,0,0,0,0,0,0,0,card,phone,sent_money,payment,airline,unknown,unknown,0.8,1.0,1.0,1.0,0.0,,0
1,transaction,1,0,0,0,0,0,0,0,0,0,upi,email,sent_money,payment,bank,unknown,unknown,0.0,1.0,1.0,1.0,0.0,,0
1,transaction,0,1,0,0,0,0,0,0,0,0,card,sms,sent_money,payment,individual,unknown,unknown,0.5,1.0,0.0,0.0,0.0,,0
1,transaction,0,0,1,0,0,0,0,0,0,0,bank,sms,sent_money,transaction,company,unknown,unknown,0.9,1.0,0.0,1.0,0.0,,0
1,commerce,0,0,0,1,0,0,0,0,0,0,bank,email,sent_money,payment,individual,unknown,unknown,0.8,1.0,0.0,0.0,0.0,,0
1,transaction,0,1,0,0,0,0,0,0,0,0,card,phone,sent_money,payment,bank,unknown,unknown,0.8,1.0,1.0,1.0,0.0,,0
1,transaction,0,1,0,0,0,0,0,0,0,0,card,social_media,sent_money,payment,amazon_employee,80000,unknown,1.0,1.0,1.0,1.0,0.0,80000.0,1
1,transaction,0,0,1,0,0,0,0,0,0,0,bank,website,clicked_link,transaction,bank,unknown,unknown,0.8,1.0,0.0,1.0,0.0,,0
1,transaction,0,0,1,0,0,0,0,0,0,0,bank,telegram,clicked_link,transaction,unknown,unknown,unknown,0.9,1.0,1.0,0.0,0.0,,0
1,transaction,0,0,0,0,0,0,0,0,1,0,unknown,website,clicked_link,none,company,unknown,unknown,0.9,1.0,1.0,1.0,0.0,,0
1,transaction,0,0,1,0,0,0,0,0,0,0,bank,website,sent_money,transaction,none,30000,unknown,1.0,1.0,1.0,0.0,0.0,30000.0,1
1,commerce,0,0,0,1,0,0,0,0,1,0,upi,website,sent_money,payment,company,unknown,unknown,0.9,1.0,1.0,0.0,0.0,,0
1,commerce,0,0,0,1,0,0,0,0,0,0,unknown,email,sent_money,commerce,company,unknown,unknown,0.8,1.0,0.0,0.0,0.0,,0
1,credential,0,0,0,0,0,1,0,0,0,0,unknown,email,shared_credentials,login,company,unknown,unknown,0.8,1.0,1.0,1.0,0.0,,0
1,transaction,1,0,0,0,0,0,0,0,0,0,upi,sms,sent_money,payment,unknown,unknown,unknown,0.5,1.0,0.0,0.0,0.0,,0
1,transaction,0,0,1,0,0,0,0,0,0,0,bank,social_media,sent_money,payment,individual,5000,unknown,1.0,1.0,0.0,0.0,1.0,5000.0,1
1,social_engineering,0,0,0,0,0,1,0,0,0,0,crypto,website,clicked_link,login,coinbase,unknown,unknown,0.9,1.0,1.0,1.0,0.0,,0
1,commerce,0,0,0,0,0,0,0,0,0,0,unknown,phone,none,none,unknown,unknown,unknown,0.8,1.0,0.0,0.0,0.0,,0
1,transaction,1,0,0,0,0,0,0,0,0,0,upi,sms,sent_money,payment,bank,200000,INR,1.0,1.0,1.0,1.0,0.0,200000.0,1
1,transaction,0,0,0,0,0,0,0,0,1,0,unknown,website,sent_money,transaction,none,unknown,unknown,0.9,1.0,0.0,0.0,0.0,,0
1,transaction,0,1,0,0,0,0,0,0,1,0,bank,website,deposited_money,transaction,exchange,unknown,unknown,0.9,1.0,1.0,0.0,0.0,,0
1,transaction,0,0,1,0,0,0,0,0,0,0,bank,sms,sent_money,payment,unknown,unknown,unknown,0.99999,1.0,1.0,0.0,0.0,,0
1,transaction,0,0,1,0,0,0,0,0,0,0,bank,phone,received_money,none,individual,$250,USD,0.0,1.0,1.0,0.0,0.0,250.0,1
0,none,0,0,0,0,0,0,0,0,0,0,unknown,email,clicked_link,verification,google,unknown,unknown,0.0,1.0,1.0,1.0,0.0,,0
1,transaction,0,1,0,0,0,0,0,0,1,0,bank,email,sent_money,payment,company,3000,unknown,0.8,1.0,0.0,1.0,0.0,3000.0,1
1,transaction,0,1,0,0,0,0,0,0,0,0,card,phone,none,payment,pc_app_store,unknown,unknown,0.8,1.0,1.0,1.0,0.0,,0
1,social_engineering,0,0,0,0,0,0,1,1,0,0,unknown,phone,none,none,bank,unknown,unknown,1.0,1.0,1.0,1.0,0.0,,0
1,transaction,0,0,0,0,0,0,0,0,0,0,crypto,website,sent_money,payment,none,"$693,273.92 (AUD)",AUD,0.0,1.0,1.0,0.0,0.0,693273.92,1
1,transaction,0,0,0,0,0,0,0,0,0,0,crypto,unknown,received,unknown,unknown,.000005 of a cent,unknown,0.0,0.0,0.0,0.0,0.0,5.0,1
1,transaction,0,0,1,0,0,0,0,1,0,0,bank,website,clicked_link,transaction,none,unknown,unknown,1.0,1.0,1.0,0.0,0.0,,0
1,transaction,0,0,1,0,0,0,0,0,1,0,bank,website,sent_money,payment,company,30000,unknown,1.0,1.0,1.0,1.0,0.0,30000.0,1
0,none,0,0,0,0,0,0,0,0,0,0,upi,social_media,clicked_link,none,company,unknown,unknown,0.0,0.0,0.0,1.0,0.0,,0
1,transaction,0,0,0,0,0,0,0,1,0,0,crypto,telegram,sent_money,payment,unknown,unknown,unknown,1.0,1.0,0.0,0.0,0.0,,0
0,none,0,0,0,0,0,0,0,0,0,0,unknown,website,clicked_link,commerce,company,unknown,unknown,0.0,1.0,0.0,0.0,0.0,,0
1,transaction,0,0,0,0,0,0,0,0,1,0,crypto,email,none,account_lock,bank,unknown,unknown,0.8,1.0,1.0,1.0,0.0,,0
1,transaction,0,0,1,0,0,0,0,0,0,0,bank,email,opened_attachment,invoice,paypal,unknown,unknown,0.5,1.0,1.0,1.0,0.0,,0
1,identity_theft,0,0,0,0,0,0,0,0,1,0,unknown,email,none,none,company,unknown,unknown,0.8,1.0,0.0,1.0,0.0,,0
1,transaction,0,0,1,0,0,0,0,1,0,0,bank,website,sent_money,withdrawal,none,50000,unknown,1.0,1.0,0.0,0.0,0.0,50000.0,1
1,social_engineering,0,0,0,0,0,1,0,0,0,0,unknown,sms,shared_credentials,none,individual,unknown,unknown,0.9,1.0,1.0,0.0,0.0,,0
1,social_engineering,0,0,0,0,0,0,1,1,0,0,unknown,email,none,none,victorian_nobleman,unknown,unknown,1.0,1.0,1.0,1.0,0.0,,0
1,commerce,0,0,0,1,0,0,0,0,0,0,bank,website,clicked_link,commerce,company,27000,USD,1.0,1.0,0.0,1.0,0.0,27000.0,1
1,transaction,0,1,0,0,0,0,0,0,0,0,card,email,shared_credentials,verification,unknown,unknown,unknown,0.9,1.0,1.0,1.0,0.0,,0
1,transaction,0,0,1,0,0,0,0,0,1,0,bank,sms,sent_money,payment,individual,unknown,unknown,0.9,1.0,1.0,0.0,0.0,,0
1,meta,0,0,0,0,0,0,0,0,1,0,unknown,none,none,none,none,unknown,unknown,0.0,1.0,1.0,0.0,0.0,,0
1,transaction,1,0,0,0,0,0,0,0,0,0,upi,sms,sent_money,payment,bank,50000,unknown,1.0,1.0,1.0,1.0,0.0,50000.0,1
1,transaction,0,0,1,0,0,0,0,0,0,0,bank,telegram,sent_money,transaction,crypto_exchange,$70,USD,0.8,1.0,0.0,0.0,0.0,70.0,1
1,commerce,0,0,0,1,1,0,0,0,0,0,crypto,website,installed_app,commerce,company,unknown,unknown,0.9,1.0,1.0,1.0,0.0,,0
1,transaction,0,0,1,0,0,0,0,0,1,0,bank,email,shared_credentials,transaction,company,unknown,unknown,0.8,1.0,0.0,0.0,0.0,,0
1,transaction,0,1,0,0,0,0,0,0,0,0,unknown,website,clicked_link,none,unknown,unknown,unknown,0.0,0.0,0.0,0.0,0.0,,0
1,transaction,1,0,0,0,0,0,0,0,0,0,upi,email,sent_money,payment,bank,unknown,unknown,0.8,1.0,0.0,1.0,0.0,,0
1,commerce,0,0,0,1,0,0,0,0,0,0,upi,email,sent_money,payment,none,unknown,unknown,0.8,1.0,0.0,0.0,0.0,,0
0,none,0,0,0,0,0,0,0,0,0,0,unknown,website,clicked_link,none,none,unknown,unknown,0.0,0.0,1.0,0.0,0.0,,0
1,commerce,0,0,1,0,0,0,0,0,1,0,bank,phone,none,payment,company,unknown,unknown,0.8,1.0,0.0,1.0,0.0,,0
1,commerce,0,1,0,0,0,0,0,0,0,0,crypto,website,sent_money,payment,company,unknown,unknown,0.0,0.0,0.0,1.0,0.0,,0
1,commerce,0,1,0,0,0,0,0,0,0,0,bank,email,sent_money,payment,individual,5000,unknown,0.8,1.0,1.0,1.0,0.0,5000.0,1
1,transaction,0,0,1,0,0,0,0,1,0,0,bank,email,paid,payment,government_agency,"$8,000",USD,1.0,1.0,1.0,1.0,0.0,8000.0,1
1,social_engineering,0,0,0,0,0,0,0,1,0,0,unknown,direct_messages,none,none,individual,unknown,unknown,1.0,1.0,0.0,0.0,0.0,,0
1,transaction,1,0,0,0,0,0,0,1,0,0,upi,telegram,sent_money,payment,unknown,10000,INR,0.8,1.0,0.0,0.0,0.0,10000.0,1
1,transaction,0,0,1,0,0,0,0,0,0,1,bank,sms,sent_money,transaction,none,unknown,unknown,0.9,1.0,0.0,0.0,0.0,,0
1,transaction,0,1,1,0,0,0,0,0,1,0,bank,website,sent_money,transaction,company,unknown,unknown,0.9,1.0,1.0,1.0,0.0,,0
1,transaction,0,1,0,0,0,0,0,0,0,0,card,phone,sent_money,payment,none,unknown,unknown,0.8,1.0,1.0,0.0,0.0,,0
1,commerce,0,0,0,0,0,0,0,0,0,0,upi,email,sent_money,payment,ebay,2000,USD,1.0,1.0,1.0,1.0,0.0,2000.0,1
1,commerce,0,0,0,1,1,0,0,0,1,0,upi,sms,sent_money,payment,company,6000,INR,0.95,1.0,1.0,1.0,0.0,6000.0,1
1,commerce,0,0,1,0,0,0,0,0,1,0,bank,none,sent_money,payment,company,unknown,unknown,0.9,1.0,1.0,0.0,0.0,,0
1,social_engineering,0,0,0,0,0,1,1,1,0,0,unknown,phone,none,none,government,unknown,unknown,1.0,1.0,1.0,1.0,0.0,,0
1,social_engineering,0,0,0,0,0,0,1,1,0,0,unknown,sms,sent_money,payment,individual,unknown,unknown,1.0,1.0,1.0,1.0,0.0,,0
1,transaction,0,1,1,0,0,0,0,0,0,0,bank,phone,sent_money,payment,individual,$400,USD,1.0,1.0,0.0,0.0,0.0,400.0,1
1,transaction,0,0,0,0,0,0,0,0,1,0,crypto,website,added_money,payment,none,unknown,unknown,0.8,1.0,0.0,0.0,0.0,,0
1,commerce,0,1,0,0,0,0,0,0,1,0,card,website,clicked_link,commerce,company,unknown,unknown,0.8,1.0,0.0,1.0,0.0,,0
1,social_engineering,0,0,0,0,0,1,0,1,0,0,unknown,phone,none,none,unknown,unknown,unknown,0.8,1.0,1.0,0.0,0.0,,0
1,transaction,1,0,0,0,0,0,0,0,0,0,upi,sms,sent_money,payment,bank,unknown,unknown,0.8,1.0,0.0,1.0,0.0,,0
1,transaction,0,0,1,0,0,0,0,0,0,0,bank,none,none,none,none,unknown,unknown,0.0,0.0,0.0,1.0,0.0,,0
1,transaction,0,0,0,0,0,0,0,1,0,0,crypto,website,sent_money,payment,unknown,$300,USD,1.0,1.0,0.0,0.0,0.0,300.0,1
1,commerce,0,0,1,0,0,0,0,0,1,0,bank,website,clicked_link,payment,company,350,unknown,1.0,1.0,0.0,1.0,0.0,350.0,1
1,transaction,0,0,1,0,0,0,0,0,1,0,bank,telegram,sent_money,payment,none,$7–8k,USD,0.9,1.0,1.0,0.0,0.0,7.0,1
1,transaction,0,1,0,0,0,0,0,0,0,0,card,phone,none,payment,comcast/xfinity,unknown,unknown,0.8,1.0,0.0,1.0,0.0,,0
1,transaction,0,0,0,0,0,0,0,0,0,0,unknown,website,clicked_link,none,none,unknown,unknown,0.5,1.0,1.0,0.0,0.0,,0
1,commerce,0,0,0,1,0,0,0,0,0,0,crypto,website,clicked_link,commerce,none,unknown,unknown,0.0,1.0,0.0,0.0,0.0,,0
1,transaction,0,1,0,0,0,0,0,0,0,0,card,email,sent_money,payment,company,unknown,unknown,0.5,1.0,0.0,1.0,0.0,,0
1,transaction,0,0,0,0,0,0,0,0,0,0,unknown,none,sent_money,payment,individual,100000,INR,0.9,1.0,1.0,0.0,0.0,100000.0,1
1,social_engineering,0,0,0,0,0,1,0,0,0,0,unknown,sms | email | phone | social_media | website | app | unknown | none,clicked_link,none,company,unknown,unknown,0.8,1.0,0.0,1.0,0.0,,0
1,transaction,1,0,0,0,0,0,1,1,0,0,upi,sms,sent_money,payment,bank,unknown,unknown,1.0,1.0,1.0,1.0,0.0,,0
1,transaction,0,1,0,0,0,0,0,0,0,0,card,youtube,clicked_link,payment,unknown,unknown,unknown,0.8,1.0,0.0,0.0,0.0,,0
1,transaction,0,0,1,0,0,0,0,0,0,0,bank,none,none,transaction,company,unknown,unknown,0.0,0.0,0.0,1.0,0.0,,0
1,commerce,0,1,0,0,0,0,0,0,1,0,card,website,opened_box,commerce,exotic_pet_store,unknown,unknown,0.8,1.0,1.0,0.0,0.0,,0
1,transaction,0,0,1,0,0,0,0,0,1,0,bank,sms,sent_money,payment,company,unknown,unknown,0.8,1.0,1.0,1.0,0.0,,0
1,commerce,0,0,1,0,0,0,0,0,1,0,bank,sms,sent_money,payment,company,unknown,unknown,0.9,1.0,0.0,0.0,0.0,,0
1,transaction,0,0,1,0,0,0,0,0,0,0,bank,email,clicked_link,transaction,company,unknown,unknown,0.9,1.0,1.0,1.0,0.0,,0
1,transaction,0,0,1,0,0,0,0,0,0,0,bank,sms,sent_money,payment,none,2000,unknown,1.0,1.0,0.0,0.0,0.0,2000.0,1
1,transaction,0,1,0,0,0,0,0,0,0,0,unknown,website,sent_money,payment,company,unknown,unknown,0.8,1.0,1.0,1.0,0.0,,0
1,transaction,0,0,0,0,0,0,0,0,0,0,unknown,social_media,clicked_link,payment,none,$4,USD,0.9,1.0,0.0,0.0,0.0,4.0,1
1,transaction,0,0,1,0,0,0,0,0,1,0,bank,unknown,sent_money,transaction,company,unknown,unknown,0.9,1.0,1.0,1.0,0.0,,0
1,commerce,0,0,0,1,0,0,0,0,0,0,upi | card | bank | crypto | gift_card | unknown | none,sms | email | phone | social_media | website | app | unknown | none,sent_money | shared_credentials | clicked_link | installed_app | none | unknown,payment | verification | login | download | none | unknown,bank_|_government_|_company_|_individual_|_none_|_unknown,unknown,unknown,0.5,1.0,0.0,0.0,0.0,,0
1,transaction,0,0,0,0,0,0,0,0,0,0,bank,phone,sent_money,payment,individual,unknown,unknown,0.8,1.0,0.0,0.0,0.0,,0
1,transaction,0,0,1,0,0,0,0,0,1,0,bank,telegram,clicked_link,payment,individual,15000,unknown,0.8,1.0,0.0,0.0,0.0,15000.0,1
1,transaction,0,0,1,0,0,0,0,0,1,0,bank,phone,shared_credentials,transaction,none,unknown,unknown,0.8,1.0,0.0,0.0,0.0,,0
1,social_engineering,0,0,0,0,0,1,0,1,0,0,unknown,email,shared_credentials,none,moonpay,unknown,unknown,1.0,1.0,1.0,1.0,0.0,,0
1,transaction,0,0,1,0,0,0,0,0,1,0,bank,phone,sent_money,payment,company,unknown,unknown,0.8,1.0,1.0,1.0,0.0,,0
1,transaction,0,0,1,0,0,0,0,1,0,0,bank,sms,sent_money,none,unknown,unknown,unknown,0.8,1.0,1.0,0.0,0.0,,0
1,transaction,0,0,0,0,0,0,0,0,0,0,crypto,email,clicked_link,payment,unknown,unknown,unknown,0.0,1.0,0.0,0.0,0.0,,0
1,social_engineering,0,0,0,0,0,0,0,1,0,0,unknown,sms,sent_money,none,none,unknown,unknown,1.0,1.0,1.0,0.0,0.0,,0
1,social_engineering,0,0,0,0,0,1,0,0,0,0,unknown,website,clicked_link,none,none,unknown,unknown,0.9,1.0,1.0,0.0,0.0,,0
1,transaction,0,1,0,0,0,0,0,0,0,0,card,website,clicked_link,payment,company,59.99,unknown,0.0,1.0,0.0,1.0,0.0,59.99,1
1,commerce,0,0,0,1,0,0,0,0,0,0,bank,email,sent_money,payment,individual,125,USD,0.8,1.0,0.0,0.0,0.0,125.0,1
1,transaction,0,0,1,0,0,0,0,0,1,0,bank,website,sent_money,payment,company,unknown,unknown,0.8,1.0,1.0,1.0,0.0,,0
1,transaction,1,0,0,0,0,0,0,0,0,0,upi,sms,sent_money,payment,bank,unknown,unknown,0.9,1.0,0.0,1.0,0.0,,0
1,transaction,0,1,0,0,0,0,0,0,0,0,bank,email,deposited_check,payment,unknown,unknown,unknown,0.9,1.0,1.0,0.0,0.0,,0
1,transaction,0,0,1,0,0,0,0,0,1,0,bank,email,sent_money,payment,title_company,$100k,USD,0.8,1.0,1.0,1.0,0.0,100.0,1
1,transaction,1,0,0,0,0,1,0,0,0,0,upi,email,shared_credentials,transaction,bank,200,INR,1.0,1.0,1.0,1.0,0.0,200.0,1
1,muse,0,0,0,0,0,0,0,0,0,0,unknown,none,none,none,none,1600,unknown,0.0,0.0,0.0,0.0,0.0,1600.0,1
1,transaction,1,0,0,0,0,0,0,0,0,0,upi,sms,sent_money,payment,bank,unknown,unknown,0.8,1.0,0.0,1.0,0.0,,0
1,transaction,0,0,1,0,0,0,0,0,0,0,bank,social_media,sent_money,payment,individual,unknown,unknown,0.8,1.0,0.0,0.0,0.0,,0
1,commerce,0,0,0,0,0,0,0,0,0,0,paypal,email,sent_money,payment,unknown,unknown,unknown,0.8,1.0,0.0,0.0,0.0,,0
1,commerce,0,0,0,1,0,0,0,0,1,0,upi,website,clicked_link,commerce,company,unknown,unknown,0.8,1.0,0.0,0.0,0.0,,0
1,transaction,0,0,1,0,0,0,0,0,1,0,bank,sms,sent_money,payment,none,unknown,unknown,0.9,1.0,1.0,0.0,0.0,,0
1,commerce,0,0,0,0,0,0,0,0,0,0,unknown,website,clicked_link,payment,none,$41.99,USD,0.0,0.0,0.0,0.0,0.0,41.99,1
1,transaction,0,1,0,0,0,0,0,0,0,0,card,app,clicked_link,redeem,verizon,unknown,unknown,0.8,1.0,1.0,1.0,0.0,,0
1,transaction,0,0,0,0,0,0,0,0,0,0,bank,website,transfer_money,payment,company,unknown,unknown,0.0,1.0,1.0,1.0,0.0,,0
1,social_engineering,0,0,0,0,0,1,0,0,0,0,unknown,social_media,clicked_link,none,individual,unknown,unknown,0.8,1.0,0.0,1.0,0.0,,0
1,transaction,0,0,1,0,0,0,0,0,1,0,bank,email,sent_money,payment,individual,unknown,unknown,0.8,1.0,0.0,0.0,0.0,,0
1,transaction,1,0,0,0,0,0,0,0,0,0,upi,sms,sent_money,payment,unknown,unknown,unknown,0.8,1.0,0.0,0.0,0.0,,0
1,transaction,0,1,0,0,0,0,0,0,0,0,crypto,website,clicked_link,investment,unknown,$560K,USD,1.0,1.0,1.0,0.0,0.0,560.0,1
1,transaction,0,0,0,0,0,0,0,0,0,0,unknown,website,downloaded_file,none,unknown,unknown,unknown,0.95,1.0,0.0,0.0,0.0,,0
1,transaction,0,0,1,0,0,0,0,0,0,0,bank,email,sent_money,payment,company,$400,USD,0.8,1.0,0.0,1.0,0.0,400.0,1
1,transaction,0,0,0,0,0,0,0,0,1,0,upi,email,sent_money,payment,unknown,1 peso,PHP,0.8,1.0,1.0,0.0,0.0,1.0,1
1,transaction,0,0,0,1,0,0,0,0,0,0,bank,phone,sent_money,payment,merchant,130000,INR,0.9,1.0,0.0,0.0,0.0,130000.0,1
1,transaction,0,0,1,0,0,0,0,0,0,0,bank,sms,sent_money,transaction,company,unknown,unknown,0.9,1.0,0.0,1.0,0.0,,0
1,transaction,1,0,0,0,0,0,0,1,0,0,upi,phone,sent_money,payment,company,unknown,unknown,1.0,1.0,0.0,0.0,0.0,,0
1,transaction,0,0,1,0,0,0,0,0,1,0,bank,email,sent_money,payment,company,12000,unknown,0.9,1.0,1.0,1.0,0.0,12000.0,1
1,transaction,1,0,0,0,0,0,0,1,0,0,upi,website,clicked_link,transaction,unknown,150,INR,1.0,1.0,0.0,0.0,0.0,150.0,1
1,transaction,0,1,0,0,0,0,0,0,0,0,card,email,sent_money,payment,unknown,unknown,unknown,0.8,1.0,1.0,0.0,0.0,,0
1,transaction,0,0,0,0,0,0,0,0,0,0,crypto,social_media,sent_money,payment,trading_platform,"$1,900",USD,0.8,1.0,1.0,1.0,0.0,1900.0,1
1,transaction,0,0,1,0,0,1,0,0,0,0,bank,email,sent_money,payment,company,20000,USD,0.5,1.0,1.0,1.0,0.0,20000.0,1
1,social_engineering,0,0,0,0,0,1,1,1,0,0,unknown,phone,none,none,police,unknown,unknown,1.0,1.0,1.0,1.0,0.0,,0
1,transaction,0,1,0,0,0,0,0,0,1,0,card,phone,none,payment,company,"$1,000",USD,0.9,1.0,1.0,1.0,0.0,1000.0,1
1,transaction,0,0,1,0,0,0,0,0,0,0,bank,unknown,none,transaction,bank,unknown,unknown,0.0,1.0,1.0,1.0,0.0,,0
1,transaction,0,0,0,0,0,0,0,0,1,0,upi,telegram,sent_money,payment,unknown,25,USD,0.9,1.0,0.0,0.0,0.0,25.0,1
1,transaction,1,0,0,0,0,0,0,0,0,0,upi,phone,sent_money,payment,individual,unknown,unknown,0.8,1.0,1.0,0.0,0.0,,0
1,transaction,0,1,0,0,0,0,0,0,1,0,bank,whatsapp,sent_money,payment,unknown,"$1,000",USD,0.8,1.0,0.0,0.0,0.0,1000.0,1
1,transaction,0,1,0,0,0,0,0,0,0,0,card,phone,shared_credentials,none,apple_/_goldman_sachs,pizza,unknown,0.8,1.0,1.0,1.0,0.0,,0
1,transaction,0,0,1,0,0,0,0,0,1,0,bank,telegram,sent_money,payment,company,9800,EUR,1.0,1.0,1.0,1.0,0.0,9800.0,1
0,none,0,0,0,0,0,0,0,0,0,0,unknown,unknown,none,none,unknown,unknown,unknown,0.0,0.0,0.0,0.0,0.0,,0
1,social_engineering,0,0,0,0,0,0,1,1,0,0,unknown,phone,reported,none,police,unknown,unknown,1.0,1.0,1.0,1.0,0.0,,0
1,transaction,0,0,0,0,0,0,0,1,0,0,crypto,website,clicked_link,transaction,company,1000,unknown,1.0,1.0,1.0,0.0,0.0,1000.0,1
1,transaction,1,0,0,0,0,0,0,0,0,0,upi,sms,sent_money,payment,bank,unknown,unknown,0.8,1.0,0.0,1.0,0.0,,0
1,commerce,0,0,0,1,1,0,0,0,0,0,upi,social_media,sent_money,payment,company,unknown,unknown,0.5,1.0,1.0,1.0,0.0,,0
1,transaction,0,1,0,0,0,0,0,1,0,0,card,phone,sent_money,payment,none,150,unknown,1.0,1.0,0.0,0.0,0.0,150.0,1
1,transaction,0,0,0,0,0,0,0,1,0,0,unknown,phone,none,none,none,unknown,unknown,0.8,1.0,0.0,0.0,0.0,,0
1,commerce,0,0,0,1,0,0,0,0,0,0,bank,website,clicked_link,commerce,company,$96,USD,0.8,1.0,0.0,0.0,0.0,96.0,1
1,social_engineering,0,0,0,0,0,0,1,1,0,0,unknown,phone,none,none,police_officer,"$5,000",USD,1.0,1.0,1.0,1.0,0.0,5000.0,1
1,transaction,0,0,0,0,0,0,0,0,0,0,unknown,email,clicked_link,none,company,unknown,unknown,0.9,1.0,0.0,1.0,0.0,,0
1,transaction,0,0,1,0,0,0,0,0,0,0,bank,email,clicked_link,transaction,ups,unknown,unknown,0.9,1.0,1.0,1.0,0.0,,0
1,transaction,0,0,1,0,0,0,0,0,0,0,bank,website,sent_money,transaction,none,unknown,unknown,0.9,1.0,0.0,0.0,0.0,,0
1,transaction,0,0,1,0,0,0,0,0,0,0,bank,computer,sent_money,transaction,none,6000,unknown,1.0,1.0,1.0,0.0,0.0,6000.0,1
1,transaction,0,1,0,0,0,0,0,0,0,0,card,email,sent_money,payment,none,$500 USD,USD,1.0,1.0,1.0,0.0,0.0,500.0,1
1,social_engineering,0,0,0,0,0,1,0,0,0,0,unknown,phone,none,none,individual,unknown,unknown,0.8,1.0,0.0,0.0,0.0,,0
1,transaction,1,0,0,0,0,0,0,0,0,0,upi,phone,sent_money,payment,blinkit_support,unknown,unknown,0.8,1.0,1.0,1.0,0.0,,0
1,transaction,0,0,0,0,0,0,0,0,1,0,crypto,website,sent_money,payment,unknown,$220k,USDT,1.0,1.0,0.0,0.0,0.0,220.0,1
1,transaction,0,1,0,0,0,0,0,0,0,0,card,unknown,none,payment,individual,unknown,unknown,0.5,1.0,1.0,0.0,0.0,,0
1,transaction,0,0,1,0,0,0,0,0,0,0,bank,website,sent_money,transaction,bank,unknown,unknown,0.9,1.0,0.0,1.0,0.0,,0
1,commerce,0,0,0,1,0,0,0,0,0,0,unknown,none,none,none,none,unknown,unknown,0.8,1.0,1.0,0.0,0.0,,0
1,commerce,0,0,0,1,1,0,0,0,0,0,bank,email,paid,commerce,company,$80,USD,0.5,1.0,1.0,0.0,0.0,80.0,1
1,commerce,1,0,0,1,0,0,0,0,0,0,upi,website,sent_money,payment,company,499,INR,0.5,1.0,1.0,1.0,0.0,499.0,1
1,commerce,0,0,0,0,0,0,0,0,0,0,unknown,social_media,sent_money,payment,individual,150,USD,0.0,0.0,0.0,0.0,0.0,150.0,1
1,transaction,1,0,0,0,0,0,0,0,0,0,upi,sms,sent_money,payment,bank,unknown,unknown,0.8,1.0,1.0,1.0,0.0,,0
1,commerce,0,0,0,1,0,0,0,0,1,0,unknown,website,none,commerce,atlys_(visa_service),unknown,unknown,0.9,1.0,1.0,0.0,0.0,,0
1,social_engineering,0,0,0,0,0,0,1,1,0,0,unknown,sms,sent_money,none,elon_musk_tesla,"$500,000.00",USD,1.0,1.0,1.0,1.0,0.0,500000.0,1
1,transaction,0,0,0,0,0,0,0,0,0,0,upi | card | bank | crypto | gift_card | unknown | none,sms | email | phone | social_media | website | app | unknown | none,sent_money,payment,bank_|_government_|_company_|_individual_|_none_|_unknown,unknown,USD,0.9,1.0,0.0,0.0,0.0,,0
1,transaction,0,0,1,0,0,0,0,0,1,0,bank,website,sent_money,transaction,none,unknown,EUR,0.9,1.0,1.0,0.0,0.0,,0
1,transaction,0,0,1,0,0,0,0,0,1,0,bank,email,sent_money,refund,company,6000,INR,1.0,1.0,0.0,1.0,0.0,6000.0,1
1,transaction,0,0,1,0,0,0,0,0,1,0,bank,website,deposited_money,transaction,none,unknown,unknown,0.95,1.0,0.0,0.0,0.0,,0
1,transaction,0,1,1,0,0,0,0,0,1,0,bank,email,sent_money,transaction,bank_employee,12000000,INR,0.8,1.0,1.0,1.0,0.0,12000000.0,1
1,transaction,0,1,0,0,0,0,0,0,0,0,card,website,shared_credentials,transaction,company,unknown,unknown,0.0,0.0,1.0,0.0,0.0,,0
1,transaction,0,0,0,0,0,0,0,1,0,0,crypto,sms,sent_money,transaction,unknown,20k,unknown,1.0,1.0,0.0,0.0,0.0,20.0,1
1,transaction,0,1,0,0,0,0,0,0,0,0,card,email,sent_money,refund,paypal,unknown,unknown,0.8,1.0,1.0,1.0,0.0,,0
1,meta,0,0,0,0,0,0,1,0,0,0,unknown,website,none,none,company,unknown,unknown,0.9,1.0,0.0,1.0,0.0,,0
1,transaction,1,0,0,0,0,0,0,0,1,0,upi,sms,sent_money,payment,bank,5,INR,0.8,1.0,0.0,1.0,0.0,5.0,1
1,transaction,1,0,0,0,0,0,0,1,0,0,upi,website,clicked_link,transaction,bank,unknown,unknown,1.0,1.0,0.0,0.0,0.0,,0
1,transaction,0,0,0,0,0,0,0,0,1,0,unknown,none,none,none,insurance_company,unknown,unknown,0.0,1.0,0.0,1.0,0.0,,0
1,transaction,0,0,1,0,0,0,0,0,0,0,crypto,website,sent_money,transaction,none,10000.05,XRP,0.9,1.0,1.0,0.0,0.0,10000.05,1
1,transaction,0,0,1,0,0,0,0,1,0,0,bank,social_media,sent_money,payment,company,"$1,000",USD,1.0,1.0,1.0,0.0,0.0,1000.0,1
1,transaction,0,0,0,0,0,0,0,0,0,0,unknown,sms,sent_money,payment,unknown,unknown,unknown,0.0,1.0,0.0,0.0,0.0,,0
1,social_engineering,0,0,0,0,0,0,1,1,1,0,unknown,social_media,none,none,individual,unknown,unknown,1.0,1.0,1.0,1.0,0.0,,0
1,commerce,0,0,0,1,0,0,0,0,0,0,upi,website,clicked_link,commerce,company,unknown,unknown,0.9,1.0,0.0,0.0,0.0,,0
1,transaction,0,1,0,0,0,0,0,0,0,0,crypto,website,clicked_link,payment,unknown,unknown,unknown,0.0,1.0,1.0,0.0,0.0,,0
1,transaction,1,1,1,0,0,0,0,0,0,0,upi | card | bank,phone,sent_money,verification,bank,unknown,unknown,1.0,1.0,1.0,1.0,0.0,,0
1,commerce,0,0,0,0,0,0,0,0,0,0,unknown,website,clicked_link,commerce,company,unknown,unknown,0.9,1.0,1.0,0.0,0.0,,0
1,transaction,0,0,1,0,0,0,1,1,1,0,bank,phone,shared_credentials,transaction,company,350000,USD,1.0,1.0,1.0,1.0,0.0,350000.0,1
1,transaction,0,1,0,0,0,0,0,0,0,0,crypto,website,shared_credentials,payment,company,unknown,unknown,0.0,1.0,1.0,1.0,1.0,,0
1,transaction,1,0,0,0,0,0,0,1,0,0,upi,sms,sent_money,payment,bank,unknown,unknown,1.0,1.0,0.0,1.0,0.0,,0
1,transaction,0,1,0,0,0,0,0,0,0,0,card,sms,sent_money,payment,company,"$3,297.29",USD,0.8,1.0,0.0,0.0,0.0,3297.29,1
1,commerce,0,0,1,1,1,0,0,0,1,0,bank,sms,paid_money,payment,individual,unknown,unknown,0.8,1.0,1.0,0.0,0.0,,0
1,transaction,0,0,1,0,0,0,0,0,0,0,bank,sms,sent_money,payment,company,unknown,unknown,0.9,1.0,1.0,1.0,0.0,,0
1,transaction,0,0,1,0,0,0,0,0,0,0,bank,website,withdrew_funds,transaction,bank,unknown,unknown,0.9,1.0,1.0,1.0,0.0,,0
1,social_engineering,0,0,0,0,0,0,1,1,0,0,unknown,phone,none,none,police,unknown,unknown,1.0,1.0,1.0,1.0,0.0,,0
1,commerce,0,0,0,1,0,0,0,0,0,0,upi,sms,sent_money,payment,company,unknown,unknown,0.8,1.0,0.0,0.0,0.0,,0
0,none,0,0,0,0,0,0,0,0,0,0,upi,sms,sent_money,payment,company,unknown,unknown,0.0,1.0,0.0,0.0,0.0,,0
1,social_engineering,0,0,0,0,0,0,0,1,0,0,unknown,phone,none,none,individual,none,unknown,1.0,1.0,1.0,0.0,0.0,,0
0,none,0,0,0,0,0,0,0,0,0,0,unknown,discord,unknown,unknown,unknown,unknown,unknown,0.0,0.0,0.0,0.0,0.0,,0
1,transaction,1,0,0,0,0,0,1,1,0,0,upi,phone,sent_money,payment,bank,unknown,unknown,1.0,1.0,1.0,1.0,0.0,,0
1,social_engineering,0,0,0,0,0,1,0,0,0,0,unknown,phone,changed_email,login,none,unknown,unknown,0.8,1.0,1.0,0.0,0.0,,0
1,transaction,0,1,0,0,0,0,0,0,0,0,crypto,website,clicked_link,payment,none,"$2,500",USD,0.9,1.0,1.0,0.0,0.0,2500.0,1
1,transaction,0,0,1,0,0,0,0,0,0,0,bank,phone,none,payment,bank,6000,USD,1.0,1.0,1.0,1.0,0.0,6000.0,1
1,transaction,0,0,0,0,0,0,0,0,1,0,crypto,website,clicked_link,transaction,none,unknown,unknown,0.9,1.0,1.0,0.0,0.0,,0
1,commerce,0,0,0,1,0,0,0,0,0,0,upi,website,sent_money,payment,company,5000,unknown,0.8,1.0,1.0,1.0,0.0,5000.0,1
1,transaction,0,0,0,0,0,0,0,0,0,0,crypto,website,sent_money,payment,company,unknown,unknown,0.5,1.0,1.0,1.0,0.0,,0
1,commerce,0,0,0,1,0,0,0,0,0,0,upi,email,sent_money,payment,company,80,USD,0.5,1.0,0.0,1.0,0.0,80.0,1
1,transaction,1,0,0,0,0,0,0,1,0,0,upi,phone,sent_money,payment,bank,unknown,unknown,1.0,1.0,0.0,1.0,0.0,,0
1,transaction,0,0,1,0,0,0,0,0,0,0,bank,sms,sent_money,payment,none,100,unknown,0.5,1.0,0.0,0.0,0.0,100.0,1
1,transaction,1,0,0,0,0,0,0,1,0,0,upi,sms,sent_money,payment,bank,unknown,unknown,1.0,1.0,0.0,1.0,0.0,,0
1,transaction,0,1,0,0,0,0,0,0,0,0,crypto,website,sent_money,payment,unknown,1775 ETH and 59M other token holdings,ETH,0.0,0.0,1.0,0.0,0.0,1775.0,1
1,transaction,0,1,1,0,0,0,0,1,1,0,card,phone,clicked_link,transaction,bank,unknown,unknown,1.0,1.0,1.0,0.0,0.0,,0
1,transaction,0,1,0,0,0,0,0,0,0,0,bank,email,sent_money,transaction,company,232,USD,0.8,1.0,1.0,1.0,0.0,232.0,1
1,transaction,0,0,1,0,0,0,0,0,1,0,bank,app,installed_app,payment,none,unknown,unknown,0.9,1.0,1.0,0.0,0.0,,0
1,transaction,0,0,0,0,0,0,0,0,0,0,unknown,sms,sent_money,none,company,free,unknown,0.95,1.0,0.0,1.0,0.0,,0
1,commerce,0,0,1,1,0,0,0,0,0,0,bank,phone,sent_money,payment,company,36950,INR,1.0,1.0,1.0,0.0,0.0,36950.0,1
1,transaction,0,0,0,0,1,0,0,0,0,0,crypto,app,installed_app,transaction,unknown,100,unknown,0.8,1.0,0.0,0.0,0.0,100.0,1
1,transaction,0,0,1,0,0,0,0,0,1,0,bank,email,deposited_money,payment,scammer,1000,USD,0.9,1.0,1.0,0.0,0.0,1000.0,1
1,transaction,0,0,1,0,0,0,0,0,0,0,bank,email,deposited_check,payment,unknown,$976,USD,0.8,1.0,0.0,0.0,0.0,976.0,1
1,commerce,0,0,0,1,1,0,0,0,0,0,bank,email,clicked_link,payment,company,unknown,unknown,0.8,1.0,1.0,0.0,0.0,,0
1,transaction,0,0,0,0,0,0,0,0,1,0,unknown,none,none,none,none,unknown,unknown,0.8,1.0,0.0,0.0,0.0,,0
1,social_engineering,0,0,0,0,0,0,1,1,0,0,unknown,phone,none,none,individual,unknown,unknown,0.8,1.0,0.0,1.0,0.0,,0
1,meta,0,0,0,0,0,0,1,1,1,0,unknown,sms | email | phone | social_media | website | app | unknown | none,installed_app,none,individual,unknown,unknown,1.0,1.0,1.0,1.0,0.0,,0
1,social_engineering,0,0,0,0,0,1,0,0,0,0,unknown,sms,none,none,individual,unknown,unknown,0.9,1.0,1.0,1.0,0.0,,0
1,commerce,0,0,0,1,0,0,0,0,0,0,upi,website,sent_money,payment,company,378,INR,0.9,1.0,1.0,1.0,0.0,378.0,1
1,commerce,0,0,0,1,0,0,0,0,0,0,upi,website,sent_money,payment,company,unknown,unknown,0.8,1.0,0.0,1.0,0.0,,0
1,transaction,0,0,0,0,0,0,0,0,0,0,crypto,phone,sent_money,payment,unknown,unknown,unknown,0.0,1.0,1.0,0.0,0.0,,0
1,transaction,0,0,1,0,0,0,0,1,0,0,bank,social_media,sent_money,transaction,none,"$1,000,600,600",USD,1.0,1.0,1.0,0.0,0.0,1000600600.0,1
1,transaction,0,0,1,0,0,0,0,0,1,0,bank,website,sent_money,payment,unknown,"$8,000",USD,1.0,1.0,1.0,0.0,0.0,8000.0,1
1,transaction,0,1,0,0,0,0,0,0,0,0,crypto,website,sent_money,payment,company,$36.9 million,USD,0.8,1.0,0.0,0.0,0.0,36900000.0,1
1,transaction,0,0,0,0,0,0,0,0,0,0,unknown,sms,sent_money,payment,none,unknown,unknown,0.8,1.0,0.0,0.0,0.0,,0
1,social_engineering,0,0,0,0,0,0,1,1,0,0,unknown,phone,none,none,police,unknown,unknown,0.9,1.0,1.0,1.0,0.0,,0
1,transaction,0,0,1,0,0,0,0,0,0,0,bank,website,sent_money,verification,none,2500,unknown,1.0,1.0,1.0,0.0,0.0,2500.0,1
1,transaction,1,0,0,0,0,0,1,1,0,0,upi,sms,sent_money,payment,bank,unknown,unknown,0.9,1.0,1.0,1.0,0.0,,0
1,commerce,0,0,0,1,1,0,0,0,0,0,upi,email,clicked_link,sale,ebay,unknown,unknown,0.8,1.0,1.0,1.0,0.0,,0
1,transaction,0,0,1,0,0,0,0,0,0,0,bank,email,sent_money,transaction,company,unknown,unknown,0.9,1.0,0.0,1.0,0.0,,0
1,transaction,0,0,0,0,0,0,0,0,1,0,crypto,website,clicked_link,none,company,unknown,unknown,0.8,1.0,0.0,1.0,0.0,,0
1,commerce,0,0,0,0,0,0,0,0,0,0,bank,website,sent_money,payment,company,200,unknown,0.5,1.0,0.0,1.0,0.0,200.0,1
1,social_engineering,0,0,0,0,0,1,1,1,0,0,unknown,sms,none,none,individual,unknown,unknown,1.0,1.0,1.0,1.0,0.0,,0
1,transaction,1,1,1,0,0,0,0,0,0,0,upi | card | bank | crypto | gift_card | unknown | none,sms | email | phone | social_media | website | app | unknown | none,sent_money | shared_credentials | clicked_link | installed_app | none | unknown,payment | verification | login | download | none | unknown,bank_|_government_|_company_|_individual_|_none_|_unknown,unknown,unknown,0.9,1.0,1.0,0.0,0.0,,0
1,transaction,0,0,1,0,0,0,0,0,0,0,bank,website,sent_money,transaction,none,1700,unknown,0.9,1.0,1.0,0.0,0.0,1700.0,1
1,transaction,0,1,0,0,0,0,0,0,0,0,card,in_person,sent_money,payment,individual,unknown,unknown,0.8,1.0,0.0,0.0,0.0,,0
1,transaction,0,0,1,0,0,0,1,1,1,0,bank,video_call,transfer_money,extortion,government_officials,5000000,INR,1.0,1.0,1.0,1.0,0.0,5000000.0,1
1,transaction,0,1,0,0,0,0,0,0,0,0,card,unknown,inserted_card,payment,none,$250,USD,0.8,1.0,1.0,0.0,0.0,250.0,1
1,social_engineering,0,0,0,0,0,1,1,1,0,0,unknown,email,clicked_link,none,company,unknown,unknown,1.0,1.0,1.0,1.0,0.0,,0
1,transaction,0,1,0,0,0,0,0,0,0,0,crypto,website,clicked_link,payment,company,unknown,unknown,0.8,1.0,0.0,1.0,0.0,,0
1,transaction,0,1,1,0,0,0,0,0,0,0,bank,sms,sent_money,payment,company,25,EUR,0.99999,1.0,1.0,1.0,0.0,25.0,1
1,transaction,0,0,1,0,0,0,0,0,0,0,bank,phone,none,transaction,bank,unknown,unknown,0.8,1.0,0.0,1.0,0.0,,0
1,transaction,0,1,1,0,0,0,0,1,0,0,bank,email,sent_money,payment,company,500,USD,1.0,1.0,1.0,0.0,0.0,500.0,1
1,transaction,0,1,0,0,0,0,0,0,0,0,bank,phone,none,transaction,company,unknown,unknown,0.8,1.0,0.0,1.0,0.0,,0
1,transaction,0,1,0,0,0,0,0,0,0,0,card,email,shared_credentials,payment,unknown,"$5,000",USD,1.0,1.0,1.0,0.0,0.0,5000.0,1
1,commerce,0,0,0,1,0,0,0,0,1,0,upi,email,sent_money,payment,company,3000,INR,1.0,1.0,1.0,0.0,0.0,3000.0,1
1,transaction,0,1,0,0,0,0,0,0,0,0,bank,website,clicked_link,payment,company,unknown,EUR,0.9,1.0,1.0,1.0,0.0,,0
1,transaction,1,0,1,0,0,0,0,0,0,0,upi,phone,none,transaction,bank,$1k and $2k,USD,0.8,1.0,1.0,1.0,0.0,1.0,1
1,social_engineering,0,0,0,0,0,1,0,0,0,0,unknown,sms,none,credential,individual,unknown,unknown,0.8,1.0,1.0,1.0,0.0,,0
1,transaction,0,0,1,0,0,0,0,1,0,0,bank,unknown,sent_money,transaction,scammer,$140k,USD,1.0,1.0,1.0,0.0,0.0,140.0,1
1,transaction,0,1,0,0,0,0,0,0,0,0,unknown,website,sent_money,payment,unknown,unknown,unknown,0.9,1.0,1.0,0.0,0.0,,0
1,transaction,0,0,1,0,0,0,0,0,0,0,bank,sms,sent_money,transaction,government,unknown,unknown,0.8,1.0,0.0,1.0,0.0,,0
1,transaction,0,0,0,0,0,0,0,0,0,0,card,email,shared_credentials,payment,unknown,unknown,unknown,0.0,1.0,1.0,0.0,0.0,,0
0,none,0,0,0,0,0,0,0,0,0,0,unknown,website,none,none,company,unknown,unknown,0.0,0.0,0.0,1.0,0.0,,0
1,commerce,0,0,0,1,0,0,0,0,0,0,bank,website,sent_money,commerce,government,$230,USD,0.5,1.0,0.0,1.0,0.0,230.0,1
1,transaction,0,0,0,0,0,1,0,0,0,0,upi,website,clicked_link,login,hacker,unknown,unknown,0.5,1.0,1.0,0.0,0.0,,0
1,transaction,1,0,0,0,0,0,0,0,0,0,upi,sms,sent_money,payment,camgirl,300,INR,1.0,1.0,1.0,0.0,0.0,300.0,1
0,none,0,0,0,0,0,0,1,1,0,0,unknown,phone,none,none,company,unknown,unknown,1.0,1.0,1.0,1.0,0.0,,0
1,transaction,1,1,1,0,0,0,1,1,1,0,upi,email,sent_money,payment,bank,500,USD,1.0,1.0,1.0,1.0,0.0,500.0,1
1,transaction,0,0,0,0,0,0,0,0,1,0,unknown,none,none,none,none,unknown,unknown,0.0,1.0,0.0,0.0,0.0,,0
1,transaction,0,0,1,0,0,0,0,0,1,0,bank,phone,shared_credentials,verification,bank,unknown,unknown,0.8,1.0,0.0,1.0,0.0,,0
1,transaction,0,1,0,0,0,0,0,0,0,0,unknown,phone,none,none,none,unknown,unknown,0.8,1.0,0.0,0.0,0.0,,0
1,transaction,0,0,1,0,0,0,0,0,0,0,bank,website,clicked_link,payment,company,unknown,unknown,0.8,1.0,0.0,1.0,0.0,,0
1,social_engineering,0,0,0,0,0,0,0,1,0,0,unknown,social_media,none,none,individual,unknown,unknown,1.0,1.0,0.0,0.0,0.0,,0
1,transaction,0,0,1,0,0,0,0,0,1,0,bank,sms,sent_money,payment,company,unknown,unknown,0.9,1.0,1.0,1.0,0.0,,0
1,transaction,1,0,0,0,0,0,1,1,0,0,upi,sms,sent_money,payment,bank,unknown,unknown,0.9,1.0,1.0,1.0,0.0,,0
1,transaction,0,0,0,0,0,0,0,0,0,0,upi,sms,sent_money,payment,unknown,unknown,unknown,0.0,1.0,1.0,0.0,0.0,,0
1,transaction,0,0,1,0,0,0,0,0,0,0,bank,telegram,sent_money,payment,unknown,unknown,unknown,0.8,1.0,0.0,0.0,0.0,,0
1,transaction,0,1,0,0,0,0,0,0,0,0,card,online,sent_money,payment,company,"$1,000",USD,0.8,1.0,1.0,0.0,0.0,1000.0,1
1,social_engineering,0,0,0,0,0,1,1,1,0,0,unknown,sms,none,none,court,unknown,unknown,1.0,1.0,1.0,1.0,0.0,,0
1,transaction,1,0,1,0,0,0,0,1,0,0,upi,telegram | whatsapp,sent_money,payment,unknown,62000000,INR,1.0,1.0,1.0,0.0,0.0,62000000.0,1
1,transaction,0,1,1,0,0,0,0,1,0,0,bank,email,sent_money,payment,company,"$4,000",USD,1.0,1.0,1.0,0.0,0.0,4000.0,1
1,commerce,0,0,0,0,0,0,0,0,0,0,bank,website,sent_money,payment,company,4799,INR,0.8,1.0,1.0,1.0,0.0,4799.0,1
1,transaction,0,1,0,0,0,0,0,0,0,0,card,unknown,sent_money,payment,bank,unknown,unknown,0.0,1.0,1.0,1.0,0.0,,0
1,transaction,0,0,0,0,0,0,0,0,0,0,unknown,phone,none,none,company,unknown,unknown,0.8,1.0,0.0,1.0,0.0,,0
1,commerce,0,0,0,1,0,0,0,0,0,0,upi,email,clicked_link,payment,company,unknown,unknown,0.8,1.0,0.0,1.0,0.0,,0
1,transaction,0,0,0,0,0,0,0,0,0,0,unknown,social_media,sent_money,payment,individual,unknown,unknown,0.8,1.0,1.0,0.0,0.0,,0
0,none,0,0,0,0,0,0,0,0,0,0,unknown,social_media,clicked_link,none,unknown,unknown,unknown,0.0,0.0,0.0,0.0,0.0,,0
1,transaction,1,0,1,0,0,1,0,0,0,0,upi,website,sent_money,transaction,bank,unknown,unknown,0.8,1.0,1.0,1.0,0.0,,0
1,transaction,0,1,0,0,0,0,0,1,0,0,card,sms,shared_credentials,payment,none,14000,INR,1.0,1.0,1.0,0.0,0.0,14000.0,1
1,commerce,0,0,0,1,0,0,0,0,0,0,upi,sms,sent_money,payment,company,unknown,unknown,0.8,1.0,1.0,1.0,0.0,,0
1,transaction,0,0,0,0,0,0,0,1,0,0,crypto,website,installed_app,payment,none,unknown,unknown,0.95,1.0,0.0,0.0,0.0,,0
1,transaction,1,0,0,0,0,0,0,1,0,0,upi,sms,sent_money,payment,bank,unknown,unknown,1.0,1.0,0.0,1.0,0.0,,0
1,transaction,0,0,1,0,0,0,0,1,0,0,bank,website,sent_money,verification,tax_service,1500,USD,1.0,1.0,1.0,1.0,0.0,1500.0,1
1,transaction,0,1,0,0,0,0,0,0,0,0,crypto,social_media,sent_money,payment,company,unknown,unknown,0.8,1.0,0.0,0.0,0.0,,0
0,none,0,0,0,0,0,0,0,0,0,0,upi | card | bank | crypto | gift_card | unknown | none,sms | email | phone | social_media | website | app | unknown | none,sent_money | shared_credentials | clicked_link | installed_app | none | unknown,payment | verification | login | download | none | unknown,bank_|_government_|_company_|_individual_|_none_|_unknown,unknown,unknown,0.0,0.0,0.0,0.0,0.0,,0
1,commerce,0,0,0,1,1,0,0,0,0,0,upi,social_media,clicked_link,commerce,company,unknown,unknown,0.8,1.0,0.0,1.0,0.0,,0
1,transaction,0,0,1,0,0,0,0,0,0,0,bank,website,sent_money,payment,company,15000,unknown,0.9,1.0,1.0,1.0,0.0,15000.0,1
1,transaction,1,0,1,0,0,0,0,1,0,0,upi,sms,sent_money,payment,bank,unknown,unknown,1.0,1.0,1.0,0.0,0.0,,0
1,transaction,1,0,0,0,0,0,0,0,0,0,upi,website,sent_money,payment,unknown,unknown,unknown,0.8,1.0,1.0,0.0,0.0,,0
1,social_engineering,0,0,0,0,0,1,0,0,0,0,unknown,sms,none,credential,healthcare_provider,unknown,unknown,0.8,1.0,1.0,1.0,0.0,,0
1,transaction,0,0,1,0,0,0,0,0,0,0,bank,unknown,sent_money,payment,company,unknown,unknown,0.0,1.0,0.0,1.0,0.0,,0
1,transaction,0,0,0,1,0,0,0,0,0,0,upi,sms,clicked_link,nondelivery,ups,unknown,unknown,0.8,1.0,0.0,1.0,0.0,,0
1,commerce,0,0,0,1,1,0,0,0,0,0,unknown,website,clicked_link,commerce,company,unknown,unknown,0.9,1.0,0.0,0.0,0.0,,0
1,commerce,0,0,0,1,0,0,0,0,0,0,upi,social_media,sent_money,payment,company,748,INR,0.5,1.0,0.0,0.0,0.0,748.0,1
1,social_engineering,0,0,0,0,0,1,1,1,1,0,crypto,website,clicked_link,verification,cdh_support,unknown,unknown,0.8,1.0,1.0,1.0,0.0,,0
1,transaction,0,0,1,0,0,0,0,0,0,0,bank,app,sent_money,payment,none,$300,USD,1.0,1.0,0.0,0.0,0.0,300.0,1
1,commerce,0,0,0,1,1,0,0,0,0,0,upi,social_media,clicked_link,commerce,company,unknown,unknown,0.8,1.0,0.0,1.0,0.0,,0
1,transaction,1,0,0,0,0,0,0,0,0,0,upi,sms,sent_money,payment,bank,unknown,unknown,0.8,1.0,0.0,1.0,0.0,,0
1,commerce,0,1,0,0,0,0,0,0,0,0,card,website,clicked_link,transaction,bank,unknown,unknown,0.0,0.0,1.0,1.0,0.0,,0
1,wallet_drainer,0,0,0,0,0,1,0,0,0,0,crypto,website,entered_seed_phrase,wallet_confirmation,none,$HYPER,USD,0.9,1.0,1.0,0.0,0.0,,0
1,transaction,0,1,0,0,0,0,0,0,0,0,card,website,sent_money,payment,company,0.7,EUR,0.5,1.0,1.0,1.0,0.0,0.7,1
1,transaction,0,0,1,0,0,0,0,0,0,0,bank,website,clicked_link,transaction,company,$54K,USD,0.8,1.0,1.0,1.0,0.0,54.0,1
1,transaction,0,0,0,0,0,0,0,0,0,0,card,email,sent_money,payment,company,unknown,unknown,0.8,1.0,0.0,1.0,0.0,,0
1,transaction,0,0,0,0,0,0,1,1,0,0,unknown,telegram,sent_money,payment,none,$20,USD,1.0,1.0,1.0,1.0,0.0,20.0,1
1,transaction,0,1,1,0,0,0,0,0,0,0,bank,sms,sent_money,payment,company,3200,USD,0.5,1.0,1.0,1.0,0.0,3200.0,1
1,transaction,0,0,0,0,0,0,0,0,1,0,unknown,website,installed_app,none,individual,$1.20,USD,0.8,1.0,0.0,0.0,0.0,1.2,1
0,none,0,0,0,0,0,0,0,0,0,0,unknown,phone,none,none,company,unknown,unknown,0.0,1.0,1.0,1.0,0.0,,0
1,transaction,0,0,1,0,0,0,0,0,1,0,bank,website,sent_money,payment,none,unknown,USD,0.9,1.0,1.0,0.0,0.0,,0
1,transaction,0,0,1,0,0,0,0,0,1,0,bank,website,clicked_link,payment,recovery_service,28000,unknown,1.0,1.0,1.0,0.0,0.0,28000.0,1
1,transaction,0,0,0,0,0,0,0,0,0,0,crypto,social_media,installed_app,payment,unknown,2000 euros,EUR,0.9,1.0,1.0,0.0,0.0,2000.0,1
1,transaction,0,0,1,0,0,0,0,0,0,0,bank,sms,sent_money,payment,company,unknown,unknown,0.9,1.0,0.0,1.0,0.0,,0
1,social_engineering,0,0,0,0,0,0,0,1,0,0,unknown,email,none,none,unknown,unknown,unknown,1.0,1.0,0.0,0.0,0.0,,0
1,transaction,0,0,0,0,0,0,0,0,0,0,upi,website,clicked_link,transaction,crypto_exchange,unknown,unknown,0.95,1.0,1.0,1.0,0.0,,0
1,transaction,0,0,1,0,0,0,0,0,0,0,bank,telegram,sent_money,transaction,unknown,$10,USD,0.5,1.0,1.0,0.0,0.0,10.0,1
1,transaction,0,0,1,0,0,0,0,0,1,0,bank,telegram,sent_money,transaction,unknown,unknown,unknown,0.8,1.0,0.0,0.0,0.0,,0
1,social_engineering,0,0,0,0,0,1,0,0,0,0,unknown,website,clicked_link,none,company,unknown,unknown,0.8,1.0,1.0,1.0,0.0,,0
1,transaction,0,0,1,0,0,0,0,0,0,0,bank,website,sent_money,payment,company,6800,unknown,1.0,1.0,1.0,1.0,0.0,6800.0,1
1,transaction,0,0,1,0,0,0,0,0,1,0,bank,postal,sent_money,payment,individual,$68k,USD,0.9,1.0,1.0,0.0,0.0,68.0,1
1,transaction,0,0,0,0,0,0,0,0,0,0,unknown,social_media,clicked_link,none,unknown,unknown,unknown,0.0,1.0,1.0,0.0,0.0,,0
1,commerce,0,1,0,0,0,0,0,0,0,0,card,email,shared_credentials,payment,company,unknown,unknown,0.9,1.0,0.0,0.0,0.0,,0
1,transaction,1,0,1,0,0,0,0,0,1,0,upi,phone,none,transaction,bank,80000,INR,1.0,1.0,1.0,1.0,0.0,80000.0,1
1,transaction,0,1,0,0,0,0,0,1,0,0,card,phone,sent_money,payment,government,3000,GBP,1.0,1.0,1.0,1.0,0.0,3000.0,1
1,commerce,0,1,0,0,0,0,0,0,0,0,card,website,none,payment,ebay_seller,unknown,unknown,0.5,1.0,0.0,0.0,0.0,,0
1,transaction,0,0,1,0,0,0,0,0,1,0,bank,website,clicked_link,payment,none,unknown,unknown,0.8,1.0,0.0,0.0,0.0,,0
0,none,0,0,0,0,0,1,0,0,0,0,unknown,sms,clicked_link,credential,none,unknown,unknown,0.0,1.0,1.0,1.0,0.0,,0
1,transaction,0,0,1,0,0,0,0,0,1,0,bank,none,none,none,company,unknown,unknown,0.8,1.0,1.0,0.0,0.0,,0
1,commerce,0,0,0,1,1,0,0,0,0,0,upi,sms,sent_money,payment,company,150,INR,0.8,1.0,1.0,1.0,0.0,150.0,1
1,transaction,0,0,1,0,0,0,0,0,0,0,bank,unknown,installed_app,none,company,500000000,USD,0.9,1.0,0.0,0.0,0.0,500000000.0,1
1,transaction,1,0,0,0,0,0,0,0,0,0,upi,unknown,sent_money,payment,bank,unknown,unknown,0.5,1.0,0.0,1.0,0.0,,0
1,transaction,0,0,0,0,1,0,0,0,0,0,bank,phone,provided_proof_of_sale,none,company,unknown,unknown,0.8,1.0,0.0,1.0,0.0,,0
1,commerce,0,0,0,0,0,0,0,0,0,0,unknown,website,sent_money,payment,company,unknown,unknown,0.8,1.0,0.0,1.0,0.0,,0
1,transaction,1,0,0,0,0,0,0,0,0,0,upi,phone,sent_money,payment,unknown,unknown,unknown,0.9,1.0,1.0,0.0,0.0,,0
1,transaction,0,0,1,0,0,0,0,1,0,0,bank,website,withdrawal,verification,trading_platform,unknown,unknown,1.0,1.0,1.0,0.0,0.0,,0
1,social_engineering,0,0,1,0,0,0,1,1,0,0,bank,phone,sent_money,payment,government,50000,unknown,1.0,1.0,1.0,1.0,0.0,50000.0,1
1,transaction,0,0,1,0,0,0,0,0,0,0,bank,social_media,sent_money,payment,none,$800,USD,0.5,1.0,1.0,0.0,0.0,800.0,1
1,transaction,0,1,0,0,0,0,0,0,1,0,card,website,none,payment,company,unknown,unknown,0.9,1.0,1.0,1.0,0.0,,0
1,commerce,0,0,0,1,0,0,0,0,0,0,upi,phone,shared_credentials,cancellation,meesho,unknown,unknown,0.8,1.0,0.0,0.0,0.0,,0
1,transaction,0,0,1,0,0,0,0,0,1,0,bank,website,sent_money,payment,none,unknown,unknown,0.95,1.0,1.0,0.0,0.0,,0
1,transaction,0,0,0,0,0,0,0,0,0,0,upi,app,shared_credentials,transaction,uber_driver,unknown,unknown,0.8,1.0,0.0,0.0,0.0,,0
1,transaction,0,0,1,0,0,0,0,0,1,0,bank,social_media,sent_money,payment,none,35000,unknown,1.0,1.0,0.0,0.0,0.0,35000.0,1
1,commerce,0,0,1,1,1,0,0,0,0,0,bank,website,sent_money,commerce,seller,unknown,unknown,0.8,1.0,1.0,0.0,0.0,,0
1,transaction,0,1,0,0,0,0,0,0,0,0,card,phone,shared_credentials,transaction,bank,unknown,unknown,0.9,1.0,1.0,1.0,0.0,,0
1,commerce,0,0,1,1,0,0,0,0,1,0,bank,email,sent_money,payment,company,unknown,unknown,0.8,1.0,1.0,1.0,0.0,,0
1,transaction,0,1,1,0,0,0,0,1,1,0,bank,social_media,none,transaction,unknown,50000,unknown,1.0,1.0,1.0,0.0,0.0,50000.0,1
1,transaction,0,1,0,0,0,0,0,0,0,0,card,sms,sent_money,payment,individual,$200,USD,1.0,1.0,1.0,0.0,0.0,200.0,1
1,transaction,0,1,0,0,0,0,0,0,0,0,card,email,shared_credentials,payment,none,"$2,000",USD,1.0,1.0,1.0,0.0,0.0,2000.0,1
1,transaction,0,1,0,0,0,0,0,0,0,0,crypto,website,shared_credentials,none,unknown,unknown,unknown,0.0,1.0,1.0,0.0,0.0,,0
1,transaction,0,0,0,0,0,0,0,0,0,0,bank,sms,sent_money,payment,unknown,unknown,unknown,0.0,1.0,0.0,1.0,0.0,,0
1,credential,0,0,0,0,0,1,0,0,0,0,upi,email,clicked_link,credential,binance,unknown,unknown,0.8,1.0,1.0,1.0,0.0,,0
1,transaction,0,0,0,0,0,0,0,0,1,0,upi,app,sent_money,payment,none,328,unknown,0.5,1.0,0.0,0.0,0.0,328.0,1
1,transaction,0,1,0,0,0,0,0,1,0,0,card,website,sent_money,payment,company,40,unknown,1.0,1.0,1.0,0.0,0.0,40.0,1
1,commerce,0,1,0,0,0,0,0,0,0,0,card,social_media,sent_money,payment,none,unknown,unknown,0.0,0.0,1.0,0.0,0.0,,0
1,transaction,1,0,0,0,0,0,0,1,0,0,upi,sms,sent_money,payment,bank,unknown,unknown,1.0,1.0,1.0,1.0,0.0,,0
1,transaction,0,0,0,0,0,0,0,0,0,0,crypto,website,sent_credentials,none,crypto_exchange,unknown,unknown,0.9,1.0,1.0,0.0,0.0,,0
1,transaction,0,0,1,0,0,0,0,0,0,0,bank,phone,sent_money,payment,company,1200,unknown,0.8,1.0,0.0,1.0,0.0,1200.0,1
1,transaction,0,1,0,0,0,0,0,0,0,0,card,in_person,none,payment,individual,2500,unknown,0.8,1.0,0.0,0.0,0.0,2500.0,1
0,none,0,0,0,0,0,0,0,0,0,0,upi,unknown,sent_money,payment,unknown,unknown,unknown,0.0,0.0,0.0,0.0,0.0,,0
1,transaction,1,0,0,0,0,0,0,0,0,0,upi,telegram,sent_money,payment,none,unknown,unknown,0.5,1.0,0.0,0.0,0.0,,0
1,transaction,0,0,1,0,0,0,0,0,1,0,bank,telegram,linked_wallet,withdrawal,unknown,unknown,unknown,0.8,1.0,1.0,0.0,0.0,,0
0,none,0,0,0,0,0,0,0,0,0,0,unknown,phone,installed_app,unknown,unknown,unknown,unknown,0.0,0.0,0.0,0.0,0.0,,0
1,commerce,0,0,1,0,0,0,0,0,0,0,bank,sms,sent_money,payment,company,400000,INR,1.0,1.0,1.0,1.0,0.0,400000.0,1
1,commerce,0,0,0,0,0,0,0,0,0,0,bank,phone,sent_money,payment,company,unknown,unknown,0.8,1.0,0.0,0.0,0.0,,0
1,social_engineering,0,0,0,0,0,0,0,1,0,0,unknown,website,none,none,individual,unknown,unknown,0.8,1.0,0.0,0.0,0.0,,0
1,transaction,0,0,0,0,0,0,0,0,0,0,upi,sms,sent_money,payment,health_insurance_company,unknown,unknown,0.9,1.0,1.0,1.0,0.0,,0
1,transaction,0,1,0,0,0,0,0,0,0,0,crypto,website,clicked_link,none,unknown,unknown,unknown,0.0,0.0,0.0,0.0,0.0,,0
1,transaction,0,0,1,0,0,0,0,0,0,1,bank,website,clicked_link,transaction,wind_3,unknown,unknown,0.8,1.0,0.0,1.0,0.0,,0
1,call_forwarding,0,0,0,0,0,0,0,0,0,0,unknown,phone,none,none,unknown,unknown,unknown,0.9,1.0,0.0,0.0,0.0,,0
1,social_engineering,0,0,0,0,0,0,1,1,0,0,unknown,sms,none,none,individual,unknown,unknown,1.0,1.0,0.0,1.0,0.0,,0
1,transaction,0,0,1,0,0,0,0,0,1,0,crypto,website,none,transaction,unknown,1500,USD,0.9,1.0,1.0,0.0,0.0,1500.0,1
1,transaction,0,0,1,0,0,0,0,0,0,0,bank,sms,sent_money,payment,company,300,unknown,1.0,1.0,0.0,1.0,0.0,300.0,1
0,none,0,0,0,0,0,0,0,0,0,0,unknown,phone,none,none,none,unknown,unknown,0.0,1.0,0.0,0.0,0.0,,0
0,none,0,0,0,0,0,0,0,0,0,0,unknown,email,clicked_link,payment,none,unknown,unknown,0.0,1.0,0.0,0.0,0.0,,0
1,transaction,0,1,0,0,0,0,0,0,1,0,card,unknown,installed_app,none,individual,$200,USD,0.5,1.0,0.0,0.0,0.0,200.0,1
1,transaction,0,0,1,0,0,0,0,1,1,0,bank,email,sent_money,payment,none,unknown,unknown,0.8,1.0,0.0,0.0,0.0,,0
1,transaction,0,0,0,0,0,0,0,0,0,0,card,sms,typed_details,payment,unknown,unknown,unknown,0.9,1.0,1.0,0.0,0.0,,0
1,social_engineering,0,0,0,0,0,1,0,0,0,0,unknown,website,installed_app,piracy,none,unknown,unknown,0.9,1.0,0.0,0.0,0.0,,0
1,transaction,0,0,1,0,0,0,0,0,0,0,bank,website,clicked_link,transaction,company,unknown,unknown,0.9,1.0,1.0,1.0,0.0,,0
1,transaction,0,0,1,0,0,0,0,0,0,0,bank,email,sent_money,payment,company,5000,unknown,1.0,1.0,0.0,1.0,0.0,5000.0,1
1,transaction,0,0,1,0,0,0,0,1,0,0,bank,phone,sent_money,payment,investment_company,unknown,unknown,1.0,1.0,0.0,1.0,0.0,,0
1,transaction,0,0,0,0,0,0,0,0,0,0,upi,sms,sent_money,payment,company,unknown,unknown,0.8,1.0,0.0,1.0,0.0,,0
1,transaction,0,1,0,0,0,0,0,0,0,0,card,email,none,payment,company,unknown,unknown,0.0,1.0,0.0,1.0,0.0,,0
0,none,0,0,0,0,0,0,0,0,0,0,unknown,phone,none,none,none,free hotel stay,unknown,0.0,0.0,0.0,0.0,0.0,,0
1,transaction,0,0,1,0,0,0,0,0,0,0,bank,website,invested,transaction,broker,unknown,unknown,0.9,1.0,1.0,1.0,0.0,,0
1,transaction,0,1,0,0,0,0,0,0,1,0,bank,email,none,loan,bank,unknown,unknown,0.5,1.0,1.0,1.0,0.0,,0
1,social_engineering,0,0,0,0,0,0,1,1,0,0,unknown,phone,none,none,airports_authority_of_india,unknown,unknown,1.0,1.0,1.0,1.0,0.0,,0
0,none,0,0,0,0,0,0,0,0,1,0,unknown,unknown,none,none,none,unknown,unknown,0.0,0.0,0.0,0.0,0.0,,0
1,commerce,0,0,1,1,1,0,0,0,0,0,bank,email,sent_money,payment,company,2040,EUR,1.0,1.0,1.0,0.0,0.0,2040.0,1
1,transaction,0,1,0,0,0,0,0,0,0,0,card,website,clicked_link,payment,unknown,unknown,unknown,0.8,1.0,0.0,0.0,0.0,,0
1,commerce,0,0,0,1,1,0,0,0,0,0,unknown,website,clicked_link,commerce,none,unknown,unknown,0.0,1.0,1.0,0.0,0.0,,0
1,transaction,0,1,0,0,0,0,0,0,0,0,crypto,website,sent_money,payment,company,$36.9 million,USD,0.8,1.0,0.0,0.0,0.0,36900000.0,1
1,transaction,0,0,1,0,0,0,0,0,0,0,bank,website,deposited_money,verification,none,$600,USD,1.0,1.0,1.0,0.0,0.0,600.0,1
1,commerce,0,0,0,1,0,0,0,0,0,0,upi,website,sent_money,payment,company,799,INR,0.5,1.0,0.0,1.0,0.0,799.0,1
1,transaction,1,0,0,0,0,0,0,0,0,0,upi,sms,sent_money,payment,bank,5000,INR,1.0,1.0,1.0,1.0,0.0,5000.0,1
1,transaction,0,1,0,0,0,0,0,0,0,0,bank,email,sent_money,payment,individual,1000,unknown,0.9,1.0,1.0,0.0,0.0,1000.0,1
1,transaction,1,0,0,0,0,0,0,0,0,0,upi,phone,sent_money,payment,unknown,3940,INR,1.0,1.0,1.0,0.0,0.0,3940.0,1
1,transaction,0,0,1,0,0,0,0,0,0,0,bank,telegram,sent_money,payment,none,563,USDT,0.9,1.0,1.0,0.0,0.0,563.0,1
1,transaction,0,0,1,0,0,0,0,0,0,0,bank,whatsapp,sent_money,payment,company,32000,unknown,1.0,1.0,1.0,1.0,0.0,32000.0,1
1,transaction,0,1,0,0,0,0,0,0,0,0,card,email,sent_money,verification,bank,$300,USD,1.0,1.0,1.0,1.0,0.0,300.0,1
1,transaction,0,0,0,0,0,0,0,0,0,0,crypto,website,deposited,payment,trading_platform,unknown,unknown,0.0,1.0,1.0,0.0,0.0,,0
1,social_engineering,0,0,0,0,0,1,0,0,0,0,upi,sms,unknown,none,unknown,unknown,unknown,0.8,1.0,1.0,0.0,0.0,,0
0,none,0,0,0,0,0,0,0,0,1,0,unknown,social_media,none,none,individual,unknown,unknown,0.0,1.0,0.0,0.0,0.0,,0
1,transaction,0,0,0,0,0,0,1,1,0,0,unknown,email,sent_money,payment,elon_musk,2500,unknown,1.0,1.0,1.0,1.0,0.0,2500.0,1
1,transaction,0,0,1,0,0,0,0,0,1,0,bank,app,installed_app,subscription,unknown,unknown,unknown,0.8,1.0,0.0,0.0,0.0,,0
1,transaction,0,1,0,0,0,0,0,0,0,0,card,email,shared_credentials,transaction,company,unknown,GBP,0.8,1.0,1.0,1.0,0.0,,0
1,commerce,0,0,0,1,0,0,0,0,1,0,upi,website,sent_money,commerce,company,unknown,unknown,0.8,1.0,0.0,1.0,0.0,,0
1,transaction,0,1,0,0,0,0,0,1,0,0,card,sms,sent_money,payment,delivery_company,unknown,unknown,1.0,1.0,1.0,1.0,0.0,,0
1,transaction,0,1,0,0,0,0,0,0,0,0,card,email,sent_money,payment,company,180000,unknown,0.0,1.0,1.0,1.0,0.0,180000.0,1
1,transaction,0,0,1,0,0,0,0,0,0,0,bank,email,sent_money,payment,company,$599.99,USD,0.8,1.0,0.0,1.0,0.0,599.99,1
1,commerce,0,0,1,0,0,0,0,0,0,0,bank,website,sent_money,payment,none,208,CAD,0.5,1.0,0.0,0.0,0.0,208.0,1
1,transaction,1,0,1,0,0,0,0,1,0,0,upi,sms,sent_money,payment,company,19000,INR,1.0,1.0,0.0,1.0,0.0,19000.0,1
1,transaction,0,0,1,0,0,0,0,0,0,0,bank,unknown,sent_money,payment,company,unknown,unknown,0.95,1.0,0.0,1.0,0.0,,0
1,commerce,0,0,0,1,0,0,0,0,0,0,upi,email,clicked_link,commerce,company,unknown,unknown,0.8,1.0,0.0,1.0,0.0,,0
1,transaction,1,0,0,0,0,0,0,0,0,0,upi,sms,sent_money,payment,bank,200,INR,0.5,1.0,0.0,1.0,0.0,200.0,1
1,transaction,0,0,1,0,0,0,0,1,0,0,bank,social_media,sent_money,transaction,none,unknown,unknown,1.0,1.0,1.0,0.0,0.0,,0
1,recovery,0,0,0,0,0,0,1,1,0,0,unknown,phone,none,recovery,unknown,unknown,unknown,1.0,1.0,1.0,1.0,0.0,,0
1,transaction,0,0,1,0,0,0,0,0,0,0,bank,website,deposit_money,transaction,company,unknown,unknown,0.8,1.0,0.0,1.0,0.0,,0
1,transaction,0,0,0,0,0,0,0,0,0,0,unknown,sms,sent_money,payment,unknown,unknown,unknown,0.5,1.0,0.0,0.0,0.0,,0
1,transaction,0,1,0,0,0,0,0,0,0,0,card,website,clicked_link,payment,company,unknown,unknown,0.5,1.0,1.0,1.0,0.0,,0
1,social_engineering,0,0,0,0,0,0,0,1,0,0,unknown,sms,sent_money,payment,none,unknown,unknown,1.0,1.0,1.0,0.0,0.0,,0
1,transaction,0,1,0,0,0,0,0,0,0,0,cashapp | crypto | unknown | none,unknown | none,sent_money | shared_credentials | clicked_link | installed_app | none | unknown,payment,none_|_unknown,unknown,unknown,0.0,1.0,1.0,0.0,0.0,,0
1,transaction,0,1,0,0,0,0,0,0,0,0,card,phone,sent_money,payment,company,80000,USD,0.0,1.0,1.0,0.0,0.0,80000.0,1
1,transaction,0,0,1,0,0,0,0,0,1,0,bank,telegram,sent_money,payment,unknown,unknown,unknown,1.0,1.0,1.0,0.0,0.0,,0
1,transaction,0,0,1,0,0,0,0,0,0,0,bank,website,clicked_link,transaction,bank,unknown,unknown,0.9,1.0,0.0,1.0,0.0,,0
1,commerce,0,0,0,1,0,0,0,0,0,0,upi,website,sent_money,payment,company,unknown,unknown,0.8,1.0,0.0,1.0,0.0,,0
1,transaction,0,0,1,0,0,0,0,0,0,0,bank,email,shared_credentials,transaction,bank,unknown,unknown,0.8,1.0,0.0,1.0,0.0,,0
1,transaction,0,0,1,0,0,0,0,0,1,0,bank,website,sent_money,transaction,company,unknown,unknown,0.95,1.0,1.0,1.0,0.0,,0
1,transaction,0,0,1,0,0,0,0,0,0,0,bank,telegram,sent_money,transaction,none,$300,USD,1.0,1.0,1.0,0.0,0.0,300.0,1
1,transaction,0,1,0,0,0,0,0,0,0,0,card,phone,shared_credentials,verification,bank,unknown,unknown,0.8,1.0,1.0,1.0,0.0,,0
1,commerce,0,1,0,0,0,0,0,0,0,0,card,website,clicked_link,payment,company,unknown,unknown,0.0,0.0,1.0,1.0,0.0,,0
1,transaction,0,0,1,0,0,0,0,0,0,0,bank,phone,sent_money,payment,company,3000,INR,1.0,1.0,0.0,1.0,0.0,3000.0,1
1,transaction,1,0,0,0,0,0,0,1,0,0,upi,sms,sent_money,payment,bank,unknown,unknown,1.0,1.0,0.0,1.0,0.0,,0
1,transaction,1,0,0,0,0,0,0,0,0,0,upi,sms,sent_money,payment,bank,unknown,unknown,0.5,1.0,0.0,1.0,0.0,,0
1,transaction,1,0,0,1,0,0,0,1,0,0,upi,phone,shared_credentials,transaction,company,unknown,unknown,1.0,1.0,1.0,0.0,0.0,,0
1,transaction,0,0,0,0,0,0,0,0,1,0,unknown,website,clicked_link,none,crypto_youtuber,AMS68K token,unknown,0.9,1.0,0.0,0.0,0.0,68.0,1
1,transaction,0,0,1,0,0,0,0,0,0,0,bank,email,sent_money,payment,unknown,$35,USD,0.8,1.0,0.0,0.0,0.0,35.0,1
1,transaction,0,1,0,0,0,0,0,0,0,0,crypto,social_media,clicked_link,payment,unknown,unknown,unknown,0.0,1.0,1.0,0.0,0.0,,0
1,social_engineering,0,0,0,0,0,0,1,1,0,0,crypto,email,none,none,unknown,unknown,unknown,1.0,1.0,1.0,1.0,0.0,,0
1,transaction,0,1,0,0,0,0,0,0,0,0,card,social_media,none,payment,unknown,$5.04,USD,0.8,1.0,1.0,0.0,0.0,5.04,1
1,social_engineering,0,0,0,0,0,0,0,1,0,0,unknown,social_media,none,none,none,none,unknown,1.0,1.0,0.0,0.0,0.0,,0
1,transaction,1,0,1,0,0,0,1,1,0,0,upi,sms,sent_money,payment,bank,unknown,unknown,1.0,1.0,1.0,1.0,0.0,,0
1,transaction,1,0,0,0,0,0,0,0,1,0,upi,sms,sent_money,payment,company,unknown,unknown,0.8,1.0,0.0,1.0,0.0,,0
1,transaction,0,0,0,0,0,0,0,0,1,0,unknown,website,none,none,none,unknown,unknown,0.8,1.0,0.0,0.0,0.0,,0
1,transaction,0,0,0,0,0,0,0,0,0,0,unknown,phone,none,none,unknown,unknown,unknown,0.9,1.0,0.0,0.0,0.0,,0
1,social_engineering,0,0,0,0,0,0,1,1,0,0,unknown,social_media,clicked_link,none,individual,unknown,unknown,0.95,1.0,1.0,1.0,0.0,,0
0,none,0,0,0,0,0,0,0,0,0,0,unknown,email,none,none,none,unknown,unknown,0.0,0.0,0.0,0.0,0.0,,0
1,transaction,0,0,1,0,0,0,0,0,0,0,bank,telegram,sent_money,transaction,exchange,unknown,unknown,0.9,1.0,1.0,0.0,0.0,,0
1,transaction,0,1,0,0,0,0,0,0,0,0,card,phone,sent_money,payment,company,unknown,unknown,0.5,1.0,1.0,1.0,0.0,,0
1,transaction,0,0,0,0,0,0,0,0,0,0,crypto,telegram,deposit,trading,unknown,$100,USD,0.95,1.0,1.0,0.0,0.0,100.0,1
1,transaction,0,0,0,0,0,0,0,0,1,0,crypto,social_media,installed_app,none,company,"$5,000",USD,1.0,1.0,0.0,1.0,0.0,5000.0,1
1,social_engineering,0,0,0,0,0,0,1,1,0,0,unknown,sms | email | phone | social_media | website | app | unknown | none,none | unknown,none | unknown,individual,unknown,unknown,1.0,1.0,1.0,1.0,0.0,,0
1,transaction,0,0,1,0,0,0,1,1,0,0,bank,phone,sent_money,payment,government,200000000,INR,1.0,1.0,1.0,1.0,0.0,200000000.0,1
1,social_engineering,0,0,0,0,0,1,0,0,0,0,unknown,email,none,credential,individual,unknown,unknown,0.8,1.0,1.0,0.0,0.0,,0
1,transaction,0,0,0,0,0,0,0,0,0,0,crypto,social_media,investment,payment,unknown,unknown,unknown,0.9,1.0,0.0,0.0,0.0,,0
1,transaction,1,0,0,0,0,0,0,0,1,0,upi,unknown,sent_money,none,unknown,70 lakhs,INR,1.0,1.0,1.0,0.0,0.0,7000000.0,1
1,transaction,0,1,0,0,0,0,0,0,0,0,card,phone,none,verification,bank,unknown,unknown,0.8,1.0,1.0,1.0,0.0,,0
1,transaction,0,0,0,0,0,0,0,0,0,0,unknown,email,none,payment,paypal,{amount in USD},USD,0.9,1.0,1.0,1.0,0.0,,0
1,transaction,0,0,0,0,0,0,0,0,1,0,crypto,website,invested,transaction,unknown,0.5% daily bonus,unknown,0.9,1.0,0.0,0.0,0.0,0.5,1
1,transaction,0,0,1,0,0,0,0,0,0,0,bank,website,sent_money,payment,company,215,unknown,0.8,1.0,1.0,1.0,0.0,215.0,1
1,social_engineering,0,0,0,0,0,1,1,1,0,0,unknown,sms,shared_credentials,verification,discord_moderator,unknown,unknown,1.0,1.0,1.0,1.0,0.0,,0
1,transaction,1,0,0,0,0,0,0,1,0,0,upi,sms,sent_money,payment,bank,10,unknown,1.0,1.0,0.0,1.0,0.0,10.0,1
1,transaction,0,0,1,0,0,0,0,0,0,0,bank,telegram,sent_money,payment,company,unknown,unknown,0.8,1.0,1.0,1.0,0.0,,0
1,transaction,0,0,1,0,0,0,0,0,0,0,bank,email,sent_money,payment,individual,"$1,000",USD,0.8,1.0,0.0,0.0,0.0,1000.0,1
1,transaction,0,0,0,0,0,0,0,0,0,0,unknown,email,sent_money,payment,company,0,unknown,0.8,1.0,0.0,1.0,0.0,0.0,1
1,transaction,1,0,0,0,0,0,0,0,0,0,upi,sms,sent_money,payment,unknown,150,INR,0.8,1.0,0.0,0.0,0.0,150.0,1
1,social_engineering,0,0,0,0,0,1,1,1,0,0,unknown,phone,shared_credentials,verification,microsoft_security_team,unknown,unknown,0.8,1.0,1.0,1.0,0.0,,0
1,transaction,0,0,1,0,0,0,0,0,0,0,bank,postal_service,none,transaction,check_maker,unknown,unknown,0.95,1.0,0.0,1.0,0.0,,0
1,transaction,0,0,1,0,0,0,0,0,1,0,bank,unknown,paid,payment,company,65000,INR,1.0,1.0,1.0,1.0,0.0,65000.0,1
1,commerce,0,0,0,1,0,0,0,0,0,0,upi,website,installed_app,download,company,unknown,unknown,0.8,1.0,0.0,1.0,0.0,,0
1,transaction,0,0,0,0,0,0,0,0,0,0,unknown,website,clicked_link,none,unknown,"$2,500",USD,1.0,1.0,1.0,0.0,0.0,2500.0,1
1,transaction,0,0,1,0,0,0,0,0,0,0,bank,website,sent_money,payment,company,200,unknown,0.8,1.0,0.0,1.0,0.0,200.0,1
1,social_engineering,0,0,0,0,0,0,0,1,0,0,unknown,sms,none,none,individual,unknown,unknown,1.0,1.0,0.0,0.0,0.0,,0
1,transaction,0,0,1,0,0,0,0,0,0,0,bank,email,sent_money,payment,company,$900,USD,1.0,1.0,0.0,1.0,0.0,900.0,1
1,transaction,0,0,1,0,0,0,0,0,0,0,bank,app,sent_money,payment,none,unknown,unknown,0.8,1.0,0.0,0.0,0.0,,0
1,transaction,0,1,0,0,0,0,0,0,0,0,card,website,sent_money,payment,none,$100,USD,0.9,1.0,1.0,0.0,0.0,100.0,1
1,commerce,0,0,0,1,0,0,0,0,0,0,upi,website,sent_money,payment,company,4799,INR,0.8,1.0,0.0,0.0,0.0,4799.0,1
1,transaction,0,0,1,0,0,0,0,0,0,0,bank,unknown,sent_money,payment,none,unknown,unknown,0.5,1.0,0.0,0.0,0.0,,0
1,transaction,0,0,1,0,0,0,0,0,1,0,bank,email,sent_money,payment,unknown,unknown,unknown,0.8,1.0,1.0,0.0,0.0,,0
1,transaction,0,0,1,0,0,1,1,1,1,0,bank,email,sent_money,payment,company,29000,EUR,1.0,1.0,1.0,1.0,0.0,29000.0,1
1,transaction,0,0,0,0,0,0,1,1,0,0,bank,phone,sent_money,payment,government,9500,USD,1.0,1.0,1.0,1.0,0.0,9500.0,1
1,transaction,0,0,1,0,0,0,0,0,0,0,bank,website,clicked_link,payment,company,$65,USD,0.8,1.0,0.0,1.0,0.0,65.0,1
1,transaction,0,0,1,0,0,0,0,0,0,0,bank,sms,sent_money,transaction,bank,100000,unknown,0.8,1.0,0.0,1.0,0.0,100000.0,1
1,transaction,0,0,1,0,0,0,0,0,1,0,bank,phone,none,transaction,company,73,unknown,0.9,1.0,0.0,1.0,0.0,73.0,1
1,transaction,0,0,1,0,0,0,0,0,1,0,bank,phone,sent_money,payment,individual,$500,USD,1.0,1.0,0.0,0.0,0.0,500.0,1
1,social_engineering,0,0,0,0,0,0,1,1,0,0,none,phone,none,none,unknown,none,unknown,1.0,1.0,1.0,1.0,0.0,,0
1,credential,0,0,0,0,0,1,0,0,0,0,unknown,email,shared_credentials,credential,individual,unknown,unknown,0.9,1.0,1.0,0.0,0.0,,0
1,transaction,0,0,0,0,0,0,0,0,0,0,upi | card | bank | crypto | gift_card | unknown | none,sms | email | phone | social_media | website | app | unknown | none,sent_money,payment,bank,1000,USD,0.9,1.0,0.0,1.0,0.0,1000.0,1
1,transaction,0,0,1,0,0,0,0,0,1,0,bank,website,sent_money,payment,company,250,unknown,1.0,1.0,1.0,1.0,0.0,250.0,1
1,transaction,0,1,0,0,0,0,0,0,0,0,card,postal,returned_mail,none,company,unknown,unknown,0.5,1.0,0.0,0.0,0.0,,0
1,commerce,0,0,1,1,0,0,0,0,1,0,bank,email,sent_money,payment,company,3850,USD,1.0,1.0,0.0,1.0,0.0,3850.0,1
1,social_engineering,0,0,0,0,0,0,0,1,0,0,unknown,sms,none,none,individual,unknown,unknown,1.0,1.0,0.0,0.0,0.0,,0
0,none,0,0,0,0,0,0,0,0,0,0,unknown,none,none,none,none,unknown,unknown,0.0,0.0,0.0,0.0,0.0,,0
1,transaction,0,1,0,0,0,0,0,1,1,0,card,sms,sent_money,payment,none,1800,USD,1.0,1.0,1.0,0.0,0.0,1800.0,1
1,commerce,0,0,0,0,0,0,0,0,0,0,bank,social_media,sent_money,payment,company,unknown,unknown,0.95,1.0,1.0,1.0,0.0,,0
1,commerce,0,0,0,1,1,0,0,0,0,0,upi,website,sent_money,payment,company,unknown,unknown,0.8,1.0,0.0,1.0,0.0,,0
1,social_engineering,0,0,0,0,0,0,1,1,0,0,unknown,sms,clicked_link,none,individual,unknown,unknown,1.0,1.0,1.0,1.0,0.0,,0
1,transaction,0,0,0,0,0,0,0,1,0,0,unknown,phone,none,none,unknown,unknown,unknown,1.0,1.0,0.0,0.0,0.0,,0
1,social_engineering,0,0,0,0,0,1,1,1,0,0,unknown,email,shared_credentials,verification,twitter,unknown,unknown,1.0,1.0,1.0,1.0,0.0,,0
1,social_engineering,0,0,0,0,0,0,1,1,0,0,unknown,phone,none,none,government,unknown,unknown,1.0,1.0,1.0,1.0,0.0,,0
1,social_engineering,0,0,0,0,0,0,1,1,0,0,unknown,phone,none,none,company,unknown,unknown,1.0,1.0,1.0,1.0,0.0,,0
1,commerce,0,0,1,1,0,0,0,0,0,0,bank,phone,sent_money,payment,company,unknown,unknown,0.9,1.0,0.0,1.0,0.0,,0
1,commerce,0,0,0,0,0,0,0,0,0,0,unknown,website,clicked_link,commerce,none,unknown,unknown,0.0,1.0,1.0,0.0,0.0,,0
1,transaction,0,0,0,0,0,0,0,0,1,0,unknown,phone,none,payment,insurance_company,unknown,unknown,0.9,1.0,1.0,1.0,0.0,,0
1,transaction,0,0,1,0,0,0,0,1,0,0,bank,website,investment,verification,company,unknown,unknown,1.0,1.0,1.0,0.0,0.0,,0
1,transaction,0,0,1,0,0,0,0,0,1,0,bank,website,sent_money,payment,company,unknown,unknown,0.9,1.0,1.0,1.0,0.0,,0
1,transaction,0,0,1,0,0,0,0,0,1,0,bank,sms,sent_money,transaction,none,unknown,unknown,0.8,1.0,0.0,0.0,0.0,,0
1,transaction,0,0,1,0,0,0,1,1,1,0,bank,phone,sent_money,transaction,google,"$280,000",USD,1.0,1.0,1.0,1.0,0.0,280000.0,1
1,social_engineering,0,0,0,0,0,0,0,1,1,0,crypto,telegram,installed_app,none,individual,unknown,unknown,1.0,1.0,0.0,0.0,0.0,,0
1,transaction,1,0,0,0,0,0,0,1,0,0,upi,social_media,sent_money,payment,unknown,50,QAR,1.0,1.0,0.0,0.0,0.0,50.0,1
1,transaction,1,0,0,0,0,0,1,1,1,0,upi,telegram,sent_money,payment,trading_group,unknown,unknown,1.0,1.0,1.0,1.0,0.0,,0
1,transaction,0,1,0,0,0,0,0,0,0,0,card,phone,sent_money,payment,none,unknown,unknown,0.8,1.0,0.0,0.0,0.0,,0
1,commerce,0,0,0,1,1,0,0,0,0,0,unknown,website,clicked_link,commerce,company,unknown,unknown,0.95,1.0,1.0,0.0,0.0,,0
1,commerce,0,0,0,1,0,0,0,0,0,0,unknown,website,clicked_link,commerce,courier_company,unknown,unknown,0.85,1.0,0.0,1.0,0.0,,0
0,none,0,0,0,0,0,0,0,0,0,0,upi,email,none,none,bank,unknown,unknown,0.0,0.0,0.0,1.0,0.0,,0
1,transaction,0,0,0,0,0,0,0,0,0,0,crypto,app,sent_money,transaction,unknown,"$21,000,000",USD,0.9,1.0,1.0,0.0,0.0,21000000.0,1
1,advanced,0,0,0,0,0,0,0,0,0,0,upi,email,sent_money,payment,bank,200,unknown,1.0,1.0,0.0,1.0,0.0,200.0,1
1,transaction,0,1,0,0,0,0,0,0,0,0,crypto,website,sent_money,payment,crypto_exchange,unknown,unknown,0.9,1.0,1.0,0.0,0.0,,0
1,advanced,0,0,0,0,0,1,0,0,0,0,crypto,social_media,shared_credentials,login,individual,10000000,USDT,0.8,1.0,1.0,0.0,0.0,10000000.0,1
1,transaction,0,0,1,0,0,0,0,0,1,0,bank,none,sent_money,payment,individual,1000,unknown,0.5,1.0,0.0,0.0,0.0,1000.0,1
1,commerce,0,0,0,1,0,0,0,0,0,0,upi,website,clicked_link,commerce,company,unknown,unknown,0.8,1.0,0.0,1.0,0.0,,0
1,transaction,0,0,0,0,0,0,0,0,0,0,crypto,unknown,sent_money,none,unknown,2000,unknown,1.0,1.0,1.0,0.0,0.0,2000.0,1
1,transaction,0,0,0,0,0,0,0,0,0,0,unknown,website,clicked_link,none,unknown,"$2,500",USD,1.0,1.0,1.0,0.0,0.0,2500.0,1
1,transaction,1,0,0,0,0,0,0,1,0,0,crypto,sms,sent_money,payment,unknown,unknown,unknown,1.0,1.0,1.0,0.0,0.0,,0
1,transaction,0,0,0,0,0,0,0,0,0,0,crypto,website,clicked_link,conversion,none,unknown,unknown,0.5,1.0,0.0,0.0,0.0,,0
1,social_engineering,0,0,0,0,0,0,1,1,0,0,unknown,email,clicked_link,none,company,unknown,unknown,1.0,1.0,1.0,1.0,0.0,,0
1,transaction,0,1,1,0,0,0,0,1,1,0,bank,email,sent_money,payment,none,300,USD,1.0,1.0,1.0,0.0,0.0,300.0,1
1,transaction,0,0,1,0,0,0,0,0,0,0,bank,website,sent_money,payment,company,$500,USD,0.8,1.0,1.0,1.0,0.0,500.0,1
1,transaction,0,0,1,0,0,0,0,0,0,0,bank,sms,sent_money,payment,individual,unknown,unknown,0.8,1.0,0.0,0.0,0.0,,0
