annotation.is_fraud,annotation.fraud_type,annotation.fraud_labels.transaction_upi_fraud,annotation.fraud_labels.transaction_card_fraud,annotation.fraud_labels.transaction_bank_transfer,annotation.fraud_labels.commerce_nondelivery,annotation.fraud_labels.commerce_fake_seller,annotation.fraud_labels.credential_phishing,annotation.fraud_labels.social_authority_scam,annotation.fraud_labels.social_urgency_scam,annotation.fraud_labels.meta_victim_story,annotation.fraud_labels.meta_fraud_question,annotation.key_features.payment_method,annotation.key_features.fraud_channel,annotation.key_features.victim_action,annotation.key_features.request_type,annotation.key_features.impersonated_entity,annotation.key_features.amount_mentioned,annotation.key_features.currency,annotation.key_features.urgency_level,annotation.psychological_tactics.urgency,annotation.psychological_tactics.fear,annotation.psychological_tactics.authority,annotation.psychological_tactics.reward,annotation.key_features.amount_normalized,annotation.key_features.has_amount
1,transaction,0,1,0,0,0,0,0,0,0,0,bank,social_media,sent_money,payment,individual,400,USD,0.5,1.0,1.0,0.0,0.0,400.0,1
1,commerce,0,0,0,0,0,0,0,0,0,0,unknown,website,sent_money,payment,none,unknown,unknown,0.0,1.0,1.0,0.0,0.0,,0
1,transaction,0,0,0,0,0,0,0,0,0,0,crypto,website,clicked_link,none,unknown,unknown,unknown,0.9,1.0,1.0,0.0,0.0,,0
1,transaction,0,0,1,0,0,0,1,1,1,0,bank,phone,shared_credentials,transaction,company,350000,USD,1.0,1.0,1.0,1.0,0.0,350000.0,1
1,commerce,0,0,1,0,0,0,0,0,1,0,bank,sms,sent_money,payment,company,1000,EUR,0.5,1.0,1.0,0.0,0.0,1000.0,1
0,none,0,0,0,0,0,0,0,0,0,0,unknown,social_media,none,none,none,none,unknown,0.0,1.0,1.0,0.0,0.0,,0
1,transaction,0,0,0,0,0,0,0,0,0,0,unknown,email,none,payment,paypal,{amount in USD},USD,0.9,1.0,1.0,1.0,0.0,,0
1,transaction,1,0,0,0,0,0,0,0,1,0,upi,sms,sent_money,payment,bank,unknown,unknown,0.5,1.0,1.0,1.0,0.0,,0
1,transaction,0,0,1,0,0,0,0,1,0,0,bank,social_media,sent_money,payment,unknown,200000,unknown,1.0,1.0,0.0,0.0,0.0,200000.0,1
1,transaction,0,0,1,0,0,0,0,0,0,0,bank,email,none,transaction,bank,unknown,unknown,0.8,1.0,0.0,1.0,0.0,,0
1,transaction,1,0,0,0,0,0,0,0,0,0,upi,sms,sent_money,payment,bank,20,EUR,1.0,1.0,0.0,1.0,0.0,20.0,1
1,social_engineering,0,0,0,0,0,0,0,1,0,0,unknown,sms,none,none,individual,unknown,unknown,1.0,1.0,0.0,0.0,0.0,,0
1,transaction,1,0,0,0,0,0,0,0,0,0,upi,sms,sent_money,payment,bank,unknown,unknown,0.8,1.0,0.0,1.0,0.0,,0
1,commerce,0,0,1,1,0,0,0,0,0,0,bank,phone,sent_money,payment,company,36950,INR,1.0,1.0,1.0,0.0,0.0,36950.0,1
1,transaction,0,0,0,0,0,0,0,0,0,0,crypto,app,sent_money,transaction,unknown,"$21,000,000",USD,0.9,1.0,1.0,0.0,0.0,21000000.0,1
1,transaction,0,0,0,0,0,0,0,0,0,0,unknown,sms,sent_money,payment,none,unknown,unknown,0.8,1.0,0.0,0.0,0.0,,0
1,transaction,0,1,0,0,0,0,0,0,1,0,bank,website,sent_money,payment,company,"$50,500",USD,1.0,1.0,1.0,1.0,0.0,50500.0,1
1,transaction,0,0,0,0,0,0,0,0,1,0,unknown,email,sent_money,payment,none,unknown,unknown,0.8,1.0,0.0,0.0,0.0,,0
1,transaction,0,1,0,0,0,0,0,0,0,0,bank,website,sent_money,payment,company,unknown,unknown,0.0,1.0,1.0,1.0,0.0,,0
1,transaction,0,0,1,0,0,0,0,0,0,0,bank,phone,none,payment,bank,6000,USD,1.0,1.0,1.0,1.0,0.0,6000.0,1
1,transaction,0,0,1,0,0,0,0,0,1,0,bank,website,holded_coin,none,crypto_team,unknown,unknown,0.9,1.0,1.0,1.0,0.0,,0
1,credential,0,0,0,0,0,1,0,0,0,0,unknown,email,clicked_link,phishing,axis_max_life_insurance,unknown,unknown,0.8,1.0,1.0,1.0,0.0,,0
1,transaction,0,0,1,0,0,0,0,0,1,0,bank,phone,paid,payment,builder,1420000,INR,0.8,1.0,1.0,1.0,0.0,1420000.0,1
1,transaction,1,0,0,0,0,0,0,0,1,0,upi,website,sent_money,transaction,bank,unknown,unknown,0.8,1.0,1.0,1.0,0.0,,0
1,social_engineering,0,0,0,0,0,1,0,0,0,0,unknown,email,shared_credentials,none,school,unknown,unknown,0.8,1.0,1.0,1.0,0.0,,0
1,transaction,0,0,1,0,0,0,0,0,0,0,bank,none,sent_money,transaction,bank,50000,INR,1.0,1.0,0.0,1.0,0.0,50000.0,1
1,advanced,0,0,1,0,0,0,0,1,1,0,bank,phone,sent_money,transaction,company,unknown,unknown,1.0,1.0,1.0,0.0,0.0,,0
1,social_engineering,0,0,0,0,0,1,1,1,0,0,unknown,email,none,none,government,unknown,unknown,1.0,1.0,1.0,1.0,0.0,,0
1,social_engineering,0,0,0,0,0,0,1,1,0,0,card,in_store,inputting_incorrect_information,application,salesperson,unknown,unknown,0.8,1.0,0.0,1.0,0.0,,0
1,transaction,0,1,0,0,0,0,0,0,0,0,card,website,used_credentials,payment,individual,100,USD,0.8,1.0,0.0,0.0,0.0,100.0,1
1,social_engineering,0,0,0,0,0,1,0,0,0,0,crypto,phone,none,verification,bank,unknown,unknown,0.9,1.0,1.0,1.0,0.0,,0
1,transaction,0,0,1,0,0,0,1,1,1,0,bank,phone,sent_money,payment,government,$2.5 million,USD,1.0,1.0,1.0,1.0,0.0,2500000.0,1
1,transaction,0,1,0,0,0,0,0,0,0,0,card,email,sent_money,payment,unknown,1500,unknown,0.8,1.0,1.0,0.0,0.0,1500.0,1
0,none,0,0,0,0,0,0,0,0,0,0,card,website,clicked_link,payment,unknown,unknown,unknown,0.0,0.0,0.0,0.0,0.0,,0
1,transaction,0,0,0,0,0,0,0,0,0,0,unknown,website,clicked_link,none,company,unknown,unknown,0.9,1.0,0.0,1.0,0.0,,0
1,social_engineering,0,0,0,0,0,0,0,1,1,0,unknown,sms,sent_money,none,individual,unknown,unknown,1.0,1.0,0.0,0.0,0.0,,0
1,transaction,0,1,0,0,0,0,0,0,0,0,bank,phone,sent_money,payment,company,unknown,unknown,0.0,1.0,1.0,1.0,0.0,,0
1,transaction,0,1,0,0,0,0,0,0,0,0,card,email,clicked_link,transaction,paypal,"$1,300",USD,0.8,1.0,1.0,1.0,0.0,1300.0,1
1,transaction,0,0,1,0,0,0,0,0,0,0,bank,website,clicked_link,download,unknown,unknown,unknown,0.8,1.0,0.0,0.0,0.0,,0
1,commerce,0,0,0,0,0,0,0,0,0,0,unknown,website,clicked_photographs,none,amazon_india,unknown,unknown,0.8,1.0,1.0,1.0,0.0,,0
1,transaction,0,0,1,0,0,0,0,1,0,0,bank,email,none,payment,unknown,unknown,unknown,1.0,1.0,0.0,0.0,0.0,,0
1,credential,0,0,0,0,0,1,0,0,0,0,unknown,email,shared_credentials,credential,individual,unknown,unknown,0.9,1.0,1.0,0.0,0.0,,0
1,commerce,0,0,0,1,0,0,0,0,0,0,upi,email,sent_money,payment,company,2145,INR,0.8,0.8,0.0,0.0,0.0,2145.0,1
1,transaction,1,0,0,0,0,0,1,1,0,1,upi,phone,sent_money,payment,flipkart_agency,unknown,unknown,1.0,1.0,1.0,1.0,0.0,,0
1,transaction,0,1,0,0,0,0,0,0,0,0,card,email,sent_money,payment,company,unknown,unknown,0.0,1.0,1.0,1.0,0.0,,0
0,none,0,0,0,0,0,0,0,0,0,0,upi | card | bank | crypto | gift_card | unknown | none,sms | email | phone | social_media | website | app | unknown | none,sent_money | shared_credentials | clicked_link | installed_app | none | unknown,payment | verification | login | download | none | unknown,bank_|_government_|_company_|_individual_|_none_|_unknown,unknown,unknown,0.0,0.0,0.0,0.0,0.0,,0
1,transaction,1,0,0,0,0,0,0,0,0,0,upi,website,sent_money,payment,company,unknown,unknown,0.8,1.0,0.0,1.0,0.0,,0
1,transaction,0,0,1,0,0,0,0,0,0,0,bank,website,sent_money,transaction,none,unknown,unknown,0.9,1.0,0.0,0.0,0.0,,0
1,transaction,0,1,1,0,0,0,0,0,0,0,bank,website,sent_money,payment,company,$1.95,USD,0.7,1.0,0.0,1.0,0.0,1.95,1
1,transaction,0,0,0,0,0,0,0,0,0,0,crypto,social_media,sent_money,payment,unknown,unknown,unknown,0.0,1.0,0.0,0.0,0.0,,0
1,transaction,0,0,1,0,0,0,0,0,0,0,bank,website,sent_money,payment,bank,unknown,unknown,0.9,1.0,0.0,1.0,0.0,,0
1,transaction,0,0,0,0,0,0,0,0,0,0,unknown,phone,none,payment,company,$625,USD,0.8,1.0,0.0,1.0,0.0,625.0,1
1,transaction,0,0,1,0,0,0,0,0,0,0,bank,phone,sent_money,payment,none,11000,unknown,0.8,1.0,0.0,0.0,0.0,11000.0,1
1,commerce,0,0,0,1,0,0,0,0,1,0,upi,email,sent_money,payment,company,unknown,unknown,0.8,1.0,0.0,1.0,0.0,,0
1,transaction,0,1,0,0,0,0,0,0,0,0,card,email,shared_credentials,payment,unknown,60000,INR,0.5,1.0,1.0,0.0,0.0,60000.0,1
1,social_engineering,0,0,0,0,0,0,1,1,0,0,unknown,sms,none,none,unknown,unknown,unknown,1.0,1.0,1.0,1.0,0.0,,0
1,transaction,0,1,0,0,0,0,0,0,0,0,card,website,clicked_link,transaction,car_dealer,unknown,unknown,0.5,1.0,0.0,1.0,0.0,,0
1,transaction,0,0,1,0,0,0,0,0,0,0,bank,email,sent_money,payment,seller,200000,USD,0.8,1.0,1.0,0.0,0.0,200000.0,1
1,commerce,0,0,0,1,0,0,0,0,0,0,upi,website,sent_money,payment,company,unknown,unknown,0.8,1.0,1.0,0.0,0.0,,0
1,transaction,0,1,0,0,0,0,0,0,1,0,bank,phone,physically_went_to_bank,transaction,none,unknown,unknown,0.8,1.0,1.0,0.0,0.0,,0
1,transaction,0,0,1,0,0,0,0,0,0,0,bank,telegram,sent_money,payment,unknown,unknown,unknown,0.8,1.0,0.0,0.0,0.0,,0
1,transaction,0,0,0,1,0,0,0,0,0,0,crypto,unknown,none,payment,unknown,$100,USD,0.5,1.0,0.0,0.0,0.0,100.0,1
1,commerce,0,0,0,1,1,0,0,0,0,0,bank,sms,sent_money,commerce,artist,unknown,unknown,0.8,1.0,0.0,0.0,0.0,,0
1,transaction,0,1,0,0,0,0,0,0,0,0,card,sms,sent_money,payment,bank,135,unknown,0.8,1.0,1.0,1.0,0.0,135.0,1
1,transaction,0,0,1,0,0,0,0,0,0,0,bank,email,none,transaction,company,unknown,unknown,0.8,1.0,0.0,1.0,0.0,,0
1,social_engineering,0,0,1,0,0,0,0,0,1,0,bank,phone,sent_money,payment,individual,unknown,unknown,0.8,1.0,1.0,0.0,0.0,,0
1,social_engineering,0,0,0,0,0,1,0,0,0,0,unknown,website,installed_app,piracy,none,unknown,unknown,0.9,1.0,0.0,0.0,0.0,,0
1,transaction,0,0,0,0,0,0,0,0,0,0,upi,sms,sent_money,payment,company,unknown,unknown,0.8,1.0,0.0,1.0,0.0,,0
1,transaction,0,0,1,0,0,0,0,0,1,0,bank,email,deposit_money,payment,valbury_capital_management,70000,USD,1.0,1.0,1.0,1.0,0.0,70000.0,1
1,social_engineering,0,0,0,0,0,1,0,0,0,0,unknown,email,reported_and_blocked,none,unknown,unknown,unknown,0.9,1.0,1.0,0.0,0.0,,0
1,transaction,1,0,0,0,0,0,0,0,0,0,upi,sms,sent_money,payment,bank,1000,INR,0.8,1.0,0.0,1.0,0.0,1000.0,1
1,transaction,0,0,1,0,0,0,0,0,0,0,bank,email,sent_money,payment,company,100,unknown,0.5,1.0,0.0,1.0,0.0,100.0,1
1,social_engineering,0,0,0,0,0,0,1,1,0,0,unknown,social_media,none,none,individual,unknown,unknown,1.0,1.0,1.0,1.0,0.0,,0
1,transaction,0,0,0,0,0,0,0,0,0,0,crypto,app,withdrew_funds,recovery,defi_platform,unknown,unknown,0.8,1.0,1.0,1.0,0.0,,0
0,none,0,0,1,0,0,0,0,0,0,0,bank,email,none,payment,company,200,unknown,1.0,1.0,0.0,1.0,0.0,200.0,1
1,transaction,1,0,0,0,0,0,0,1,0,0,upi,phone,sent_money,payment,bank,unknown,unknown,1.0,1.0,0.0,1.0,0.0,,0
1,transaction,1,0,1,0,0,0,0,1,1,0,upi,sms,sent_money,payment,none,unknown,unknown,1.0,1.0,1.0,0.0,0.0,,0
1,commerce,0,1,0,0,0,0,0,0,1,0,card,website,opened_box,commerce,exotic_pet_store,unknown,unknown,0.8,1.0,1.0,0.0,0.0,,0
1,transaction,0,1,1,0,0,0,0,0,0,0,bank,phone,none,transaction,bank,30Lac Rs,INR,1.0,1.0,1.0,1.0,0.0,30.0,1
1,transaction,0,0,1,0,0,0,0,0,1,0,bank,website,sent_money,transaction,none,1600 GBP,GBP,0.8,1.0,1.0,0.0,0.0,1600.0,1
1,transaction,1,0,0,0,0,0,0,1,0,0,crypto,sms,sent_money,payment,unknown,unknown,unknown,1.0,1.0,1.0,0.0,0.0,,0
1,social_engineering,0,0,0,0,0,0,1,1,0,0,upi,social_media,reported,none,linkedin,unknown,unknown,1.0,1.0,1.0,1.0,0.0,,0
1,transaction,0,0,0,0,0,0,1,1,0,0,unknown,sms,sent_money,payment,individual,unknown,unknown,1.0,1.0,1.0,1.0,0.0,,0
1,social_engineering,0,0,0,0,0,1,1,1,0,0,unknown,phone,none,credential,google,unknown,unknown,1.0,1.0,1.0,1.0,0.0,,0
1,credential,0,0,0,0,0,1,0,0,0,0,unknown,email,changed_password,login,irctc,unknown,unknown,0.8,1.0,1.0,0.0,0.0,,0
1,transaction,0,0,1,0,0,0,0,0,1,0,bank,website,deposited_money,payment,none,10000,USD,0.8,1.0,1.0,0.0,0.0,10000.0,1
1,transaction,0,1,0,0,0,0,0,0,0,0,card,social_media,clicked_link,payment,company,unknown,unknown,0.0,1.0,0.0,1.0,0.0,,0
0,none,0,0,0,0,0,0,0,0,0,0,unknown,unknown,unknown,unknown,unknown,unknown,unknown,0.0,0.0,0.0,0.0,0.0,,0
1,transaction,0,0,0,0,0,0,0,0,1,0,unknown,website,clicked_link,none,company,unknown,unknown,0.8,1.0,1.0,1.0,0.0,,0
0,none,0,0,0,0,0,1,0,0,0,0,upi,phone,shared_credentials,verification,bank,unknown,unknown,0.0,1.0,1.0,1.0,0.0,,0
0,none,0,0,0,0,0,0,0,0,0,0,unknown,website,clicked_link,none,company,unknown,unknown,0.0,0.0,0.0,1.0,0.0,,0
1,transaction,1,0,1,0,0,0,0,0,0,0,upi,sms,sent_money,payment,bank,unknown,unknown,0.8,1.0,1.0,1.0,0.0,,0
1,social_engineering,0,0,0,0,0,1,0,0,0,0,unknown,discord,none,none,unknown,unknown,unknown,0.8,1.0,1.0,0.0,0.0,,0
1,transaction,1,0,0,0,0,0,0,0,0,0,upi,email,received_money,none,unknown,2 lakhs,INR,0.5,1.0,1.0,0.0,0.0,200000.0,1
1,commerce,0,0,0,1,1,0,0,0,0,0,unknown,website,installed_app,download,company,unknown,unknown,0.9,1.0,1.0,1.0,0.0,,0
1,commerce,0,0,0,1,0,0,0,0,0,0,upi,phone,sent_money,payment,company,unknown,unknown,0.8,1.0,0.0,1.0,0.0,,0
1,transaction,0,1,0,0,0,0,0,0,0,0,card,phone,shared_credentials,none,front_desk,unknown,unknown,0.9,1.0,1.0,1.0,0.0,,0
1,transaction,0,1,0,0,0,0,0,0,0,0,card,phone,signed_document,payment,insurance_company,$99,USD,0.5,1.0,1.0,1.0,0.0,99.0,1
1,commerce,0,0,0,0,1,0,0,0,0,0,bank,phone,installed_app,verification,insurance_company,unknown,unknown,0.8,1.0,0.0,0.0,0.0,,0
1,commerce,0,0,0,1,0,0,0,0,0,0,bank,email,none,commerce,company,unknown,unknown,0.8,1.0,0.0,0.0,0.0,,0
1,transaction,0,1,0,0,0,0,0,0,0,0,card,unknown,sent_money,payment,company,unknown,unknown,0.5,1.0,0.0,0.0,0.0,,0
1,social_engineering,0,0,0,0,0,0,1,1,0,0,unknown,phone,sent_money,payment,police_department,unknown,unknown,1.0,1.0,1.0,1.0,0.0,,0
1,transaction,0,0,0,0,0,0,0,0,1,0,crypto,website,invested,transaction,unknown,0.5% daily bonus,unknown,0.9,1.0,0.0,0.0,0.0,0.5,1
1,transaction,0,1,0,0,0,0,0,0,0,0,upi,email,sent_money,payment,bank,unknown,unknown,0.8,1.0,0.0,1.0,0.0,,0
1,transaction,0,0,1,0,0,0,0,0,0,0,bank,sms,sent_money,transaction,robinhood,100,USD,0.8,1.0,0.0,1.0,0.0,100.0,1
1,meta,0,0,0,0,0,0,0,0,1,0,unknown,website,none,none,none,unknown,unknown,0.8,1.0,1.0,0.0,0.0,,0
1,commerce,0,1,0,0,0,0,0,0,0,0,card,email,clicked_link,commerce,company,20,USD,0.5,1.0,0.0,0.0,0.0,20.0,1
1,transaction,0,0,1,0,0,0,0,0,0,0,bank,email,sent_money,payment,individual,$600,USD,0.5,1.0,0.0,0.0,0.0,600.0,1
0,none,0,0,0,0,0,0,0,0,0,0,unknown,social_media,none,none,none,unknown,unknown,0.0,1.0,0.0,0.0,0.0,,0
1,transaction,0,1,0,0,0,0,0,1,0,0,card,sms,none,payment,bank,unknown,INR,1.0,1.0,1.0,1.0,0.0,,0
1,commerce,0,1,0,0,0,0,0,0,0,0,card,email,clicked_link,payment,company,1000,unknown,0.5,1.0,1.0,1.0,0.0,1000.0,1
1,commerce,0,0,0,0,0,0,0,0,1,0,bank,website,clicked_link,payment,company,unknown,unknown,0.9,1.0,0.0,0.0,0.0,,0
1,transaction,0,0,1,0,0,0,0,0,0,0,bank,email,sent_money,payment,none,140,unknown,0.8,1.0,1.0,0.0,0.0,140.0,1
1,commerce,0,0,1,1,0,0,0,0,0,0,bank,email,sent_money,payment,company,unknown,unknown,0.7,1.0,0.0,1.0,0.0,,0
1,none,0,0,0,0,0,0,0,0,1,0,unknown,none,none,none,company,unknown,unknown,0.8,1.0,0.0,1.0,0.0,,0
1,transaction,1,0,0,1,0,0,0,0,0,0,upi,sms,sent_money,payment,company,unknown,INR,0.8,1.0,1.0,1.0,0.0,,0
1,social_engineering,0,0,0,0,0,0,1,1,0,0,unknown,phone,none,none,police,unknown,unknown,0.9,1.0,1.0,1.0,0.0,,0
1,transaction,0,0,1,0,0,0,0,0,0,0,bank,phone,none,none,company,unknown,unknown,0.9,1.0,0.0,0.0,0.0,,0
1,transaction,0,0,0,0,0,0,0,0,1,0,crypto,sms,clicked_link,transaction,elon_musk,"$2,500",USD,1.0,1.0,0.0,1.0,0.0,2500.0,1
0,none,0,0,0,0,0,0,0,0,1,0,unknown,phone,none,none,none,none,unknown,0.0,1.0,0.0,0.0,0.0,,0
1,transaction,0,1,0,0,0,0,0,0,0,0,card,website,sent_money,payment,company,8000,CAD,0.0,1.0,1.0,1.0,0.0,8000.0,1
1,social_engineering,0,0,0,0,0,1,0,0,0,0,unknown,sms,shared_credentials,verification,instagram,unknown,unknown,0.8,1.0,1.0,0.0,0.0,,0
1,commerce,0,0,0,1,0,0,0,0,0,0,upi,website,sent_money,payment,company,300,INR,1.0,1.0,0.0,1.0,0.0,300.0,1
1,commerce,0,0,0,1,0,0,0,0,0,0,upi,website,sent_money,commerce,none,unknown,unknown,0.8,1.0,1.0,0.0,0.0,,0
1,meta,0,0,0,0,0,0,0,0,1,0,unknown,none,none,none,none,unknown,unknown,0.0,0.0,0.0,0.0,0.0,,0
1,advanced,0,0,0,0,0,1,0,0,0,0,unknown,website,installed_app,malware_installation,none,unknown,unknown,0.9,1.0,0.0,0.0,0.0,,0
1,transaction,0,0,1,0,0,0,0,0,1,0,bank,website,sent_money,payment,company,unknown,unknown,0.9,1.0,1.0,1.0,0.0,,0
1,transaction,0,0,1,0,0,0,0,1,0,0,bank,sms,sent_money,payment,none,1000,USD,1.0,1.0,1.0,0.0,0.0,1000.0,1
1,social_engineering,0,0,0,0,0,1,1,1,0,0,unknown,sms,shared_credentials,verification,discord_moderator,unknown,unknown,1.0,1.0,1.0,1.0,0.0,,0
1,transaction,0,0,0,0,0,0,0,0,1,0,upi,phone,sent_money,payment,company,"$350, $250, $226",USD,1.0,1.0,1.0,1.0,0.0,350.0,1
1,transaction,0,0,1,0,0,0,0,0,1,0,bank,sms,sent_money,payment,company,unknown,unknown,0.8,1.0,1.0,1.0,0.0,,0
1,transaction,1,0,0,0,0,0,0,0,0,0,upi,email,sent_money,payment,company,2550,EUR,1.0,1.0,0.0,1.0,0.0,2550.0,1
1,social_engineering,0,0,0,0,0,1,0,0,0,0,unknown,app,installed_app,none,individual,unknown,unknown,0.8,1.0,0.0,0.0,0.0,,0
1,social_engineering,0,0,0,0,0,1,0,0,0,0,unknown,email,none,none,microsoft,unknown,unknown,0.8,1.0,1.0,1.0,0.0,,0
1,social_engineering,0,0,0,0,0,1,1,1,0,0,upi,email,shared_credentials,login,bank,unknown,unknown,1.0,1.0,1.0,1.0,0.0,,0
1,transaction,1,0,0,0,0,0,0,0,0,0,upi,website,sent_money,payment,none,unknown,unknown,0.9,1.0,1.0,0.0,0.0,,0
1,social_engineering,0,1,0,0,0,0,1,1,0,0,card,phone,clicked_link,verification,law_enforcement_/_fbi,unknown,unknown,1.0,1.0,1.0,1.0,0.0,,0
1,pig_butchering,0,0,0,0,0,0,0,0,1,0,unknown,website,none,none,unknown,unknown,unknown,0.8,1.0,0.0,0.0,0.0,,0
1,transaction,0,0,1,0,0,0,0,0,0,0,bank,none,sent_money,payment,company,250000,USD,0.8,1.0,0.0,0.0,0.0,250000.0,1
1,transaction,0,0,0,0,0,0,0,0,0,0,upi,email,sent_money,payment,bank,unknown,unknown,0.9,1.0,0.0,1.0,0.0,,0
1,transaction,0,0,1,0,0,0,0,0,1,0,bank,phone,clicked_link,payment,company,unknown,unknown,0.9,1.0,1.0,1.0,0.0,,0
1,transaction,0,1,0,0,0,0,0,1,0,0,card,phone,shared_credentials,verification,bank,unknown,unknown,0.8,1.0,0.0,1.0,0.0,,0
1,transaction,0,1,0,0,0,0,0,0,0,0,card,unknown,sent_money,payment,none,4000,USD,0.5,1.0,1.0,0.0,0.0,4000.0,1
1,transaction,0,1,0,0,0,0,0,0,0,0,unknown,phone,none,none,none,unknown,unknown,0.8,1.0,0.0,0.0,0.0,,0
1,transaction,0,0,1,0,0,0,0,0,1,0,crypto,unknown,withdrew_commission,none,unknown,$800,USD,1.0,1.0,0.0,0.0,0.0,800.0,1
1,transaction,1,0,0,0,0,0,0,0,0,0,upi,website,sent_money,payment,unknown,1000,INR,0.5,1.0,0.0,0.0,0.0,1000.0,1
1,commerce,0,0,0,1,1,0,0,1,0,0,bank,website,clicked_link,payment,company,unknown,unknown,0.8,1.0,0.0,0.0,0.0,,0
1,transaction,0,0,1,0,1,0,0,0,0,0,bank,email,sent_money,payment,unknown,375,USD,0.9,1.0,0.0,0.0,0.0,375.0,1
1,transaction,0,1,0,0,0,0,0,0,0,0,card,sms,sent_money,payment,none,8000,unknown,1.0,1.0,1.0,0.0,0.0,8000.0,1
1,transaction,1,0,0,0,0,0,0,1,0,0,upi,telegram,sent_money,payment,unknown,unknown,unknown,1.0,1.0,1.0,0.0,0.0,,0
1,social_engineering,0,0,0,0,0,1,1,1,0,0,unknown,phone,shared_credentials,verification,microsoft_security_team,unknown,unknown,0.8,1.0,1.0,1.0,0.0,,0
1,social_engineering,0,0,0,0,0,0,1,0,0,0,unknown,social_media,none,none,development_authority,unknown,unknown,0.8,1.0,0.0,1.0,0.0,,0
0,none,0,0,0,0,0,0,0,0,0,0,upi,email,clicked_link,verification,bank,unknown,unknown,0.0,1.0,0.0,1.0,0.0,,0
1,transaction,0,0,1,0,0,0,0,0,1,0,bank,email,sent_money,payment,company,unknown,unknown,0.8,1.0,1.0,1.0,0.0,,0
1,social_engineering,0,0,0,0,0,1,0,0,0,0,unknown,email,shared_credentials,login,government,unknown,unknown,0.8,1.0,1.0,1.0,0.0,,0
1,transaction,1,0,0,0,0,0,0,0,0,0,upi,sms,sent_money,payment,unknown,2400,unknown,1.0,1.0,1.0,0.0,0.0,2400.0,1
1,commerce,0,0,0,0,0,0,0,0,0,0,bank,website,clicked_link,commerce,company,unknown,unknown,0.8,1.0,0.0,1.0,0.0,,0
1,social_engineering,0,0,0,0,0,0,1,1,0,0,unknown,email,clicked_link,none,unknown,unknown,unknown,1.0,1.0,1.0,1.0,0.0,,0
1,transaction,0,0,1,0,0,0,0,1,1,0,bank,phone,sent_money,payment,none,$150,USD,1.0,1.0,0.0,0.0,0.0,150.0,1
1,social_engineering,0,0,0,0,0,1,0,0,0,0,unknown,discord,shared_credentials,none,none,unknown,unknown,0.8,1.0,1.0,0.0,0.0,,0
1,transaction,0,0,1,0,0,0,0,0,1,0,bank,website,clicked_link,payment,none,unknown,unknown,0.8,1.0,0.0,0.0,0.0,,0
0,none,0,0,0,0,0,0,0,0,0,0,upi,sms,sent_money,payment,none,$650,USD,0.0,0.0,0.0,0.0,0.0,650.0,1
1,transaction,1,0,1,0,0,0,0,0,0,0,upi,phone,none,transaction,bank,"$2,500",USD,1.0,1.0,0.0,1.0,0.0,2500.0,1
1,social_engineering,0,0,0,0,0,1,1,1,0,0,unknown,sms,shared_credentials,none,bank,unknown,unknown,1.0,1.0,1.0,1.0,0.0,,0
1,commerce,0,0,0,0,1,0,0,0,0,0,unknown,website,clicked_link,commerce,none,unknown,unknown,0.5,1.0,1.0,0.0,0.0,,0
1,transaction,0,0,1,0,0,0,0,0,0,0,bank,website,sent_money,payment,company,3000,CAD,1.0,1.0,1.0,1.0,0.0,3000.0,1
1,pig_butchering,0,0,0,0,0,0,1,1,0,0,unknown,telegram,none,none,none,unknown,unknown,1.0,1.0,1.0,1.0,0.0,,0
1,transaction,0,1,0,0,0,0,0,0,0,0,card,email,clicked_link,payment,paypal,unknown,unknown,0.9,1.0,1.0,1.0,0.0,,0
1,transaction,0,0,1,0,0,0,0,0,0,0,bank,telegram,sent_money,transaction,crypto_exchange,$70,USD,0.8,1.0,0.0,0.0,0.0,70.0,1
1,social_engineering,0,0,0,0,0,0,1,1,0,0,crypto,email,clicked_link,transaction,unknown,unknown,unknown,1.0,1.0,1.0,1.0,0.0,,0
1,transaction,1,0,0,0,0,0,0,1,0,0,upi,sms,sent_money,payment,unknown,2400,INR,1.0,1.0,1.0,0.0,0.0,2400.0,1
1,commerce,0,1,0,0,0,0,0,0,0,0,gift_card,website,used_gift_card,transaction,starbucks,$120.00,USD,0.5,0.0,0.0,1.0,0.0,120.0,1
1,pig_butchering,0,0,0,0,0,0,1,1,1,0,crypto,website,invested,transaction,ark_invest,unknown,unknown,1.0,1.0,1.0,1.0,0.0,,0
1,social_engineering,0,0,0,0,0,1,1,1,0,0,unknown,phone,none,none,dea,unknown,unknown,1.0,1.0,1.0,1.0,0.0,,0
1,transaction,0,0,1,0,0,0,0,0,1,0,bank,phone,none,rental,unknown,unknown,unknown,0.8,1.0,0.0,0.0,0.0,,0
1,transaction,1,0,0,0,0,0,0,0,0,0,upi,sms,sent_money,payment,bank,200000,INR,1.0,1.0,1.0,1.0,0.0,200000.0,1
1,transaction,0,0,0,0,0,0,0,0,1,0,crypto,website,sent_money,transaction,unknown,unknown,unknown,0.5,1.0,1.0,0.0,0.0,,0
1,transaction,0,0,1,0,0,0,0,0,0,0,bank,website,sent_money,payment,company,200,unknown,0.8,1.0,0.0,1.0,0.0,200.0,1
1,transaction,0,0,0,0,0,0,0,0,0,0,crypto,website,sent_money,payment,company,$5k,USD,0.9,1.0,1.0,1.0,1.0,5.0,1
1,transaction,0,1,0,0,0,0,0,0,0,0,card,telegram,sent_money,payment,hacker,300,unknown,1.0,1.0,1.0,0.0,0.0,300.0,1
1,transaction,0,0,0,1,1,0,0,0,0,0,crypto,social_media,sent_money,payment,unknown,"$7,000",USD,1.0,1.0,0.0,0.0,0.0,7000.0,1
1,transaction,0,0,1,0,0,0,0,0,0,0,bank,email,sent_money,payment,company,1000,unknown,0.8,1.0,0.0,1.0,0.0,1000.0,1
1,transaction,0,1,0,0,0,0,0,0,0,0,unknown,whatsapp,sent_money,payment,unknown,unknown,unknown,0.8,1.0,0.0,0.0,0.0,,0
1,transaction,0,1,0,0,0,0,0,0,0,0,card,email,sent_money,payment,company,unknown,unknown,0.9,1.0,1.0,1.0,0.0,,0
1,transaction,0,0,0,0,0,0,0,0,0,0,bank,email,deposited_check,payment,company,$10k,USD,0.9,1.0,1.0,1.0,0.0,10.0,1
0,none,0,0,0,0,0,0,0,0,0,0,unknown,phone,none,none,company,unknown,unknown,0.0,1.0,1.0,1.0,0.0,,0
0,none,0,0,0,0,0,0,1,1,0,0,unknown,phone,none,none,ice_agent,unknown,unknown,1.0,1.0,1.0,1.0,0.0,,0
1,transaction,0,0,1,0,0,0,0,1,0,0,bank,sms,sent_money,payment,company,unknown,unknown,1.0,1.0,0.0,1.0,0.0,,0
1,transaction,1,0,0,0,0,0,1,1,0,0,upi,phone,sent_money,payment,bank,unknown,unknown,1.0,1.0,1.0,1.0,0.0,,0
1,social_engineering,0,0,0,0,0,1,0,0,0,0,unknown,email,clicked_link,verification,school,none,unknown,0.8,1.0,0.0,1.0,0.0,,0
1,transaction,0,1,0,0,0,0,0,0,0,0,card,phone,sent_money,payment,company,unknown,unknown,0.0,1.0,1.0,1.0,0.0,,0
1,transaction,0,0,1,0,0,0,0,1,1,0,bank,email,sent_money,payment,none,unknown,unknown,0.8,1.0,0.0,0.0,0.0,,0
1,transaction,0,1,0,0,0,0,0,0,0,0,crypto,unknown,sent_money,payment,unknown,20000,unknown,1.0,1.0,1.0,0.0,0.0,20000.0,1
1,transaction,0,0,1,0,0,0,0,0,1,0,bank,website,sent_money,account_lock,none,unknown,unknown,0.8,1.0,1.0,0.0,0.0,,0
1,transaction,0,1,1,0,0,0,0,1,0,0,bank,email,sent_money,payment,company,"$4,000",USD,1.0,1.0,1.0,0.0,0.0,4000.0,1
0,none,0,0,1,0,0,0,0,0,0,0,bank,sms,sent_money,transaction,bank,unknown,unknown,0.0,1.0,1.0,1.0,0.0,,0
1,transaction,1,0,0,0,0,0,1,1,0,0,upi,sms,sent_money,payment,bank,unknown,unknown,0.9,1.0,1.0,1.0,0.0,,0
1,transaction,0,1,0,0,0,0,0,0,0,0,card,unknown,sent_money,payment,none,10,EUR,0.5,1.0,0.0,0.0,0.0,10.0,1
1,transaction,0,0,0,0,0,0,0,0,1,0,upi,email,sent_money,payment,unknown,1 peso,PHP,0.8,1.0,1.0,0.0,0.0,1.0,1
1,transaction,0,0,1,0,0,1,1,1,1,0,bank,email,sent_money,payment,company,29000,EUR,1.0,1.0,1.0,1.0,0.0,29000.0,1
1,transaction,0,0,1,0,0,0,0,0,0,0,bank,unknown,sent_money,payment,none,$500,USD,0.0,1.0,1.0,0.0,0.0,500.0,1
1,transaction,0,1,0,0,0,0,0,0,0,0,card,email,shared_credentials,transaction,company,8000,unknown,0.0,1.0,1.0,0.0,0.0,8000.0,1
1,transaction,0,0,0,0,0,0,0,0,0,0,crypto,telegram,clicked_link,trade,unknown,unknown,unknown,0.9,1.0,1.0,0.0,0.0,,0
1,transaction,0,0,1,0,0,0,0,0,0,0,bank,email,sent_money,transaction,company,unknown,unknown,0.8,1.0,0.0,1.0,0.0,,0
1,transaction,0,0,0,0,0,0,0,0,0,0,unknown,sms,sent_money,payment,unknown,unknown,unknown,0.0,1.0,0.0,0.0,0.0,,0
1,transaction,0,0,0,0,0,0,0,0,0,0,bank,app,sent_money,payment,company,650,GBP,0.0,1.0,1.0,1.0,0.0,650.0,1
1,transaction,0,0,1,0,0,0,0,0,0,0,bank,sms,sent_money,payment,company,unknown,unknown,0.9,1.0,1.0,1.0,0.0,,0
1,transaction,0,0,0,0,0,0,1,1,0,0,unknown,telegram,sent_money,payment,none,$20,USD,1.0,1.0,1.0,1.0,0.0,20.0,1
1,transaction,0,0,0,0,0,0,0,0,0,0,crypto,website,staked_coins,none,company,unknown,unknown,0.0,1.0,1.0,1.0,0.0,,0
1,transaction,0,0,0,0,0,0,0,0,1,0,unknown,sms,sent_money,payment,none,unknown,unknown,0.8,1.0,0.0,0.0,0.0,,0
1,transaction,0,0,1,0,0,0,0,0,0,0,bank,phone,none,payment,payday_loan_company,unknown,unknown,0.8,1.0,1.0,1.0,0.0,,0
1,transaction,0,0,0,0,0,0,1,1,0,0,bank,sms,sent_money,payment,company,unknown,unknown,1.0,1.0,1.0,1.0,0.0,,0
1,transaction,0,1,0,0,0,0,0,0,0,0,card,sms,sent_money,payment,bank,unknown,unknown,0.9,1.0,1.0,1.0,0.0,,0
1,transaction,0,0,0,1,0,0,0,0,1,0,none,email,clicked_link,verification,unknown,unknown,unknown,0.9,1.0,1.0,0.0,0.0,,0
1,transaction,0,1,0,0,0,0,0,0,0,0,card,website,shared_credentials,payment,none,unknown,unknown,0.8,1.0,1.0,0.0,0.0,,0
1,transaction,0,0,1,0,0,0,0,0,0,0,bank,email,sent_money,payment,unknown,1800,unknown,0.5,1.0,0.0,0.0,0.0,1800.0,1
1,transaction,1,0,0,0,0,0,0,0,0,0,upi,sms,sent_money,payment,bank,unknown,unknown,0.5,1.0,0.0,1.0,0.0,,0
0,none,0,0,0,0,0,0,0,0,0,0,card,unknown,shared_credentials,none,bank,unknown,unknown,0.0,0.0,0.0,1.0,0.0,,0
0,none,0,0,0,0,0,0,0,0,0,0,unknown,email,none,none,unknown,unknown,unknown,0.0,0.0,0.0,0.0,0.0,,0
1,transaction,0,0,1,0,0,0,0,0,1,0,crypto,website,none,transaction,exchange,$80,USD,1.0,1.0,1.0,1.0,0.0,80.0,1
1,transaction,0,0,1,0,0,0,0,0,1,0,bank,website,clicked_link,payment,company,$5.06,USD,0.8,1.0,0.0,1.0,0.0,5.06,1
1,transaction,0,0,1,0,0,0,0,0,1,0,bank,telegram,sent_money,withdrawal,unknown,unknown,unknown,0.9,1.0,0.0,0.0,0.0,,0
1,social_engineering,0,0,0,0,0,1,1,1,0,0,unknown,phone,none,none,police,unknown,unknown,1.0,1.0,1.0,1.0,0.0,,0
1,transaction,0,0,0,0,0,0,0,0,1,0,crypto,unknown,sent_money,payment,none,2500,USD,1.0,1.0,0.0,0.0,0.0,2500.0,1
1,transaction,0,0,1,0,0,0,0,0,0,0,bank,website,clicked_link,transaction,company,unknown,unknown,0.8,1.0,1.0,1.0,0.0,,0
1,transaction,1,0,1,0,0,0,0,0,0,0,upi,unknown,sent_money,payment,bank,unknown,unknown,0.9,1.0,1.0,1.0,0.0,,0
1,commerce,0,0,0,1,0,0,0,0,0,0,unknown,website,clicked_link,commerce,courier_company,unknown,unknown,0.85,1.0,0.0,1.0,0.0,,0
1,transaction,0,0,1,0,0,0,0,0,1,0,bank,sms,sent_money,payment,individual,unknown,unknown,0.95,1.0,1.0,0.0,0.0,,0
1,commerce,0,0,1,1,0,0,0,0,1,0,bank,phone,paid,payment,company,700000,INR,1.0,1.0,1.0,0.0,0.0,700000.0,1
1,transaction,0,0,0,0,0,0,0,0,0,0,crypto,website,invested,investment,unknown,$315,USD,0.9,1.0,1.0,0.0,0.0,315.0,1
1,social_engineering,0,0,0,0,0,0,1,1,0,0,unknown,phone,none,none,police_department,unknown,unknown,1.0,1.0,1.0,1.0,0.0,,0
1,transaction,0,1,0,0,0,0,0,0,0,0,card,sms,sent_money,payment,broker/financial_advisor,unknown,unknown,0.8,1.0,1.0,1.0,0.0,,0
1,social_engineering,0,0,0,0,0,1,0,0,0,0,upi,sms,unknown,none,unknown,unknown,unknown,0.8,1.0,1.0,0.0,0.0,,0
1,transaction,0,0,1,0,0,0,0,0,0,0,bank,phone,sent_money,payment,none,"$4,500",USD,1.0,1.0,1.0,0.0,0.0,4500.0,1
1,transaction,0,0,1,0,0,0,0,0,1,0,bank,unknown,sent_money,payment,none,2000,unknown,1.0,1.0,1.0,0.0,0.0,2000.0,1
1,transaction,1,1,1,0,0,0,0,0,0,0,upi | card | bank | crypto | gift_card | unknown | none,sms | email | phone | social_media | website | app | unknown | none,sent_money | shared_credentials | clicked_link | installed_app | none | unknown,payment | verification | login | download | none | unknown,bank_|_government_|_company_|_individual_|_none_|_unknown,unknown,unknown,0.9,1.0,1.0,0.0,0.0,,0
1,transaction,0,0,0,0,0,0,0,0,0,0,unknown,email,sent_money,payment,company,unknown,unknown,0.5,1.0,0.0,1.0,0.0,,0
1,transaction,0,0,1,0,0,0,0,0,0,0,bank,unknown,sent_money,payment,company,unknown,unknown,0.95,1.0,0.0,1.0,0.0,,0
1,transaction,0,0,1,0,0,0,0,0,0,0,bank,phone,sent_money,payment,individual,"$1,220.00",USD,0.8,1.0,0.0,0.0,0.0,1220.0,1
1,transaction,0,1,0,0,0,0,0,0,0,0,card,email,shared_credentials,payment,none,"$2,000",USD,1.0,1.0,1.0,0.0,0.0,2000.0,1
1,transaction,0,0,1,0,0,0,0,0,1,0,bank,sms,sent_money,payment,company,100000,unknown,0.9,1.0,1.0,1.0,0.0,100000.0,1
1,commerce,0,0,1,1,1,0,0,0,0,0,bank,website,sent_money,payment,company,451,USD,0.8,1.0,1.0,1.0,0.0,451.0,1
1,transaction,0,0,1,0,0,0,0,0,1,0,bank,phone,sent_money,payment,individual,unknown,unknown,0.8,1.0,0.0,0.0,0.0,,0
1,commerce,0,0,0,1,1,0,0,0,0,0,bank,social_media,sent_money,commerce,company,unknown,unknown,0.8,1.0,1.0,0.0,0.0,,0
1,transaction,0,0,1,0,0,0,0,0,0,0,bank,sms,sent_money,payment,company,300,unknown,1.0,1.0,0.0,1.0,0.0,300.0,1
1,social_engineering,0,0,0,0,0,1,0,0,0,0,unknown,social_media,none,credential,individual,unknown,unknown,0.5,1.0,0.0,1.0,0.0,,0
1,transaction,0,1,0,0,0,0,0,0,0,0,card,email,sent_money,payment,bank,3500,INR,1.0,1.0,1.0,1.0,0.0,3500.0,1
1,transaction,0,0,0,0,0,0,0,0,0,0,upi,app,shared_credentials,transaction,uber_driver,unknown,unknown,0.8,1.0,0.0,0.0,0.0,,0
0,none,0,0,0,0,0,0,0,0,0,0,unknown,unknown,none,none,unknown,unknown,unknown,0.0,0.0,0.0,0.0,0.0,,0
1,transaction,0,0,1,0,0,0,0,1,1,0,bank,phone,sent_money,payment,unknown,unknown,unknown,1.0,1.0,1.0,0.0,0.0,,0
1,transaction,1,0,0,0,0,0,0,0,0,0,upi,email,sent_money,payment,unknown,unknown,unknown,0.8,1.0,0.0,0.0,0.0,,0
1,transaction,0,0,0,0,0,0,0,0,0,0,crypto,email,sent_money,payment,company,unknown,unknown,0.9,1.0,0.0,1.0,0.0,,0
1,transaction,0,0,1,0,0,0,0,0,0,0,bank,phone,none,payment,none,unknown,unknown,0.8,1.0,1.0,0.0,0.0,,0
1,transaction,0,0,0,0,0,0,0,0,0,0,bank,email,none,verification,government,"$4,000",CAD,1.0,1.0,1.0,1.0,0.0,4000.0,1
1,social_engineering,0,0,0,0,0,0,1,1,0,0,none,phone,none,none,unknown,none,unknown,1.0,1.0,1.0,1.0,0.0,,0
1,social_engineering,0,0,0,0,0,0,1,1,0,0,unknown,email,none,none,company,unknown,unknown,1.0,1.0,1.0,1.0,0.0,,0
1,transaction,0,0,1,0,0,1,0,0,1,0,bank,email,clicked_link,signature,phantom_(solana_wallet),2000,SOL,1.0,1.0,1.0,1.0,0.0,2000.0,1
1,transaction,0,0,0,0,0,0,0,0,1,0,unknown,none,none,none,none,unknown,unknown,0.8,1.0,0.0,0.0,0.0,,0
1,commerce,0,0,1,0,1,0,0,0,0,0,bank,social_media,sent_money,payment,individual,unknown,unknown,0.8,1.0,0.0,0.0,0.0,,0
1,transaction,0,1,0,0,0,0,0,0,0,0,upi,letter,sent_money,payment,bank,unknown,unknown,0.8,1.0,0.0,1.0,0.0,,0
1,transaction,0,1,0,0,0,0,0,0,0,0,card,website,clicked_link,payment,company,unknown,unknown,0.0,0.0,1.0,1.0,0.0,,0
1,transaction,0,0,1,0,0,0,0,0,0,0,bank,phone,none,transaction,paypal,349.99,USD,0.8,1.0,0.0,1.0,0.0,349.99,1
1,transaction,0,1,0,0,0,0,0,0,0,0,card,phone,sent_money,payment,none,$12k,USD,0.9,1.0,1.0,1.0,0.0,12.0,1
1,commerce,0,1,0,0,0,0,0,0,0,0,bank,email,sent_money,payment,individual,unknown,unknown,0.9,1.0,1.0,0.0,0.0,,0
1,transaction,0,1,0,0,0,0,0,0,0,0,card,sms,sent_money,payment,bank,"$1,500",USD,0.8,1.0,1.0,1.0,0.0,1500.0,1
1,transaction,0,1,0,0,0,0,0,0,0,0,card,phone,none,payment,comcast/xfinity,unknown,unknown,0.8,1.0,0.0,1.0,0.0,,0
1,social_engineering,0,0,0,0,0,1,1,1,0,0,unknown,social_media,clicked_link,none,company,unknown,unknown,1.0,1.0,1.0,1.0,0.0,,0
1,commerce,0,0,1,0,0,0,0,0,1,0,bank,none,sent_money,payment,company,unknown,unknown,0.9,1.0,1.0,0.0,0.0,,0
1,transaction,0,1,0,0,0,0,0,0,0,0,card,sms,sent_money,payment,bank,unknown,unknown,0.8,1.0,0.0,1.0,0.0,,0
1,transaction,0,0,1,0,0,0,1,1,1,0,bank,phone,sent_money,payment,government,unknown,unknown,1.0,1.0,1.0,1.0,0.0,,0
1,social_engineering,0,0,0,0,0,1,0,1,0,0,unknown,email,blocked_and_deleted,none,unknown,unknown,unknown,1.0,1.0,1.0,0.0,0.0,,0
1,social_engineering,0,0,0,0,0,0,1,1,0,0,unknown,sms,clicked_link,none,individual,unknown,unknown,1.0,1.0,1.0,1.0,0.0,,0
1,transaction,1,0,0,0,0,0,0,1,0,0,upi,sms,sent_money,payment,bank,unknown,unknown,1.0,1.0,0.0,1.0,0.0,,0
0,none,0,0,0,0,0,0,0,0,0,0,unknown,sms,clicked_link,none,unknown,unknown,unknown,0.0,1.0,0.0,0.0,0.0,,0
1,transaction,0,0,0,0,0,1,0,0,0,0,bank,sms,shared_credentials,verification,company,unknown,unknown,0.5,1.0,1.0,1.0,0.0,,0
1,transaction,0,1,0,0,0,0,0,0,0,0,card,phone,sent_money,transaction,bank,unknown,unknown,0.9,1.0,1.0,1.0,0.0,,0
1,commerce,0,0,0,1,1,0,0,0,0,0,unknown,none,sent_money,payment,none,$200,USD,0.5,1.0,0.0,0.0,0.0,200.0,1
1,transaction,0,1,0,0,0,0,0,0,0,0,crypto,social_media,clicked_link,payment,company,unknown,unknown,0.8,1.0,1.0,1.0,0.0,,0
1,transaction,0,0,1,0,0,0,0,0,1,0,bank,email,none,payment,individual,7000,MXN,0.95,1.0,1.0,0.0,0.0,7000.0,1
1,commerce,0,0,0,1,0,0,0,0,0,0,upi,phone,none,payment,company,unknown,unknown,0.8,1.0,0.0,1.0,0.0,,0
1,transaction,0,1,0,0,0,0,0,0,0,0,card,email,sent_money,payment,company,unknown,unknown,0.8,1.0,1.0,1.0,0.0,,0
1,transaction,0,0,1,0,0,0,0,0,1,0,bank,sms,sent_money,payment,none,32k,unknown,0.9,1.0,1.0,0.0,0.0,32.0,1
1,transaction,1,0,1,0,0,0,0,0,0,0,upi,email,sent_money,payment,paypal,3600,USD,1.0,1.0,1.0,1.0,0.0,3600.0,1
1,transaction,0,0,1,0,0,0,0,0,0,0,bank,email,sent_money,payment,individual,unknown,unknown,0.8,1.0,0.0,0.0,0.0,,0
1,transaction,1,0,0,0,0,0,1,1,0,0,crypto,website,sent_money,loan,crypto_company,$150k,USD,1.0,1.0,1.0,1.0,0.0,150.0,1
1,transaction,0,0,1,0,0,0,0,0,0,0,bank,email,sent_money,payment,artist,$800,USD,0.5,1.0,1.0,0.0,0.0,800.0,1
1,transaction,0,0,1,0,0,0,0,0,0,0,bank,website,clicked_link,transaction,company,$54K,USD,0.8,1.0,1.0,1.0,0.0,54.0,1
1,commerce,0,0,0,0,0,0,0,0,0,0,unknown,website,sent_money,payment,company,unknown,unknown,0.8,1.0,0.0,1.0,0.0,,0
1,transaction,0,0,1,0,0,0,0,0,1,0,bank,app,installed_app,subscription,unknown,unknown,unknown,0.8,1.0,0.0,0.0,0.0,,0
1,transaction,0,0,0,0,0,0,0,0,0,0,crypto,website,installed_app,trade,unknown,unknown,unknown,0.9,1.0,1.0,0.0,0.0,,0
1,commerce,0,0,0,0,0,0,0,0,0,0,unknown,social_media,sent_money,commerce,none,unknown,unknown,0.0,1.0,0.0,0.0,0.0,,0
1,transaction,0,0,0,0,0,0,0,0,0,0,unknown,sms,sent_money,payment,company,unknown,unknown,0.8,1.0,0.0,1.0,0.0,,0
1,transaction,0,0,1,0,0,0,0,0,1,0,bank,sms,sent_money,payment,company,unknown,unknown,0.8,1.0,0.0,1.0,0.0,,0
1,commerce,0,0,0,0,0,0,0,0,0,0,card,phone,sent_money,payment,company,125,EUR,0.8,1.0,0.0,1.0,0.0,125.0,1
1,transaction,0,1,0,0,0,0,0,1,0,0,card,sms,sent_money,payment,unknown,unknown,unknown,1.0,1.0,0.0,0.0,0.0,,0
1,transaction,0,0,0,0,0,0,0,0,1,0,unknown,social_media,clicked_link,none,unknown,unknown,unknown,0.8,1.0,0.0,0.0,0.0,,0
1,transaction,1,0,0,0,0,0,0,0,0,0,upi,website,clicked_link,payment,government,unknown,unknown,0.8,1.0,0.0,1.0,0.0,,0
1,social_engineering,0,0,0,0,0,0,0,1,0,0,unknown,sms,none,none,individual,unknown,unknown,1.0,1.0,0.0,0.0,0.0,,0
1,transaction,0,0,0,0,0,0,0,0,1,0,unknown,website,invested_money,investment,none,tens of thousands,unknown,0.8,1.0,1.0,0.0,0.0,,0
1,commerce,0,1,0,0,0,0,0,0,0,0,card,social_media,sent_money,payment,company,unknown,unknown,0.9,1.0,1.0,1.0,0.0,,0
1,transaction,1,0,0,0,0,0,0,0,0,0,upi,website,sent_money,payment,bank,unknown,unknown,0.5,1.0,0.0,1.0,0.0,,0
1,social_engineering,0,0,0,0,0,1,0,1,0,0,unknown,sms,none,verification,security_center,unknown,unknown,1.0,1.0,1.0,1.0,0.0,,0
1,transaction,0,1,0,0,0,0,0,0,0,0,card,email,sent_money,payment,company,unknown,unknown,0.5,1.0,0.0,1.0,0.0,,0
1,transaction,0,1,0,0,0,0,0,0,0,0,card,unknown,sent_money,payment,company,unknown,unknown,0.5,1.0,1.0,0.0,0.0,,0
1,commerce,0,0,1,0,0,0,0,0,1,0,bank,sms,sent_money,payment,company,unknown,unknown,0.9,1.0,0.0,0.0,0.0,,0
0,none,0,0,0,0,0,0,0,0,0,0,unknown,phone,installed_app,replacement,none,₹46k,INR,0.0,1.0,1.0,0.0,0.0,46.0,1
1,transaction,0,0,1,0,0,0,0,0,0,0,bank,sms,sent_money,payment,company,unknown,unknown,0.8,1.0,0.0,1.0,0.0,,0
1,commerce,0,0,0,1,0,0,0,0,0,0,upi,website,sent_money,payment,company,4799,INR,0.8,1.0,0.0,0.0,0.0,4799.0,1
1,social_engineering,0,0,0,0,0,0,0,1,1,0,unknown,none,sent_money,none,none,100 USD,USD,1.0,1.0,0.0,0.0,0.0,100.0,1
1,transaction,0,0,1,0,0,0,0,0,0,0,bank,email,paid,payment,company,40000,unknown,1.0,1.0,1.0,1.0,0.0,40000.0,1
1,transaction,0,0,1,0,0,0,0,0,0,0,bank,sms,sent_money,transaction,bank,unknown,unknown,0.8,1.0,0.0,1.0,0.0,,0
1,transaction,0,1,0,0,0,0,0,0,0,0,card,website,sent_money,payment,company,unknown,unknown,0.0,0.0,1.0,1.0,0.0,,0
1,transaction,0,0,1,0,0,0,0,0,1,0,bank,phone,shared_credentials,transaction,none,unknown,unknown,0.8,1.0,0.0,0.0,0.0,,0
1,social_engineering,0,0,1,0,0,0,0,1,1,0,bank,phone,sent_money,payment,individual,unknown,INR,1.0,1.0,1.0,0.0,0.0,,0
1,transaction,0,1,0,0,0,0,0,0,0,0,card,unknown,sent_money,none,unknown,unknown,unknown,0.0,0.0,1.0,0.0,0.0,,0
1,transaction,0,0,1,0,0,0,0,0,0,0,bank,unknown,sent_money,payment,none,unknown,unknown,0.0,1.0,1.0,0.0,0.0,,0
1,transaction,0,1,0,0,0,0,0,0,0,0,bank,social_media,uploaded_credentials,verification,unknown,unknown,unknown,0.9,1.0,1.0,0.0,0.0,,0
1,social_engineering,0,0,0,0,0,0,0,1,0,0,unknown,social_media,sent_money,none,individual,1000 to 2000 US dollars,USD,1.0,1.0,0.0,0.0,0.0,1000.0,1
1,transaction,0,0,1,0,0,0,0,1,0,0,bank,email,sent_money,payment,paypal,100,USD,1.0,1.0,0.0,0.0,0.0,100.0,1
1,transaction,1,0,0,0,0,0,1,1,0,0,upi,phone,none,verification,company,unknown,unknown,1.0,1.0,1.0,1.0,0.0,,0
1,transaction,0,1,0,0,0,0,0,0,0,0,card,email,clicked_link,payment,company,25,USD,0.8,1.0,0.0,1.0,0.0,25.0,1
1,social_engineering,0,0,0,0,0,1,1,1,0,0,unknown,phone,none,verification,national_process_service,unknown,unknown,1.0,1.0,1.0,1.0,0.0,,0
0,none,0,0,0,0,0,0,0,0,0,0,upi,email,received_credit,none,cyber_police,175,INR,0.0,0.0,0.0,1.0,0.0,175.0,1
1,transaction,1,0,0,0,0,0,0,0,0,0,upi,sms,sent_money,payment,bank,unknown,unknown,0.9,1.0,0.0,1.0,0.0,,0
1,social_engineering,0,0,0,0,0,0,1,1,0,0,unknown,phone,none,none,individual,unknown,unknown,1.0,1.0,1.0,1.0,0.0,,0
1,transaction,0,0,1,0,0,0,0,0,1,0,bank,phone,none,transaction,bank,unknown,unknown,0.9,1.0,1.0,1.0,0.0,,0
1,commerce,0,0,0,1,0,0,0,0,0,0,upi,unknown,sent_money,payment,company,unknown,unknown,0.0,1.0,0.0,1.0,0.0,,0
1,transaction,0,0,1,0,0,0,0,0,1,0,bank,website,sent_money,transaction,company,unknown,unknown,0.8,1.0,0.0,1.0,0.0,,0
1,social_engineering,0,0,0,0,0,0,0,1,0,0,unknown,sms,none,none,individual,unknown,unknown,1.0,1.0,1.0,0.0,0.0,,0
1,wallet_drainer,0,0,0,0,0,1,0,0,0,0,crypto,website,entered_seed_phrase,wallet_confirmation,none,$HYPER,USD,0.9,1.0,1.0,0.0,0.0,,0
1,commerce,0,0,0,0,0,0,0,0,0,0,unknown,website,installed_app,commerce,company,unknown,unknown,0.5,1.0,0.0,1.0,0.0,,0
0,none,0,0,0,0,0,0,0,0,0,0,unknown,phone,none,transaction,unknown,2999,CROWNS,0.0,1.0,0.0,0.0,0.0,2999.0,1
1,transaction,0,0,1,0,0,0,0,0,0,0,bank,sms,shared_credentials,transaction,coinbase,unknown,unknown,0.9,1.0,1.0,1.0,0.0,,0
0,none,0,0,0,0,0,0,0,0,0,0,unknown,sms,abuse,none,unknown,unknown,unknown,0.0,1.0,0.0,0.0,0.0,,0
1,transaction,1,0,0,0,0,0,0,1,0,0,upi,sms,sent_money,payment,bank,unknown,unknown,1.0,1.0,0.0,1.0,0.0,,0
1,social_engineering,0,0,0,0,0,0,1,1,0,0,unknown,telegram,sent_money,none,unknown,unknown,unknown,1.0,1.0,1.0,1.0,0.0,,0
1,social_engineering,0,0,0,0,0,1,0,0,0,0,unknown,app,installed_app,none,unknown,unknown,unknown,0.8,1.0,0.0,0.0,0.0,,0
1,pig_butchering,0,0,0,0,0,0,0,0,1,0,crypto,website,invested,investment,none,"12,100 USDC - 37,100 USDC",ETH,0.9,1.0,0.0,0.0,0.0,12100.0,1
1,commerce,1,0,0,1,0,0,0,0,0,0,upi,sms,sent_money,payment,company,unknown,unknown,0.8,1.0,0.0,0.0,0.0,,0
1,transaction,0,1,1,0,0,0,0,0,0,0,bank,sms,sent_money,payment,company,3200,USD,0.5,1.0,1.0,1.0,0.0,3200.0,1
1,transaction,0,0,1,0,0,0,0,1,0,0,bank,email,clicked_link,transaction,company,unknown,unknown,1.0,1.0,0.0,1.0,0.0,,0
1,transaction,0,1,0,0,0,0,0,0,1,0,bank,social_media,sent_money,payment,individual,17000,USD,0.5,1.0,1.0,0.0,0.0,17000.0,1
1,commerce,0,1,0,1,1,0,0,0,0,0,card,social_media,sent_money,commerce,company,unknown,unknown,0.9,1.0,1.0,1.0,0.0,,0
1,commerce,0,0,0,1,0,0,0,0,0,0,upi,website,sent_money,payment,company,unknown,unknown,0.8,1.0,0.0,1.0,0.0,,0
1,commerce,0,0,0,1,1,0,0,0,0,0,unknown,website,clicked_link,commerce,none,unknown,unknown,0.9,1.0,0.0,0.0,0.0,,0
1,social_engineering,0,0,0,0,0,0,1,1,0,0,unknown,sms,sent_money,none,company,unknown,unknown,0.95,1.0,1.0,1.0,0.0,,0
1,transaction,0,1,0,0,0,0,0,0,0,0,unknown,website,clicked_link,none,company,unknown,unknown,0.9,1.0,0.0,0.0,0.0,,0
1,transaction,0,0,1,0,0,0,0,0,1,0,bank,social_media,sent_money,payment,none,300,USD,0.8,1.0,0.0,0.0,0.0,300.0,1
1,transaction,1,0,1,0,0,0,0,0,0,0,upi,phone,none,transaction,bank,$999.00 &amp; $989.55,USD,1.0,1.0,0.0,0.0,0.0,999.0,1
1,transaction,0,0,1,0,0,0,0,0,1,0,bank,sms,sent_money,transaction,none,unknown,unknown,0.8,1.0,0.0,0.0,0.0,,0
1,transaction,0,0,0,0,0,0,0,0,0,0,upi,website,clicked_link,transaction,crypto_exchange,unknown,unknown,0.95,1.0,1.0,1.0,0.0,,0
1,commerce,0,1,0,1,1,0,0,0,0,0,card,phone,sent_money,payment,company,14000,INR,0.8,1.0,1.0,1.0,0.0,14000.0,1
1,transaction,0,0,0,0,0,0,0,0,1,0,unknown,social_media,none,none,individual,unknown,unknown,0.9,1.0,0.0,0.0,0.0,,0
1,transaction,1,0,0,1,0,0,0,1,0,0,upi,phone,shared_credentials,transaction,company,unknown,unknown,1.0,1.0,1.0,0.0,0.0,,0
1,wallet_drain,0,0,0,0,0,0,0,1,0,0,crypto,sms,entered_credentials,wallet_drain,unknown,"$13,000",USD,1.0,1.0,1.0,0.0,0.0,13000.0,1
1,commerce,0,1,0,0,0,0,0,0,0,0,card,social_media,sent_money,payment,company,$20,USD,0.5,1.0,0.0,0.0,0.0,20.0,1
1,transaction,0,0,1,0,0,0,0,1,0,0,bank,social_media,sent_money,payment,company,$100,USD,1.0,1.0,0.0,0.0,0.0,100.0,1
1,transaction,0,0,1,0,0,0,0,0,0,0,bank,email,clicked_link,transaction,bank,unknown,unknown,0.8,1.0,1.0,1.0,0.0,,0
1,social_engineering,0,0,0,0,0,1,0,0,0,0,unknown,phone,none,verification,aetna_and_cvs,unknown,unknown,0.8,1.0,1.0,1.0,0.0,,0
1,commerce,0,1,0,0,0,0,0,0,0,0,card,email,shared_credentials,payment,company,unknown,unknown,0.9,1.0,0.0,0.0,0.0,,0
1,transaction,0,0,1,0,0,0,0,0,1,0,bank,website,sent_money,transaction,company,unknown,unknown,0.9,1.0,1.0,1.0,0.0,,0
1,social_engineering,0,0,0,0,0,0,1,1,0,0,unknown,phone,none,none,individual,unknown,unknown,1.0,1.0,1.0,1.0,0.0,,0
1,transaction,0,1,0,0,0,0,0,0,0,0,card,phone,sent_money,payment,company,2000,INR,0.8,1.0,0.0,1.0,0.0,2000.0,1
1,transaction,0,1,0,0,0,0,0,0,0,0,unknown,sms,none,payment,unknown,unknown,unknown,0.8,1.0,1.0,0.0,0.0,,0
1,social_engineering,0,0,0,0,0,0,1,1,0,0,unknown,sms,none,none,unknown,unknown,unknown,1.0,1.0,1.0,1.0,0.0,,0
1,transaction,0,0,0,0,0,0,0,0,0,0,upi,website,joined,transaction,none,$100,USD,0.5,1.0,0.0,0.0,0.0,100.0,1
1,social_engineering,0,0,0,0,0,0,0,1,0,0,unknown,sms,none,none,none,unknown,unknown,1.0,1.0,1.0,0.0,0.0,,0
1,commerce,0,0,0,1,0,0,0,0,0,0,upi,phone,paid,payment,none,749,INR,0.8,1.0,1.0,0.0,0.0,749.0,1
1,transaction,0,1,0,0,0,0,0,0,0,0,crypto,website,shared_credentials,none,unknown,unknown,unknown,0.0,1.0,1.0,0.0,0.0,,0
1,transaction,0,0,1,0,0,0,0,0,0,0,bank,website,sent_money,payment,company,unknown,unknown,0.5,1.0,0.0,0.0,0.0,,0
1,transaction,0,0,0,0,0,0,0,0,0,0,unknown,social_media,sent_money,payment,individual,unknown,unknown,0.8,1.0,1.0,0.0,0.0,,0
1,transaction,0,0,1,0,0,0,0,0,1,0,bank,sms,sent_money,transaction,company,unknown,EUR,0.9,1.0,1.0,1.0,0.0,,0
1,transaction,0,0,1,0,0,0,0,0,1,0,bank,email,clicked_link,verification,coinbase,1300,USD,0.5,1.0,1.0,1.0,0.0,1300.0,1
1,transaction,0,0,1,0,0,0,0,0,0,0,bank,sms,sent_money,payment,unknown,2100,unknown,0.8,1.0,0.0,0.0,0.0,2100.0,1
1,transaction,1,0,0,0,0,0,0,0,0,0,upi,email,sent_money,payment,paypal,unknown,unknown,0.9,1.0,1.0,1.0,0.0,,0
1,transaction,1,0,0,0,0,0,0,0,0,0,upi,sms,sent_money,payment,bank,6000000,INR,1.0,1.0,1.0,1.0,0.0,6000000.0,1
1,transaction,0,0,0,0,0,0,0,0,0,0,unknown,website,clicked_link,none,unknown,"$2,500",USD,1.0,1.0,1.0,0.0,0.0,2500.0,1
1,transaction,0,0,1,0,0,0,0,0,1,0,bank,website,sent_money,payment,company,unknown,unknown,0.8,1.0,1.0,1.0,0.0,,0
0,none,0,0,0,0,0,0,0,0,0,0,unknown,unknown,none,none,unknown,unknown,unknown,0.0,0.0,0.0,0.0,0.0,,0
1,transaction,0,0,1,0,0,0,0,0,1,0,bank,email,sent_money,payment,none,unknown,unknown,0.9,1.0,1.0,0.0,0.0,,0
1,commerce,0,0,0,1,1,0,0,0,1,0,upi,sms,sent_money,payment,company,6000,INR,0.95,1.0,1.0,1.0,0.0,6000.0,1
1,transaction,0,1,1,0,0,0,0,0,1,0,bank,email,sent_money,payment,none,$800,USD,1.0,1.0,1.0,0.0,0.0,800.0,1
1,meta,0,0,0,0,0,0,0,0,1,0,crypto,website,installed_app,commerce,company,unknown,unknown,0.0,0.0,0.0,1.0,0.0,,0
1,commerce,0,1,0,0,0,0,0,0,0,0,crypto,website,deposited_money,transaction,crypto_exchange,unknown,unknown,0.0,0.0,1.0,0.0,0.0,,0
1,transaction,0,0,1,0,0,0,0,0,1,0,bank,wechat,sent_money,payment,none,unknown,unknown,0.9,1.0,1.0,0.0,0.0,,0
1,social_engineering,0,0,0,0,0,0,1,1,0,0,crypto,social_media,none,recovery,unknown,unknown,unknown,1.0,1.0,1.0,1.0,0.0,,0
1,commerce,0,0,0,1,0,0,0,0,0,0,unknown,website,clicked_link,commerce,company,unknown,unknown,0.0,0.0,1.0,0.0,0.0,,0
1,transaction,0,0,0,0,0,0,0,0,0,0,card,social_media,sent_money,payment,none,unknown,unknown,0.9,1.0,0.0,0.0,0.0,,0
1,transaction,0,0,0,0,0,0,0,0,0,0,crypto,email,clicked_link,payment,unknown,unknown,unknown,0.0,1.0,0.0,0.0,0.0,,0
1,transaction,0,1,0,0,0,0,0,0,0,0,card,whatsapp,entered_card_details,payment,airtel,unknown,INR,0.8,1.0,1.0,1.0,0.0,,0
1,transaction,0,0,1,0,0,0,0,0,0,0,bank,sms,sent_money,transaction,unknown,unknown,unknown,0.9,1.0,0.0,0.0,0.0,,0
1,transaction,1,0,0,0,0,0,0,1,0,0,upi,phone,sent_money,payment,bank,5000,INR,1.0,1.0,0.0,1.0,0.0,5000.0,1
1,transaction,0,0,0,0,0,0,0,0,1,0,usdt,telegram,sent_money,payment,unknown,unknown,USDT,0.99,1.0,1.0,0.0,0.0,,0
1,transaction,0,0,1,0,0,0,0,1,1,0,bank,phone,sent_money,payment,company,"$28,400",USD,1.0,1.0,1.0,0.0,0.0,28400.0,1
1,transaction,0,0,1,0,0,0,0,0,1,0,bank,website,deposit_money,payment,none,unknown,unknown,0.9,1.0,0.0,0.0,0.0,,0
0,none,0,0,0,0,0,0,0,0,0,0,unknown,social_media,clicked_link,none,unknown,unknown,unknown,0.0,0.0,0.0,0.0,0.0,,0
1,social_engineering,0,0,0,0,0,1,1,1,0,0,unknown,website,clicked_link,none,government,unknown,unknown,0.8,1.0,1.0,1.0,0.0,,0
1,commerce,0,0,0,1,0,0,0,0,0,0,upi | card | bank | crypto | gift_card | unknown | none,sms | email | phone | social_media | website | app | unknown | none,sent_money | shared_credentials | clicked_link | installed_app | none | unknown,payment | verification | login | download | none | unknown,bank_|_government_|_company_|_individual_|_none_|_unknown,unknown,unknown,0.5,1.0,0.0,0.0,0.0,,0
1,transaction,1,0,1,0,0,0,0,1,0,0,upi,sms,sent_money,payment,bank,unknown,unknown,1.0,1.0,1.0,0.0,0.0,,0
1,pig_butchering,0,0,0,0,0,0,0,0,1,0,unknown,website,sent_money,investment,unknown,unknown,unknown,0.9,1.0,1.0,0.0,0.0,,0
1,transaction,0,0,0,0,0,0,0,0,0,0,unknown,website,clicked_link,payment,none,unknown,unknown,0.8,1.0,0.0,0.0,0.0,,0
1,transaction,0,1,1,0,0,0,0,1,1,0,bank,phone,sent_money,payment,company,$250k,USD,1.0,1.0,1.0,0.0,0.0,250.0,1
1,transaction,0,0,0,0,0,0,0,0,0,0,unknown,sms,none,none,unknown,unknown,unknown,0.8,1.0,0.0,0.0,0.0,,0
1,commerce,0,0,0,1,0,0,0,0,0,0,upi,website,sent_money,payment,company,unknown,unknown,0.8,1.0,0.0,1.0,0.0,,0
1,transaction,1,0,0,0,0,0,1,1,0,0,upi,sms,sent_money,payment,bank,unknown,unknown,1.0,1.0,1.0,1.0,0.0,,0
1,transaction,1,0,0,0,0,0,0,1,0,0,upi,phone,sent_money,payment,company,32000,INR,1.0,1.0,0.0,1.0,0.0,32000.0,1
1,transaction,1,0,0,0,0,0,0,0,0,0,upi,sms,sent_money,payment,bank,10000,INR,0.8,1.0,0.0,1.0,0.0,10000.0,1
1,transaction,1,0,0,0,0,0,0,0,0,0,upi,phone,sent_money,payment,unknown,unknown,unknown,0.9,1.0,1.0,0.0,0.0,,0
1,transaction,0,0,1,0,0,0,0,0,1,0,bank,email,sent_money,payment,individual,$4 million,USD,0.8,1.0,1.0,0.0,0.0,4000000.0,1
1,commerce,0,1,0,0,0,0,0,0,0,0,card,website,clicked_link,payment,municipal_corporation_gurgaon_or_indian_post,25.02,unknown,1.0,1.0,1.0,1.0,0.0,25.02,1
1,transaction,1,0,1,0,0,0,0,0,0,0,upi,sms,sent_money,payment,bank,9000,unknown,1.0,1.0,1.0,1.0,0.0,9000.0,1
1,transaction,0,0,1,0,0,0,0,0,0,0,bank,website,invested,payment,company,300,USD,1.0,1.0,1.0,1.0,0.0,300.0,1
1,commerce,0,0,0,1,0,0,0,0,0,0,bank,website,clicked_link,commerce,company,$96,USD,0.8,1.0,0.0,0.0,0.0,96.0,1
1,credential,0,0,0,0,1,0,0,0,0,0,unknown,website,clicked_link,none,individual,unknown,unknown,0.9,1.0,0.0,0.0,0.0,,0
1,transaction,0,1,0,0,0,0,0,0,0,0,card,email,sent_money,payment,none,unknown,unknown,0.8,1.0,1.0,0.0,0.0,,0
1,transaction,0,1,0,0,0,0,1,1,1,0,card,phone,sent_money,payment,bank,18500,INR,1.0,1.0,1.0,1.0,0.0,18500.0,1
1,transaction,0,0,0,0,0,0,0,0,1,0,crypto,email,none,account_lock,bank,unknown,unknown,0.8,1.0,1.0,1.0,0.0,,0
1,transaction,0,0,1,0,0,0,0,0,1,0,bank,website,sent_money,payment,company,unknown,unknown,0.9,1.0,0.0,1.0,0.0,,0
1,transaction,0,1,0,0,0,0,0,0,0,0,card,website,sent_money,payment,unknown,$100,USD,0.0,0.0,0.0,0.0,0.0,100.0,1
1,social_engineering,0,0,0,0,0,0,1,1,0,0,unknown,sms,none,none,individual,unknown,unknown,1.0,1.0,1.0,1.0,0.0,,0
1,transaction,0,0,1,0,0,0,0,0,0,0,bank,phone,sent_money,payment,owner,unknown,unknown,0.9,1.0,0.0,1.0,0.0,,0
1,transaction,0,0,1,0,0,0,0,0,0,0,bank,telegram,sent_money,transaction,exchange,unknown,unknown,0.9,1.0,1.0,0.0,0.0,,0
1,transaction,0,0,1,0,0,0,0,0,0,0,bank,social_media,sent_money,payment,individual,100,USD,0.5,1.0,0.0,0.0,0.0,100.0,1
1,transaction,0,0,0,0,0,0,0,0,0,0,unknown,website,deposited_money,payment,none,unknown,unknown,0.9,1.0,1.0,0.0,0.0,,0
1,commerce,0,0,0,0,0,0,0,0,0,0,crypto,website,sent_money,payment,company,unknown,unknown,0.9,1.0,1.0,0.0,0.0,,0
1,pig_butchering,0,0,0,0,0,0,0,0,1,0,upi,sms,sent_money,none,individual,unknown,unknown,0.9,1.0,0.0,0.0,0.0,,0
1,commerce,0,0,1,1,1,0,0,0,0,0,bank,email,sent_money,payment,company,80,unknown,1.0,1.0,1.0,1.0,0.0,80.0,1
1,transaction,0,0,1,0,0,0,0,0,1,0,bank,none,unknown,unknown,company,unknown,unknown,0.8,1.0,0.0,0.0,0.0,,0
1,commerce,0,0,0,1,0,0,0,0,0,0,upi,app,installed_app,commerce,company,125,unknown,0.8,1.0,0.0,1.0,0.0,125.0,1
1,transaction,0,0,0,0,0,0,0,1,0,0,unknown,social_media,none,transaction,none,6000,unknown,1.0,1.0,0.0,0.0,0.0,6000.0,1
1,transaction,0,1,0,0,0,0,0,0,0,0,card,in_person,none,payment,individual,2500,unknown,0.8,1.0,0.0,0.0,0.0,2500.0,1
0,none,0,0,0,0,0,1,0,0,0,0,unknown,sms,clicked_link,credential,none,unknown,unknown,0.0,1.0,1.0,1.0,0.0,,0
1,commerce,0,0,0,0,1,0,0,0,0,0,unknown,none,installed_app,none,company,unknown,unknown,0.9,1.0,0.0,0.0,0.0,,0
1,social_engineering,0,0,0,0,0,0,1,1,0,0,unknown,phone,none,none,abraham_davidson_law_firm,unknown,unknown,1.0,1.0,1.0,1.0,0.0,,0
1,commerce,0,0,0,0,0,0,0,0,0,0,bank,delivery,sent_money,nondelivery,myntra,909,INR,1.0,1.0,1.0,0.0,0.0,909.0,1
1,transaction,0,0,1,0,0,0,0,0,1,0,bank,social_media,sent_money,payment,none,unknown,unknown,0.8,1.0,0.0,0.0,0.0,,0
1,social_engineering,0,0,0,0,0,0,1,1,0,0,unknown,phone,none,none,government,unknown,unknown,1.0,1.0,1.0,1.0,0.0,,0
1,transaction,0,0,0,0,0,0,0,0,1,0,upi,sms,sent_money,payment,company,2000,USD,1.0,1.0,1.0,1.0,1.0,2000.0,1
1,transaction,0,0,1,0,0,0,0,0,1,0,bank,sms,sent_money,transaction,unknown,$200,USD,1.0,1.0,0.0,0.0,0.0,200.0,1
1,transaction,0,1,1,0,0,0,0,1,0,0,bank,website,sent_money,payment,company,100000,USD,1.0,1.0,1.0,0.0,0.0,100000.0,1
1,social_engineering,0,0,0,0,0,1,1,1,0,0,unknown,email,none,none,federal_court_system,unknown,unknown,1.0,1.0,1.0,1.0,0.0,,0
1,transaction,0,1,0,0,0,0,0,0,0,0,card,website,clicked_link,payment,unknown,$1,USD,0.0,0.0,0.0,0.0,0.0,1.0,1
1,transaction,0,0,1,0,0,0,0,0,0,0,bank,email,sent_money,payment,company,$60/hr,USD,1.0,1.0,0.0,1.0,0.0,60.0,1
1,transaction,0,1,0,0,0,0,0,0,0,0,card,website,clicked_link,payment,company,40,unknown,1.0,1.0,1.0,1.0,0.0,40.0,1
1,commerce,0,1,0,0,0,0,0,0,0,0,card,email,clicked_link,commerce,company,unknown,unknown,0.5,1.0,0.0,1.0,0.0,,0
1,social_engineering,0,0,1,0,0,0,1,1,1,0,bank,sms,sent_money,transaction,binance,unknown,unknown,1.0,1.0,1.0,1.0,0.0,,0
1,transaction,0,0,1,0,0,0,0,0,1,0,bank,phone,sent_money,payment,individual,$500,USD,1.0,1.0,0.0,0.0,0.0,500.0,1
1,transaction,0,1,0,0,0,0,0,0,0,0,card,website,shared_credentials,transaction,company,unknown,unknown,0.0,0.0,1.0,0.0,0.0,,0
1,social_engineering,0,0,0,0,0,0,1,1,0,0,unknown,video_call,joined_group,none,professor_stephen_beard,unknown,unknown,1.0,1.0,0.0,1.0,0.0,,0
1,transaction,0,1,1,0,0,0,0,0,1,0,card,phone,sent_money,payment,individual,20000,INR,0.5,1.0,0.0,0.0,0.0,20000.0,1
1,social_engineering,0,0,0,0,0,1,0,0,0,0,unknown,email,shared_credentials,credential,company,unknown,unknown,0.8,1.0,1.0,1.0,0.0,,0
1,social_engineering,0,0,0,0,0,0,0,1,0,0,unknown,social_media,none,none,individual,none,unknown,1.0,1.0,1.0,0.0,0.0,,0
1,transaction,0,0,0,0,0,0,0,0,0,0,unknown,social_media,none,none,unknown,unknown,unknown,0.8,1.0,0.0,0.0,0.0,,0
1,commerce,0,0,0,1,1,0,0,0,0,0,upi,website,sent_money,payment,company,unknown,unknown,0.8,1.0,0.0,1.0,0.0,,0
1,transaction,0,0,0,0,0,0,0,0,1,0,crypto,website,clicked_link,payment,company,150,USD,0.8,1.0,0.0,1.0,0.0,150.0,1
1,commerce,1,0,1,1,1,0,0,0,0,0,upi,website,sent_money,payment,company,unknown,unknown,0.9,1.0,1.0,1.0,0.0,,0
0,none,0,0,0,0,0,0,0,0,0,0,unknown,phone,none,none,none,120/-,INR,0.0,0.0,0.0,0.0,0.0,120.0,1
1,transaction,0,0,0,0,0,0,0,0,0,0,bank,social_media,sent_money,payment,company,4000,GBP,1.0,1.0,1.0,1.0,0.0,4000.0,1
1,transaction,0,0,1,0,0,0,0,0,0,0,bank,email,sent_money,payment,company,unknown,unknown,0.9,1.0,0.0,1.0,0.0,,0
1,social_engineering,0,0,0,0,0,0,1,1,0,0,unknown,social_media,none,none,company,unknown,unknown,0.8,1.0,1.0,1.0,0.0,,0
0,none,0,0,0,0,0,0,0,0,0,0,unknown,social_media,none,none,individual,unknown,unknown,0.0,0.0,0.0,0.0,0.0,,0
1,transaction,1,0,0,0,0,0,1,1,0,0,upi,website,sent_money,payment,bank,unknown,unknown,1.0,1.0,1.0,1.0,0.0,,0
1,transaction,0,0,1,0,0,0,0,0,1,0,bank,sms,sent_money,payment,individual,unknown,unknown,0.9,1.0,1.0,0.0,0.0,,0
1,transaction,0,1,0,0,0,0,0,0,0,0,bank,sms,sent_money,payment,company,unknown,unknown,0.8,1.0,1.0,1.0,0.0,,0
1,transaction,1,1,1,0,0,0,0,0,1,0,upi,website,sent_money,payment,company,1000,unknown,0.9,1.0,1.0,0.0,0.0,1000.0,1
1,transaction,0,1,0,0,0,0,0,0,0,0,crypto,website,clicked_link,none,unknown,unknown,unknown,0.0,0.0,0.0,0.0,0.0,,0
1,social_engineering,0,0,0,0,0,1,1,1,0,0,unknown,phone,none,none,individual,unknown,unknown,1.0,1.0,1.0,1.0,0.0,,0
1,transaction,0,1,0,0,0,0,0,0,0,0,card,app,none,payment,none,73,unknown,0.5,1.0,0.0,0.0,0.0,73.0,1
1,social_engineering,0,0,1,0,0,0,1,1,0,0,bank,email,clicked_link,transaction,google,$140k,USD,1.0,1.0,1.0,1.0,0.0,140.0,1
1,transaction,0,0,1,0,0,0,0,0,0,0,bank,unknown,none,transaction,bank,unknown,unknown,0.0,1.0,1.0,1.0,0.0,,0
1,commerce,0,0,0,1,1,0,0,0,0,0,upi,phone,sent_money,payment,seller,2000,INR,1.0,1.0,0.0,0.0,0.0,2000.0,1
1,transaction,0,0,1,0,0,0,0,0,0,0,bank,website,deposited,withdrawal,broker,$100,USD,0.8,1.0,1.0,1.0,0.0,100.0,1
1,transaction,0,0,1,0,0,0,0,1,0,0,bank,phone,sent_money,payment,cartel,"$5,000",USD,1.0,1.0,1.0,1.0,0.0,5000.0,1
1,transaction,0,1,0,0,0,0,0,0,0,0,paypal,website,clicked_link,payment,none,100,USD,0.5,1.0,1.0,0.0,0.0,100.0,1
1,transaction,0,0,0,0,0,0,0,0,1,0,crypto,website,clicked_link,none,company,unknown,unknown,0.8,1.0,0.0,1.0,0.0,,0
1,commerce,0,1,0,0,0,0,0,0,0,0,crypto,social_media,shared_credentials,commerce,company,unknown,unknown,0.9,1.0,1.0,1.0,0.0,,0
1,social_engineering,0,0,0,0,0,1,0,0,0,0,unknown,phone,none,none,individual,unknown,unknown,0.8,1.0,0.0,0.0,0.0,,0
1,transaction,0,0,0,0,0,0,0,0,0,0,crypto,website,staked_money,payment,none,unknown,unknown,0.5,1.0,0.0,0.0,0.0,,0
1,advanced,0,0,0,0,0,0,0,0,0,0,upi,email,sent_money,payment,bank,200,unknown,1.0,1.0,0.0,1.0,0.0,200.0,1
1,commerce,0,0,0,1,1,0,0,0,0,0,upi,website,deposited_funds,payment,e_commerce_platform,$4.5K,USD,0.8,1.0,0.0,0.0,0.0,4.5,1
1,transaction,0,0,1,0,0,0,0,0,0,0,bank,email,clicked_link,transaction,ups,unknown,unknown,0.9,1.0,1.0,1.0,0.0,,0
1,social_engineering,0,0,0,0,0,0,1,1,0,0,unknown,sms,none,none,discord_staff,unknown,unknown,0.9,1.0,1.0,1.0,0.0,,0
1,social_engineering,0,0,0,0,0,1,1,1,0,0,unknown,email,none,credential,bbb,unknown,unknown,1.0,1.0,1.0,1.0,0.0,,0
1,transaction,0,0,1,0,0,0,0,0,1,0,bank,postal,sent_money,payment,individual,$68k,USD,0.9,1.0,1.0,0.0,0.0,68.0,1
1,transaction,0,1,0,0,0,0,0,0,0,0,card,phone,none,payment,bank,unknown,unknown,0.8,1.0,0.0,1.0,0.0,,0
0,none,0,0,0,0,0,0,1,1,0,0,unknown,phone,none,none,company,unknown,unknown,1.0,1.0,1.0,1.0,0.0,,0
1,social_engineering,0,0,0,0,0,0,1,1,0,0,unknown,phone,none,none,police,unknown,unknown,1.0,1.0,1.0,1.0,0.0,,0
1,transaction,0,0,1,0,0,0,0,0,1,0,bank,social_media,sent_money,payment,company,100,USD,0.5,1.0,1.0,1.0,0.0,100.0,1
1,transaction,0,0,1,0,0,0,0,0,0,0,bank,email,clicked_link,transaction,company,unknown,unknown,0.5,1.0,0.0,1.0,0.0,,0
1,transaction,0,1,0,0,0,0,0,0,0,0,bank,website,clicked_link,payment,company,unknown,EUR,0.9,1.0,1.0,1.0,0.0,,0
1,commerce,0,0,0,1,0,0,0,0,0,0,upi,website,installed_app,download,company,unknown,unknown,0.8,1.0,0.0,1.0,0.0,,0
1,transaction,0,0,1,0,0,0,0,0,0,0,bank,email,none,transaction,bank,unknown,unknown,0.9,1.0,0.0,1.0,0.0,,0
1,transaction,0,0,0,0,0,0,0,0,0,0,crypto,telegram,sent_money,payment,unknown,unknown,unknown,0.8,1.0,1.0,0.0,0.0,,0
1,transaction,1,0,0,0,0,0,1,1,0,0,upi,website,sent_money,payment,company,3000,USD,1.0,1.0,1.0,1.0,0.0,3000.0,1
1,transaction,1,0,0,0,0,0,0,1,0,0,upi,sms,sent_money,payment,unknown,30000,INR,1.0,1.0,1.0,0.0,0.0,30000.0,1
1,social_engineering,0,0,0,0,0,0,1,1,0,0,unknown,phone,none,verification,resolution_firm,unknown,unknown,1.0,1.0,1.0,1.0,0.0,,0
1,transaction,0,0,1,0,0,0,0,0,0,0,bank,website,sent_money,payment,company,292000,USD,1.0,1.0,0.0,1.0,0.0,292000.0,1
1,commerce,0,1,0,0,0,0,0,0,0,0,card,website,none,payment,ebay_seller,unknown,unknown,0.5,1.0,0.0,0.0,0.0,,0
1,social_engineering,0,0,0,0,0,0,1,1,0,0,unknown,social_media,none,none,discord_staff,unknown,unknown,1.0,1.0,1.0,1.0,0.0,,0
1,social_engineering,0,0,0,0,0,0,1,1,0,0,crypto,email,none,none,unknown,unknown,unknown,1.0,1.0,1.0,1.0,0.0,,0
1,transaction,0,0,0,0,0,0,0,0,0,0,upi,social_media,sent_money,payment,individual,5000,INR,0.8,1.0,1.0,0.0,0.0,5000.0,1
1,transaction,0,0,1,0,0,0,0,0,0,0,bank,website,sent_money,payment,company,6800,unknown,1.0,1.0,1.0,1.0,0.0,6800.0,1
1,transaction,1,0,1,0,0,0,1,1,0,0,upi,sms,sent_money,payment,bank,unknown,unknown,1.0,1.0,1.0,1.0,0.0,,0
1,transaction,1,0,0,0,0,0,0,0,0,0,upi,sms,sent_money,payment,bank,unknown,unknown,0.8,1.0,0.0,1.0,0.0,,0
1,transaction,0,0,1,0,0,0,0,0,1,0,bank,website,invested,transaction,pcex,unknown,unknown,0.9,1.0,1.0,0.0,0.0,,0
1,transaction,0,0,0,0,0,0,0,0,0,0,crypto,website,sent_money,payment,crypto_trading_platform,unknown,unknown,0.0,1.0,1.0,0.0,0.0,,0
1,transaction,0,0,0,0,0,0,0,0,0,0,unknown,website,clicked_link,none,none,unknown,unknown,0.5,1.0,1.0,0.0,0.0,,0
1,social_engineering,0,0,0,0,0,0,1,1,0,0,unknown,phone,none,none,airline_customer_service,unknown,unknown,1.0,1.0,1.0,1.0,0.0,,0
1,transaction,0,1,0,0,0,0,0,0,1,0,bank,email,sent_money,payment,unknown,100,USD,0.8,1.0,1.0,0.0,0.0,100.0,1
1,transaction,0,1,0,0,0,0,0,0,0,0,card,phone,none,payment,car_rental_company,$10,USD,0.8,0.8,0.0,0.0,0.0,10.0,1
1,transaction,0,0,0,0,0,0,1,1,0,0,unknown,social_media,none,none,individual,unknown,unknown,0.95,1.0,1.0,1.0,0.0,,0
1,transaction,0,0,1,0,0,0,0,1,0,0,bank,sms,sent_money,none,unknown,unknown,unknown,0.8,1.0,1.0,0.0,0.0,,0
1,commerce,1,0,0,1,0,0,0,0,0,0,upi,phone,sent_money,payment,individual,500,INR,1.0,1.0,1.0,0.0,0.0,500.0,1
0,none,0,0,0,0,0,0,0,0,0,0,unknown,phone,none,none,none,unknown,unknown,0.0,1.0,0.0,0.0,0.0,,0
1,commerce,0,0,0,1,1,0,0,0,0,0,upi,website,sent_money,payment,e_commerce_platform,unknown,unknown,0.9,1.0,1.0,1.0,0.0,,0
1,transaction,0,0,1,0,0,0,1,1,0,0,bank,phone,sent_money,transaction,government,$6k,USD,0.9,1.0,1.0,1.0,0.0,6.0,1
1,transaction,0,0,0,0,0,0,0,1,0,0,crypto,website,installed_app,payment,none,unknown,unknown,0.95,1.0,0.0,0.0,0.0,,0
0,none,0,0,0,0,0,0,0,0,1,0,unknown,social_media,none,none,individual,unknown,unknown,0.0,1.0,0.0,0.0,0.0,,0
1,transaction,0,0,1,0,0,0,0,1,0,0,bank,social_media,sent_money,transaction,none,unknown,unknown,1.0,1.0,1.0,0.0,0.0,,0
1,transaction,0,0,0,0,0,0,0,1,0,0,upi,phone,sent_money,payment,none,280,INR,1.0,1.0,0.0,0.0,0.0,280.0,1
1,transaction,0,0,0,0,0,0,0,0,0,0,bank,none,sent_money,payment,company,60000,INR,1.0,1.0,1.0,1.0,0.0,60000.0,1
1,transaction,0,0,1,0,0,0,0,0,0,0,bank,text,sent_money,payment,none,unknown,unknown,0.8,1.0,1.0,0.0,0.0,,0
1,transaction,0,1,0,0,0,0,0,0,0,0,card,unknown,sent_money,payment,none,unknown,unknown,0.0,1.0,1.0,0.0,0.0,,0
1,transaction,0,0,1,0,0,0,0,0,0,0,bank,website,paid,tax,crypto_exchange,unknown,unknown,0.9,1.0,1.0,1.0,0.0,,0
1,social_engineering,0,0,0,0,0,0,1,1,0,0,unknown,email,none,none,company,unknown,unknown,1.0,1.0,1.0,1.0,0.0,,0
1,transaction,0,1,0,0,0,0,0,0,0,0,crypto,website,sent_money,payment,company,500,unknown,1.0,1.0,1.0,1.0,0.0,500.0,1
1,transaction,0,0,1,0,0,0,0,0,0,0,bank,phone,sent_money,verification,binance,unknown,unknown,0.9,1.0,0.0,1.0,0.0,,0
1,commerce,0,0,0,1,0,0,0,0,0,0,bank,phone,none,none,unknown,"$9,500",USD,1.0,1.0,1.0,0.0,0.0,9500.0,1
1,transaction,1,0,0,0,0,0,1,1,0,0,upi,sms,sent_money,payment,company,unknown,unknown,1.0,1.0,1.0,1.0,0.0,,0
1,transaction,0,0,1,0,0,0,0,0,1,0,bank,unknown,paid,payment,company,65000,INR,1.0,1.0,1.0,1.0,0.0,65000.0,1
1,social_engineering,0,0,0,0,0,0,1,1,0,0,unknown,comment_section,clicked_link,none,unknown,unknown,unknown,1.0,1.0,1.0,1.0,0.0,,0
1,social_engineering,0,0,0,0,0,1,1,1,0,0,unknown,email,none,verification,google,unknown,unknown,1.0,1.0,1.0,1.0,0.0,,0
1,transaction,1,0,0,0,0,0,1,1,0,0,upi,sms,sent_money,payment,company,1000,INR,0.9,1.0,1.0,1.0,0.0,1000.0,1
1,social_engineering,0,0,0,0,0,0,1,1,0,0,unknown,email,clicked_link,none,google_forms,unknown,unknown,1.0,1.0,0.0,1.0,0.0,,0
1,transaction,0,0,0,0,0,0,0,0,1,0,unknown,none,none,none,none,unknown,unknown,0.95,1.0,1.0,0.0,0.0,,0
1,transaction,0,0,1,0,0,0,0,0,1,0,bank,social_media,sent_money,payment,none,1200,unknown,0.9,1.0,1.0,0.0,0.0,1200.0,1
1,social_engineering,0,0,0,0,0,0,0,1,0,0,unknown,social_media,none,none,individual,nudes,unknown,1.0,1.0,1.0,0.0,0.0,,0
1,transaction,0,0,0,0,0,0,0,0,0,0,upi,sms,sent_money,payment,health_insurance_company,unknown,unknown,0.9,1.0,1.0,1.0,0.0,,0
1,social_engineering,0,0,0,0,0,0,1,1,0,0,unknown,sms,sent_money,none,company,unknown,unknown,1.0,1.0,1.0,1.0,0.0,,0
1,transaction,1,0,0,0,0,0,0,0,1,0,upi,website,sent_money,verification,company,unknown,unknown,0.9,1.0,1.0,1.0,0.0,,0
1,social_engineering,0,0,0,0,0,0,1,1,0,0,unknown,phone,none,none,government,unknown,unknown,1.0,1.0,1.0,1.0,0.0,,0
1,transaction,0,0,1,0,0,0,0,0,1,0,bank,sms,sent_money,payment,friend,$40,USD,1.0,1.0,1.0,0.0,0.0,40.0,1
1,transaction,0,0,1,0,0,0,0,0,1,0,bank,email,sent_money,payment,none,$70,USD,1.0,1.0,0.0,0.0,0.0,70.0,1
1,recovery,0,0,0,0,0,0,1,1,0,0,unknown,phone,none,recovery,unknown,unknown,unknown,1.0,1.0,1.0,1.0,0.0,,0
1,transaction,0,0,0,0,0,0,0,0,0,0,unknown,email,clicked_link,none,company,unknown,unknown,0.9,1.0,0.0,1.0,0.0,,0
1,transaction,0,0,1,0,0,0,0,0,0,0,bank,none,shared_credentials,verification,company,unknown,unknown,0.0,1.0,0.0,0.0,0.0,,0
1,commerce,0,0,0,0,0,0,0,0,0,0,unknown,website,sent_money,payment,none,unknown,unknown,0.9,1.0,0.0,0.0,0.0,,0
1,transaction,0,1,0,0,0,0,0,1,1,0,card,app,installed_app,transaction,unknown,unknown,USD,1.0,1.0,1.0,0.0,0.0,,0
0,none,0,0,0,0,0,0,0,0,1,0,unknown,sms,none,none,individual,unknown,unknown,0.0,1.0,0.0,0.0,0.0,,0
0,none,0,0,0,0,0,0,0,0,0,0,crypto,website,installed_app,none,unknown,unknown,unknown,0.0,0.0,0.0,0.0,0.0,,0
1,commerce,0,0,0,0,0,0,0,0,0,0,unknown,sms,shared_credentials,none,unknown,unknown,unknown,0.8,1.0,0.0,0.0,0.0,,0
1,meta,0,0,0,0,0,0,0,0,0,0,unknown,social_media,none,donation,ice,unknown,unknown,1.0,1.0,1.0,1.0,0.0,,0
1,social_engineering,0,0,0,0,0,0,1,1,0,0,unknown,sms,none,none,individual,unknown,unknown,1.0,1.0,0.0,1.0,0.0,,0
1,transaction,0,0,1,0,0,0,0,0,1,0,bank,website,withdrew_money,payment,none,unknown,unknown,1.0,1.0,1.0,0.0,0.0,,0
1,commerce,0,0,0,1,0,0,0,0,0,0,bank,website,sent_money,commerce,company,128,USD,0.5,1.0,1.0,0.0,0.0,128.0,1
0,none,0,0,0,0,0,0,0,0,0,0,unknown,email,clicked_link,none,microsoft,unknown,unknown,0.0,0.0,1.0,1.0,0.0,,0
1,transaction,0,1,0,0,0,0,0,0,0,0,card,website,shared_credentials,transaction,company,unknown,unknown,0.0,0.0,1.0,0.0,0.0,,0
1,transaction,0,0,1,0,0,0,0,0,1,0,bank,phone,blocked,none,scammers,unknown,unknown,0.8,1.0,1.0,0.0,0.0,,0
0,none,0,0,0,0,0,0,0,0,0,0,unknown,website,none,none,none,unknown,unknown,0.0,0.0,0.0,1.0,0.0,,0
1,transaction,0,1,0,0,0,0,0,0,0,0,bank,email,deposited_check,payment,unknown,unknown,unknown,0.9,1.0,1.0,0.0,0.0,,0
1,transaction,0,0,1,0,0,0,0,0,0,0,bank,email,sent_money,payment,company,$900,USD,1.0,1.0,0.0,1.0,0.0,900.0,1
1,commerce,0,0,1,1,0,0,0,0,0,0,bank,website,sent_money,commerce,company,3850,USD,1.0,1.0,0.0,1.0,0.0,3850.0,1
1,transaction,0,0,1,0,0,0,0,0,1,0,bank,website,clicked_link,transaction,none,unknown,unknown,0.9,1.0,1.0,0.0,0.0,,0
1,transaction,0,0,1,0,0,0,0,0,0,0,bank,email,sent_money,payment,company,unknown,unknown,0.8,1.0,0.0,1.0,0.0,,0
1,transaction,1,1,1,0,0,0,0,0,0,0,upi | card | bank | crypto | gift_card | unknown | none,sms | email | phone | social_media | website | app | unknown | none,sent_money | shared_credentials | clicked_link | installed_app | none | unknown,payment | verification | login | download | none | unknown,bank_|_government_|_company_|_individual_|_none_|_unknown,unknown,unknown,0.9,1.0,1.0,0.0,0.0,,0
1,transaction,0,0,1,0,0,0,0,0,1,0,bank,unknown,sent_money,payment,company,1500,INR,0.8,1.0,0.0,1.0,0.0,1500.0,1
1,transaction,0,0,1,0,0,0,0,0,1,0,bank,phone,none,transaction,company,73,unknown,0.9,1.0,0.0,1.0,0.0,73.0,1
1,transaction,0,1,0,0,0,0,0,1,0,0,bank,website,sent_money,payment,none,270,unknown,1.0,1.0,0.0,0.0,0.0,270.0,1
1,transaction,0,1,1,0,0,0,1,1,0,0,bank,phone,sent_money,payment,landlord,unknown,unknown,1.0,1.0,1.0,1.0,0.0,,0
1,transaction,0,0,0,0,0,0,0,0,0,0,crypto,twitter,shared_credentials,payment,unknown,"$40,000",USD,1.0,1.0,0.0,0.0,0.0,40000.0,1
1,social_engineering,0,0,0,0,0,0,1,1,0,0,unknown,sms,sent_money,payment,individual,unknown,unknown,1.0,1.0,1.0,1.0,0.0,,0
1,transaction,0,0,1,0,0,0,0,0,1,0,bank,app,installed_app,trade,company,unknown,unknown,0.9,1.0,1.0,1.0,0.0,,0
1,transaction,0,0,1,0,0,0,0,0,1,0,bank,website,clicked_link,transaction,none,unknown,unknown,0.8,1.0,1.0,0.0,0.0,,0
1,transaction,0,0,1,0,0,0,0,0,1,0,bank,phone,none,payment,company,unknown,unknown,0.8,1.0,1.0,1.0,0.0,,0
1,transaction,0,1,0,0,0,0,0,0,0,0,card,unknown,sent_money,payment,none,unknown,unknown,0.9,1.0,1.0,1.0,0.0,,0
1,transaction,1,0,0,0,0,0,0,0,1,0,upi,telegram,sent_money,payment,unknown,1865,unknown,0.9,1.0,1.0,0.0,0.0,1865.0,1
1,transaction,0,1,0,0,0,0,0,0,0,0,card,email,sent_money,payment,company,$550,USD,0.8,1.0,1.0,1.0,0.0,550.0,1
1,commerce,0,0,0,1,0,0,0,0,0,0,upi,website,clicked_link,commerce,company,unknown,unknown,0.5,1.0,0.0,1.0,0.0,,0
1,social_engineering,0,0,0,0,0,0,1,1,0,0,unknown,phone,none,none,police,₹6000+,INR,1.0,1.0,1.0,1.0,0.0,6000.0,1
1,commerce,0,0,0,1,1,0,0,0,0,0,upi,email,sent_money,payment,company,unknown,unknown,0.8,1.0,0.0,1.0,0.0,,0
1,social_engineering,0,0,0,0,0,1,0,0,0,0,unknown,email,shared_credentials,credential,company,unknown,unknown,0.8,1.0,0.0,1.0,0.0,,0
1,transaction,0,0,1,0,0,0,0,0,1,0,bank,sms,sent_money,payment,company,20000,USD,1.0,1.0,0.0,1.0,0.0,20000.0,1
1,social_engineering,0,0,0,0,0,1,1,1,0,0,unknown,phone,none,credential,government,unknown,unknown,1.0,1.0,1.0,1.0,0.0,,0
1,transaction,0,0,0,0,0,0,0,0,0,0,crypto,website,deposited_money,verification,none,unknown,unknown,0.9,1.0,1.0,0.0,0.0,,0
1,transaction,0,1,0,0,0,0,0,0,0,0,bank,social_media,clicked_link,payment,tiktok,$20 CAD,CAD,1.0,1.0,0.0,1.0,1.0,20.0,1
1,transaction,1,0,0,0,0,0,0,0,0,0,upi,unknown,sent_money,payment,bank,unknown,unknown,0.5,1.0,0.0,1.0,0.0,,0
1,transaction,0,0,1,0,0,0,0,1,0,0,bank,website,clicked_link,transaction,company,$5000-$50000,USD,1.0,1.0,0.0,1.0,0.0,5000.0,1
1,transaction,0,0,0,0,0,0,0,0,0,0,crypto,website,deposited_bitcoin,transaction,cryptoflasher,20000,USD,1.0,1.0,1.0,0.0,0.0,20000.0,1
1,social_engineering,0,0,0,0,0,0,1,1,0,0,crypto,social_media,installed_app,download,individual,unknown,unknown,1.0,1.0,1.0,1.0,0.0,,0
1,social_engineering,0,0,0,0,0,1,0,0,0,0,unknown,email,clicked_link,credential,none,unknown,unknown,0.8,1.0,1.0,0.0,0.0,,0
1,transaction,0,1,0,0,0,0,0,0,1,0,card,unknown,installed_app,none,individual,$200,USD,0.5,1.0,0.0,0.0,0.0,200.0,1
1,transaction,0,0,1,0,0,0,0,1,0,0,bank,phone,sent_money,payment,u.s._treasury,unknown,unknown,1.0,1.0,1.0,1.0,0.0,,0
1,transaction,1,0,0,0,0,0,0,0,0,0,upi,sms,sent_money,payment,bank,500,INR,1.0,1.0,1.0,1.0,0.0,500.0,1
1,transaction,0,0,0,0,0,0,0,0,0,0,bank,phone,paid_money,payment,bank,100000,INR,0.5,1.0,1.0,1.0,0.0,100000.0,1
1,transaction,0,0,1,0,0,0,0,0,1,0,bank,phone,sent_money,payment,unknown,"$1,400",USD,0.9,1.0,1.0,0.0,0.0,1400.0,1
1,social_engineering,0,0,0,0,0,0,0,1,0,0,unknown,email,clicked_link,none,individual,unknown,unknown,1.0,1.0,0.0,0.0,0.0,,0
1,commerce,0,0,0,0,0,0,0,0,0,0,upi,social_media,sent_money,payment,company,unknown,unknown,0.8,1.0,0.0,1.0,0.0,,0
1,social_engineering,0,0,0,0,0,1,1,1,0,0,unknown,phone,none,none,xfinity,unknown,unknown,0.8,1.0,1.0,1.0,0.0,,0
1,commerce,0,0,0,0,1,0,0,0,0,0,unknown,website,sent_money,payment,company,unknown,unknown,0.8,1.0,1.0,1.0,0.0,,0
1,transaction,0,1,0,0,0,0,0,0,0,0,card,email,sent_money,payment,company,unknown,unknown,0.8,1.0,1.0,1.0,0.0,,0
1,transaction,1,0,0,0,0,0,0,0,0,0,upi,social_media,sent_money,payment,bank,unknown,unknown,0.8,1.0,0.0,1.0,0.0,,0
1,transaction,0,1,0,0,0,0,0,0,0,0,card,email,sent_money,payment,company,unknown,unknown,0.8,1.0,1.0,1.0,0.0,,0
0,none,0,0,0,0,0,0,0,0,0,0,upi,sms,sent_money,verification,bank,unknown,unknown,0.0,1.0,0.0,1.0,0.0,,0
1,social_engineering,0,0,0,0,0,0,1,1,0,0,unknown,social_media,none,none,individual,unknown,unknown,1.0,1.0,1.0,1.0,0.0,,0
1,transaction,0,0,1,0,0,0,0,0,1,0,bank,sms,sent_money,transaction,unknown,$60k,USD,1.0,1.0,1.0,0.0,0.0,60.0,1
1,malware,0,0,0,0,0,1,0,0,0,0,unknown,website,clicked_link,malware,none,unknown,unknown,0.8,1.0,0.0,0.0,0.0,,0
1,transaction,1,0,0,0,0,0,0,0,0,0,upi,sms,sent_money,payment,bank,unknown,unknown,0.9,1.0,0.0,1.0,0.0,,0
1,transaction,0,0,1,0,0,0,0,0,0,0,bank,website,sent_money,payment,unknown,unknown,unknown,0.8,1.0,0.0,0.0,0.0,,0
0,none,0,0,0,0,0,0,0,0,0,0,unknown,phone,none,none,none,free hotel stay,unknown,0.0,0.0,0.0,0.0,0.0,,0
0,none,0,0,0,0,0,0,0,0,0,0,unknown,sms,sent_money,payment,none,unknown,unknown,0.0,0.0,0.0,0.0,0.0,,0
0,none,0,0,0,0,0,0,0,0,0,0,unknown,unknown,unknown,unknown,unknown,50,USD,0.0,1.0,0.0,0.0,0.0,50.0,1
1,social_engineering,0,0,0,0,0,1,0,0,0,0,unknown,email,none,credential,individual,unknown,unknown,0.0,1.0,1.0,1.0,0.0,,0
1,commerce,1,0,1,1,1,0,0,0,0,0,upi,unknown,sent_money,payment,unknown,"$1,000",USD,0.9,1.0,1.0,0.0,0.0,1000.0,1
1,transaction,0,0,1,0,0,0,0,0,1,0,bank,email,sent_money,payment,none,unknown,unknown,0.8,1.0,0.0,0.0,0.0,,0
1,commerce,0,0,0,1,0,0,0,1,0,0,upi,phone,sent_money,payment,company,1500,INR,0.9,1.0,1.0,0.0,0.0,1500.0,1
1,social_engineering,0,0,0,0,0,0,0,1,0,0,unknown,social_media,none,none,individual,unknown,unknown,1.0,1.0,0.0,0.0,0.0,,0
1,commerce,0,0,1,1,0,0,0,0,1,0,bank,email,sent_money,payment,company,3850,USD,1.0,1.0,0.0,1.0,0.0,3850.0,1
1,commerce,0,0,0,0,0,0,0,0,0,0,bank,email,sent_money,payment,company,unknown,unknown,0.8,1.0,1.0,0.0,0.0,,0
1,transaction,0,0,0,0,0,0,0,0,1,0,crypto,website,sent_money,payment,unknown,$200,USD,1.0,1.0,1.0,0.0,0.0,200.0,1
1,transaction,0,0,1,0,0,0,0,0,0,0,bank,sms,sent_money,transaction,unknown,unknown,unknown,0.9,1.0,0.0,0.0,0.0,,0
1,transaction,0,1,0,0,0,0,0,0,0,0,gift_card,phone,sent_money,payment,electric_company,$900,USD,1.0,1.0,1.0,1.0,0.0,900.0,1
1,transaction,0,0,1,0,0,0,0,0,1,1,bank,email,sent_money,payment,company,50,USD,1.0,1.0,0.0,1.0,0.0,50.0,1
1,transaction,0,0,1,0,0,0,0,0,1,0,bank,email,shared_credentials,transaction,company,unknown,unknown,0.8,1.0,0.0,0.0,0.0,,0
1,transaction,0,0,1,0,0,0,0,0,1,0,bank,telegram,sent_money,transaction,unknown,unknown,unknown,0.8,1.0,0.0,0.0,0.0,,0
1,transaction,0,1,0,0,0,0,0,0,1,0,card,phone,sent_money,payment,company,unknown,unknown,0.8,1.0,0.0,1.0,0.0,,0
1,transaction,0,0,0,0,0,0,0,0,0,0,unknown,social_media,sent_money,payment,individual,unknown,unknown,0.95,1.0,1.0,0.0,0.0,,0
1,transaction,0,0,0,0,0,0,0,0,0,0,crypto,social_media,sent_money,payment,unknown,unknown,unknown,0.0,1.0,0.0,0.0,0.0,,0
1,transaction,0,0,1,0,0,0,0,0,0,0,bank,email,sent_money,transaction,bank,unknown,unknown,0.9,1.0,0.0,1.0,0.0,,0
1,social_engineering,0,0,0,0,0,0,1,1,0,0,unknown,phone,none,none,government,unknown,unknown,1.0,1.0,0.0,1.0,0.0,,0
1,transaction,1,0,0,0,0,0,0,0,0,0,upi,sms,sent_money,payment,bank,unknown,unknown,0.8,1.0,0.0,1.0,0.0,,0
1,transaction,0,1,0,0,0,0,0,0,0,0,card,unknown,none,payment,individual,unknown,unknown,0.0,0.0,1.0,0.0,0.0,,0
1,transaction,0,0,0,0,0,0,0,0,0,0,upi,sms,none,payment,bank,unknown,unknown,0.8,1.0,0.0,1.0,0.0,,0
0,none,0,0,0,0,0,0,0,0,0,0,upi,sms,sent_money,payment,company,unknown,unknown,0.0,1.0,0.0,0.0,0.0,,0
1,transaction,0,0,1,0,0,0,0,0,0,0,bank,telegram,sent_money,payment,company,unknown,unknown,0.8,1.0,1.0,1.0,0.0,,0
1,social_engineering,0,0,0,0,0,0,1,1,0,0,unknown,email,none,none,law_firm,unknown,unknown,1.0,1.0,1.0,1.0,0.0,,0
1,transaction,0,1,0,0,0,0,0,0,0,0,card,phone,shared_credentials,verification,bank,"$1,000",USD,0.9,1.0,1.0,1.0,0.0,1000.0,1
1,transaction,0,0,1,0,0,0,0,1,0,0,bank,social_media,sent_money,transaction,unknown,800,EUR,1.0,1.0,1.0,0.0,0.0,800.0,1
1,social_engineering,0,0,0,0,0,0,1,1,0,0,unknown,email,none,none,bank,unknown,unknown,1.0,1.0,1.0,1.0,0.0,,0
1,transaction,0,0,0,0,0,0,0,0,0,0,card,email,shared_credentials,payment,bank,unknown,unknown,0.8,1.0,1.0,1.0,0.0,,0
1,social_engineering,0,0,0,0,0,1,0,1,0,0,crypto,email,none,extortion,unknown,$700,USD,1.0,1.0,1.0,0.0,0.0,700.0,1
0,none,0,0,0,0,0,0,0,0,0,0,unknown,phone,installed_app,unknown,unknown,unknown,unknown,0.0,0.0,0.0,0.0,0.0,,0
1,transaction,0,0,1,0,0,0,0,0,1,0,bank,phone,sent_money,transaction,company,23000,unknown,1.0,1.0,1.0,1.0,0.0,23000.0,1
1,transaction,1,0,0,1,0,0,0,0,0,0,upi,phone,sent_money,payment,company,100,INR,0.5,1.0,0.0,1.0,0.0,100.0,1
1,social_engineering,0,0,0,0,0,1,0,0,0,0,unknown,email,shared_credentials,none,individual,unknown,unknown,0.8,1.0,1.0,0.0,0.0,,0
1,social_engineering,0,0,0,0,0,0,1,1,0,0,unknown,sms,none,none,unknown,unknown,unknown,1.0,1.0,1.0,1.0,0.0,,0
1,transaction,1,0,0,0,0,0,0,1,0,0,upi,email,sent_money,payment,individual,1500,unknown,1.0,1.0,1.0,0.0,0.0,1500.0,1
0,none,0,0,0,0,0,0,0,0,0,0,unknown,phone,clicked_link,verification,google,unknown,unknown,0.0,1.0,1.0,1.0,0.0,,0
1,meta,0,0,0,0,0,0,0,0,1,0,unknown,none,none,none,none,unknown,unknown,0.0,1.0,0.0,0.0,0.0,,0
1,transaction,0,1,0,0,0,0,0,0,0,0,bank,phone,sent_money,payment,company,unknown,unknown,0.9,1.0,0.0,1.0,0.0,,0
1,transaction,0,0,0,0,0,0,0,0,0,0,crypto,website,sent_money,payment,none,"$1,200",USD,0.5,1.0,0.0,0.0,1.0,1200.0,1
1,transaction,0,1,0,0,0,0,0,0,0,0,card,website,clicked_link,payment,unknown,unknown,unknown,0.8,1.0,0.0,0.0,0.0,,0
1,transaction,0,0,1,0,0,0,0,1,0,0,bank,phone,none,transaction,unknown,unknown,unknown,1.0,1.0,1.0,0.0,0.0,,0
1,transaction,0,0,1,0,0,0,0,0,0,0,bank,website,sent_money,transaction,company,"$500,000",USD,1.0,1.0,0.0,1.0,0.0,500000.0,1
1,transaction,0,0,1,0,0,0,0,1,0,0,bank,social_media,sent_money,payment,none,100,unknown,1.0,1.0,0.0,0.0,0.0,100.0,1
1,transaction,1,0,0,0,0,0,0,0,0,0,upi,sms,sent_money,payment,unknown,10000,INR,0.8,1.0,1.0,0.0,0.0,10000.0,1
1,commerce,0,0,0,1,0,0,0,0,0,0,upi,sms,clicked_link,nondelivery,usps,unknown,unknown,0.8,1.0,1.0,0.0,0.0,,0
1,credential,0,0,0,0,0,1,0,0,0,0,unknown,sms,disregarded_verification_code,none,va_loan_provider,unknown,unknown,0.5,1.0,0.0,1.0,0.0,,0
1,social_engineering,0,0,0,0,0,0,1,1,1,0,unknown,phone,none,none,individual,unknown,unknown,1.0,1.0,1.0,1.0,0.0,,0
1,commerce,0,0,0,0,0,0,0,0,0,0,card,sms,clicked_link,payment,company,unknown,unknown,0.8,1.0,1.0,1.0,0.0,,0
1,transaction,0,0,0,0,0,0,0,0,0,0,upi,sms,sent_money,payment,unknown,unknown,unknown,0.0,1.0,0.0,0.0,0.0,,0
1,transaction,1,0,0,0,0,0,1,1,0,0,upi,phone,sent_money,payment,police,unknown,unknown,1.0,1.0,1.0,1.0,0.0,,0
1,transaction,0,1,0,0,0,0,0,0,0,0,card,phone,sent_money,payment,airline,unknown,unknown,0.8,1.0,1.0,1.0,0.0,,0
1,transaction,1,1,1,0,1,0,0,0,0,0,upi | card | bank | crypto | gift_card | unknown | none,sms | email | phone | social_media | website | app | unknown | none,sent_money | shared_credentials | clicked_link | installed_app | none | unknown,payment | verification | login | download | none | unknown,bank_|_government_|_company_|_individual_|_none_|_unknown,unknown,unknown,0.9,1.0,1.0,0.0,0.0,,0
1,transaction,0,0,1,0,0,0,0,0,0,0,bank,email,sent_money,transaction,individual,$496,USD,0.8,1.0,1.0,0.0,0.0,496.0,1
1,transaction,0,0,1,0,0,0,0,0,0,0,bank,sms,sent_money,payment,none,$400,USD,1.0,1.0,0.0,0.0,0.0,400.0,1
1,transaction,0,0,0,0,0,0,0,0,1,0,crypto,website,clicked_link,transaction,none,unknown,unknown,0.9,1.0,1.0,0.0,0.0,,0
1,commerce,0,0,0,1,0,0,0,0,0,0,upi,sms,sent_money,payment,company,unknown,unknown,0.8,1.0,0.0,0.0,0.0,,0
1,transaction,0,1,0,0,0,0,0,0,0,0,card,phone,answered_call,transaction,bank,$800,USD,1.0,1.0,1.0,1.0,0.0,800.0,1
1,transaction,1,0,0,0,0,0,0,0,0,0,upi,sms,sent_money,payment,unknown,150 Rs,INR,0.9,1.0,0.0,0.0,0.0,150.0,1
1,commerce,0,0,0,0,0,0,0,0,0,0,unknown,website,sent_money,payment,company,unknown,unknown,0.8,1.0,1.0,0.0,0.0,,0
1,transaction,0,0,1,0,0,0,0,0,0,0,bank,phone,installed_app,transaction,india_post,unknown,unknown,0.9,1.0,0.0,1.0,0.0,,0
1,transaction,1,0,0,0,0,0,0,0,0,0,upi,sms,sent_money,payment,unknown,2000,INR,1.0,1.0,1.0,0.0,0.0,2000.0,1
1,transaction,1,0,0,0,0,0,0,0,0,0,upi,website,sent_money,payment,none,unknown,unknown,0.8,1.0,0.0,0.0,0.0,,0
1,social_engineering,0,0,0,0,0,1,0,0,0,0,unknown,email,shared_credentials,none,individual,unknown,unknown,0.8,1.0,1.0,0.0,0.0,,0
1,commerce,0,0,0,1,0,0,0,0,0,0,upi,email,clicked_link,commerce,company,unknown,unknown,0.8,1.0,0.0,1.0,0.0,,0
1,transaction,0,0,1,0,0,0,0,0,0,0,bank,phone,sent_money,transaction,bank,18000,INR,0.9,1.0,1.0,1.0,0.0,18000.0,1
1,transaction,0,0,1,0,0,0,0,0,1,0,bank,sms,sent_money,payment,company,unknown,unknown,1.0,1.0,1.0,0.0,0.0,,0
1,transaction,0,0,0,0,0,0,0,0,1,0,unknown,website,sent_money,payment,none,50,unknown,1.0,1.0,1.0,0.0,0.0,50.0,1
1,transaction,0,0,1,0,0,0,0,0,0,0,bank,website,clicked_link,transaction,bank,unknown,unknown,0.8,1.0,0.0,1.0,0.0,,0
1,transaction,0,1,0,0,0,0,0,0,0,0,card,email,sent_money,payment,company,unknown,unknown,0.8,1.0,0.0,1.0,0.0,,0
1,transaction,0,0,1,0,0,0,0,0,1,0,bank,none,sent_money,payment,individual,300,USD,0.5,1.0,1.0,0.0,0.0,300.0,1
1,transaction,0,0,1,0,0,0,0,0,0,0,crypto,telegram,sent_money,transaction,unknown,2000,USD,1.0,1.0,0.0,0.0,0.0,2000.0,1
1,transaction,0,0,1,0,0,0,0,0,0,0,bank,email,sent_money,payment,company,unknown,unknown,0.8,1.0,1.0,1.0,0.0,,0
1,transaction,0,0,1,0,0,0,0,1,0,0,bank,phone,sent_money,payment,company,300,unknown,1.0,1.0,1.0,0.0,0.0,300.0,1
1,transaction,0,0,1,0,0,0,0,0,0,0,bank,phone,sent_money,payment,company,5500,unknown,1.0,1.0,1.0,1.0,0.0,5500.0,1
1,transaction,0,0,1,0,0,0,0,0,0,0,bank,unknown,sent_money,payment,none,unknown,unknown,0.8,1.0,0.0,0.0,0.0,,0
1,commerce,0,0,0,0,0,0,0,0,0,0,unknown,website,sent_money,payment,company,unknown,unknown,0.9,1.0,1.0,1.0,0.0,,0
1,transaction,0,0,1,0,0,0,0,0,1,0,bank,phone,sent_money,payment,individual,500,unknown,1.0,1.0,1.0,0.0,0.0,500.0,1
1,transaction,0,0,1,0,0,0,1,1,0,0,bank,sms,sent_money,payment,government,unknown,unknown,1.0,1.0,1.0,1.0,0.0,,0
1,transaction,0,0,0,0,0,0,0,0,0,0,unknown,telegram,sent_money,payment,unknown,unknown,unknown,0.0,1.0,0.5,0.0,0.0,,0
1,transaction,0,0,1,0,0,0,0,1,0,0,bank,phone,sent_money,payment,individual,20000,USD,1.0,1.0,1.0,0.0,0.0,20000.0,1
1,commerce,0,0,0,1,1,0,0,0,0,0,unknown,email,clicked_link,commercial,company,unknown,unknown,0.8,1.0,1.0,1.0,0.0,,0
1,social_engineering,0,0,0,0,0,0,1,1,0,0,unknown,social_media,none,none,individual,unknown,unknown,1.0,1.0,1.0,1.0,0.0,,0
1,commerce,0,1,0,0,1,0,0,0,0,0,upi | card,email,sent_money,payment,company,unknown,unknown,0.8,1.0,1.0,1.0,0.0,,0
1,transaction,0,0,1,0,0,0,0,0,0,0,bank,none,none,none,none,unknown,unknown,0.0,0.0,0.0,1.0,0.0,,0
1,social_engineering,0,0,0,0,0,1,1,1,0,0,bank,phone,shared_credentials,verification,government,unknown,unknown,1.0,1.0,1.0,1.0,0.0,,0
1,transaction,0,1,1,0,0,0,0,0,1,0,bank,email,sent_money,transaction,bank_employee,12000000,INR,0.8,1.0,1.0,1.0,0.0,12000000.0,1
1,transaction,0,1,0,0,0,0,0,0,0,0,bank,online,none,account_creation,bank,unknown,unknown,0.0,0.0,1.0,1.0,0.0,,0
1,transaction,0,1,0,0,0,0,0,0,0,0,card,unknown,none,payment,bank,$6K,USD,0.5,1.0,1.0,1.0,0.0,6.0,1
1,commerce,0,0,0,1,0,0,0,0,0,0,upi,email,sent_money,payment,none,unknown,unknown,0.8,1.0,1.0,0.0,0.0,,0
0,none,0,0,0,0,0,0,0,0,1,0,unknown,website,none,none,none,unknown,unknown,0.0,0.0,0.0,0.0,0.0,,0
1,transaction,0,1,0,0,0,0,0,0,0,0,card,email,clicked_link,payment,bank,unknown,unknown,0.8,1.0,1.0,1.0,0.0,,0
1,social_engineering,0,0,0,0,0,0,0,1,0,0,unknown,sms,none,none,individual,unknown,unknown,1.0,1.0,0.0,0.0,0.0,,0
1,transaction,0,0,1,0,0,0,0,0,0,0,crypto,website,sent_money,transaction,none,10000.05,XRP,0.9,1.0,1.0,0.0,0.0,10000.05,1
0,none,0,0,0,0,0,0,0,0,0,0,unknown,social_media,shared_credentials,verification,none,unknown,unknown,0.0,1.0,1.0,0.0,0.0,,0
1,commerce,0,0,0,1,0,0,0,0,0,0,bank,website,clicked_link,commerce,company,unknown,unknown,0.8,1.0,0.0,1.0,0.0,,0
1,transaction,1,0,0,0,0,0,0,0,0,0,upi,sms,sent_money,payment,businesswoman,unknown,unknown,0.9,1.0,0.0,1.0,0.0,,0
1,transaction,1,0,0,0,0,0,0,0,0,0,upi,sms,sent_money,payment,bank,5000,unknown,1.0,1.0,0.0,1.0,0.0,5000.0,1
1,commerce,0,1,0,0,0,0,0,0,0,0,card,website,installed_app,download,none,unknown,unknown,0.0,1.0,1.0,0.0,0.0,,0
1,transaction,0,0,1,0,0,0,0,0,1,0,bank,phone,sent_money,payment,none,$75,USD,0.8,1.0,0.0,0.0,0.0,75.0,1
1,transaction,0,0,0,0,0,0,0,0,0,0,bank,sms,sent_money,payment,company,unknown,EUR,0.9,1.0,0.0,1.0,0.0,,0
1,transaction,0,1,1,0,0,0,0,0,0,0,crypto,unknown,sent_money,transaction,unknown,2000,USD,1.0,1.0,0.0,0.0,0.0,2000.0,1
1,social_engineering,0,0,0,0,0,0,1,1,0,0,unknown,email,none,none,bank,unknown,unknown,1.0,1.0,1.0,1.0,0.0,,0
1,transaction,1,0,0,0,0,0,0,1,1,0,upi,website,sent_money,payment,none,unknown,unknown,1.0,1.0,1.0,0.0,0.0,,0
1,social_engineering,0,0,0,0,0,0,1,1,0,0,crypto,sms,shared_credentials,verification,binance,unknown,unknown,1.0,1.0,1.0,1.0,0.0,,0
1,transaction,0,0,1,0,0,0,0,0,0,0,bank,email,sent_money,transaction,bank,unknown,unknown,0.8,1.0,0.0,1.0,0.0,,0
1,transaction,0,0,1,0,0,0,0,0,1,0,bank,website,deposited_money,transaction,none,unknown,unknown,0.95,1.0,0.0,0.0,0.0,,0
1,commerce,0,0,0,1,0,0,0,0,0,0,upi,social_media,sent_money,payment,company,748,INR,0.5,1.0,0.0,0.0,0.0,748.0,1
0,none,0,0,0,0,0,0,0,0,0,0,upi | card | bank | crypto | gift_card | unknown | none,sms | email | phone | social_media | website | app | unknown | none,sent_money | shared_credentials | clicked_link | installed_app | none | unknown,payment | verification | login | download | none | unknown,bank_|_government_|_company_|_individual_|_none_|_unknown,unknown,unknown,0.0,0.0,0.0,0.0,0.0,,0
1,transaction,0,1,1,0,0,0,0,0,1,0,bank,phone,sent_money,transaction,bank,5000,GBP,1.0,1.0,1.0,0.0,0.0,5000.0,1
1,transaction,1,0,0,0,0,0,1,1,0,1,upi,sms,sent_money,payment,bank,unknown,unknown,1.0,1.0,1.0,1.0,0.0,,0
1,transaction,0,0,1,0,0,0,0,0,0,0,bank,app,sent_money,payment,company,37000,CAD,1.0,1.0,1.0,1.0,0.0,37000.0,1
0,none,0,0,0,0,0,0,0,0,0,0,unknown,unknown,unknown,unknown,unknown,unknown,unknown,0.0,0.0,0.0,0.0,0.0,,0
1,commerce,0,0,1,1,1,0,0,0,0,0,bank,email,sent_money,payment,company,unknown,unknown,0.9,1.0,1.0,1.0,0.0,,0
1,social_engineering,0,0,0,0,0,0,1,1,0,0,crypto,website,clicked_link,none,individual,unknown,unknown,1.0,1.0,1.0,1.0,0.0,,0
1,transaction,0,0,0,0,0,0,0,0,0,0,unknown,social_media,clicked_link,none,unknown,unknown,unknown,0.0,1.0,1.0,0.0,0.0,,0
1,transaction,0,1,1,0,0,0,0,0,0,0,bank,phone,sent_money,transaction,bank,unknown,unknown,0.8,1.0,1.0,1.0,0.0,,0
1,transaction,0,0,1,0,0,0,0,0,1,0,bank,website,sent_money,payment,company,unknown,unknown,0.9,1.0,1.0,1.0,0.0,,0
0,none,0,0,0,0,0,0,0,0,0,0,unknown,social_media,none,none,individual,unknown,unknown,0.0,0.0,0.0,0.0,0.0,,0
1,commerce,0,0,0,1,0,0,0,0,0,0,upi,website,sent_money,payment,company,799,INR,0.5,1.0,0.0,1.0,0.0,799.0,1
1,transaction,0,0,1,0,0,0,0,0,0,0,bank,phone,sent_money,payment,broker,30000,INR,0.5,1.0,0.0,1.0,0.0,30000.0,1
1,transaction,0,1,0,0,0,0,0,0,0,0,card,email,clicked_link,transaction,company,unknown,unknown,0.8,1.0,1.0,1.0,0.0,,0
1,transaction,0,0,1,0,0,0,0,0,0,0,bank,unknown,none,transaction,unknown,unknown,unknown,0.9,1.0,0.0,0.0,0.0,,0
1,transaction,0,0,1,0,0,0,0,0,0,0,bank,email,sent_money,payment,company,800,GBP,1.0,1.0,0.0,1.0,0.0,800.0,1
1,social_engineering,0,0,0,0,0,0,1,1,0,0,upi,sms,sent_money,payment,individual,unknown,unknown,1.0,1.0,1.0,1.0,0.0,,0
1,transaction,0,1,0,0,0,0,0,0,0,0,bank,in_person,shared_credentials,transaction,individual,19000,USD,0.0,0.0,1.0,0.0,0.0,19000.0,1
1,commerce,0,0,0,1,0,0,0,0,0,0,bank,website,clicked_link,commerce,company,$99,USD,0.5,1.0,0.0,1.0,0.0,99.0,1
1,social_engineering,0,0,0,0,0,1,0,0,0,0,unknown,email,none,credential,unknown,unknown,unknown,0.5,1.0,1.0,0.0,0.0,,0
1,transaction,0,0,0,0,0,0,0,0,0,0,check,email,sent_money,payment,individual,unknown,unknown,0.9,1.0,1.0,0.0,0.0,,0
1,transaction,0,1,1,0,0,0,0,0,0,0,bank,email,sent_money,payment,company,unknown,unknown,0.9,1.0,1.0,1.0,0.0,,0
1,transaction,1,0,0,0,0,0,0,1,0,0,upi,sms,sent_money,payment,unknown,350,USD,1.0,1.0,0.0,0.0,0.0,350.0,1
1,commerce,0,0,0,1,1,0,0,0,0,0,unknown,website,clicked_link,commerce,company,unknown,unknown,0.9,1.0,0.0,0.0,0.0,,0
1,transaction,0,1,0,0,0,0,0,0,0,0,card,phone,disputed,payment,merchant,unknown,unknown,0.8,1.0,1.0,1.0,0.0,,0
1,commerce,0,0,0,1,0,0,0,0,0,0,upi,phone,installed_app,payment,none,300,unknown,0.8,1.0,0.0,0.0,0.0,300.0,1
1,social_engineering,0,0,0,0,0,0,1,1,0,0,unknown,email,none,none,discord,unknown,unknown,0.8,1.0,1.0,1.0,0.0,,0
1,transaction,0,1,0,0,0,0,0,0,1,0,card,email,sent_money,payment,celebrity,"$2,500",USD,1.0,1.0,1.0,0.0,0.0,2500.0,1
1,transaction,0,0,1,0,0,0,0,0,1,0,bank,email,sent_money,payment,bank,unknown,unknown,0.9,1.0,1.0,0.0,0.0,,0
1,transaction,0,1,0,0,0,0,0,0,0,0,card,unknown,none,payment,company,unknown,unknown,0.5,1.0,0.0,1.0,0.0,,0
1,transaction,0,0,0,0,0,0,0,0,1,0,crypto,website,sent_money,payment,none,$150,USD,0.8,1.0,0.0,0.0,0.0,150.0,1
1,social_engineering,0,0,0,0,0,0,1,1,0,0,unknown,sms,none,none,individual,unknown,unknown,1.0,1.0,1.0,1.0,0.0,,0
1,transaction,0,0,1,0,0,0,0,0,1,0,bank,website,sent_money,transaction,none,1600 GBP,GBP,0.8,1.0,1.0,0.0,0.0,1600.0,1
1,commerce,0,1,0,0,0,0,0,0,0,0,gift_card,in_person,loaded_money_on_gift_card,transaction,nordstrom_cashier,$75,USD,0.8,1.0,0.0,1.0,0.0,75.0,1
1,transaction,1,0,0,0,0,0,0,1,0,0,upi,sms,sent_money,payment,bank,unknown,unknown,1.0,1.0,0.0,1.0,0.0,,0
1,transaction,0,0,0,0,0,0,0,0,0,0,bank,none,sent_money,payment,company,"$50,000",USD,1.0,1.0,1.0,1.0,0.0,50000.0,1
1,transaction,0,0,1,0,0,0,0,0,1,0,bank,email,deposited,payment,company,"$4,020",USD,1.0,1.0,0.0,1.0,0.0,4020.0,1
1,transaction,1,0,0,0,0,0,1,1,0,0,upi,sms,sent_money,payment,bank,unknown,unknown,1.0,1.0,1.0,1.0,0.0,,0
1,transaction,0,0,1,0,0,0,0,0,1,0,bank,website,sent_money,payment,company,unknown,unknown,0.9,1.0,0.0,0.0,0.0,,0
1,commerce,0,0,0,0,0,0,0,0,0,0,unknown,unknown,sent_money,payment,unknown,unknown,unknown,0.0,1.0,1.0,0.0,0.0,,0
1,transaction,1,0,0,0,0,0,0,0,1,0,upi,sms,sent_money,payment,bank,unknown,unknown,0.8,1.0,0.0,1.0,0.0,,0
1,transaction,0,0,1,0,0,0,0,0,1,0,bank,website,sent_money,transaction,company,"$96,000",USD,1.0,1.0,1.0,1.0,0.0,96000.0,1
1,commerce,0,0,0,1,0,0,0,0,0,0,upi,website,sent_money,payment,none,80,unknown,0.5,1.0,0.0,0.0,0.0,80.0,1
1,transaction,0,0,0,0,0,0,0,0,0,0,unknown,sms,sent_money,payment,unknown,unknown,unknown,0.0,1.0,0.0,0.0,0.0,,0
1,transaction,0,0,0,0,0,0,0,1,0,0,crypto,website,sent_money,withdrawal,none,200000,unknown,1.0,1.0,0.0,0.0,0.0,200000.0,1
1,transaction,0,0,1,0,0,0,0,0,1,0,bank,website,sent_money,payment,unknown,unknown,unknown,0.9,1.0,1.0,0.0,0.0,,0
1,transaction,0,0,1,0,0,0,0,0,1,0,bank,website,sent_money,payment,company,250,unknown,1.0,1.0,1.0,1.0,0.0,250.0,1
1,commerce,0,0,0,0,0,0,0,0,0,0,bank,email,sent_money,payment,company,unknown,unknown,0.8,1.0,0.0,0.0,0.0,,0
1,commerce,0,0,0,1,0,0,0,0,0,0,upi,unknown,sent_money,payment,company,unknown,unknown,0.9,1.0,1.0,1.0,0.0,,0
1,transaction,0,1,0,0,0,0,0,0,0,0,card,website,clicked_link,payment,unknown,unknown,unknown,0.8,1.0,1.0,0.0,0.0,,0
1,transaction,0,0,0,0,0,1,0,0,0,0,unknown,email,changed_password,verification,none,unknown,unknown,0.5,1.0,1.0,0.0,0.0,,0
1,transaction,0,0,1,0,0,0,0,0,0,0,bank,telegram,deposited,withdrawal,unknown,unknown,unknown,0.5,1.0,1.0,0.0,0.0,,0
1,transaction,0,0,0,0,0,0,0,0,0,0,crypto,website,installed_app,transaction,none,$100 USDC,USD,0.9,1.0,1.0,0.0,1.0,100.0,1
1,commerce,0,0,0,1,0,0,0,0,0,0,upi,phone,sent_money,payment,company,1900,INR,0.8,1.0,1.0,0.0,0.0,1900.0,1
1,transaction,0,0,1,0,0,0,0,0,1,0,bank,website,clicked_link,transaction,none,unknown,unknown,0.9,1.0,0.0,0.0,0.0,,0
1,transaction,0,0,0,0,1,0,0,0,0,0,crypto,website,installed_app,payment,company,unknown,unknown,0.9999,1.0,1.0,1.0,0.0,,0
1,transaction,0,0,0,0,0,0,0,0,0,0,crypto,website,sent_credentials,none,crypto_exchange,unknown,unknown,0.9,1.0,1.0,0.0,0.0,,0
1,transaction,0,0,1,0,0,0,0,0,1,0,bank,website,funded_account,verification,notlex.com,3000,USD,1.0,1.0,1.0,1.0,0.0,3000.0,1
1,social_engineering,0,0,0,0,0,1,0,0,0,0,unknown,email,shared_credentials,none,tumblr,unknown,unknown,0.8,1.0,1.0,0.0,0.0,,0
1,commerce,1,0,0,1,0,0,0,0,0,0,upi,website,sent_money,payment,company,499,INR,0.5,1.0,1.0,1.0,0.0,499.0,1
1,transaction,0,0,1,0,0,0,0,0,1,0,bank,social_media,none,none,bank,unknown,INR,0.9,1.0,1.0,0.0,0.0,,0
1,transaction,0,0,0,0,0,0,0,0,0,0,unknown,social_media,clicked_link,none,unknown,unknown,unknown,0.0,1.0,1.0,0.0,0.0,,0
1,social_engineering,0,0,0,0,0,0,1,1,0,0,unknown,whatsapp,none,none,individual,unknown,unknown,0.8,1.0,1.0,1.0,0.0,,0
1,transaction,1,0,0,0,0,0,1,1,0,0,upi,website,clicked_link,transaction,london_stock_exchange,unknown,unknown,1.0,1.0,1.0,1.0,0.0,,0
1,social_engineering,0,0,0,0,0,0,1,1,0,0,unknown,sms,none,verification,individual,unknown,unknown,1.0,1.0,1.0,1.0,0.0,,0
1,transaction,0,1,0,0,0,0,0,0,0,0,card,phone,shared_credentials,verification,bank,unknown,unknown,0.8,1.0,1.0,1.0,0.0,,0
1,social_engineering,0,0,0,0,0,0,0,1,0,0,unknown,website,none,none,individual,unknown,unknown,0.8,1.0,0.0,0.0,0.0,,0
1,transaction,0,1,0,0,0,0,0,0,0,0,card,email,clicked_link,payment,airline,unknown,unknown,0.5,1.0,1.0,1.0,0.0,,0
1,transaction,0,1,0,0,0,0,0,0,0,0,unknown,sms,clicked_link,payment,e_zpass,unknown,unknown,0.9,1.0,1.0,1.0,0.0,,0
1,social_engineering,0,0,0,0,0,1,0,1,0,0,unknown,email,clicked_link,none,company,unknown,unknown,1.0,1.0,1.0,1.0,0.0,,0
1,transaction,0,1,0,0,0,0,0,0,0,0,card,unknown,none,payment,individual,unknown,unknown,0.5,1.0,1.0,0.0,0.0,,0
1,social_engineering,0,0,0,0,0,1,0,0,0,0,unknown,phone,shared_credentials,verification,insurance_company,unknown,unknown,0.8,1.0,1.0,1.0,0.0,,0
1,transaction,0,1,0,0,0,0,0,0,0,0,card,unknown,clicked_link,payment,none,unknown,unknown,0.0,0.0,0.0,0.0,0.0,,0
1,transaction,0,0,1,0,0,0,1,1,1,0,bank,video_call,transfer_money,extortion,government_officials,5000000,INR,1.0,1.0,1.0,1.0,0.0,5000000.0,1
1,transaction,1,0,0,0,0,0,0,0,0,0,upi,sms,sent_money,payment,bank,100,INR,0.8,1.0,0.0,1.0,0.0,100.0,1
1,social_engineering,0,0,0,0,0,1,1,1,0,0,crypto,phone,none,password_reset,"google,_nexo",unknown,unknown,1.0,1.0,1.0,1.0,0.0,,0
1,social_engineering,0,0,0,0,0,1,0,0,0,0,unknown,email,clicked_link,credential,company,unknown,unknown,0.8,1.0,1.0,1.0,0.0,,0
1,transaction,0,0,1,0,0,0,0,0,0,0,bank,email,sent_money,payment,company,3000,USD,1.0,1.0,0.0,1.0,0.0,3000.0,1
1,commerce,0,0,0,1,0,0,0,0,0,0,unknown,email,copied_tracking_number,commerce,individual,$4.99,USD,0.5,1.0,0.0,0.0,0.0,4.99,1
1,commerce,0,0,0,1,1,0,0,0,0,0,upi,social_media,sent_money,payment,company,unknown,unknown,0.8,1.0,0.0,1.0,0.0,,0
1,transaction,0,0,0,0,0,0,1,1,0,0,crypto,website,invested,transaction,none,$500,USD,1.0,1.0,1.0,1.0,0.0,500.0,1
1,transaction,0,0,0,0,0,0,0,0,0,0,upi,email,sent_money,payment,company,4500,INR,0.0,1.0,1.0,1.0,0.0,4500.0,1
1,transaction,0,1,0,0,0,0,0,0,0,0,crypto,website,sent_money,payment,crypto_exchange,unknown,unknown,0.0,0.0,1.0,0.0,0.0,,0
1,transaction,1,0,0,0,0,0,0,1,0,0,upi,website,clicked_link,transaction,company,unknown,unknown,1.0,1.0,0.0,1.0,0.0,,0
1,transaction,0,0,1,0,0,0,0,0,0,0,bank,website,clicked_link,payment,company,$8K,USD,0.5,1.0,0.0,1.0,0.0,8.0,1
0,none,0,0,1,0,0,0,0,0,0,0,bank,phone,none,verification,bank,28000,INR,1.0,1.0,0.0,1.0,0.0,28000.0,1
1,transaction,0,0,0,0,0,0,0,0,0,0,crypto,social_media,sent_money,payment,unknown,300000,USDT,1.0,1.0,0.0,0.0,0.0,300000.0,1
1,transaction,0,0,0,0,0,0,0,0,0,0,card,social_media,sent_money,payment,unknown,unknown,unknown,0.0,1.0,1.0,0.0,0.0,,0
1,transaction,0,0,1,0,0,0,0,0,1,0,bank,social_media,sent_money,payment,individual,unknown,unknown,0.8,1.0,0.0,0.0,0.0,,0
1,transaction,0,0,0,0,0,0,0,0,0,0,unknown,phone,none,none,telecom_company,unknown,unknown,0.8,1.0,0.0,1.0,0.0,,0
1,transaction,1,0,1,0,0,0,0,0,1,0,upi,phone,sent_money,loan,bank,unknown,unknown,0.9,1.0,1.0,1.0,0.0,,0
1,transaction,0,0,1,0,0,0,0,0,0,0,bank,social_media,sent_money,payment,company,unknown,unknown,0.9,1.0,1.0,1.0,0.0,,0
1,transaction,0,0,1,0,0,0,0,0,1,0,bank,website,installed_app,payment,none,unknown,unknown,0.9,1.0,1.0,0.0,0.0,,0
1,transaction,0,0,0,0,0,0,0,1,0,0,unknown,phone,none,none,none,unknown,unknown,0.8,1.0,0.0,0.0,0.0,,0
1,social_engineering,0,0,0,0,0,1,0,0,0,0,upi,email,checked_link,none,paypal,unknown,unknown,0.8,1.0,1.0,1.0,0.0,,0
1,transaction,0,0,1,0,0,0,0,0,0,0,bank,website,sent_money,payment,company,unknown,unknown,0.8,1.0,0.0,1.0,0.0,,0
1,transaction,0,1,0,0,0,0,0,0,0,0,card,phone,none,payment,pc_app_store,unknown,unknown,0.8,1.0,1.0,1.0,0.0,,0
1,transaction,1,0,0,0,0,0,0,0,0,0,upi,website,sent_money,payment,unknown,unknown,unknown,0.8,1.0,1.0,0.0,0.0,,0
1,transaction,0,1,0,0,0,0,0,0,0,0,card,phone,shared_credentials,verification,bank,unknown,unknown,0.5,1.0,1.0,1.0,0.0,,0
1,transaction,1,1,1,0,0,0,0,0,0,0,upi | card | bank,sms | email | phone,sent_money,payment,bank,unknown,unknown,0.9,1.0,1.0,1.0,0.0,,0
1,transaction,0,0,1,0,0,0,0,0,0,0,bank,email,sent_money,payment,bank,13000,EUR,0.5,1.0,1.0,1.0,0.0,13000.0,1
1,commerce,0,0,1,1,0,0,0,0,0,0,bank,email,sent_money,payment,instructor,290,USD,1.0,1.0,0.0,0.0,0.0,290.0,1
0,none,0,0,0,0,0,0,0,0,0,0,unknown,social_media,clicked_link,none,unknown,unknown,unknown,0.0,0.0,0.0,0.0,0.0,,0
1,commerce,0,0,0,1,0,0,0,0,0,0,upi,none,sent_money,payment,company,unknown,unknown,0.8,1.0,0.0,0.0,0.0,,0
1,transaction,0,0,0,0,0,0,0,0,0,0,crypto,social_media,clicked_link,payment,none,0.29,BTC,1.0,1.0,0.0,0.0,0.0,0.29,1
1,commerce,0,0,1,1,1,0,0,0,0,0,bank,email,sent_money,payment,company,unknown,unknown,0.8,1.0,1.0,1.0,0.0,,0
1,commerce,0,0,0,1,0,0,0,0,0,0,upi,app,installed_app,commerce,company,206,INR,1.0,1.0,0.0,1.0,0.0,206.0,1
1,transaction,0,0,0,1,0,0,0,0,0,0,upi,sms,sent_money,nondelivery,ups,unknown,unknown,0.9,1.0,0.0,1.0,0.0,,0
1,transaction,0,0,1,0,0,0,0,0,1,0,bank,email,sent_money,payment,none,400,unknown,1.0,1.0,1.0,0.0,0.0,400.0,1
1,transaction,0,0,0,0,0,0,0,0,1,0,crypto,website,sent_money,payment,unknown,$220k,USDT,1.0,1.0,0.0,0.0,0.0,220.0,1
1,transaction,0,0,1,0,0,0,0,0,0,1,bank,sms,sent_money,transaction,none,unknown,unknown,0.9,1.0,0.0,0.0,0.0,,0
1,transaction,0,1,0,0,0,0,0,0,0,0,crypto,social_media,sent_money,transaction,unknown,unknown,unknown,0.9,1.0,1.0,0.0,0.0,,0
0,none,0,0,0,0,0,0,0,0,0,0,unknown,email,unknown,unknown,unknown,unknown,unknown,0.0,0.0,0.0,0.0,0.0,,0
1,transaction,0,0,0,0,0,0,0,0,0,0,unknown,sms,sent_money,none,company,free,unknown,0.95,1.0,0.0,1.0,0.0,,0
1,social_engineering,0,0,0,0,0,0,1,1,1,0,unknown,social_media,none,none,individual,unknown,unknown,1.0,1.0,1.0,1.0,0.0,,0
0,none,0,0,0,0,0,0,0,0,0,0,unknown,none,none,payment,none,unknown,unknown,0.0,0.0,0.0,1.0,0.0,,0
1,transaction,0,0,1,0,0,0,0,0,1,0,bank,website,sent_money,transaction,company,8700,DAI,1.0,1.0,1.0,1.0,0.0,8700.0,1
1,commerce,0,0,0,1,1,0,0,0,0,0,unknown,website,sent_money,commerce,company,unknown,unknown,0.8,1.0,1.0,0.0,0.0,,0
1,commerce,0,0,0,1,1,0,0,0,0,0,upi,website,clicked_link,commerce,brand,unknown,unknown,0.9,1.0,0.0,0.0,0.0,,0
1,commerce,0,0,0,0,0,0,0,0,0,0,crypto,website,invested,investment,company,unknown,unknown,0.0,1.0,1.0,1.0,0.0,,0
1,transaction,0,1,0,0,0,0,0,0,0,0,card,phone,none,transaction,bank,unknown,unknown,0.9,1.0,1.0,1.0,0.0,,0
1,transaction,0,0,0,0,0,0,0,0,0,0,unknown,telegram,sent_money,payment,senator_kelly_loeffler_or_an_investment_group,"$4,700",USD,1.0,1.0,1.0,1.0,0.0,4700.0,1
1,transaction,0,0,1,0,0,0,0,0,0,0,bank,phone,shared_credentials,transaction,bank,unknown,unknown,0.9,1.0,1.0,1.0,0.0,,0
1,social_engineering,0,0,0,0,0,1,0,0,0,0,unknown,email,clicked_link,credential,hacker,unknown,unknown,0.9,1.0,1.0,1.0,0.0,,0
1,transaction,0,1,0,0,0,0,0,1,0,0,card,sms,sent_money,payment,bank,unknown,unknown,1.0,1.0,1.0,1.0,0.0,,0
1,transaction,1,0,0,0,0,0,0,0,0,0,upi,sms,sent_money,payment,bank,unknown,unknown,0.8,1.0,0.0,1.0,0.0,,0
1,commerce,0,0,0,0,0,0,0,0,0,0,unknown,website,sent_money,payment,individual,375,USD,0.8,1.0,1.0,0.0,0.0,375.0,1
1,transaction,0,1,0,0,0,0,0,0,0,0,card,social_media,sent_money,payment,none,unknown,unknown,0.5,1.0,0.0,0.0,0.0,,0
1,transaction,0,0,1,0,0,0,0,0,0,0,bank,email,sent_money,payment,company,$400,USD,0.8,1.0,0.0,1.0,0.0,400.0,1
1,transaction,1,0,0,0,0,0,0,0,0,0,upi,sms,sent_money,payment,bank,unknown,unknown,0.8,1.0,0.0,1.0,0.0,,0
1,transaction,1,0,0,0,0,0,0,0,0,0,upi,sms,sent_money,payment,bank,unknown,unknown,0.9,1.0,1.0,1.0,0.0,,0
1,transaction,0,0,0,0,0,0,0,0,0,0,unknown,website,deposited,withdrawal,unknown,unknown,unknown,0.9,1.0,1.0,0.0,0.0,,0
1,commerce,0,0,0,1,0,0,0,0,0,0,unknown,none,none,none,none,unknown,unknown,0.8,1.0,1.0,0.0,0.0,,0
1,transaction,1,0,0,0,0,0,0,0,0,0,upi,sms,sent_money,payment,individual,unknown,unknown,0.9,1.0,1.0,0.0,0.0,,0
1,transaction,0,0,1,0,0,0,0,0,0,0,bank,email,sent_money,transaction,company,$989.96,USD,0.5,1.0,1.0,1.0,0.0,989.96,1
1,transaction,1,0,0,0,0,0,0,0,0,0,upi,sms,sent_money,payment,bank,unknown,unknown,0.8,1.0,0.0,1.0,0.0,,0
1,transaction,0,0,1,0,0,0,0,0,0,0,bank,website,sent_money,payment,company,100,EUR,0.8,1.0,0.0,1.0,0.0,100.0,1
1,transaction,0,0,0,1,0,0,0,0,1,0,bank,app,installed_app,download,none,$1,USD,0.9,1.0,1.0,0.0,0.0,1.0,1
1,transaction,0,1,0,0,0,0,0,0,0,0,card,website,clicked_link,payment,company,unknown,unknown,0.0,1.0,1.0,1.0,0.0,,0
1,transaction,0,0,0,1,0,0,0,0,0,0,unknown,website,clicked_link,none,company,unknown,unknown,0.9,1.0,0.0,1.0,0.0,,0
1,transaction,1,0,0,0,0,0,0,0,0,0,upi,sms,sent_money,payment,bank,unknown,unknown,0.8,1.0,0.0,1.0,0.0,,0
1,transaction,1,0,0,0,0,0,0,0,0,0,upi,website,sent_money,payment,hotel,34400,INR,1.0,1.0,1.0,1.0,0.0,34400.0,1
1,transaction,0,0,1,0,0,0,0,0,1,0,bank,email,deposited_money,payment,scammer,1000,USD,0.9,1.0,1.0,0.0,0.0,1000.0,1
1,transaction,0,0,0,1,0,0,0,0,0,0,upi,email,sent_money,payment,unknown,unknown,unknown,0.8,1.0,0.0,0.0,0.0,,0
1,call_forwarding,0,0,0,0,0,0,0,0,0,0,unknown,phone,none,none,unknown,unknown,unknown,0.9,1.0,0.0,0.0,0.0,,0
1,commerce,0,0,0,1,1,0,0,0,0,0,unknown,website,none,commerce,company,unknown,unknown,0.0,1.0,0.0,0.0,0.0,,0
1,transaction,0,0,1,0,0,0,0,0,1,0,bank,website,sent_money,payment,company,250000,unknown,1.0,1.0,1.0,1.0,0.0,250000.0,1
1,transaction,0,1,0,0,0,0,0,0,0,0,crypto,website,sent_money,payment,unknown,1775 ETH and 59M other token holdings,ETH,0.0,0.0,1.0,0.0,0.0,1775.0,1
1,social_engineering,0,0,0,0,0,1,0,0,0,0,unknown,email,clicked_link,none,company,unknown,unknown,0.5,1.0,0.0,1.0,0.0,,0
1,transaction,0,0,1,0,0,0,0,0,1,0,bank,email,received_money,payment,professor,unknown,unknown,0.9,1.0,0.0,1.0,0.0,,0
1,transaction,0,0,1,0,0,0,0,0,0,0,bank,email,none,verification,unknown,unknown,unknown,0.8,1.0,1.0,0.0,0.0,,0
1,transaction,0,0,0,0,0,0,0,0,0,0,crypto,website,sent_money,investment,individual,3500,unknown,1.0,1.0,0.0,0.0,0.0,3500.0,1
1,transaction,0,1,0,0,0,0,0,0,0,0,card,phone,shared_credentials,verification,bank,unknown,unknown,0.8,1.0,1.0,1.0,0.0,,0
1,social_engineering,0,0,0,0,0,1,1,1,0,0,unknown,website,clicked_link,verification,none,unknown,unknown,1.0,1.0,1.0,1.0,0.0,,0
1,transaction,0,1,0,0,0,0,0,0,0,0,card,unknown,swiped/tapped/inserted_a_card,payment,none,$25,USD,0.8,1.0,0.0,0.0,0.0,25.0,1
1,transaction,0,0,1,0,0,0,0,0,1,0,bank,website,sent_money,payment,exchange,"$20,000",USD,1.0,1.0,1.0,1.0,0.0,20000.0,1
1,social_engineering,0,0,0,0,0,0,1,1,0,0,unknown,phone,none,none,fedex,unknown,unknown,1.0,1.0,1.0,1.0,0.0,,0
1,transaction,0,0,1,0,0,0,0,0,0,0,bank,website,sent_money,transaction,bank,unknown,unknown,0.9,1.0,0.0,1.0,0.0,,0
1,commerce,0,0,0,0,1,0,0,0,0,0,upi,unknown,sent_money,commerce,none,55,USD,0.8,1.0,0.0,0.0,0.0,55.0,1
1,social_engineering,0,0,0,0,0,1,0,0,0,0,unknown,email,clicked_link,download,individual,unknown,unknown,0.8,1.0,0.0,0.0,0.0,,0
1,transaction,0,0,0,0,0,0,0,0,0,0,crypto,website,deposited_money,transaction,none,30000,unknown,1.0,1.0,1.0,0.0,0.0,30000.0,1
1,transaction,0,1,0,0,0,0,0,0,0,0,card,email,sent_money,verification,bank,$300,USD,1.0,1.0,1.0,1.0,0.0,300.0,1
1,transaction,0,0,1,0,0,0,0,0,0,0,bank,email,sent_money,payment,company,$1.6k,USD,0.9,1.0,1.0,1.0,0.0,1.6,1
1,transaction,0,0,1,0,0,0,0,0,0,0,bank,phone,shared_credentials,login,company,unknown,unknown,0.8,1.0,1.0,1.0,0.0,,0
1,commerce,0,0,1,1,1,0,0,0,1,0,bank,sms,paid_money,payment,individual,unknown,unknown,0.8,1.0,1.0,0.0,0.0,,0
1,transaction,0,0,1,0,0,0,0,0,1,0,bank,website,sent_money,transaction,wallet_developer,50,USD,1.0,1.0,1.0,1.0,0.0,50.0,1
1,commerce,0,0,0,1,0,0,0,0,1,0,upi,website,clicked_link,commerce,company,unknown,unknown,0.8,1.0,0.0,0.0,0.0,,0
1,transaction,0,1,0,0,0,0,0,0,0,0,crypto,website,sent_money,payment,crypto_exchange,unknown,unknown,0.0,0.0,1.0,0.0,0.0,,0
1,commerce,0,0,1,0,0,0,0,0,0,0,bank,email,sent_money,payment,company,"$49,200",USD,1.0,1.0,0.0,0.0,0.0,49200.0,1
1,commerce,0,0,1,1,0,0,0,0,1,0,bank,email,paid,payment,company,800,INR,1.0,1.0,1.0,1.0,0.0,800.0,1
1,pig_butchering,0,0,1,0,0,0,0,0,1,0,bank,email,sent_money,payment,unknown,unknown,unknown,0.95,1.0,1.0,0.0,0.0,,0
1,transaction,0,0,1,0,0,0,0,0,1,0,bank,website,sent_money,payment,unknown,"$8,000",USD,1.0,1.0,1.0,0.0,0.0,8000.0,1
1,credential,0,0,0,0,0,1,0,0,0,0,unknown,email,clicked_link,phishing,google,unknown,unknown,0.9,1.0,1.0,1.0,0.0,,0
1,transaction,0,1,0,0,0,0,0,0,0,0,card,phone,deposited_money,payment,ticketmaster,unknown,unknown,0.8,1.0,1.0,1.0,0.0,,0
1,transaction,1,0,0,0,0,0,0,0,0,0,upi,email,sent_money,payment,bank,1000,unknown,0.5,1.0,0.0,1.0,0.0,1000.0,1
1,transaction,0,0,1,0,0,0,0,1,1,0,bank,social_media,sent_money,payment,unknown,19.45,SOL,0.8,1.0,0.0,0.0,0.0,19.45,1
1,transaction,1,0,0,0,0,0,0,1,0,0,upi,email,sent_money,payment,individual,unknown,unknown,0.8,1.0,0.0,0.0,0.0,,0
1,commerce,0,0,0,1,0,0,0,0,0,0,upi,unknown,sent_money,commerce,amazon,unknown,unknown,0.8,1.0,1.0,1.0,0.0,,0
1,transaction,0,0,1,0,0,1,0,0,0,0,bank,app,clicked_link,transaction,unknown,unknown,unknown,0.8,1.0,1.0,0.0,0.0,,0
1,transaction,0,0,0,0,0,1,0,0,0,0,unknown,email,shared_credentials,verification,bank,unknown,unknown,0.5,1.0,1.0,1.0,0.0,,0
1,transaction,0,0,0,0,0,0,0,0,1,0,unknown,sms,sent_money,payment,none,unknown,unknown,0.9,1.0,1.0,0.0,0.0,,0
1,transaction,0,0,1,0,0,0,0,0,0,0,bank,sms,sent_money,payment,unknown,$15,USD,0.9,1.0,0.0,0.0,0.0,15.0,1
1,commerce,0,0,0,1,0,0,0,0,0,0,crypto,website,clicked_link,commerce,none,unknown,unknown,0.0,1.0,0.0,0.0,0.0,,0
1,transaction,1,0,0,0,0,0,0,0,0,0,upi,phone,sent_money,payment,bank,unknown,unknown,0.9,1.0,0.0,1.0,0.0,,0
1,social_engineering,0,0,0,0,0,0,1,1,1,0,unknown,sms | email | phone | social_media | website | app | unknown | none,sent_money,none,individual,unknown,unknown,1.0,1.0,1.0,1.0,0.0,,0
1,transaction,0,0,1,0,0,0,0,0,0,0,bank,website,sent_money,payment,company,unknown,unknown,0.8,1.0,0.0,1.0,0.0,,0
1,transaction,0,1,0,0,0,0,0,0,1,0,crypto,app,installed_app,transaction,none,unknown,unknown,0.9,1.0,1.0,0.0,0.0,,0
1,commerce,0,0,0,1,1,0,0,0,0,0,bank,email,shared_credentials,payment,seller,16000,USD,0.5,1.0,1.0,0.0,0.0,16000.0,1
1,transaction,1,0,0,0,0,0,0,0,0,0,upi,phone,sent_money,payment,blinkit_support,unknown,unknown,0.8,1.0,1.0,1.0,0.0,,0
1,transaction,1,0,0,0,0,0,0,0,1,0,upi,sms,sent_money,payment,bank,unknown,unknown,0.8,1.0,1.0,1.0,0.0,,0
1,transaction,0,0,1,0,0,0,0,0,0,0,bank,postal_service,none,transaction,check_maker,unknown,unknown,0.95,1.0,0.0,1.0,0.0,,0
1,transaction,0,0,0,0,0,0,0,0,0,0,crypto,social_media,investment,payment,unknown,unknown,unknown,0.9,1.0,0.0,0.0,0.0,,0
1,transaction,0,1,0,0,0,0,0,0,0,0,card,phone,sent_money,payment,company,unknown,unknown,0.0,1.0,1.0,1.0,0.0,,0
1,transaction,0,1,0,0,0,0,0,0,0,0,card,email,sent_money,payment,company,$1K,USD,0.9,1.0,0.0,1.0,0.0,1.0,1
1,transaction,0,0,1,0,0,0,0,0,0,0,bank,website,sent_money,payment,company,unknown,unknown,0.8,1.0,0.0,1.0,0.0,,0
1,transaction,0,1,0,0,0,0,0,0,0,0,bank,email,sent_money,payment,target,410,USD,0.9,1.0,1.0,1.0,0.0,410.0,1
1,commerce,0,0,0,1,0,0,0,0,0,0,bank,website,sent_money,commerce,company,$129.99,USD,0.8,1.0,0.0,0.0,0.0,129.99,1
1,transaction,1,0,0,0,0,0,0,0,0,0,upi,phone,sent_money,payment,unknown,4995,INR,0.8,1.0,0.0,0.0,0.0,4995.0,1
1,commerce,0,0,0,1,1,0,0,0,0,0,upi,email,clicked_link,sale,ebay,unknown,unknown,0.8,1.0,1.0,1.0,0.0,,0
1,transaction,0,0,1,0,0,0,0,0,1,0,bank,website,sent_money,transaction,company,unknown,unknown,0.8,1.0,0.0,1.0,0.0,,0
1,commerce,0,0,0,1,1,0,0,0,0,0,bank,website,none,commerce,company,unknown,unknown,0.8,1.0,0.0,1.0,0.0,,0
1,social_engineering,0,1,0,0,0,0,1,1,0,0,card,phone,shared_credentials,verification,bank,unknown,unknown,1.0,1.0,1.0,1.0,0.0,,0
1,transaction,0,0,0,0,0,0,0,0,0,0,crypto,website,withdrew_funds,transaction,exchange,unknown,unknown,0.9,1.0,1.0,0.0,0.0,,0
1,transaction,0,0,1,0,0,0,0,0,0,0,bank,website,sent_money,payment,company,200,unknown,1.0,1.0,0.0,0.0,0.0,200.0,1
0,none,0,0,0,0,0,0,0,0,0,0,upi | card | bank | crypto | gift_card | unknown | none,sms | email | phone | social_media | website | app | unknown | none,sent_money | shared_credentials | clicked_link | installed_app | none | unknown,payment | verification | login | download | none | unknown,bank_|_government_|_company_|_individual_|_none_|_unknown,unknown,unknown,0.0,0.0,0.0,0.0,0.0,,0
1,transaction,0,0,1,0,0,0,0,0,0,0,bank,website,sent_money,transaction,company,unknown,unknown,0.9,1.0,1.0,1.0,0.0,,0
1,transaction,0,0,1,0,0,0,0,0,0,0,bank,website,sent_money,payment,none,$500,USD,0.0,0.0,1.0,0.0,0.0,500.0,1
1,social_engineering,0,0,0,0,0,0,0,1,0,0,unknown,sms,none,none,individual,unknown,unknown,1.0,1.0,0.0,0.0,0.0,,0
1,transaction,0,1,0,0,0,0,0,0,0,0,card,unknown,shared_credentials,none,individual,unknown,unknown,0.8,1.0,1.0,0.0,0.0,,0
1,commerce,0,1,0,1,0,0,0,0,0,0,card,website,sent_money,payment,company,263.9,EUR,1.0,1.0,1.0,1.0,0.0,263.9,1
1,transaction,0,0,0,0,0,0,0,0,1,0,upi,telegram,sent_money,payment,unknown,25,USD,0.9,1.0,0.0,0.0,0.0,25.0,1
1,transaction,0,0,0,0,0,0,1,1,0,0,unknown,whatsapp,sent_money,payment,goldman_sachs,unknown,unknown,1.0,1.0,1.0,1.0,0.0,,0
1,commerce,0,0,0,1,1,0,0,0,0,0,upi,website,sent_money,payment,unknown,20,INR,1.0,1.0,1.0,0.0,0.0,20.0,1
0,none,0,0,0,0,0,0,0,0,0,0,unknown,none,none,none,none,unknown,unknown,0.0,0.0,0.0,0.0,0.0,,0
1,social_engineering,0,0,0,0,0,0,1,1,0,0,unknown,sms,none,none,individual,unknown,unknown,1.0,1.0,1.0,1.0,0.0,,0
1,transaction,0,1,0,0,0,0,0,0,0,0,card,email,locked_card,payment,none,unknown,unknown,0.8,1.0,1.0,0.0,0.0,,0
1,transaction,0,0,1,0,0,0,0,0,0,0,bank,email,sent_money,payment,company,2500,INR,0.8,1.0,1.0,1.0,0.0,2500.0,1
1,transaction,0,0,1,0,0,0,0,0,0,0,bank,phone,none,none,unknown,unknown,unknown,0.9,1.0,0.0,0.0,0.0,,0
1,transaction,0,0,1,0,0,0,0,0,1,0,bank,social_media,sent_money,payment,none,unknown,unknown,0.9,1.0,1.0,0.0,0.0,,0
1,transaction,0,1,0,0,0,0,0,0,0,0,card,email,disputed,payment,unknown,unknown,unknown,0.8,1.0,1.0,0.0,0.0,,0
1,credential,0,0,0,0,0,1,0,0,0,0,upi,email,clicked_link,credential,binance,unknown,unknown,0.8,1.0,1.0,1.0,0.0,,0
1,transaction,0,0,0,0,0,0,0,0,1,0,crypto,telegram,invested,payment,unknown,10000,unknown,0.8,1.0,0.0,0.0,0.0,10000.0,1
1,transaction,0,0,1,0,0,0,0,0,1,0,bank,website,sent_money,payment,none,unknown,USD,0.9,1.0,1.0,0.0,0.0,,0
1,social_engineering,0,0,0,0,0,1,0,0,0,0,unknown,email,clicked_link,credential,company,unknown,unknown,0.8,1.0,0.0,1.0,0.0,,0
1,transaction,0,0,0,0,0,0,0,0,0,0,unknown,sms,sent_money,payment,individual,unknown,unknown,0.9,1.0,0.0,0.0,0.0,,0
1,social_engineering,0,0,0,0,0,0,0,1,0,0,unknown,sms,installed_app,none,unknown,unknown,unknown,1.0,1.0,0.0,0.0,0.0,,0
1,transaction,0,0,1,0,0,0,0,0,0,0,bank,email,shared_credentials,transaction,bank,unknown,unknown,0.8,1.0,0.0,1.0,0.0,,0
1,transaction,0,0,0,0,0,0,0,0,0,0,crypto,website,clicked_link,transaction,unknown,unknown,unknown,0.9,1.0,1.0,0.0,0.0,,0
1,social_engineering,0,0,0,0,0,0,1,1,1,0,none,phone,none,none,individual,unknown,unknown,0.8,1.0,1.0,1.0,0.0,,0
1,transaction,0,0,0,0,0,0,1,1,0,0,crypto,social_media,clicked_link,transaction,elon_musk,"$2,500",USD,1.0,1.0,0.0,1.0,0.0,2500.0,1
1,transaction,0,0,1,0,0,0,0,0,0,0,bank,email,clicked_link,transaction,company,unknown,unknown,0.9,1.0,0.0,0.0,0.0,,0
1,social_engineering,0,0,0,0,0,1,1,1,0,0,unknown,sms,clicked_link,none,ups,unknown,unknown,1.0,1.0,1.0,1.0,0.0,,0
1,social_engineering,0,0,0,0,0,1,0,0,0,0,unknown,website,clicked_link,none,company,unknown,unknown,0.8,1.0,1.0,1.0,0.0,,0
1,transaction,0,0,1,0,0,0,0,1,0,0,bank,telegram,sent_money,payment,none,7000,USD,1.0,1.0,0.0,0.0,0.0,7000.0,1
1,commerce,0,0,0,1,0,0,0,0,1,0,upi,website,sent_money,payment,company,unknown,unknown,0.9,1.0,1.0,0.0,0.0,,0
1,commerce,0,0,0,1,0,0,0,0,0,0,upi,phone,shared_credentials,cancellation,meesho,unknown,unknown,0.8,1.0,0.0,0.0,0.0,,0
1,transaction,1,0,0,0,0,0,1,1,0,0,upi,email,sent_money,payment,company,unknown,unknown,0.9,1.0,1.0,1.0,0.0,,0
1,transaction,0,1,0,0,0,0,0,0,0,0,unknown,website,sent_money,payment,company,unknown,unknown,0.8,1.0,1.0,1.0,0.0,,0
1,transaction,0,1,0,0,0,0,0,0,0,0,card,phone,sent_money,payment,none,unknown,unknown,0.8,1.0,0.0,0.0,0.0,,0
1,transaction,1,0,0,0,0,0,0,0,0,0,upi,sms,sent_money,payment,bank,unknown,unknown,0.8,1.0,0.0,1.0,0.0,,0
1,transaction,0,0,1,0,0,0,0,0,1,0,bank,website,sent_money,transaction,company,6000,USD,1.0,1.0,1.0,1.0,0.0,6000.0,1
1,transaction,0,0,1,0,0,0,0,0,1,0,bank,website,sent_money,transaction,none,unknown,unknown,0.9,1.0,1.0,0.0,0.0,,0
1,transaction,0,0,1,0,0,0,0,0,0,0,bank,social_media,sent_money,payment,unknown,unknown,unknown,0.9,1.0,1.0,0.0,0.0,,0
1,transaction,0,0,0,0,0,0,0,0,0,0,unknown,app,none,none,none,unknown,unknown,0.5,1.0,0.0,0.0,0.0,,0
1,transaction,0,0,1,0,0,0,0,0,1,0,bank,unknown,sent_money,transaction,bank,700,unknown,1.0,1.0,1.0,1.0,0.0,700.0,1
1,social_engineering,0,0,0,0,0,1,1,1,0,0,crypto,phone,clicked_link,none,google,unknown,unknown,1.0,1.0,1.0,1.0,0.0,,0
1,social_engineering,0,0,1,0,0,0,0,1,0,0,bank,phone,sent_money,payment,none,unknown,unknown,1.0,1.0,1.0,0.0,0.0,,0
1,commerce,0,1,0,0,0,0,0,0,0,0,card,telegram,sent_money,payment,unknown,"500, 1500, 2500",INR,0.9,1.0,1.0,0.0,0.0,500.0,1
1,transaction,0,1,0,0,0,0,0,0,0,0,card,unknown,none,payment,none,unknown,unknown,0.0,0.0,0.0,0.0,0.0,,0
1,commerce,0,0,1,0,0,0,0,0,0,0,bank,email,sent_money,payment,none,unknown,unknown,0.9,1.0,0.0,0.0,0.0,,0
1,commerce,0,0,1,0,0,0,0,0,0,0,bank,website,clicked_link,transaction,company,unknown,unknown,0.8,1.0,0.0,1.0,0.0,,0
1,commerce,0,0,0,1,0,0,0,0,0,0,upi,website,clicked_link,commerce,company,unknown,unknown,0.8,1.0,0.0,1.0,0.0,,0
1,commerce,0,1,0,0,0,0,0,0,0,0,crypto,website,clicked_link,commerce,company,unknown,unknown,0.0,0.0,1.0,0.0,0.0,,0
1,transaction,0,0,0,0,0,0,0,0,1,0,unknown,social_media,clicked_link,transaction,none,unknown,unknown,0.8,1.0,0.0,0.0,0.0,,0
1,identity,0,0,0,0,0,0,0,0,0,0,unknown,mail,none,unknown,unknown,unknown,unknown,0.0,0.0,1.0,0.0,0.0,,0
1,transaction,0,1,0,0,0,0,0,0,0,0,card,phone,shared_credentials,verification,front_desk,unknown,unknown,0.9,1.0,0.0,1.0,0.0,,0
1,transaction,0,0,1,0,0,0,0,0,0,0,bank,email,none,verification,fedex,unknown,unknown,0.8,1.0,0.0,1.0,0.0,,0
1,commerce,0,0,0,0,0,0,0,0,0,0,unknown,website,sent_money,payment,company,unknown,unknown,0.8,1.0,0.0,1.0,0.0,,0
1,transaction,1,0,0,0,0,0,0,0,0,0,upi,sms,sent_money,payment,bank,unknown,unknown,0.8,1.0,0.0,1.0,0.0,,0
1,transaction,1,0,0,0,0,0,1,1,0,0,upi,sms,sent_money,payment,bank,unknown,unknown,1.0,1.0,1.0,1.0,0.0,,0
1,social_engineering,0,0,0,0,0,0,0,1,0,0,unknown,social_media,clicked_link,none,unknown,unknown,unknown,1.0,1.0,0.0,0.0,0.0,,0
1,social_engineering,0,0,0,0,0,1,0,0,0,0,unknown,email,clicked_link,credential,individual,unknown,unknown,0.8,1.0,1.0,0.0,0.0,,0
1,social_engineering,0,0,0,0,0,1,1,1,0,0,unknown,sms,clicked_link,none,government,unknown,unknown,1.0,1.0,1.0,1.0,0.0,,0
0,none,0,0,0,0,0,0,0,0,0,0,upi,email,shared_credentials,payment,none,unknown,unknown,0.0,1.0,0.0,0.0,0.0,,0
1,transaction,0,0,1,0,0,0,0,0,0,0,bank,email,sent_money,payment,company,10,unknown,0.8,1.0,1.0,1.0,0.0,10.0,1
1,transaction,0,1,0,0,0,0,0,0,0,0,card,website,sent_money,investment,company,50000,USD,1.0,1.0,1.0,1.0,0.0,50000.0,1
1,transaction,0,0,0,1,0,1,0,0,0,0,upi,phone,shared_credentials,verification,meesho,unknown,unknown,0.5,1.0,1.0,1.0,0.0,,0
1,transaction,0,0,0,0,1,0,1,1,0,0,unknown,email,sent_money,payment,police,1770,EUR,0.9,1.0,1.0,1.0,0.0,1770.0,1
1,transaction,0,0,0,0,0,0,0,0,0,0,upi | card | bank | crypto | gift_card | unknown | none,sms | email | phone | social_media | website | app | unknown | none,sent_money | shared_credentials | clicked_link | installed_app | none | unknown,payment,bank_|_government_|_company_|_individual_|_none_|_unknown,2000,USD,1.0,1.0,1.0,0.0,0.0,2000.0,1
0,none,0,0,0,0,0,0,1,0,0,0,unknown,phone,none,none,company,unknown,unknown,0.0,1.0,0.0,1.0,0.0,,0
1,transaction,0,1,0,0,0,0,0,1,0,0,bank,social_media,sent_money,payment,individual,unknown,unknown,1.0,1.0,1.0,0.0,0.0,,0
1,transaction,0,1,0,0,0,0,0,0,0,0,crypto,social_media,clicked_link,payment,unknown,unknown,unknown,0.0,1.0,1.0,0.0,0.0,,0
1,transaction,0,1,0,0,0,0,0,0,0,0,card,phone,clicked_link,payment,company,unknown,unknown,0.8,1.0,0.0,1.0,0.0,,0
1,transaction,1,0,0,0,0,0,0,0,0,0,upi,app,sent_money,payment,none,5413,INR,0.8,1.0,0.0,0.0,0.0,5413.0,1
1,social_engineering,0,0,0,0,0,0,1,1,0,0,unknown,phone,none,none,customs_officer,unknown,unknown,1.0,1.0,1.0,1.0,0.0,,0
1,commerce,0,1,0,0,0,0,0,0,0,0,card,website,sent_money,payment,company,26.9,GBP,0.8,1.0,1.0,1.0,0.0,26.9,1
1,transaction,0,1,0,0,0,0,0,0,0,0,unknown,unknown,sent_money,payment,unknown,unknown,unknown,0.0,1.0,1.0,0.0,0.0,,0
1,transaction,0,0,0,0,0,0,0,1,0,0,crypto,app,installed_app,none,individual,unknown,unknown,1.0,1.0,0.0,0.0,0.0,,0
1,social_engineering,0,0,0,0,0,0,1,1,0,0,unknown,phone,none,none,bank,unknown,unknown,1.0,1.0,0.0,1.0,0.0,,0
1,transaction,0,0,1,0,0,0,0,0,0,0,bank,none,none,transaction,company,unknown,unknown,0.0,0.0,0.0,1.0,0.0,,0
1,transaction,0,0,0,0,0,1,0,0,0,0,upi,sms,clicked_link,verification,nj_india_invest_pvt_ltd,unknown,unknown,0.9,1.0,0.0,1.0,0.0,,0
1,transaction,0,0,1,0,0,0,0,1,1,0,bank,sms,sent_money,payment,company,$680,USD,1.0,1.0,1.0,1.0,0.0,680.0,1
1,transaction,0,1,0,0,0,0,0,0,0,0,card,website,clicked_link,payment,individual,$6K,USD,0.5,1.0,0.0,0.0,0.0,6.0,1
1,transaction,0,0,1,0,0,0,0,0,0,0,bank,unknown,sent_money,payment,none,"$1,400",USD,0.9,1.0,0.0,0.0,0.0,1400.0,1
0,none,0,0,0,0,0,0,0,0,0,0,unknown,website,sent_money,none,company,unknown,unknown,0.0,0.0,0.0,1.0,0.0,,0
1,transaction,0,1,0,0,0,0,0,0,1,0,card,sms,sent_money,payment,company,$488,USD,0.5,1.0,1.0,1.0,0.0,488.0,1
1,social_engineering,0,0,0,0,0,0,1,1,0,0,unknown,phone,none,none,abraham_davidson_law_firm,unknown,unknown,1.0,1.0,1.0,1.0,0.0,,0
1,transaction,0,1,0,0,0,0,0,1,0,0,card,sms,sent_money,payment,postal_office,17,unknown,0.9,1.0,0.0,1.0,0.0,17.0,1
1,commerce,0,1,0,0,0,0,0,0,0,0,card,phone,installed_app,commerce,company,unknown,unknown,0.9,1.0,1.0,1.0,0.0,,0
1,transaction,0,0,1,0,0,0,0,0,0,0,bank,website,sent_money,verification,none,360,unknown,1.0,1.0,0.0,0.0,0.0,360.0,1
1,transaction,0,0,0,0,0,0,0,0,0,0,crypto,social_media,sent_money,payment,unknown,unknown,unknown,0.0,0.0,0.0,1.0,1.0,,0
1,commerce,0,0,0,1,0,0,0,0,0,0,upi,phone,shared_credentials,cancellation,meesho,unknown,unknown,0.8,1.0,0.0,0.0,0.0,,0
1,transaction,0,0,0,0,0,0,0,0,1,0,crypto,website,sent_money,payment,individual,$500,USD,1.0,1.0,1.0,0.0,0.0,500.0,1
1,commerce,0,0,0,1,1,0,0,0,0,0,bank,phone,installed_app,commerce,company,5000,INR,1.0,1.0,0.0,1.0,0.0,5000.0,1
1,transaction,0,0,1,0,0,0,0,0,0,0,bank,email,sent_money,transaction,individual,850000,€,1.0,1.0,0.0,0.0,0.0,850000.0,1
1,transaction,0,1,0,0,0,0,0,0,0,0,card,unknown,none,payment,unknown,75,USD,0.0,0.0,0.0,0.0,0.0,75.0,1
1,social_engineering,0,0,0,0,0,1,0,0,0,0,unknown,email,shared_credentials,credential,company,unknown,unknown,0.5,1.0,1.0,1.0,0.0,,0
1,commerce,0,0,0,1,0,0,0,0,1,0,unknown,none,none,none,company,unknown,unknown,0.8,1.0,1.0,1.0,0.0,,0
1,social_engineering,0,0,0,0,0,1,0,0,0,0,crypto,sms,clicked_link,transaction,unknown,unknown,unknown,0.9,1.0,0.0,0.0,0.0,,0
1,transaction,1,0,1,0,0,0,0,0,0,0,upi,sms,sent_money,payment,bank,180,USD,0.95,1.0,0.0,1.0,0.0,180.0,1
1,transaction,0,0,1,0,0,1,0,0,0,0,bank,sms,sent_money,payment,unknown,unknown,unknown,0.8,1.0,0.0,1.0,0.0,,0
1,transaction,0,0,0,0,0,0,0,0,0,0,unknown,social_media,clicked_link,payment,none,$4,USD,0.9,1.0,0.0,0.0,0.0,4.0,1
1,commerce,0,1,0,0,0,0,0,0,0,0,bank,social_media,donated_money,payment,individual,unknown,unknown,0.8,1.0,1.0,0.0,0.0,,0
1,commerce,0,0,0,0,0,0,0,0,0,0,upi,app,installed_app,commerce,company,11027,INR,0.0,0.5,0.5,0.5,0.0,11027.0,1
1,transaction,1,1,1,0,0,0,1,1,1,0,upi,email,sent_money,payment,bank,500,USD,1.0,1.0,1.0,1.0,0.0,500.0,1
1,transaction,0,0,1,0,0,0,0,0,0,0,bank,email,none,transfer,bank,700000,unknown,1.0,1.0,0.0,1.0,0.0,700000.0,1
1,social_engineering,0,0,0,0,0,0,1,1,0,0,unknown,social_media,installed_app,none,unknown,unknown,unknown,1.0,1.0,0.0,1.0,0.0,,0
1,transaction,0,1,0,0,0,0,0,0,0,0,card,video_call,none,dispute,bank,58998,INR,0.7,1.0,0.0,1.0,0.0,58998.0,1
1,transaction,0,0,1,0,0,0,0,0,1,0,bank,telegram,sent_money,payment,company,9800,EUR,1.0,1.0,1.0,1.0,0.0,9800.0,1
1,transaction,1,1,1,0,0,0,0,0,1,0,upi,sms,sent_money,payment,bank,18000,INR,0.5,1.0,1.0,1.0,0.0,18000.0,1
1,social_engineering,0,0,1,0,0,0,0,1,0,0,bank,phone,installed_app,payment,scammer,unknown,unknown,1.0,1.0,1.0,0.0,0.0,,0
0,none,0,0,0,0,0,0,0,0,1,0,unknown,sms,none,none,none,unknown,unknown,0.0,1.0,0.0,0.0,0.0,,0
1,transaction,0,1,0,0,0,0,0,0,0,0,unknown,website,clicked_link,none,unknown,unknown,unknown,0.0,0.0,0.0,0.0,0.0,,0
0,none,0,0,0,0,0,0,0,0,0,0,unknown,sms,none,none,none,unknown,unknown,0.0,0.0,0.0,0.0,0.0,,0
1,social_engineering,0,0,0,0,0,1,0,0,0,0,unknown,website,clicked_link,none,none,unknown,unknown,0.9,1.0,1.0,0.0,0.0,,0
1,transaction,0,1,0,0,0,0,0,0,0,0,card,unknown,sent_money,payment,none,unknown,unknown,0.0,0.0,1.0,0.0,0.0,,0
1,transaction,0,0,1,0,0,0,0,0,1,0,bank,phone,sent_money,payment,company,1100,INR,0.8,1.0,1.0,1.0,0.0,1100.0,1
1,transaction,0,0,1,0,0,0,0,0,0,0,bank,website,deposited_money,transaction,none,11000,BTC,0.9,1.0,0.0,0.0,0.0,11000.0,1
1,transaction,0,0,1,0,0,0,0,0,1,0,bank,email,shared_credentials,transaction,company,unknown,unknown,0.9,1.0,1.0,1.0,0.0,,0
1,commerce,0,0,0,0,0,0,0,0,0,0,upi | card | bank | crypto | gift_card | unknown | none,phone,sent_money,transaction,company,unknown,unknown,0.5,1.0,1.0,1.0,0.0,,0
1,transaction,0,0,1,0,0,0,0,0,1,0,bank,website,shared_credentials,verification,bank,unknown,unknown,0.9,1.0,1.0,1.0,0.0,,0
1,transaction,0,1,0,0,0,0,0,0,0,0,card,sms,sent_money,payment,company,"$3,297.29",USD,0.8,1.0,0.0,0.0,0.0,3297.29,1
1,transaction,0,0,1,0,0,0,0,0,1,0,bank,app,sent_money,transaction,none,5000,unknown,1.0,1.0,1.0,0.0,0.0,5000.0,1
1,transaction,0,0,1,0,0,0,0,0,1,0,bank,phone,sent_money,payment,none,100000,INR,0.8,1.0,1.0,0.0,0.0,100000.0,1
1,transaction,0,1,0,0,0,0,0,0,1,0,bank,phone,sent_money,transaction,bank,unknown,unknown,0.8,1.0,1.0,1.0,0.0,,0
0,none,0,0,0,0,0,0,0,0,0,0,unknown,email,changed_password,login,twitter,unknown,unknown,0.0,1.0,1.0,0.0,0.0,,0
1,transaction,1,0,0,0,0,0,0,0,0,0,upi,sms,sent_money,payment,unknown,$175,USD,0.8,1.0,0.0,0.0,0.0,175.0,1
1,transaction,0,0,1,0,0,0,0,0,1,0,bank,phone,sent_money,transaction,bank,10000,unknown,0.9,1.0,1.0,0.0,0.0,10000.0,1
1,commerce,0,0,0,0,0,0,0,0,1,0,card,website,clicked_link,payment,company,unknown,unknown,0.9,1.0,1.0,1.0,0.0,,0
1,transaction,0,0,1,0,0,0,0,0,1,0,crypto,website,none,transaction,unknown,1500,USD,0.9,1.0,1.0,0.0,0.0,1500.0,1
1,transaction,0,0,0,0,0,0,1,1,0,0,crypto,sms,sent_money,payment,none,150,BTC,1.0,1.0,1.0,1.0,0.0,150.0,1
1,transaction,1,0,0,0,0,0,0,0,0,0,upi,email,sent_money,payment,bank,unknown,unknown,0.8,1.0,0.0,1.0,0.0,,0
1,commerce,0,1,0,0,0,0,0,0,0,0,gift_card,store,purchased,payment,target,$100,USD,0.8,1.0,1.0,1.0,0.0,100.0,1
0,none,0,0,0,0,0,1,0,0,0,0,unknown,none,installed_app,none,none,unknown,unknown,0.0,0.0,1.0,1.0,0.0,,0
1,transaction,0,0,1,0,0,0,0,0,0,0,bank,email,sent_money,payment,company,unknown,unknown,0.8,1.0,1.0,1.0,0.0,,0
1,social_engineering,0,0,0,0,0,0,1,1,0,0,unknown,website,clicked_link,none,individual,unknown,unknown,1.0,1.0,1.0,1.0,0.0,,0
1,transaction,0,1,1,0,0,0,0,0,0,0,bank,phone,sent_money,payment,individual,$400,USD,1.0,1.0,0.0,0.0,0.0,400.0,1
1,transaction,1,0,0,0,0,0,1,1,0,0,upi,phone,sent_money,payment,bank,unknown,unknown,1.0,1.0,1.0,1.0,0.0,,0
1,commerce,0,0,0,1,1,0,0,0,0,0,upi,social_media,sent_money,payment,company,unknown,unknown,0.5,1.0,1.0,1.0,0.0,,0
1,transaction,0,0,0,0,0,0,0,0,0,0,crypto,unknown,received,unknown,unknown,.000005 of a cent,unknown,0.0,0.0,0.0,0.0,0.0,5.0,1
1,commerce,0,1,0,0,0,0,0,0,1,0,card,website,clicked_link,commerce,company,unknown,unknown,0.8,1.0,0.0,1.0,0.0,,0
1,transaction,0,0,0,0,0,0,0,1,0,0,unknown,phone,none,unknown,unknown,unknown,unknown,1.0,1.0,0.0,0.0,0.0,,0
1,transaction,1,0,0,0,0,0,0,0,0,0,upi,sms,sent_money,payment,company,10000,INR,1.0,1.0,0.0,1.0,0.0,10000.0,1
1,commerce,0,0,0,1,1,0,0,0,0,0,upi,website,sent_money,commerce,company,5000,INR,1.0,1.0,0.0,1.0,0.0,5000.0,1
1,social_engineering,0,0,0,0,0,1,0,1,0,0,unknown,email,none,credential,company,unknown,unknown,0.8,1.0,0.0,1.0,0.0,,0
1,social_engineering,0,0,1,0,0,0,0,1,1,0,bank,sms,sent_money,payment,individual,150000,USD,1.0,1.0,1.0,0.0,0.0,150000.0,1
1,transaction,0,1,0,0,0,0,0,0,0,0,card,phone,shared_credentials,transaction,bank,unknown,unknown,0.9,1.0,1.0,1.0,0.0,,0
1,transaction,0,1,0,0,0,0,0,0,0,0,crypto,social_media,invested,investment,company,unknown,unknown,0.9,1.0,1.0,1.0,0.0,,0
1,transaction,0,0,1,0,0,0,0,0,1,0,bank,website,deposited_money,trade,business_owner,unknown,unknown,0.9,1.0,0.0,1.0,0.0,,0
0,none,0,0,0,0,0,0,0,0,0,0,upi | card | bank | crypto | gift_card | unknown | none,sms | email | phone | social_media | website | app | unknown | none,sent_money | shared_credentials | clicked_link | installed_app | none | unknown,payment | verification | login | download | none | unknown,bank_|_government_|_company_|_individual_|_none_|_unknown,unknown,unknown,0.0,0.0,0.0,0.0,0.0,,0
1,transaction,0,1,0,0,0,0,0,0,0,0,card,phone,sent_money,payment,none,unknown,unknown,0.8,1.0,0.0,0.0,0.0,,0
1,transaction,0,0,1,0,0,0,0,0,0,0,bank,unknown,sent_money,transaction,none,$125,USD,0.8,1.0,0.0,0.0,0.0,125.0,1
1,transaction,0,0,0,0,0,0,0,0,0,0,unknown,email,sent_money,payment,bank,1000,USD,0.95,1.0,1.0,1.0,0.0,1000.0,1
1,commerce,0,0,1,1,1,0,0,0,1,0,bank,website,paid,payment,company,19000,INR,0.8,1.0,1.0,1.0,0.0,19000.0,1
1,meta,0,0,0,0,0,0,0,0,0,0,unknown,none,none,none,none,unknown,unknown,0.0,0.0,1.0,0.0,0.0,,0
1,transaction,0,1,1,0,0,0,0,1,0,0,bank,phone,sent_money,payment,company,275000,USD,1.0,1.0,1.0,0.0,0.0,275000.0,1
0,none,0,0,0,0,0,0,0,0,0,0,upi,social_media,sent_money,payment,unknown,unknown,unknown,0.0,1.0,0.0,0.0,0.0,,0
1,transaction,0,0,0,0,0,0,0,0,0,0,unknown,mail,none,unknown,health_insurance_company,unknown,unknown,0.0,1.0,1.0,1.0,0.0,,0
1,commerce,0,0,0,1,0,0,0,0,0,0,gift_card,email,clicked_link,payment,horizon_card_services,$100,USD,0.8,1.0,0.0,1.0,0.0,100.0,1
1,transaction,1,0,1,0,0,0,0,0,0,0,upi,phone,sent_money,payment,zelle,$500,USD,1.0,1.0,0.0,1.0,0.0,500.0,1
1,social_engineering,0,0,0,0,0,1,1,1,0,0,upi,email,sent_money,payment,bank,unknown,unknown,1.0,1.0,1.0,1.0,0.0,,0
1,transaction,0,0,0,0,1,0,1,1,0,0,unknown,phone,sent_money,payment,none,unknown,unknown,0.95,1.0,1.0,1.0,0.0,,0
0,none,0,0,1,0,0,0,0,0,0,0,bank,email,none,payment,company,unknown,unknown,0.0,1.0,0.0,1.0,0.0,,0
1,transaction,0,1,1,0,0,0,0,0,0,0,bank,email,shared_credentials,payment,individual,400,USD,0.5,1.0,0.0,0.0,0.0,400.0,1
1,social_engineering,0,0,0,0,0,1,1,1,0,0,crypto,phone,shared_credentials,none,crypto.com,unknown,unknown,1.0,1.0,1.0,1.0,0.0,,0
1,transaction,0,1,0,0,0,0,0,0,0,0,card,phone,shared_credentials,verification,bank,unknown,unknown,0.8,1.0,1.0,1.0,0.0,,0
1,transaction,0,1,0,0,0,0,0,0,0,0,card,email,clicked_link,payment,paypal,200,unknown,1.0,1.0,1.0,1.0,0.0,200.0,1
1,transaction,1,0,0,0,0,0,1,1,0,0,upi,sms,sent_money,payment,government,unknown,unknown,1.0,1.0,1.0,1.0,0.0,,0
1,transaction,1,0,0,0,0,0,1,1,0,0,upi,email,sent_money,payment,bank,unknown,unknown,0.9,1.0,1.0,1.0,0.0,,0
0,none,0,0,0,0,0,0,0,0,0,0,unknown,unknown,none,none,unknown,unknown,unknown,0.0,0.0,0.0,0.0,0.0,,0
0,none,0,0,0,0,0,0,0,0,0,0,upi | card | bank | crypto | gift_card | unknown | none,sms | email | phone | social_media | website | app | unknown | none,sent_money | shared_credentials | clicked_link | installed_app | none | unknown,payment | verification | login | download | none | unknown,bank_|_government_|_company_|_individual_|_none_|_unknown,unknown,unknown,0.0,0.0,0.0,0.0,0.0,,0
1,transaction,0,0,1,0,0,0,0,0,1,0,bank,sms,sent_money,payment,company,unknown,unknown,0.9,1.0,1.0,1.0,0.0,,0
1,social_engineering,0,0,0,0,0,1,0,0,0,0,unknown,social_media,clicked_link,none,individual,unknown,unknown,0.8,1.0,1.0,0.0,0.0,,0
1,transaction,0,1,0,0,0,0,0,0,0,0,card,email,none,payment,company,unknown,unknown,0.0,1.0,0.0,1.0,0.0,,0
1,commerce,0,0,0,0,0,0,0,0,0,0,unknown,website,clicked_link,commerce,none,unknown,unknown,0.0,1.0,1.0,0.0,0.0,,0
1,transaction,0,0,0,0,0,0,0,0,0,0,crypto,website,clicked_link,payment,none,"$850,000",USD,1.0,1.0,1.0,0.0,0.0,850000.0,1
1,transaction,1,0,0,0,0,0,0,0,1,0,upi,sms,sent_money,payment,bank,unknown,unknown,0.9,1.0,0.0,1.0,0.0,,0
1,commerce,0,0,1,1,1,0,0,0,0,0,bank,website,sent_money,commerce,seller,unknown,unknown,0.8,1.0,1.0,0.0,0.0,,0
1,transaction,1,0,0,0,0,0,1,1,0,0,upi,sms,sent_money,payment,bank,unknown,unknown,1.0,1.0,1.0,1.0,0.0,,0
1,transaction,0,0,1,0,0,0,0,0,1,0,bank,sms,sent_money,payment,unknown,1000,USD,0.8,1.0,1.0,0.0,0.0,1000.0,1
1,commerce,0,0,0,1,1,0,0,0,0,0,upi,website,sent_money,payment,company,unknown,unknown,0.8,1.0,0.0,1.0,0.0,,0
1,transaction,0,0,1,0,0,0,0,0,1,0,bank,sms,sent_money,transaction,unknown,$200,USD,1.0,1.0,0.0,0.0,0.0,200.0,1
1,transaction,1,0,0,0,0,0,1,1,1,0,upi,phone,sent_money,payment,government,unknown,unknown,0.8,1.0,1.0,1.0,0.0,,0
1,transaction,0,0,1,0,0,0,0,1,0,0,bank,website,sent_money,transaction,company,unknown,unknown,1.0,1.0,1.0,1.0,0.0,,0
1,transaction,0,0,1,0,0,0,0,0,0,0,bank,website,sent_money,transaction,bank,unknown,unknown,0.8,1.0,0.0,1.0,0.0,,0
1,commerce,0,0,0,1,0,0,0,0,1,0,unknown,website,none,commerce,atlys_(visa_service),unknown,unknown,0.9,1.0,1.0,0.0,0.0,,0
1,transaction,0,0,1,0,0,0,0,0,0,0,bank,phone,sent_money,payment,court,5600,USD,1.0,1.0,1.0,1.0,0.0,5600.0,1
1,transaction,0,1,0,0,0,0,0,0,0,0,card,email,sent_money,payment,company,250000,unknown,0.0,1.0,1.0,1.0,0.0,250000.0,1
1,transaction,0,1,0,0,0,0,0,0,0,0,card,sms,sent_money,payment,company,unknown,unknown,0.0,0.0,1.0,1.0,0.0,,0
1,transaction,0,0,0,0,0,0,0,0,0,0,unknown,email,none,payment,unknown,unknown,unknown,0.8,1.0,1.0,0.0,0.0,,0
1,social_engineering,0,0,0,0,0,0,1,1,0,0,unknown,sms | email | phone | social_media | website | app | unknown | none,none | unknown,none | unknown,individual,unknown,unknown,1.0,1.0,1.0,1.0,0.0,,0
1,social_engineering,0,0,0,0,0,0,1,1,0,0,unknown,email,none,none,interpol_russia,unknown,unknown,1.0,1.0,1.0,1.0,0.0,,0
1,commerce,0,0,0,1,0,0,0,0,1,0,unknown,app,installed_app,commerce,company,unknown,unknown,0.8,1.0,0.0,0.0,0.0,,0
1,transaction,0,0,1,0,0,0,0,1,0,0,bank,website,sent_money,payment,company,12500,USD,1.0,1.0,1.0,1.0,0.0,12500.0,1
1,transaction,0,0,1,0,0,0,0,0,1,0,bank,website,paid,trade,korean_bank,$200K,USD,1.0,1.0,1.0,1.0,0.0,200.0,1
1,transaction,1,0,0,0,0,0,0,1,0,0,upi,phone,sent_money,payment,company,unknown,unknown,1.0,1.0,0.0,0.0,0.0,,0
1,transaction,0,0,1,0,0,0,0,0,1,0,bank,email,cashed_check,payment,unknown,5695,USD,0.8,1.0,1.0,0.0,0.0,5695.0,1
1,commerce,1,0,0,1,1,0,0,0,0,0,upi,social_media,sent_money,payment,company,unknown,unknown,0.8,1.0,1.0,1.0,0.0,,0
1,transaction,1,0,0,0,0,0,0,0,0,0,upi,sms,sent_money,payment,bank,100,INR,1.0,1.0,0.0,1.0,0.0,100.0,1
1,transaction,0,0,1,0,0,0,0,0,0,0,bank,website,clicked_link,payment,company,unknown,unknown,0.95,1.0,1.0,1.0,0.0,,0
1,social_engineering,0,0,0,0,0,1,0,1,0,0,none,email,none,credential,unknown,unknown,unknown,1.0,1.0,1.0,1.0,0.0,,0
1,transaction,0,1,0,0,0,0,0,0,0,0,card,website,clicked_link,payment,company,255,USD,0.8,1.0,0.0,1.0,0.0,255.0,1
1,meta,0,0,0,0,0,0,0,0,1,0,crypto,website,clicked_link,none,unknown,unknown,unknown,0.5,1.0,0.0,0.0,0.0,,0
1,transaction,0,0,0,0,0,0,0,0,0,0,unknown,none,sent_money,payment,individual,unknown,unknown,0.8,1.0,0.0,0.0,0.0,,0
1,transaction,1,0,0,0,0,0,0,0,0,0,upi,sms,sent_money,payment,bank,unknown,unknown,0.9,1.0,0.0,1.0,0.0,,0
1,transaction,0,0,1,0,0,0,0,0,0,0,bank,sms,sent_money,payment,company,unknown,unknown,0.9,1.0,0.0,1.0,0.0,,0
0,none,0,0,0,0,0,0,0,0,0,0,unknown,phone,none,none,law_enforcement,unknown,unknown,0.0,1.0,1.0,1.0,0.0,,0
1,transaction,0,1,0,0,0,0,0,0,0,0,card,sms,sent_money,payment,boss,unknown,unknown,0.9,1.0,0.0,1.0,0.0,,0
1,transaction,0,1,0,0,0,0,0,0,0,0,card,social_media,sent_money,payment,individual,320,unknown,0.0,1.0,1.0,0.0,0.0,320.0,1
1,transaction,0,0,1,0,0,0,0,1,0,0,bank,email,sent_money,payment,individual,5000,unknown,1.0,1.0,1.0,0.0,0.0,5000.0,1
1,transaction,0,0,0,0,0,0,0,1,0,0,crypto,website,clicked_link,transaction,company,1000,unknown,1.0,1.0,1.0,0.0,0.0,1000.0,1
1,transaction,0,0,1,0,0,0,0,0,1,0,bank,email,clicked_link,transaction,company,500000,unknown,1.0,1.0,1.0,0.0,0.0,500000.0,1
0,none,0,0,0,0,0,0,0,0,0,0,upi,email,none,activation,boost_mobile,unknown,unknown,0.0,0.0,0.0,1.0,0.0,,0
1,transaction,0,0,0,0,0,0,0,0,0,0,unknown,phone,none,application,unknown,unknown,unknown,0.95,1.0,1.0,0.0,0.0,,0
1,transaction,0,0,1,0,0,0,0,0,1,0,bank,sms,sent_money,payment,none,unknown,unknown,0.8,1.0,1.0,0.0,0.0,,0
1,transaction,0,0,1,0,0,0,0,0,0,0,bank,email,sent_money,payment,company,unknown,unknown,0.8,1.0,0.0,1.0,0.0,,0
1,transaction,0,0,1,0,0,0,1,1,0,0,bank,phone,sent_money,payment,bank,60000,INR,1.0,1.0,1.0,1.0,0.0,60000.0,1
1,transaction,0,1,0,0,0,0,0,0,0,0,card,sms,none,payment,bank,unknown,unknown,0.8,1.0,1.0,1.0,0.0,,0
1,transaction,0,1,0,0,0,0,0,0,0,0,card,website,clicked_link,payment,company,$40,USD,0.8,1.0,1.0,1.0,0.0,40.0,1
1,transaction,0,0,1,0,0,0,1,1,0,0,bank,email,sent_money,payment,company,unknown,unknown,1.0,1.0,1.0,1.0,0.0,,0
0,none,0,0,0,0,0,0,0,0,0,0,unknown,social_media,clicked_link,none,unknown,unknown,unknown,0.0,0.0,0.0,0.0,0.0,,0
1,transaction,0,0,1,0,0,0,0,0,1,0,bank,sms,sent_money,payment,individual,unknown,unknown,0.8,1.0,0.0,0.0,0.0,,0
1,transaction,0,1,0,0,0,0,0,0,0,0,card,website,clicked_link,payment,bank,400,unknown,1.0,1.0,1.0,1.0,0.0,400.0,1
1,transaction,1,0,0,0,0,0,0,0,0,0,upi,website,sent_money,payment,bank,unknown,unknown,0.9,1.0,0.0,1.0,0.0,,0
1,transaction,0,0,0,0,0,0,0,0,0,0,bank,phone,sent_money,payment,company,40000,INR,1.0,1.0,0.0,1.0,0.0,40000.0,1
1,transaction,0,1,0,0,0,0,0,0,0,0,card,phone,none,verification,bank,unknown,unknown,0.8,1.0,1.0,1.0,0.0,,0
1,transaction,0,0,0,0,0,0,0,0,1,0,upi,app,sent_money,payment,none,328,unknown,0.5,1.0,0.0,0.0,0.0,328.0,1
1,transaction,0,0,1,0,0,0,0,0,1,1,bank,website,deposited_money,payment,online_casino,80000,unknown,1.0,1.0,1.0,0.0,0.0,80000.0,1
1,social_engineering,0,0,0,0,0,1,1,1,0,0,unknown,website,clicked_link,none,moderator/employee,unknown,unknown,0.8,1.0,1.0,1.0,0.0,,0
1,transaction,0,0,1,0,0,0,0,0,0,0,bank,website,clicked_link,payment,none,$680/m,USD,1.0,1.0,0.0,0.0,0.0,680.0,1
1,social_engineering,0,0,0,0,0,1,1,1,0,0,unknown,email,sent_money,payment,tumblr_support_person,unknown,unknown,1.0,1.0,1.0,1.0,0.0,,0
1,transaction,0,0,0,0,0,0,0,0,0,0,unknown,sms,sent_money,payment,none,unknown,unknown,0.9,1.0,0.0,0.0,0.0,,0
1,commerce,0,0,0,1,0,0,0,0,1,0,upi,none,sent_money,payment,company,unknown,unknown,0.9,1.0,0.0,1.0,0.0,,0
1,transaction,0,0,1,0,0,0,0,0,1,0,bank,email,sent_money,payment,title_company,30000,unknown,1.0,1.0,1.0,1.0,0.0,30000.0,1
1,transaction,0,1,0,0,0,0,0,1,1,0,card,phone,sent_money,payment,individual,unknown,unknown,1.0,1.0,1.0,0.0,0.0,,0
1,transaction,0,0,1,0,0,0,0,0,0,0,bank,website,clicked_link,payment,company,$65,USD,0.8,1.0,0.0,1.0,0.0,65.0,1
1,transaction,0,0,1,0,0,0,0,0,1,0,bank,email,gave_money,payment,unknown,$350 Canadian,CAD,1.0,1.0,1.0,0.0,0.0,350.0,1
1,commerce,0,0,0,1,0,0,0,0,0,0,crypto,website,sent_money,subscription,none,$20,USD,0.0,0.0,0.0,0.0,0.0,20.0,1
1,transaction,0,0,1,0,0,0,0,0,0,0,bank,email,sent_money,payment,company,$18k,USD,0.5,1.0,1.0,1.0,0.0,18.0,1
1,transaction,0,1,0,0,0,0,0,0,0,0,bank,email,none,payment,government,unknown,unknown,0.9,1.0,1.0,1.0,0.0,,0
1,commerce,0,1,0,0,0,0,0,0,0,0,card,website,clicked_link,payment,company,unknown,unknown,0.0,0.0,1.0,1.0,0.0,,0
1,transaction,1,0,0,0,0,0,0,0,0,0,upi,sms,sent_money,payment,bank,unknown,unknown,0.8,1.0,0.0,1.0,0.0,,0
0,none,0,0,0,0,0,0,0,0,0,0,crypto,website,clicked_link,mining,company,unknown,unknown,0.0,0.0,0.0,1.0,0.0,,0
1,transaction,0,0,0,0,0,0,1,1,0,0,bank,phone,paid,payment,law_enforcement,"$20,000",USD,1.0,1.0,1.0,1.0,0.0,20000.0,1
1,social_engineering,0,0,0,0,0,1,0,0,0,0,unknown,website,clicked_link,none,facebook,unknown,unknown,0.8,1.0,1.0,1.0,0.0,,0
1,transaction,0,0,1,0,0,0,0,0,0,0,bank,email,deposited_check,payment,company,"$1,950",USD,0.8,1.0,0.0,1.0,0.0,1950.0,1
1,transaction,0,0,1,0,0,0,0,0,0,0,bank,telegram,sent_money,transaction,unknown,5000,USD,1.0,1.0,1.0,0.0,0.0,5000.0,1
1,transaction,0,1,0,0,0,0,0,0,0,0,bank,phone,sent_money,payment,scammer,85000,unknown,1.0,1.0,1.0,1.0,0.0,85000.0,1
1,transaction,0,1,0,0,0,0,0,0,0,0,bank,sms,sent_money,payment,escort_service,500,GBP,0.0,1.0,1.0,0.0,0.0,500.0,1
1,commerce,0,0,0,1,0,0,0,0,0,0,upi,sms,sent_money,payment,company,unknown,unknown,0.8,1.0,0.0,1.0,0.0,,0
1,transaction,0,0,0,0,0,0,0,1,0,0,unknown,sms,clicked_link,verification,usps,unknown,unknown,1.0,1.0,1.0,1.0,0.0,,0
1,commerce,0,0,0,1,1,0,0,0,0,0,upi,email,sent_money,commerce,company,unknown,unknown,0.8,1.0,0.0,1.0,0.0,,0
1,commerce,0,1,0,0,0,0,0,0,0,0,card,website,sent_money,payment,company,72,unknown,1.0,1.0,0.0,0.0,0.0,72.0,1
1,transaction,0,0,1,0,0,0,0,0,0,0,bank,sms,sent_money,payment,unknown,unknown,unknown,0.99999,1.0,1.0,0.0,0.0,,0
1,social_engineering,0,0,0,0,0,0,1,1,0,0,unknown,sms,sent_money,none,individual,unknown,unknown,1.0,1.0,1.0,1.0,0.0,,0
1,transaction,1,0,0,0,0,0,0,1,0,0,upi,website,clicked_link,transaction,bank,unknown,unknown,1.0,1.0,0.0,0.0,0.0,,0
1,commerce,0,0,1,1,0,0,0,0,0,0,bank,phone,sent_money,payment,company,unknown,unknown,0.9,1.0,0.0,1.0,0.0,,0
1,muse,0,0,0,0,0,0,0,0,0,0,unknown,none,none,none,none,1600,unknown,0.0,0.0,0.0,0.0,0.0,1600.0,1
1,transaction,0,0,1,0,0,0,0,0,1,0,bank,website,sent_money,payment,company,"$20,600",USD,1.0,1.0,1.0,0.0,0.0,20600.0,1
1,transaction,0,0,0,0,0,0,0,1,0,0,unknown,sms,sent_money,payment,none,200x,unknown,1.0,1.0,0.0,0.0,0.0,200.0,1
1,transaction,0,1,0,0,0,0,0,0,0,0,card,email,clicked_link,transaction,bank,unknown,unknown,0.8,1.0,1.0,1.0,0.0,,0
1,social_engineering,0,0,0,0,0,0,1,1,0,0,unknown,social_media,clicked_link,none,elon_musk,"$2,500",USD,1.0,1.0,0.0,1.0,0.0,2500.0,1
1,transaction,1,0,0,0,0,0,0,0,0,0,upi,sms,clicked_link,payment,bank,unknown,unknown,0.8,1.0,0.0,1.0,0.0,,0
1,transaction,0,0,1,0,0,0,0,0,1,0,bank,telegram,linked_wallet,withdrawal,unknown,unknown,unknown,0.8,1.0,1.0,0.0,0.0,,0
1,transaction,0,0,1,0,0,0,0,0,0,0,bank,sms,sent_money,payment,unknown,unknown,unknown,0.9,1.0,0.0,0.0,0.0,,0
1,transaction,0,0,1,0,0,0,0,0,1,0,bank,none,sent_money,payment,company,30000,INR,1.0,1.0,0.0,1.0,0.0,30000.0,1
1,transaction,0,0,1,0,0,0,0,0,0,0,bank,phone,none,transaction,bank,unknown,unknown,0.8,1.0,0.0,1.0,0.0,,0
1,transaction,0,0,0,0,0,0,0,0,0,0,crypto,telegram,sent_money,payment,unknown,unknown,unknown,0.0,1.0,1.0,0.0,0.0,,0
1,social_engineering,0,0,0,0,0,0,0,1,0,0,unknown,social_media,none,none,individual,20k,unknown,1.0,1.0,1.0,0.0,0.0,20.0,1
1,transaction,0,0,1,0,0,0,0,0,0,1,bank,website,clicked_link,transaction,wind_3,unknown,unknown,0.8,1.0,0.0,1.0,0.0,,0
1,transaction,0,1,0,0,0,0,0,0,0,0,bank,mail,sent_money,payment,township,unknown,unknown,0.8,1.0,0.0,1.0,0.0,,0
0,none,0,0,0,0,0,0,0,0,0,0,unknown,unknown,unknown,unknown,unknown,unknown,unknown,0.0,0.0,0.0,0.0,0.0,,0
1,transaction,0,0,1,0,0,0,0,0,0,0,bank,app,sent_money,payment,none,$300,USD,1.0,1.0,0.0,0.0,0.0,300.0,1
1,commerce,0,0,0,1,0,0,0,0,0,0,upi,app,installed_app,commerce,company,unknown,unknown,0.9,1.0,0.0,0.0,0.0,,0
1,commerce,0,0,0,0,0,0,0,0,0,0,unknown,email,sent_money,payment,none,unknown,unknown,0.8,1.0,1.0,0.0,0.0,,0
1,commerce,0,0,0,0,0,0,0,0,0,0,upi,email,sent_money,payment,ebay,2000,USD,1.0,1.0,1.0,1.0,0.0,2000.0,1
1,transaction,0,1,0,0,0,0,0,0,0,0,card,website,clicked_link,payment,company,59.99,unknown,0.0,1.0,0.0,1.0,0.0,59.99,1
1,commerce,0,0,0,0,0,0,0,0,0,0,unknown,social_media,none,payment,company,unknown,unknown,0.8,1.0,1.0,1.0,0.0,,0
1,commerce,0,0,0,1,0,0,0,0,0,0,bank,email,sent_money,payment,individual,unknown,unknown,0.8,1.0,0.0,0.0,0.0,,0
1,credential,0,0,0,0,0,1,0,0,0,0,unknown,none,none,none,individual,unknown,unknown,0.0,0.0,1.0,0.0,0.0,,0
1,transaction,0,0,1,0,0,0,0,0,0,0,bank,email,clicked_link,verification,microsoft,unknown,unknown,0.5,1.0,0.0,1.0,0.0,,0
1,transaction,0,0,0,0,0,0,0,0,0,0,crypto,website,sent_money,payment,company,unknown,unknown,0.5,1.0,1.0,1.0,0.0,,0
1,commerce,0,0,0,1,0,0,0,0,0,0,upi,website,sent_money,payment,company,378,INR,0.9,1.0,1.0,1.0,0.0,378.0,1
1,commerce,0,0,1,1,1,0,0,0,0,0,bank,telegram,sent_money,commerce,individual,$150,USD,0.8,1.0,1.0,0.0,0.0,150.0,1
1,social_engineering,0,0,0,0,0,0,0,1,0,0,unknown,social_media,none,none,individual,unknown,unknown,1.0,1.0,0.0,0.0,0.0,,0
1,commerce,0,1,0,0,0,0,0,0,0,0,card,social_media,sent_money,payment,none,unknown,unknown,0.0,0.0,1.0,0.0,0.0,,0
0,none,0,0,0,0,0,0,0,0,0,0,crypto,website,clicked_link,transaction,unknown,unknown,unknown,0.0,1.0,1.0,0.0,0.0,,0
1,commerce,0,0,0,1,0,0,0,0,0,0,bank,social_media,sent_money,commerce,company,$20,USD,0.5,1.0,0.0,0.0,0.0,20.0,1
1,transaction,0,0,1,0,0,0,0,1,0,0,bank,email,paid,payment,government_agency,"$8,000",USD,1.0,1.0,1.0,1.0,0.0,8000.0,1
1,transaction,0,0,1,0,0,0,0,0,0,0,bank,phone,paid_money,payment,government,"$10,000",USD,0.9,1.0,1.0,1.0,0.0,10000.0,1
1,transaction,0,0,0,0,0,0,0,0,1,0,unknown,website,clicked_link,transaction,none,unknown,unknown,0.9,1.0,0.0,0.0,0.0,,0
1,transaction,1,0,1,0,0,0,0,1,0,0,upi | card | bank,sms | email | phone,sent_money,payment,bank,unknown,unknown,1.0,1.0,1.0,0.0,0.0,,0
1,transaction,0,0,0,0,0,0,0,1,0,0,crypto,phone,installed_app,payment,none,unknown,USDC,1.0,1.0,0.0,0.0,0.0,,0
1,social_engineering,0,0,0,0,0,0,1,1,0,0,unknown,phone,none,none,company,unknown,unknown,1.0,1.0,1.0,1.0,0.0,,0
1,transaction,1,0,0,0,0,0,0,0,0,0,upi,sms,sent_money,payment,unknown,20000,unknown,1.0,1.0,0.0,0.0,0.0,20000.0,1
0,none,0,0,0,0,0,0,0,0,0,0,crypto,website,utilize,none,unknown,unknown,unknown,0.0,0.0,0.0,0.0,0.0,,0
1,commerce,0,1,0,1,0,0,0,0,0,0,card,social_media,sent_money,payment,company,unknown,unknown,0.9,1.0,1.0,1.0,0.0,,0
1,transaction,0,0,1,0,0,0,0,0,1,0,bank,sms,sent_money,payment,none,185,USD,0.9,1.0,1.0,0.0,0.0,185.0,1
1,transaction,0,0,1,0,0,0,0,0,0,0,bank,telegram,sent_money,payment,unknown,unknown,unknown,0.5,1.0,0.0,0.0,0.0,,0
1,transaction,0,0,1,0,0,0,0,0,1,0,bank,telegram,sent_money,payment,unknown,2500,AED,1.0,1.0,1.0,0.0,0.0,2500.0,1
1,transaction,0,0,0,1,0,0,0,0,0,0,upi,sms,shared_credentials,verification,amazon,435,unknown,0.8,1.0,0.0,1.0,0.0,435.0,1
1,social_engineering,0,0,0,0,0,1,0,0,0,0,unknown,email,shared_credentials,none,individual,unknown,unknown,0.9,1.0,0.0,1.0,0.0,,0
1,transaction,0,0,1,0,0,0,0,0,1,0,bank,website,sent_money,payment,company,25000,unknown,1.0,1.0,1.0,1.0,0.0,25000.0,1
1,transaction,0,0,0,0,0,0,0,0,1,0,unknown,website,sent_money,transaction,none,unknown,unknown,0.9,1.0,0.0,0.0,0.0,,0
1,transaction,1,0,0,1,0,0,0,0,0,0,upi,phone,sent_money,payment,company,832,INR,0.7,1.0,0.0,1.0,0.0,832.0,1
1,transaction,0,1,0,0,0,0,0,0,0,0,card,social_media,clicked_link,payment,company,unknown,unknown,0.8,1.0,1.0,0.0,0.0,,0
1,transaction,0,0,1,0,0,0,0,0,0,0,bank,phone,sent_money,payment,none,unknown,unknown,0.8,1.0,0.0,0.0,0.0,,0
1,transaction,0,0,0,0,0,0,0,0,0,0,unknown,sms,sent_money,payment,unknown,unknown,unknown,0.0,1.0,0.0,0.0,0.0,,0
1,transaction,1,0,0,0,0,0,0,0,0,0,upi,sms,sent_money,payment,bank,unknown,unknown,0.8,1.0,0.0,1.0,0.0,,0
1,transaction,0,0,1,0,0,0,0,0,1,0,bank,website,sent_money,payment,none,unknown,unknown,0.9,1.0,0.0,0.0,0.0,,0
1,transaction,0,0,0,0,0,0,0,0,1,0,crypto,website,sent_money,payment,none,unknown,unknown,0.95,1.0,1.0,0.0,0.0,,0
1,transaction,0,0,0,0,0,0,0,0,0,0,card,phone,shared_credentials,verification,bank,unknown,unknown,0.8,1.0,0.0,1.0,0.0,,0
1,transaction,0,1,0,0,0,0,0,0,0,0,card,sms,sent_money,payment,broker/financial_advisor,unknown,unknown,0.8,1.0,1.0,1.0,0.0,,0
1,transaction,0,0,1,0,0,0,0,0,0,0,bank,telegram,deposited_money,payment,trader,75,USD,0.8,1.0,1.0,1.0,0.0,75.0,1
1,commerce,0,0,0,1,0,0,0,0,0,0,upi,sms,sent_money,payment,company,unknown,unknown,0.8,1.0,1.0,1.0,0.0,,0
1,transaction,1,0,0,0,0,0,0,0,0,0,upi,sms,sent_money,payment,none,2000,INR,0.5,1.0,1.0,0.0,0.0,2000.0,1
1,commerce,0,0,0,0,0,0,0,0,0,0,bank,email,sent_money,payment,company,unknown,unknown,0.8,1.0,1.0,0.0,0.0,,0
1,transaction,1,0,0,0,0,0,0,0,0,0,upi,email,sent_money,payment,bank,unknown,unknown,0.9,1.0,0.0,1.0,0.0,,0
1,transaction,0,1,0,0,0,1,0,0,0,0,card,email,shared_credentials,login,company,unknown,unknown,0.9,1.0,1.0,1.0,0.0,,0
1,transaction,0,0,1,0,0,0,1,1,0,0,bank,phone,sent_money,payment,company,$500,USD,1.0,1.0,1.0,1.0,0.0,500.0,1
1,transaction,0,0,1,0,0,0,0,0,0,0,bank,unknown,sent_money,payment,none,unknown,unknown,0.5,1.0,0.0,0.0,0.0,,0
1,transaction,0,1,1,0,0,0,0,0,0,0,bank,unknown,sent_money,payment,none,unknown,unknown,0.8,1.0,0.0,0.0,0.0,,0
1,transaction,0,0,0,0,0,0,0,0,1,0,unknown,website,none,none,none,unknown,unknown,0.8,1.0,0.0,0.0,0.0,,0
1,transaction,0,0,1,0,0,0,0,0,1,0,bank,social_media,sent_money,payment,none,35000,unknown,1.0,1.0,0.0,0.0,0.0,35000.0,1
1,transaction,0,1,0,0,0,0,0,0,0,0,crypto,website,sent_money,payment,company,unknown,unknown,0.9,1.0,1.0,1.0,0.0,,0
1,commerce,0,0,0,1,0,0,0,0,0,0,upi,phone,none,delivery,company,unknown,unknown,0.9,1.0,1.0,0.0,0.0,,0
1,transaction,1,0,0,0,0,0,0,0,0,0,upi,sms,sent_money,payment,bank,unknown,unknown,1.0,1.0,1.0,1.0,0.0,,0
1,meta,0,0,0,0,0,0,0,0,1,0,crypto,website,clicked_link,none,unknown,unknown,unknown,0.0,1.0,0.0,0.0,0.0,,0
1,transaction,0,0,1,0,0,0,0,0,1,0,bank,sms,sent_money,payment,company,unknown,unknown,0.9,1.0,0.0,1.0,0.0,,0
1,commerce,0,0,0,1,1,0,0,0,0,0,bank,email,paid,commerce,company,$80,USD,0.5,1.0,1.0,0.0,0.0,80.0,1
1,transaction,0,1,0,0,0,0,0,0,0,0,card,sms,sent_money,payment,individual,$200,USD,1.0,1.0,1.0,0.0,0.0,200.0,1
1,transaction,0,0,1,0,0,0,0,0,1,0,bank,website,sent_money,payment,none,unknown,unknown,0.95,1.0,1.0,0.0,0.0,,0
1,transaction,0,0,1,0,0,0,0,0,0,0,bank,website,sent_money,transaction,bank,30000,unknown,1.0,1.0,1.0,1.0,0.0,30000.0,1
1,commerce,0,0,0,0,0,0,0,0,0,0,bank,website,sent_money,payment,company,200,unknown,0.5,1.0,0.0,1.0,0.0,200.0,1
1,transaction,0,0,1,0,0,0,0,0,0,0,bank,whatsapp,sent_money,payment,company,32000,unknown,1.0,1.0,1.0,1.0,0.0,32000.0,1
1,transaction,0,0,0,0,0,0,0,0,1,0,crypto,website,sent_money,payment,unknown,"$2,200",CELO,1.0,1.0,1.0,0.0,0.0,2200.0,1
1,commerce,0,1,0,0,0,0,0,0,0,0,card,website,sent_money,payment,company,unknown,unknown,0.9,1.0,1.0,1.0,0.0,,0
1,transaction,0,0,1,0,0,0,0,0,0,0,bank,website,installed_app,transaction,none,unknown,unknown,0.9,1.0,1.0,0.0,0.0,,0
1,transaction,1,0,0,0,0,0,0,1,0,0,upi,website,sent_money,payment,exchange,1500,unknown,1.0,1.0,1.0,0.0,0.0,1500.0,1
1,transaction,0,1,0,0,0,0,0,0,0,0,card,email,clicked_link,transaction,paypal,unknown,unknown,0.0,1.0,1.0,1.0,0.0,,0
1,transaction,0,0,1,0,0,0,0,0,0,0,bank,phone,none,transaction,unknown,unknown,unknown,0.8,1.0,0.0,0.0,0.0,,0
1,transaction,0,0,0,0,0,0,0,0,0,0,unknown,telegram,sent_money,payment,individual,unknown,unknown,0.8,1.0,0.0,0.0,0.0,,0
1,transaction,0,0,1,0,0,0,0,0,1,0,bank,email,sent_money,recovery,scammer,$some number,USD,0.9,1.0,1.0,0.0,0.0,,0
1,transaction,0,0,0,0,0,0,0,0,0,0,crypto,whatsapp,none,trade,company,unknown,unknown,0.0,1.0,1.0,1.0,0.0,,0
1,transaction,1,0,0,0,0,0,0,0,0,0,upi,sms,sent_money,payment,company,unknown,unknown,0.8,1.0,1.0,0.0,0.0,,0
1,transaction,0,0,0,0,0,0,0,0,0,0,upi,sms,sent_money,payment,unknown,unknown,unknown,0.0,1.0,0.0,0.0,0.0,,0
1,transaction,0,0,1,0,0,1,0,0,0,0,bank,email,sent_money,payment,company,20000,USD,0.5,1.0,1.0,1.0,0.0,20000.0,1
1,commerce,0,0,0,1,0,0,0,0,0,0,upi,email,sent_money,payment,none,unknown,unknown,0.8,1.0,0.0,0.0,0.0,,0
1,transaction,1,0,0,0,0,0,0,1,0,0,upi,phone,sent_money,payment,individual,80000,INR,1.0,1.0,1.0,0.0,0.0,80000.0,1
1,transaction,1,0,0,0,0,0,1,1,0,0,upi,sms,sent_money,payment,bank,unknown,unknown,1.0,1.0,1.0,1.0,0.0,,0
1,transaction,0,0,1,0,0,0,0,0,0,0,bank,telegram,sent_money,payment,none,3 million,USD,0.9,1.0,0.0,0.0,0.0,3000000.0,1
1,transaction,1,0,0,0,0,0,0,0,0,0,upi,sms,sent_money,payment,bank,unknown,unknown,0.8,1.0,0.0,1.0,0.0,,0
1,transaction,0,0,1,0,0,0,0,0,0,0,bank,sms,sent_money,transaction,company,unknown,unknown,0.9,1.0,0.0,1.0,0.0,,0
1,transaction,0,1,0,0,0,0,0,0,0,0,card,website,clicked_link,payment,company,unknown,unknown,0.0,1.0,1.0,0.0,0.0,,0
1,transaction,0,1,0,0,0,0,0,1,0,0,card,sms,shared_credentials,payment,none,14000,INR,1.0,1.0,1.0,0.0,0.0,14000.0,1
1,transaction,0,1,0,0,0,0,0,0,1,0,crypto,telegram,sent_money,transaction,unknown,8600,USD,1.0,1.0,1.0,0.0,0.0,8600.0,1
1,transaction,0,0,1,0,0,0,0,0,0,0,bank,website,clicked_link,transaction,none,unknown,unknown,0.8,1.0,0.0,0.0,0.0,,0
1,transaction,1,0,0,0,0,0,0,0,0,0,upi,unknown,sent_money,payment,none,15000,INR,0.8,1.0,1.0,0.0,0.0,15000.0,1
1,commerce,0,0,0,0,0,0,0,0,0,0,upi,social_media,sent_money,payment,individual,unknown,unknown,0.0,1.0,1.0,0.0,0.0,,0
1,transaction,0,1,0,0,0,0,0,0,0,0,crypto,website,sent_money,payment,company,$36.9 million,USD,0.8,1.0,0.0,0.0,0.0,36900000.0,1
1,transaction,0,1,0,0,0,0,0,0,0,0,card,sms,clicked_link,payment,none,$10,USD,0.9,1.0,0.0,0.0,0.0,10.0,1
1,transaction,1,0,0,0,0,0,0,0,1,0,upi,website,sent_money,payment,company,100,USD,0.8,1.0,1.0,1.0,0.0,100.0,1
1,transaction,0,0,1,0,0,0,0,0,0,0,bank,email,sent_money,payment,company,unknown,unknown,0.9,1.0,1.0,1.0,0.0,,0
1,transaction,0,0,1,0,0,0,0,0,1,0,bank,website,sent_money,payment,company,unknown,unknown,0.9,1.0,1.0,1.0,0.0,,0
1,commerce,0,0,1,0,0,0,0,0,0,0,bank,website,sent_money,payment,none,208,CAD,0.5,1.0,0.0,0.0,0.0,208.0,1
1,transaction,0,0,0,0,0,0,1,1,0,0,crypto,telegram,sent_money,payment,company,$10 ETH,ETH,1.0,1.0,1.0,1.0,0.0,10.0,1
1,transaction,0,0,0,0,0,0,0,0,0,0,card,email,received,unknown,bank,unknown,unknown,0.0,0.0,0.0,1.0,0.0,,0
1,transaction,0,1,1,0,0,0,0,0,0,0,bank,email,cashed_check,payment,individual,"$3,000",USD,1.0,1.0,1.0,0.0,0.0,3000.0,1
1,transaction,0,1,0,0,0,0,0,0,0,0,crypto,website,shared_credentials,payment,company,unknown,unknown,0.0,1.0,1.0,1.0,1.0,,0
1,transaction,0,0,0,0,0,0,0,0,0,0,crypto,website,sent_money,payment,company,unknown,unknown,0.0,1.0,1.0,0.0,0.0,,0
1,social_engineering,0,0,0,0,0,0,1,0,0,0,crypto,sms,sent_money,payment,company,unknown,unknown,0.8,1.0,1.0,1.0,0.0,,0
1,transaction,0,0,1,0,0,0,0,0,0,0,bank,phone,sent_money,payment,individual,200,USD,1.0,1.0,1.0,0.0,0.0,200.0,1
1,commerce,0,1,0,0,0,0,0,0,0,0,card,website,clicked_link,payment,company,$116.33,USD,0.5,1.0,0.0,1.0,0.0,116.33,1
1,commerce,0,0,0,1,0,0,0,1,0,0,upi,phone,sent_money,payment,seller,"$1,000",USD,0.9,1.0,1.0,0.0,0.0,1000.0,1
1,social_engineering,0,0,0,0,0,0,0,1,0,0,upi,website,deposited_money,investment,none,60,unknown,1.0,1.0,0.0,0.0,0.0,60.0,1
1,transaction,0,0,1,0,0,0,0,0,1,0,bank,email,sent_money,payment,company,12000,unknown,0.9,1.0,1.0,1.0,0.0,12000.0,1
1,transaction,0,0,1,0,0,0,0,0,0,0,bank,sms,sent_money,transaction,interactive_brokers_india,unknown,unknown,0.8,1.0,0.0,1.0,0.0,,0
1,transaction,0,0,1,0,0,0,0,0,0,0,bank,telegram,sent_money,transaction,none,$300,USD,1.0,1.0,1.0,0.0,0.0,300.0,1
1,transaction,0,0,0,0,0,0,0,0,0,0,card,sms,none,payment,company,30.66,unknown,0.0,1.0,1.0,1.0,0.0,30.66,1
1,social_engineering,0,0,0,0,0,0,0,1,0,0,unknown,email,none,information,bank,unknown,unknown,1.0,1.0,1.0,1.0,0.0,,0
1,transaction,1,0,0,0,0,0,0,0,0,0,upi,sms,sent_money,payment,bank,200,INR,0.5,1.0,0.0,1.0,0.0,200.0,1
1,transaction,0,0,1,0,0,0,0,0,0,0,bank,website,deposited,withdrawal,broker,$100,USD,0.8,1.0,1.0,1.0,0.0,100.0,1
1,social_engineering,0,0,0,0,0,1,1,1,0,0,none,phone,clicked_link,none,microsoft,unknown,unknown,1.0,1.0,1.0,1.0,0.0,,0
1,transaction,1,0,0,0,0,0,1,1,0,0,upi,sms,sent_money,payment,bank,unknown,unknown,1.0,1.0,1.0,1.0,0.0,,0
0,none,0,0,0,0,0,0,0,0,0,0,unknown,social_media,none,none,none,unknown,unknown,0.0,0.0,0.0,0.0,0.0,,0
1,social_engineering,0,0,0,0,0,0,0,1,1,0,unknown,sms,sent_money,none,individual,unknown,unknown,1.0,1.0,0.0,0.0,0.0,,0
0,none,0,0,0,0,0,0,0,0,0,0,upi,unknown,sent_money,payment,bank,unknown,unknown,0.0,0.0,0.0,1.0,0.0,,0
1,transaction,0,0,1,0,0,0,0,0,1,0,bank,phone,clicked_link,transaction,credit_union,unknown,unknown,0.9,1.0,1.0,1.0,0.0,,0
1,transaction,0,0,1,0,0,0,0,0,1,0,bank,unknown,sent_money,transaction,none,unknown,unknown,0.9,1.0,0.0,0.0,0.0,,0
1,transaction,0,0,1,0,0,1,0,0,0,0,bank,email,clicked_link,transaction,company,unknown,unknown,0.9,1.0,1.0,1.0,0.0,,0
1,social_engineering,0,0,0,0,0,0,0,1,0,0,unknown,social_media,none,none,none,unknown,unknown,0.8,1.0,0.0,0.0,0.0,,0
1,transaction,0,1,0,0,0,0,0,0,0,0,card,phone,shared_credentials,verification,bank,"$2,000",USD,1.0,1.0,1.0,1.0,0.0,2000.0,1
1,transaction,1,0,0,0,0,0,0,0,0,0,upi,email,sent_money,payment,unknown,0,unknown,0.5,1.0,0.0,0.0,0.0,0.0,1
0,none,0,0,0,0,0,0,0,0,0,0,unknown,discord,unknown,unknown,unknown,unknown,unknown,0.0,0.0,0.0,0.0,0.0,,0
1,transaction,0,0,1,0,0,0,0,0,0,0,bank,website,sent_money,transaction,none,30000,unknown,1.0,1.0,1.0,0.0,0.0,30000.0,1
1,transaction,0,0,1,0,0,0,0,0,1,0,bank,sms,sent_money,payment,military,2000,USD,1.0,1.0,1.0,1.0,0.0,2000.0,1
0,none,0,0,0,0,0,0,1,1,0,0,unknown,sms | email | phone | social_media | website | app | unknown | none,none | unknown,none | unknown,bank_|_government_|_company_|_individual_|_none_|_unknown,unknown,unknown,1.0,1.0,1.0,1.0,0.0,,0
1,transaction,0,1,0,0,0,0,0,0,0,0,card,atm,withdrew_money,transaction,bank,$500,USD,1.0,1.0,1.0,1.0,0.0,500.0,1
1,transaction,0,0,1,0,0,0,0,0,0,0,bank,website,sent_money,transfer,exchange,$19k,USD,0.8,1.0,1.0,1.0,0.0,19.0,1
1,transaction,0,0,0,0,0,0,0,0,1,0,crypto,website,sent_money,transaction,none,109 BTC,BTC,0.8,1.0,1.0,0.0,0.0,109.0,1
1,transaction,0,0,1,0,0,0,0,0,1,0,bank,none,sent_money,payment,company,40000,INR,1.0,1.0,1.0,0.0,0.0,40000.0,1
1,commerce,0,0,0,1,0,0,0,0,0,0,bank,website,sent_money,payment,individual,$850,USD,0.7,1.0,0.0,0.0,0.0,850.0,1
1,transaction,0,0,1,0,0,0,0,0,1,0,bank,phone,sent_money,payment,individual,unknown,unknown,0.9,1.0,1.0,0.0,0.0,,0
1,transaction,0,1,0,0,0,0,0,0,0,0,card,phone,shared_credentials,verification,bank,unknown,unknown,0.9,1.0,1.0,1.0,0.0,,0
0,none,0,0,0,0,0,0,0,0,0,0,unknown,app,installed_app,none,company,unknown,unknown,0.0,0.0,0.0,1.0,0.0,,0
1,transaction,0,0,0,0,0,0,0,1,0,0,unknown,text,none,interview,company,unknown,unknown,1.0,1.0,0.0,1.0,0.0,,0
1,social_engineering,0,0,0,0,0,0,1,1,1,0,crypto,social_media,installed_app,payment,individual,unknown,unknown,1.0,1.0,1.0,1.0,0.0,,0
1,transaction,1,0,0,0,0,0,0,0,0,0,upi,sms,sent_money,payment,bank,unknown,unknown,0.9,1.0,0.0,1.0,0.0,,0
1,commerce,0,1,0,0,0,0,0,0,0,0,crypto,website,clicked_link,presale,company,unknown,unknown,0.9,1.0,1.0,1.0,0.0,,0
1,transaction,0,0,1,0,0,0,0,0,0,0,bank,social_media,sent_money,payment,individual,5000,USD,1.0,1.0,0.0,0.0,0.0,5000.0,1
1,social_engineering,0,0,0,0,0,1,1,1,0,0,unknown,phone,shared_credentials,none,police,unknown,unknown,1.0,1.0,1.0,1.0,0.0,,0
1,transaction,1,1,1,0,0,0,0,1,0,0,upi,phone,sent_money,payment,unknown,100,USD,1.0,1.0,1.0,0.0,0.0,100.0,1
1,transaction,0,0,1,0,0,0,0,0,0,0,bank,phone,sent_money,payment,unknown,5000,INR,1.0,1.0,0.0,0.0,0.0,5000.0,1
1,commerce,0,0,0,1,0,0,0,0,0,0,upi,email,clicked_link,payment,company,unknown,unknown,0.8,1.0,0.0,1.0,0.0,,0
1,transaction,0,1,0,0,0,0,0,0,0,0,bank,sms,sent_money,payment,company,250,unknown,1.0,1.0,0.0,1.0,0.0,250.0,1
1,commerce,0,1,0,0,0,0,0,0,0,0,card,website,clicked_link,commerce,company,70,unknown,0.5,1.0,0.0,1.0,0.0,70.0,1
1,transaction,0,0,0,0,0,0,0,0,0,0,crypto,telegram,put_in_money,none,unknown,60% income of original sum,unknown,0.9,1.0,0.0,0.0,1.0,60.0,1
1,credential,0,0,0,0,0,0,0,0,1,1,unknown,social_media,none,none,government,unknown,unknown,0.8,1.0,0.0,1.0,0.0,,0
1,social_engineering,0,0,0,0,0,0,0,1,1,0,crypto,telegram,installed_app,none,individual,unknown,unknown,1.0,1.0,0.0,0.0,0.0,,0
1,transaction,0,1,0,0,0,0,0,0,0,0,crypto,website,clicked_link,payment,unknown,unknown,unknown,0.0,1.0,1.0,0.0,0.0,,0
1,transaction,1,0,0,0,0,0,0,1,0,0,upi,sms,sent_money,payment,bank,10,unknown,1.0,1.0,0.0,1.0,0.0,10.0,1
1,transaction,1,0,1,0,0,0,0,0,1,0,upi,website,sent_money,payment,individual,900,INR,1.0,1.0,1.0,0.0,0.0,900.0,1
1,social_engineering,0,0,0,0,0,0,1,1,0,0,unknown,phone,none,none,airports_authority_of_india,unknown,unknown,1.0,1.0,1.0,1.0,0.0,,0
1,transaction,0,0,1,0,0,0,0,0,0,0,bank,sms,sent_money,payment,company,"$100,000.00",USD,0.9,1.0,0.0,1.0,0.0,100000.0,1
1,transaction,0,0,1,0,0,0,0,0,1,0,bank,unknown,none,transaction,individual,unknown,unknown,0.8,1.0,1.0,0.0,0.0,,0
1,transaction,0,1,0,0,0,0,0,0,0,0,card,email,clicked_link,payment,company,unknown,unknown,0.8,1.0,0.0,1.0,0.0,,0
1,social_engineering,0,0,0,0,0,0,1,1,0,0,unknown,sms,none,none,escort_service,unknown,unknown,1.0,1.0,1.0,1.0,0.0,,0
1,transaction,0,0,1,0,0,0,0,0,1,0,bank,website,sent_money,payment,company,unknown,unknown,0.8,1.0,1.0,1.0,0.0,,0
1,none,0,0,0,0,0,0,0,0,1,0,unknown,none,none,none,none,unknown,unknown,0.0,1.0,1.0,0.0,0.0,,0
1,commerce,0,0,0,1,0,0,0,0,0,0,unknown,email,sent_money,payment,seller,$800,USD,0.5,1.0,1.0,0.0,0.0,800.0,1
1,commerce,0,0,1,0,0,0,0,0,0,0,bank,email,sent_money,commerce,company,unknown,unknown,0.8,1.0,0.0,1.0,0.0,,0
1,transaction,0,0,1,0,0,1,0,0,0,0,bank,email,sent_money,transaction,paypal,unknown,unknown,0.8,1.0,1.0,1.0,0.0,,0
1,transaction,0,0,1,0,0,0,0,0,0,0,bank,email,sent_money,payment,company,unknown,unknown,0.8,1.0,0.0,1.0,0.0,,0
1,commerce,0,1,0,0,0,0,0,0,1,0,card,website,sent_money,payment,company,unknown,unknown,0.9,1.0,1.0,0.0,0.0,,0
1,social_engineering,0,0,0,0,0,0,0,1,0,0,unknown,phone,none,none,unknown,unknown,unknown,1.0,1.0,1.0,0.0,0.0,,0
1,transaction,0,1,0,0,0,0,0,0,0,0,card,website,clicked_link,payment,company,unknown,unknown,0.0,1.0,1.0,1.0,0.0,,0
1,transaction,1,0,0,0,0,0,0,0,1,0,upi,sms,sent_money,payment,company,unknown,unknown,0.8,1.0,0.0,1.0,0.0,,0
1,social_engineering,0,0,0,0,0,1,0,1,1,0,unknown,telegram,installed_spyware,none,unknown,unknown,unknown,1.0,1.0,1.0,0.0,0.0,,0
1,transaction,1,0,0,0,0,0,0,0,0,0,upi,unknown,sent_money,payment,company,unknown,unknown,0.8,1.0,0.0,1.0,0.0,,0
1,transaction,0,0,1,0,0,0,0,0,1,0,bank,phone,none,payment,individual,3000,INR,1.0,1.0,0.0,0.0,0.0,3000.0,1
1,transaction,1,0,0,0,0,0,1,1,0,0,upi,sms,sent_money,payment,bank,unknown,unknown,0.9,1.0,1.0,1.0,0.0,,0
0,none,0,1,0,0,0,0,0,0,0,0,card,email,shared_credentials,transaction,company,unknown,unknown,0.0,1.0,0.0,1.0,0.0,,0
1,transaction,0,0,1,0,0,0,0,1,0,0,bank,phone,paid,transaction,none,unknown,unknown,1.0,1.0,1.0,0.0,0.0,,0
1,social_engineering,0,0,0,0,0,1,0,0,0,0,unknown,social_media,clicked_link,none,individual,unknown,unknown,0.8,1.0,0.0,1.0,0.0,,0
1,transaction,0,1,0,0,0,0,0,0,1,0,card,email,reported_fraud,dispute,none,20000,USD,0.5,1.0,1.0,0.0,0.0,20000.0,1
1,transaction,1,0,0,0,0,0,1,1,0,0,upi,email,sent_money,payment,bank,unknown,unknown,1.0,1.0,1.0,1.0,0.0,,0
1,commerce,0,0,1,0,0,0,0,0,1,0,bank,email,sent_money,payment,company,150000,INR,0.8,1.0,1.0,0.0,0.0,150000.0,1
1,transaction,1,0,0,0,0,0,0,1,0,0,upi,website,sent_money,payment,company,35000,unknown,1.0,1.0,1.0,0.0,0.0,35000.0,1
1,transaction,0,0,1,0,0,0,0,0,0,0,crypto,website,connected_wallets,transaction,unknown,2,SOL,0.9,1.0,1.0,0.0,0.0,2.0,1
1,transaction,0,0,1,0,0,0,0,0,0,0,bank,email,sent_money,payment,company,22000,unknown,1.0,1.0,0.0,1.0,0.0,22000.0,1
1,transaction,0,0,1,0,0,0,0,0,0,0,bank,social_media,sent_money,transaction,unknown,unknown,unknown,0.8,1.0,0.0,0.0,0.0,,0
1,transaction,0,0,0,0,0,0,0,0,0,0,crypto,website,deposited_money,payment,gambling_website,unknown,unknown,0.0,1.0,1.0,0.0,0.0,,0
1,transaction,0,0,1,0,0,0,0,1,0,0,bank,sms,sent_money,payment,individual,unknown,unknown,1.0,1.0,0.0,0.0,0.0,,0
1,transaction,0,0,0,0,0,0,0,0,0,0,unknown,website,clicked_link,none,company,unknown,unknown,0.9,1.0,0.0,1.0,0.0,,0
1,transaction,0,1,0,0,0,0,0,0,1,0,bank,whatsapp,sent_money,payment,unknown,"$1,000",USD,0.8,1.0,0.0,0.0,0.0,1000.0,1
1,transaction,0,0,1,0,0,0,0,0,0,0,bank,phone,none,transaction,individual,unknown,unknown,0.8,1.0,0.0,0.0,0.0,,0
1,commerce,0,0,0,0,0,0,0,0,0,0,unknown,sms,clicked_link,none,company,unknown,unknown,0.8,1.0,1.0,1.0,0.0,,0
1,transaction,0,0,1,0,0,0,0,0,1,0,bank,phone,sent_money,payment,company,499,EUR,0.8,1.0,0.0,1.0,0.0,499.0,1
1,transaction,0,0,1,0,0,0,0,0,0,0,bank,email,sent_money,payment,individual,"$2,000",USD,1.0,1.0,1.0,0.0,0.0,2000.0,1
1,transaction,1,0,0,0,0,0,0,0,0,0,upi,sms,sent_money,payment,bank,unknown,unknown,0.8,1.0,0.0,1.0,0.0,,0
1,social_engineering,0,0,0,0,0,0,0,1,0,0,unknown,sms,none,none,individual,none,unknown,1.0,1.0,1.0,0.0,0.0,,0
1,transaction,1,0,0,0,0,0,0,1,1,0,upi,phone,sent_money,payment,unknown,23400,INR,1.0,1.0,1.0,0.0,0.0,23400.0,1
1,transaction,0,0,1,0,0,0,0,0,0,0,bank,email,sent_money,payment,company,unknown,unknown,0.9,1.0,0.0,1.0,0.0,,0
1,advanced,0,0,0,0,0,0,0,0,0,0,upi,email,clicked_link,payment,paypal,$1499 USD,USD,0.8,1.0,1.0,1.0,0.0,1499.0,1
1,transaction,0,1,0,0,0,0,0,0,0,0,card,phone,shared_credentials,none,apple_/_goldman_sachs,pizza,unknown,0.8,1.0,1.0,1.0,0.0,,0
1,transaction,0,0,1,0,0,0,0,0,1,0,bank,website,sent_money,transaction,broker,5000,EUR,1.0,1.0,0.0,0.0,0.0,5000.0,1
1,commerce,0,0,1,1,0,0,0,0,0,0,bank,website,sent_money,payment,company,unknown,unknown,0.5,1.0,0.0,0.0,0.0,,0
1,transaction,0,0,0,0,0,0,0,0,1,0,crypto,website,clicked_link,none,company,unknown,unknown,0.8,1.0,0.0,1.0,0.0,,0
1,transaction,1,0,0,0,0,0,0,0,0,0,upi,sms,sent_money,payment,bank,unknown,unknown,0.8,1.0,0.0,1.0,0.0,,0
1,social_engineering,0,0,0,0,0,1,0,0,0,0,unknown,email,clicked_link,credential,twitter,unknown,unknown,0.8,1.0,1.0,0.0,0.0,,0
1,social_engineering,0,0,0,0,0,1,1,1,0,0,unknown,phone,shared_credentials,verification,apple_customer_support,unknown,unknown,0.8,1.0,1.0,1.0,0.0,,0
1,social_engineering,0,0,0,0,0,1,0,0,0,0,crypto,website,clicked_link,login,coinbase,unknown,unknown,0.9,1.0,1.0,1.0,0.0,,0
1,transaction,0,0,1,0,0,0,0,0,0,0,bank,email,sent_money,payment,company,unknown,unknown,0.0,1.0,1.0,1.0,0.0,,0
1,social_engineering,0,0,0,0,0,0,0,1,0,0,unknown,sms,none,none,individual,unknown,unknown,1.0,1.0,0.0,0.0,0.0,,0
1,transaction,0,1,0,0,0,0,0,0,0,0,card,website,clicked_link,payment,company,unknown,unknown,0.0,1.0,1.0,0.0,0.0,,0
1,task,0,0,0,0,0,0,0,0,0,0,unknown,website,sent_money,payment,company,116,unknown,0.99999,1.0,1.0,1.0,1.0,116.0,1
1,transaction,0,0,1,0,0,0,0,0,1,0,bank,telegram,withdrawal,fee,unknown,"$55,000",USD,1.0,1.0,1.0,0.0,0.0,55000.0,1
1,transaction,0,0,1,0,0,0,0,0,1,0,bank,sms,sent_money,payment,none,300,unknown,1.0,1.0,1.0,0.0,0.0,300.0,1
1,transaction,1,0,0,0,0,0,0,0,0,0,upi,app,scanned_qr_code,transaction,bank,unknown,unknown,0.8,1.0,0.0,1.0,0.0,,0
1,transaction,1,0,0,0,0,0,0,0,0,0,upi,sms,sent_money,payment,bank,unknown,unknown,0.8,1.0,0.0,1.0,0.0,,0
1,commerce,0,0,0,0,0,0,0,0,0,0,unknown,unknown,unknown,unknown,unknown,unknown,unknown,0.0,0.0,0.0,0.0,0.0,,0
1,transaction,1,0,0,0,0,0,1,1,0,0,upi,sms,sent_money,payment,bank,unknown,unknown,1.0,1.0,1.0,1.0,0.0,,0
1,transaction,0,0,0,1,0,0,0,0,0,0,unknown,door,none,payment,doordash,unknown,unknown,0.8,1.0,0.0,0.0,0.0,,0
1,transaction,0,1,1,0,0,0,0,0,1,0,bank,email,sent_money,payment,columbia_professor,$500,USD,1.0,1.0,1.0,1.0,0.0,500.0,1
1,transaction,0,0,1,0,0,0,0,0,0,0,bank,email,sent_money,payment,company,unknown,unknown,0.5,1.0,0.0,1.0,0.0,,0
1,commerce,0,0,1,0,0,0,0,0,1,0,bank,website,clicked_link,payment,company,350,unknown,1.0,1.0,0.0,1.0,0.0,350.0,1
1,transaction,1,0,0,1,0,0,0,0,0,0,unknown,sms,clicked_link,none,ups,unknown,unknown,0.8,1.0,1.0,1.0,0.0,,0
1,social_engineering,0,0,0,0,0,0,1,1,0,0,unknown,phone,none,none,company,unknown,unknown,1.0,1.0,1.0,1.0,0.0,,0
1,transaction,0,1,0,0,0,0,0,0,0,0,bank,email,shared_credentials,payment,company,"$1,000",USD,0.8,1.0,0.0,1.0,0.0,1000.0,1
1,commerce,1,0,0,0,1,0,0,0,0,0,upi,website,sent_money,commerce,company,unknown,unknown,0.0,0.0,1.0,0.0,0.0,,0
1,transaction,0,0,0,0,0,0,1,1,0,0,bank,phone,sent_money,payment,government,9500,USD,1.0,1.0,1.0,1.0,0.0,9500.0,1
1,transaction,1,0,0,0,0,0,0,0,0,0,upi,sms,sent_money,payment,bank,unknown,unknown,0.8,1.0,0.0,1.0,0.0,,0
1,transaction,0,0,0,0,0,0,0,0,1,0,unknown,unknown,none,none,unknown,unknown,unknown,0.0,1.0,0.0,0.0,0.0,,0
1,commerce,0,1,0,0,0,0,0,0,0,0,card,website,sent_money,payment,company,unknown,unknown,0.0,1.0,1.0,1.0,0.0,,0
1,social_engineering,0,0,0,0,0,0,1,1,1,0,unknown,phone,none,none,ice,unknown,unknown,1.0,1.0,1.0,1.0,0.0,,0
1,social_engineering,0,0,0,0,0,0,1,1,0,0,unknown,sms,installed_app,download,individual,unknown,unknown,1.0,1.0,1.0,1.0,0.0,,0
0,none,0,0,0,0,0,0,0,0,0,0,unknown,social_media,none,none,individual,unknown,unknown,0.0,0.0,0.0,0.0,0.0,,0
1,transaction,0,1,0,0,0,0,0,1,1,0,card,sms,sent_money,payment,none,1800,USD,1.0,1.0,1.0,0.0,0.0,1800.0,1
1,transaction,0,1,0,0,0,0,0,1,0,0,upi,email,clicked_link,transaction,bank,unknown,unknown,1.0,1.0,0.0,1.0,0.0,,0
1,transaction,0,1,0,0,0,0,0,0,1,0,card,social_media,sent_money,payment,company,unknown,unknown,0.9,1.0,1.0,0.0,0.0,,0
1,transaction,1,0,0,0,0,0,0,0,0,0,upi,phone,sent_money,payment,unknown,3940,INR,1.0,1.0,1.0,0.0,0.0,3940.0,1
1,social_engineering,0,0,0,0,0,1,0,0,0,0,none,email,shared_credentials,verification,microsoft,unknown,unknown,0.8,1.0,0.0,1.0,0.0,,0
1,transaction,0,0,1,0,0,0,0,0,0,0,bank,social_media,sent_money,payment,individual,unknown,unknown,0.8,1.0,0.0,0.0,0.0,,0
1,social_engineering,0,0,0,0,0,0,1,1,0,0,unknown,phone,none,none,service_provider,unknown,unknown,1.0,1.0,1.0,1.0,0.0,,0
1,transaction,0,0,1,0,0,0,1,1,0,0,bank,sms,sent_money,payment,company,1000,INR,1.0,1.0,1.0,1.0,0.0,1000.0,1
1,transaction,1,0,0,0,0,0,0,0,0,0,upi,sms,sent_money,payment,bank,unknown,unknown,0.9,1.0,0.0,1.0,0.0,,0
1,transaction,0,0,1,0,0,0,0,0,0,0,bank,website,sent_money,payment,company,$300,USD,1.0,1.0,0.0,1.0,0.0,300.0,1
0,none,0,0,0,0,0,0,0,0,0,0,upi,sms,sent_money,payment,bank,unknown,unknown,0.0,0.0,0.0,1.0,0.0,,0
1,transaction,0,0,1,0,0,0,0,0,0,0,bank,social_media,sent_money,payment,individual,$30,USD,0.5,1.0,0.0,0.0,0.0,30.0,1
1,transaction,0,0,1,0,0,0,0,0,0,0,bank,email,deposited_check,payment,unknown,$976,USD,0.8,1.0,0.0,0.0,0.0,976.0,1
1,transaction,0,1,0,0,0,0,0,0,0,0,bank,phone,none,transaction,company,unknown,unknown,0.8,1.0,0.0,1.0,0.0,,0
1,transaction,1,0,0,0,0,0,0,0,0,0,upi,telegram,sent_money,payment,unknown,460000,INR,1.0,1.0,1.0,0.0,0.0,460000.0,1
1,transaction,0,0,1,0,0,0,1,1,0,0,bank,phone,sent_money,payment,government,200000000,INR,1.0,1.0,1.0,1.0,0.0,200000000.0,1
1,commerce,0,0,0,1,0,0,0,0,1,0,upi,website,clicked_link,commerce,company,2100,INR,0.5,1.0,0.0,1.0,0.0,2100.0,1
1,commerce,0,0,0,1,0,0,0,0,0,0,upi,website,sent_money,payment,company,100000,INR,0.5,1.0,1.0,1.0,0.0,100000.0,1
1,transaction,0,0,1,0,0,0,0,0,0,0,bank,phone,none,payment,company,400,unknown,0.5,1.0,0.0,0.0,0.0,400.0,1
0,none,0,0,0,0,0,0,0,0,0,0,upi | card | bank | crypto | gift_card | unknown | none,sms | email | phone | social_media | website | app | unknown | none,sent_money,payment,none,300,USD,0.0,1.0,1.0,0.0,0.0,300.0,1
1,identity_theft,0,0,0,0,0,0,0,0,1,0,unknown,email,none,none,company,unknown,unknown,0.8,1.0,0.0,1.0,0.0,,0
1,transaction,1,0,0,0,0,0,0,0,0,0,upi,sms,sent_money,payment,bank,unknown,unknown,0.8,1.0,1.0,1.0,0.0,,0
1,transaction,0,0,1,0,0,0,0,1,0,0,bank,social_media,sent_money,payment,company,"$1,000",USD,1.0,1.0,1.0,0.0,0.0,1000.0,1
1,commerce,0,0,0,1,0,0,0,0,1,0,upi,email,sent_money,payment,company,3000,INR,1.0,1.0,1.0,0.0,0.0,3000.0,1
1,transaction,0,1,0,0,0,0,0,1,0,0,upi,email,sent_money,payment,company,unknown,unknown,1.0,1.0,1.0,1.0,0.0,,0
1,transaction,0,0,1,0,0,0,0,0,1,0,bank,website,sent_money,payment,company,unknown,unknown,0.9,1.0,1.0,1.0,0.0,,0
1,transaction,0,1,0,0,0,0,0,0,0,0,crypto,email,clicked_link,transaction,company,unknown,unknown,0.8,1.0,0.0,1.0,0.0,,0
1,transaction,0,0,1,0,0,0,0,0,1,0,bank,discord,sent_money,payment,unknown,unknown,unknown,0.8,1.0,1.0,0.0,0.0,,0
1,transaction,0,0,1,0,0,0,0,0,0,0,bank,sms,sent_money,payment,company,15000,USD,0.9,1.0,1.0,0.0,0.0,15000.0,1
1,transaction,1,0,1,0,0,0,0,0,0,0,upi,phone,none,transaction,bank,$1k and $2k,USD,0.8,1.0,1.0,1.0,0.0,1.0,1
1,transaction,1,0,0,0,0,0,0,0,0,0,upi,website,clicked_link,transaction,bank,unknown,unknown,0.9,1.0,0.0,1.0,0.0,,0
1,transaction,1,0,0,0,0,0,0,0,1,0,upi,sms,sent_money,payment,bank,unknown,INR,0.6,1.0,1.0,1.0,0.0,,0
1,transaction,0,0,1,0,0,0,0,0,1,0,bank,website,clicked_link,transaction,company,unknown,unknown,0.8,1.0,1.0,1.0,0.0,,0
1,transaction,1,0,0,0,0,0,1,1,0,0,upi,sms,sent_money,payment,bank,unknown,unknown,0.9,1.0,1.0,1.0,0.0,,0
1,transaction,0,0,1,0,0,0,0,0,0,0,bank,app,opened_account,transaction,credit_union,unknown,unknown,0.8,1.0,0.0,1.0,0.0,,0
0,none,0,0,0,0,0,0,0,0,0,0,unknown,social_media,none,none,none,unknown,unknown,0.0,0.0,0.0,0.0,0.0,,0
1,transaction,0,0,0,0,0,0,0,0,0,0,upi | card | bank | crypto | gift_card | unknown | none,sms | email | phone | social_media | website | app | unknown | none,sent_money,payment,bank,1000,USD,0.9,1.0,0.0,1.0,0.0,1000.0,1
1,transaction,0,0,1,0,0,0,0,0,0,0,bank,website,sent_money,transaction,company,1000,unknown,0.9,1.0,0.0,1.0,0.0,1000.0,1
1,transaction,0,0,0,0,0,0,1,1,0,0,unknown,sms | email | phone | social_media | website | app | unknown | none,sent_money,payment,company,unknown,unknown,1.0,1.0,1.0,1.0,0.0,,0
1,transaction,0,1,0,0,0,0,0,1,0,0,upi,email,sent_money,payment,bank,unknown,unknown,1.0,1.0,1.0,1.0,0.0,,0
1,transaction,0,1,0,0,0,0,0,0,0,0,card,website,clicked_link,transaction,bank,500,USD,1.0,1.0,1.0,1.0,0.0,500.0,1
1,social_engineering,0,0,0,0,0,0,1,1,0,0,unknown,social_media,none,none,military,unknown,unknown,0.8,1.0,1.0,1.0,0.0,,0
1,transaction,0,0,1,0,0,0,0,0,0,0,bank,website,sent_money,transaction,none,unknown,unknown,0.9,1.0,0.0,0.0,0.0,,0
1,transaction,0,0,1,0,0,0,0,0,1,0,bank,email,sent_money,refund,company,6000,INR,1.0,1.0,0.0,1.0,0.0,6000.0,1
1,transaction,0,1,0,0,0,0,0,0,0,0,upi,sms,sent_money,payment,company,unknown,unknown,0.8,1.0,0.0,1.0,0.0,,0
1,transaction,0,0,1,0,0,0,0,0,1,0,bank,phone,sent_money,payment,insurance_company,500000,INR,1.0,1.0,0.0,1.0,0.0,500000.0,1
1,transaction,0,0,1,0,0,0,0,0,1,0,bank,email,sent_money,payment,individual,1500000,USD,0.8,1.0,1.0,0.0,0.0,1500000.0,1
1,transaction,0,1,0,0,0,0,0,0,0,0,card,phone,sent_money,payment,company,unknown,unknown,0.8,1.0,0.0,0.0,0.0,,0
1,transaction,0,0,0,0,0,0,0,1,0,0,crypto,sms,sent_money,transaction,unknown,20k,unknown,1.0,1.0,0.0,0.0,0.0,20.0,1
1,transaction,0,1,0,0,0,0,0,0,1,0,bank,email,none,transaction,bank,unknown,unknown,0.8,1.0,1.0,0.0,0.0,,0
1,transaction,0,0,1,0,0,0,0,0,1,0,bank,sms,sent_money,payment,none,unknown,unknown,0.9,1.0,1.0,0.0,0.0,,0
1,transaction,0,1,0,0,0,0,0,0,0,0,card,website,none,payment,company,unknown,unknown,0.6,1.0,1.0,1.0,0.0,,0
1,transaction,0,1,0,0,0,0,0,1,0,0,card,website,sent_money,payment,company,40,unknown,1.0,1.0,1.0,0.0,0.0,40.0,1
1,transaction,0,0,1,0,0,0,0,0,0,0,bank,website,clicked_link,payment,company,22981.44,USD,0.5,1.0,1.0,1.0,0.0,22981.44,1
1,transaction,0,0,1,0,0,0,0,0,1,0,bank,website,sent_money,transaction,none,"$10,000",USD,0.95,1.0,1.0,0.0,0.0,10000.0,1
0,none,0,0,0,0,0,0,0,0,0,0,unknown,unknown,unknown,unknown,unknown,unknown,unknown,0.0,0.0,0.0,0.0,0.0,,0
1,transaction,0,0,0,0,0,0,0,0,1,0,unknown,none,none,none,insurance_company,unknown,unknown,0.0,1.0,0.0,1.0,0.0,,0
1,social_engineering,0,0,0,0,0,0,1,1,0,0,unknown,email,none,none,individual,unknown,unknown,0.5,1.0,1.0,1.0,0.0,,0
1,transaction,0,0,0,0,0,0,0,0,0,1,unknown,social_media,none,none,none,unknown,unknown,0.8,1.0,0.0,0.0,0.0,,0
1,transaction,0,0,1,0,0,0,0,0,0,0,bank,website,sent_money,payment,unknown,unknown,unknown,0.8,1.0,1.0,0.0,0.0,,0
1,commerce,0,1,0,0,0,0,0,0,0,0,card,website,clicked_link,transaction,bank,unknown,unknown,0.0,0.0,1.0,1.0,0.0,,0
1,social_engineering,0,0,0,0,0,1,0,0,1,0,unknown,phone,shared_credentials,none,individual,unknown,unknown,0.8,1.0,1.0,1.0,0.0,,0
1,transaction,0,1,0,0,0,0,0,0,0,0,card,phone,sent_money,payment,bank,unknown,unknown,0.8,1.0,1.0,1.0,0.0,,0
1,transaction,0,0,0,1,0,0,0,0,0,0,bank,phone,sent_money,payment,merchant,130000,INR,0.9,1.0,0.0,0.0,0.0,130000.0,1
1,transaction,0,0,1,0,0,0,0,0,1,0,bank,website,deposited_money,transaction,none,4000,EUR,1.0,1.0,1.0,0.0,0.0,4000.0,1
1,transaction,0,1,0,0,0,0,0,0,0,0,crypto,website,sent_money,payment,company,unknown,unknown,0.0,0.0,1.0,0.0,0.0,,0
1,transaction,0,0,1,0,0,0,0,1,0,0,bank,unknown,sent_money,transaction,scammer,$140k,USD,1.0,1.0,1.0,0.0,0.0,140.0,1
1,social_engineering,0,0,0,0,0,1,0,0,0,0,crypto,phone,sent_money,transaction,coinbase,$1-2k,USD,0.9,1.0,1.0,1.0,0.0,1.0,1
1,transaction,0,1,0,0,0,0,0,0,0,0,card,phone,shared_credentials,verification,bank,$600,USD,1.0,1.0,1.0,1.0,0.0,600.0,1
1,commerce,0,0,0,1,0,0,0,0,0,0,upi,app,exchange_request,commerce,meesho_mall,unknown,unknown,0.8,1.0,1.0,1.0,0.0,,0
1,transaction,0,1,1,0,0,0,0,1,0,0,bank,phone,sent_money,payment,grandson,"$9,500",USD,1.0,1.0,1.0,0.0,0.0,9500.0,1
1,transaction,1,0,0,0,0,0,0,0,0,0,upi,sms,sent_money,payment,unknown,unknown,unknown,0.0,1.0,0.5,0.0,0.0,,0
1,transaction,0,0,1,0,0,0,0,0,1,0,bank,social_media,sent_money,payment,unknown,"$86,000",USD,1.0,1.0,1.0,0.0,0.0,86000.0,1
1,transaction,0,0,1,0,0,0,0,1,0,0,bank,phone,sent_money,payment,government,unknown,unknown,1.0,1.0,0.0,1.0,0.0,,0
1,transaction,0,0,0,0,0,0,0,0,1,0,crypto,website,sent_money,payment,company,100,unknown,0.8,1.0,0.0,0.0,0.0,100.0,1
1,social_engineering,0,0,0,0,0,0,0,1,0,0,unknown,sms,sent_money,none,none,unknown,unknown,1.0,1.0,1.0,0.0,0.0,,0
1,transaction,0,0,1,0,0,0,0,0,0,0,bank,email,sent_money,payment,company,unknown,unknown,0.8,1.0,0.0,1.0,0.0,,0
1,social_engineering,0,0,0,0,0,1,0,0,0,0,unknown,sms | email | phone | social_media | website | app | unknown | none,clicked_link,none,company,unknown,unknown,0.8,1.0,0.0,1.0,0.0,,0
1,commerce,0,0,0,0,1,0,0,0,0,0,card,email,sent_money,payment,company,$25.00,USD,0.0,0.0,0.0,1.0,0.0,25.0,1
1,commerce,0,0,0,1,1,0,0,0,0,0,crypto,website,installed_app,commerce,company,unknown,unknown,0.9,1.0,1.0,1.0,0.0,,0
1,transaction,0,0,1,0,0,0,0,0,0,0,bank,sms,sent_money,payment,company,1000,INR,0.5,1.0,0.0,1.0,0.0,1000.0,1
0,none,0,0,0,0,0,0,0,0,0,0,unknown,unknown,unknown,unknown,unknown,unknown,unknown,0.0,0.0,0.0,0.0,0.0,,0
1,social_engineering,0,0,0,0,0,0,1,1,0,0,unknown,phone,none,none,police_department,unknown,unknown,1.0,1.0,1.0,1.0,0.0,,0
1,transaction,0,0,1,0,0,0,0,0,0,0,bank,phone,answered_call,payment,unknown,unknown,unknown,0.9,1.0,0.0,0.0,0.0,,0
1,transaction,0,0,0,0,0,1,0,0,0,0,unknown,website,installed_app,download,none,unknown,unknown,0.8,1.0,0.0,0.0,0.0,,0
1,transaction,0,0,0,0,0,0,0,0,1,0,crypto,website,swapping,transaction,unknown,unknown,unknown,0.8,1.0,1.0,0.0,0.0,,0
1,meta,0,0,0,0,0,0,1,0,0,0,unknown,social_media,none,none,government,unknown,unknown,0.5,1.0,0.0,1.0,0.0,,0
1,transaction,0,1,0,0,0,0,0,0,0,0,card,website,clicked_link,transaction,unknown,unknown,unknown,1.0,1.0,0.0,0.0,0.0,,0
1,social_engineering,0,0,0,0,1,0,0,0,0,0,unknown,phone,none,none,individual,1000,unknown,0.8,1.0,0.0,0.0,0.0,1000.0,1
1,transaction,1,0,0,0,0,0,0,0,0,0,upi,sms,sent_money,payment,bank,unknown,unknown,0.8,1.0,0.0,1.0,0.0,,0
1,transaction,0,0,1,0,0,0,0,0,0,0,bank,app,installed_app,download,unknown,unknown,unknown,0.8,1.0,0.0,0.0,0.0,,0
1,transaction,0,0,1,0,0,0,0,0,0,0,bank,website,clicked_link,payment,company,unknown,unknown,0.8,1.0,0.0,1.0,0.0,,0
1,transaction,0,0,0,0,0,0,0,0,1,0,crypto,website,installed_app,none,company,unknown,unknown,0.9,1.0,1.0,1.0,0.0,,0
1,transaction,1,0,0,0,0,0,1,1,0,0,upi,email,sent_money,payment,company,unknown,unknown,0.9,1.0,1.0,1.0,0.0,,0
1,social_engineering,0,0,0,0,0,1,0,0,0,0,unknown,email,clicked_link,credential,microsoft,unknown,unknown,0.8,1.0,1.0,1.0,0.0,,0
1,transaction,0,1,0,0,0,0,0,0,0,0,card,youtube,clicked_link,payment,unknown,unknown,unknown,0.8,1.0,0.0,0.0,0.0,,0
1,transaction,0,0,0,0,0,0,0,0,0,1,crypto,website,clicked_link,transaction,none,unknown,unknown,0.9,1.0,0.0,0.0,0.0,,0
0,none,0,0,0,0,0,0,0,0,0,0,unknown,email,none,debt_collection,company,unknown,unknown,0.0,1.0,1.0,1.0,0.0,,0
1,transaction,1,0,1,0,0,0,0,0,0,0,upi,sms,sent_money,payment,bank,160000,INR,0.9,1.0,0.0,1.0,0.0,160000.0,1
1,transaction,0,1,0,0,0,0,0,0,0,0,card,website,sent_money,payment,company,0.7,EUR,0.5,1.0,1.0,1.0,0.0,0.7,1
1,commerce,0,0,0,1,1,0,0,0,0,0,upi,website,clicked_link,commerce,company,unknown,unknown,0.9,1.0,0.0,1.0,0.0,,0
0,none,0,0,0,0,0,0,0,0,0,0,unknown,email,clicked_link,payment,none,unknown,unknown,0.0,1.0,0.0,0.0,0.0,,0
0,none,0,0,0,0,0,0,0,0,0,0,unknown,website,clicked_link,commerce,none,unknown,unknown,0.0,0.0,0.0,0.0,0.0,,0
1,transaction,0,1,0,0,0,0,0,0,0,0,card,email,sent_money,payment,unknown,unknown,unknown,0.8,1.0,1.0,0.0,0.0,,0
1,transaction,0,0,0,0,0,0,0,0,1,0,crypto,website,sent_money,transaction,decentralised_exchange,5000,unknown,1.0,1.0,1.0,0.0,0.0,5000.0,1
1,transaction,0,1,0,0,0,0,0,0,0,0,card,email,clicked_link,payment,paypal,799.99,unknown,0.8,1.0,1.0,1.0,0.0,799.99,1
1,transaction,0,0,1,0,0,0,0,0,1,0,bank,unknown,clicked_link,none,bank,unknown,unknown,0.0,1.0,1.0,0.0,0.0,,0
1,social_engineering,0,0,0,0,0,1,0,0,0,0,unknown,email,clicked_link,none,company,unknown,unknown,0.8,1.0,0.0,1.0,0.0,,0
1,transaction,0,0,0,1,0,0,0,0,0,0,unknown,website,clicked_link,commerce,none,unknown,unknown,0.8,1.0,0.0,0.0,0.0,,0
1,social_engineering,0,0,0,0,0,1,0,1,0,0,unknown,email,clicked_link,credential,company,unknown,unknown,1.0,1.0,0.0,1.0,0.0,,0
1,social_engineering,0,0,0,0,0,0,1,1,0,0,unknown,phone,none,none,police_officer,"$5,000",USD,1.0,1.0,1.0,1.0,0.0,5000.0,1
1,transaction,0,1,0,0,0,0,0,0,0,0,card,phone,sent_money,payment,company,unknown,unknown,0.5,1.0,1.0,1.0,0.0,,0
0,none,0,0,0,0,0,0,0,0,0,0,upi,website,sent_money,payment,none,unknown,unknown,0.0,0.0,0.0,0.0,0.0,,0
1,transaction,0,0,0,0,0,0,0,0,0,0,upi,sms,sent_money,payment,health_insurance_company,unknown,unknown,0.9,1.0,1.0,1.0,0.0,,0
1,transaction,0,0,1,0,0,0,0,0,0,0,bank,sms,clicked_link,verification,amazon,unknown,unknown,0.8,1.0,0.0,1.0,0.0,,0
1,transaction,0,0,1,0,0,0,0,0,1,0,bank,telegram,sent_money,transaction,none,unknown,unknown,0.9,1.0,1.0,0.0,0.0,,0
1,transaction,0,0,0,0,0,0,0,0,0,0,crypto,social_media,installed_app,payment,unknown,2000 euros,EUR,0.9,1.0,1.0,0.0,0.0,2000.0,1
1,transaction,1,0,0,0,0,0,0,0,0,0,upi,website,withdrew_funds,transaction,trading_platform,unknown,unknown,0.8,1.0,1.0,0.0,0.0,,0
1,transaction,0,1,0,0,0,0,0,0,0,0,crypto,website,clicked_link,verification,none,unknown,unknown,0.9,1.0,0.0,0.0,0.0,,0
1,transaction,1,0,0,0,0,0,0,0,0,0,upi,unknown,sent_money,payment,company,10000,unknown,0.8,1.0,0.0,1.0,0.0,10000.0,1
1,transaction,0,0,0,0,0,0,0,0,0,0,upi,app,sent_money,payment,unknown,unknown,unknown,0.0,1.0,0.0,0.0,1.0,,0
1,social_engineering,0,0,0,0,0,0,0,1,1,0,unknown,sms,none,none,unknown,unknown,unknown,1.0,1.0,0.0,0.0,0.0,,0
1,transaction,0,0,1,0,0,0,0,0,0,0,bank,email,sent_money,payment,company,unknown,unknown,0.9,1.0,1.0,1.0,0.0,,0
1,transaction,0,0,0,0,0,0,0,0,0,0,bank,email,paid,payment,company,3540,INR,1.0,1.0,1.0,1.0,0.0,3540.0,1
1,transaction,0,0,1,0,0,0,0,1,1,0,bank,telegram,sent_money,payment,none,2000,EUR,1.0,1.0,1.0,0.0,0.0,2000.0,1
1,transaction,0,0,1,0,0,0,0,0,0,0,bank,website,clicked_link,transaction,company,unknown,unknown,0.9,1.0,1.0,1.0,0.0,,0
1,transaction,0,0,1,0,0,0,0,0,0,0,bank,phone,sent_money,payment,company,3500,USD,1.0,1.0,1.0,1.0,0.0,3500.0,1
1,social_engineering,0,1,0,0,0,0,0,1,0,0,card,phone,sent_money,payment,company,unknown,unknown,1.0,1.0,1.0,0.0,0.0,,0
1,transaction,0,1,0,0,0,0,0,1,0,0,card,phone,sent_money,transaction,company,unknown,unknown,1.0,1.0,0.0,1.0,0.0,,0
1,meta,0,0,0,0,0,0,1,1,0,0,unknown,social_media,none,none,company,unknown,unknown,1.0,1.0,1.0,1.0,0.0,,0
1,transaction,0,0,1,0,0,0,0,0,0,0,bank,phone,shared_credentials,verification,company,unknown,unknown,0.8,1.0,0.0,1.0,0.0,,0
1,social_engineering,0,0,0,0,0,0,1,1,0,0,unknown,email,none,none,government,unknown,unknown,1.0,1.0,1.0,1.0,0.0,,0
1,transaction,0,0,1,0,0,0,0,0,1,0,bank,website,sent_money,transaction,company,unknown,unknown,0.8,1.0,0.0,1.0,0.0,,0
1,transaction,0,0,1,0,0,0,0,0,0,0,bank,unknown,sent_money,transaction,company,unknown,unknown,0.9,1.0,0.0,1.0,0.0,,0
1,social_engineering,0,0,0,0,0,0,1,1,0,0,unknown,phone,none,none,government,unknown,unknown,1.0,1.0,1.0,1.0,0.0,,0
1,transaction,0,1,0,0,0,0,0,0,0,0,card,phone,shared_credentials,none,unknown,unknown,unknown,0.8,1.0,0.0,0.0,0.0,,0
1,social_engineering,0,0,0,0,0,0,1,1,0,0,unknown,phone,none,discussion,unknown,unknown,unknown,0.8,1.0,1.0,1.0,0.0,,0
1,commerce,0,0,1,1,1,0,0,0,0,0,bank,website,sent_money,payment,company,unknown,unknown,0.8,1.0,1.0,1.0,0.0,,0
1,commerce,0,0,0,0,0,0,0,0,0,0,bank,website,sent_money,payment,company,unknown,unknown,0.5,1.0,1.0,0.0,0.0,,0
1,transaction,0,0,1,0,0,0,0,0,0,0,bank,email,clicked_link,transaction,company,unknown,unknown,0.9,1.0,1.0,1.0,0.0,,0
1,transaction,0,0,1,0,0,0,0,0,0,0,bank,website,withdrew_funds,payment,crypto_exchange,unknown,unknown,0.8,1.0,1.0,1.0,0.0,,0
1,transaction,0,0,0,0,0,0,1,1,1,0,crypto,social_media,invested,investment,unknown,unknown,unknown,0.95,1.0,1.0,1.0,0.0,,0
1,commerce,0,0,1,0,0,0,0,0,0,0,bank,sms,sent_money,payment,company,400000,INR,1.0,1.0,1.0,1.0,0.0,400000.0,1
1,transaction,0,1,0,0,0,0,0,0,0,0,bank,phone,none,none,unknown,unknown,unknown,0.8,1.0,1.0,0.0,0.0,,0
1,transaction,0,0,1,0,0,0,0,1,0,0,bank,website,sent_money,verification,tax_service,1500,USD,1.0,1.0,1.0,1.0,0.0,1500.0,1
1,commerce,0,0,0,1,0,0,0,0,0,0,upi,website,sent_money,payment,company,5000,unknown,0.8,1.0,1.0,1.0,0.0,5000.0,1
1,commerce,0,0,0,0,0,0,0,0,0,0,paypal,email,sent_money,payment,unknown,unknown,unknown,0.8,1.0,0.0,0.0,0.0,,0
1,transaction,0,0,1,0,0,0,0,0,1,0,bank,sms,sent_money,payment,none,unknown,unknown,0.8,1.0,1.0,0.0,0.0,,0
1,transaction,0,0,0,0,0,0,0,0,1,0,crypto,telegram,invested_money,transaction,crypto_exchanger,unknown,unknown,0.9,1.0,1.0,0.0,0.0,,0
1,transaction,0,0,1,0,0,0,0,0,1,0,bank,email,sent_money,payment,none,unknown,unknown,0.9,1.0,1.0,0.0,0.0,,0
0,none,0,0,0,0,0,0,0,0,0,0,unknown,sms,sent_money,payment,none,unknown,unknown,0.0,0.0,0.0,0.0,0.0,,0
1,transaction,0,0,0,0,0,0,1,1,0,0,unknown,telegram,sent_money,payment,none,$20,USD,1.0,1.0,1.0,1.0,0.0,20.0,1
1,transaction,0,1,0,0,0,0,0,0,0,0,crypto,website,sent_money,payment,unknown,$6k,USD,0.9,1.0,1.0,0.0,0.0,6.0,1
1,transaction,1,0,0,0,0,0,0,0,0,0,upi,unknown,sent_money,payment,none,"$4,63.89",USD,0.0,1.0,0.0,0.0,0.0,463.89,1
1,transaction,0,0,1,0,0,0,0,0,0,0,bank,unknown,sent_money,transaction,company,37500,USD,1.0,1.0,0.0,1.0,0.0,37500.0,1
1,transaction,0,0,1,0,0,0,0,0,1,0,bank,website,withdrawal,payment,exchange,$100,USD,0.8,1.0,1.0,1.0,0.0,100.0,1
1,transaction,0,0,0,0,0,1,0,0,0,0,upi,sms,shared_credentials,verification,none,unknown,unknown,0.8,1.0,0.0,0.0,0.0,,0
1,transaction,1,0,0,0,0,0,0,1,0,0,upi,email,sent_money,payment,individual,1500,unknown,1.0,1.0,1.0,0.0,0.0,1500.0,1
1,transaction,1,0,0,0,0,0,0,0,0,0,upi,sms,sent_money,payment,bank,1000,unknown,0.9,1.0,0.0,1.0,0.0,1000.0,1
1,commerce,0,1,0,0,0,0,0,0,0,0,bank,email,sent_money,payment,individual,5000,unknown,0.8,1.0,1.0,1.0,0.0,5000.0,1
1,commerce,0,0,0,0,0,0,0,0,0,0,unknown,email,sent_money,payment,none,unknown,unknown,0.8,1.0,0.0,0.0,0.0,,0
1,transaction,0,0,1,0,0,0,0,0,0,0,bank,website,clicked_link,transaction,unknown,unknown,unknown,0.8,1.0,0.0,0.0,0.0,,0
0,none,0,0,0,0,0,0,0,0,0,0,unknown,sms,clicked_link,credits,verizon,$20,USD,0.0,1.0,0.0,1.0,1.0,20.0,1
1,transaction,0,0,0,0,0,0,0,0,0,0,unknown,sms | email | phone | social_media | website | app | unknown | none,sent_money,payment,unknown,unknown,unknown,0.8,1.0,1.0,0.0,0.0,,0
1,transaction,0,0,1,0,0,0,0,0,0,0,bank,sms,sent_money,payment,none,100,unknown,0.5,1.0,0.0,0.0,0.0,100.0,1
1,transaction,0,0,1,0,0,0,0,0,0,0,bank,website,sent_money,transaction,none,unknown,unknown,0.9,1.0,0.0,0.0,0.0,,0
1,commerce,0,0,0,1,0,0,0,0,0,0,bank,website,paid,commerce,company,1515,INR,0.8,1.0,1.0,1.0,0.0,1515.0,1
1,transaction,0,0,1,0,0,0,0,0,0,0,bank,sms,sent_money,payment,individual,1000,unknown,0.5,1.0,1.0,0.0,0.0,1000.0,1
1,transaction,0,0,1,0,0,0,0,0,0,0,bank,website,clicked_link,transaction,none,unknown,unknown,0.9,1.0,1.0,0.0,0.0,,0
1,transaction,0,0,1,0,0,0,0,0,0,0,bank,website,sent_money,payment,none,2900,unknown,0.5,1.0,1.0,0.0,0.0,2900.0,1
1,commerce,0,1,0,1,1,0,0,0,0,0,card,email,sent_money,payment,company,200,unknown,1.0,1.0,1.0,0.0,0.0,200.0,1
1,transaction,0,1,0,0,0,0,0,1,1,0,card,phone,sent_money,payment,individual,unknown,unknown,1.0,1.0,1.0,0.0,0.0,,0
1,commerce,0,0,0,1,1,0,0,0,0,0,crypto,website,deposited_money,transaction,none,unknown,USDT,1.0,1.0,1.0,0.0,0.0,,0
1,pig_butchering,0,0,0,0,0,0,1,1,0,0,unknown,telegram,none,none,none,unknown,unknown,1.0,1.0,1.0,1.0,0.0,,0
1,commerce,0,0,1,1,1,0,0,0,0,0,bank,website,sent_money,payment,company,unknown,unknown,0.8,1.0,0.0,0.0,0.0,,0
1,transaction,0,0,0,0,0,0,1,1,0,0,crypto,website,clicked_link,payment,elon_musk,unknown,unknown,1.0,1.0,1.0,1.0,0.0,,0
0,none,0,0,0,0,0,0,0,0,0,0,unknown,email,clicked_link,verification,google,unknown,unknown,0.0,1.0,1.0,1.0,0.0,,0
1,transaction,1,1,1,0,0,0,0,0,1,0,upi,website,clicked_link,transaction,phone_service_company,3000,EUR,1.0,1.0,1.0,0.0,0.0,3000.0,1
1,commerce,0,0,0,0,0,0,0,0,0,0,crypto,website,sent_money,payment,company,20000,EUR,1.0,1.0,1.0,1.0,0.0,20000.0,1
1,transaction,0,0,0,0,0,0,0,0,0,0,upi | card | bank | crypto | gift_card | unknown | none,sms | email | phone | social_media | website | app | unknown | none,sent_money,payment,bank_|_government_|_company_|_individual_|_none_|_unknown,unknown,USD,0.9,1.0,0.0,0.0,0.0,,0
1,transaction,1,1,1,0,0,0,0,0,1,0,upi | card | bank | crypto | gift_card | unknown | none,sms | email | phone | social_media | website | app | unknown | none,sent_money,payment,individual,10000,unknown,0.8,1.0,1.0,0.0,0.0,10000.0,1
1,transaction,1,0,0,0,0,0,0,1,0,0,upi,website,clicked_link,transaction,unknown,150,INR,1.0,1.0,0.0,0.0,0.0,150.0,1
1,commerce,0,0,0,0,0,0,0,0,0,0,unknown,email,sent_money,payment,none,265,unknown,0.8,1.0,0.0,0.0,0.0,265.0,1
0,none,0,1,0,0,0,0,0,0,0,0,card,phone,sent_money,payment,company,319,USD,0.0,0.0,0.0,1.0,0.0,319.0,1
1,transaction,0,0,1,0,0,0,0,0,0,0,bank,telegram,sent_money,transaction,none,3000,unknown,1.0,1.0,1.0,0.0,0.0,3000.0,1
1,transaction,0,1,0,0,0,1,0,0,0,0,card,email,shared_credentials,transaction,paypal,unknown,unknown,0.9,1.0,1.0,1.0,0.0,,0
1,transaction,1,0,0,0,0,0,0,0,0,0,upi,email,sent_money,payment,bank,unknown,unknown,0.9,1.0,0.0,1.0,0.0,,0
1,transaction,1,0,0,0,0,0,0,1,0,0,upi,sms,sent_money,payment,bank,unknown,unknown,1.0,1.0,0.0,1.0,0.0,,0
1,transaction,0,0,1,0,0,0,0,0,0,0,bank,email,sent_money,payment,company,"$6,000",USD,1.0,1.0,1.0,1.0,0.0,6000.0,1
1,transaction,0,0,0,0,0,0,0,0,1,0,crypto,social_media,installed_app,none,company,"$5,000",USD,1.0,1.0,0.0,1.0,0.0,5000.0,1
1,transaction,0,0,0,1,0,0,0,0,0,0,upi,phone,sent_money,payment,company,100,INR,0.95,1.0,1.0,0.0,0.0,100.0,1
1,transaction,0,1,0,0,0,0,0,0,0,0,card,phone,installed_app,payment,individual,unknown,unknown,0.8,1.0,1.0,1.0,0.0,,0
1,transaction,0,0,1,0,0,0,0,0,1,0,bank,website,clicked_link,payment,irs,$400,USD,1.0,1.0,1.0,1.0,0.0,400.0,1
1,social_engineering,0,0,0,0,0,1,1,1,0,0,unknown,phone,none,none,uk_metropolitan_police,unknown,unknown,1.0,1.0,1.0,1.0,0.0,,0
1,transaction,0,0,1,0,0,0,0,0,1,0,bank,telegram,sent_money,payment,unknown,10000,USD,0.9,1.0,1.0,0.0,0.0,10000.0,1
1,social_engineering,0,1,0,0,0,0,1,1,0,0,card,phone,removed_card,none,facebook_support,unknown,unknown,0.8,1.0,1.0,1.0,0.0,,0
1,commerce,0,0,0,1,0,0,0,0,0,0,gift_card,email,clicked_link,compensation,store,0,unknown,0.5,1.0,0.0,0.0,1.0,0.0,1
1,transaction,0,0,0,0,0,0,0,0,1,0,crypto,website,deposited_money,transaction,crypto_casino,2500,unknown,1.0,1.0,1.0,0.0,0.0,2500.0,1
1,meta,0,0,0,0,0,0,0,0,1,0,unknown,website,clicked_link,none,company,unknown,unknown,0.9,1.0,0.0,1.0,0.0,,0
1,transaction,0,1,0,0,0,0,0,0,0,0,card,phone,sent_money,payment,none,unknown,unknown,0.9,1.0,1.0,0.0,0.0,,0
1,transaction,0,0,1,0,0,0,0,0,1,0,bank,email,sent_money,payment,unknown,unknown,unknown,0.9,1.0,1.0,0.0,0.0,,0
1,commerce,0,0,0,1,1,0,0,0,0,0,unknown,website,installed_app,commerce,none,unknown,unknown,0.0,1.0,1.0,0.0,0.0,,0
1,transaction,1,0,0,0,0,0,0,0,0,0,upi,sms,sent_money,payment,bank,unknown,unknown,0.8,1.0,0.0,1.0,0.0,,0
1,transaction,0,0,0,0,0,0,0,0,1,0,unknown,website,clicked_link,none,crypto_youtuber,AMS68K token,unknown,0.9,1.0,0.0,0.0,0.0,68.0,1
1,commerce,0,1,0,0,0,0,0,0,0,0,gift_card,social_media,sent_money,commerce,individual,$100,USD,0.8,1.0,1.0,0.0,0.0,100.0,1
1,transaction,0,0,1,0,0,0,0,1,0,0,bank,social_media,sent_money,payment,none,"$900,000",USD,1.0,1.0,0.0,0.0,0.0,900000.0,1
1,transaction,1,0,0,0,0,0,0,0,0,0,upi,sms,sent_money,payment,bank,unknown,unknown,0.9,1.0,0.0,1.0,0.0,,0
1,transaction,0,0,0,0,0,0,0,0,0,0,crypto,email,sent_money,payment,unknown,unknown,unknown,0.8,1.0,0.0,0.0,0.0,,0
1,transaction,1,0,0,0,0,0,0,0,0,0,upi,website,sent_money,payment,bank,unknown,unknown,0.8,1.0,0.0,1.0,0.0,,0
1,transaction,1,0,0,0,0,0,0,0,0,0,upi,sms,sent_money,payment,bank,1500,INR,0.8,1.0,0.0,1.0,0.0,1500.0,1
0,meta,0,0,0,0,0,0,1,1,0,1,unknown,email,none,none,none,unknown,unknown,1.0,1.0,1.0,1.0,0.0,,0
1,transaction,0,0,0,0,0,0,0,1,0,0,crypto,telegram,sent_money,payment,unknown,unknown,unknown,1.0,1.0,0.0,0.0,0.0,,0
1,transaction,0,1,0,0,0,0,0,0,1,0,bank,website,deposited_money,transaction,exchange,unknown,unknown,0.9,1.0,1.0,0.0,0.0,,0
1,commerce,0,0,0,0,0,0,0,0,0,0,unknown,website,clicked_link,payment,company,unknown,unknown,0.9,1.0,1.0,1.0,0.0,,0
1,transaction,0,0,0,0,0,0,0,0,0,0,unknown,social_media,none,none,company,unknown,unknown,0.0,1.0,0.0,1.0,0.0,,0
1,transaction,0,0,1,0,0,0,0,0,0,0,bank,email,sent_money,payment,company,1500,USDT,0.8,1.0,0.0,1.0,0.0,1500.0,1
1,transaction,0,0,1,0,0,0,0,0,0,0,bank,sms,sent_money,payment,company,unknown,unknown,0.9,1.0,1.0,1.0,0.0,,0
1,transaction,0,0,0,0,0,0,0,0,0,0,unknown,website,clicked_link,payment,none,unknown,unknown,0.9,1.0,1.0,1.0,0.0,,0
1,transaction,1,0,0,0,0,0,1,1,1,0,upi,telegram,sent_money,payment,trading_group,unknown,unknown,1.0,1.0,1.0,1.0,0.0,,0
1,transaction,0,0,1,0,0,0,0,0,0,0,bank,website,sent_money,payment,company,unknown,unknown,0.9,1.0,0.0,1.0,0.0,,0
1,commerce,0,0,0,0,0,0,0,0,0,0,unknown,website,clicked_link,commerce,company,unknown,unknown,0.9,1.0,1.0,0.0,0.0,,0
1,transaction,0,0,1,0,0,0,0,0,0,0,bank,website,sent_money,payment,company,$180 USD,USD,0.9,1.0,0.0,1.0,0.0,180.0,1
1,identity_theft,0,1,0,0,0,0,0,0,1,0,card,phone,shared_credentials,transaction,bank,unknown,unknown,0.8,1.0,1.0,1.0,0.0,,0
1,transaction,0,0,1,0,0,0,0,0,0,0,bank,website,sent_money,payment,unknown,$200,USD,0.8,1.0,0.0,0.0,0.0,200.0,1
1,social_engineering,0,0,0,0,0,0,1,1,0,0,unknown,social_media,none,none,individual,unknown,unknown,1.0,1.0,1.0,1.0,0.0,,0
1,commerce,0,0,1,1,0,0,0,0,0,0,bank,phone,sent_money,payment,company,36950,INR,1.0,1.0,1.0,0.0,0.0,36950.0,1
1,commerce,0,0,0,1,0,0,0,0,0,0,upi,website,sent_money,payment,company,unknown,unknown,0.5,1.0,0.0,0.0,0.0,,0
1,transaction,0,0,1,0,0,0,0,0,0,0,bank,email,clicked_link,transaction,bank,unknown,unknown,0.6,1.0,0.0,1.0,0.0,,0
1,transaction,0,0,1,0,0,0,0,0,0,0,bank,website,transfer_money,payment,phantomvault,134,unknown,0.9,1.0,1.0,0.0,0.0,134.0,1
1,transaction,0,0,1,0,0,0,0,0,1,0,bank,phone,sent_money,transaction,crypto_exchange,150000,GBP,0.9,1.0,1.0,0.0,0.0,150000.0,1
1,transaction,0,0,1,0,0,0,0,0,1,0,bank,email,withdrawal,transaction,none,750,EUR,1.0,1.0,1.0,0.0,0.0,750.0,1
1,transaction,0,1,0,0,0,0,0,0,0,0,upi,sms,sent_money,payment,company,unknown,unknown,0.8,1.0,0.0,1.0,0.0,,0
1,transaction,0,0,0,0,0,0,0,1,0,0,unknown,social_media,installed_app,commerce,none,unknown,unknown,0.8,1.0,0.0,0.0,0.0,,0
1,transaction,1,0,0,0,0,0,0,0,1,0,upi,whatsapp,sent_money,transaction,unknown,unknown,unknown,0.9,1.0,1.0,0.0,0.0,,0
1,transaction,1,0,1,0,0,0,0,1,0,0,upi,telegram | whatsapp,sent_money,payment,unknown,62000000,INR,1.0,1.0,1.0,0.0,0.0,62000000.0,1
1,commerce,1,0,0,1,0,0,0,0,0,0,upi,sms,sent_money,payment,individual,7000,INR,1.0,1.0,1.0,0.0,0.0,7000.0,1
1,transaction,0,1,0,0,0,0,0,0,0,0,card,unknown,sent_money,payment,none,"$3,000",USD,0.5,1.0,1.0,0.0,0.0,3000.0,1
1,transaction,0,0,1,0,0,0,0,0,1,0,bank,website,installed_app,none,none,unknown,unknown,0.8,1.0,0.0,0.0,0.0,,0
1,transaction,1,0,0,0,0,0,0,0,0,0,upi,website,sent_money,transaction,unknown,1200,INR,0.8,1.0,0.0,0.0,0.0,1200.0,1
1,commerce,0,0,0,0,0,0,0,0,0,0,unknown,website,sent_money,commerce,company,unknown,unknown,0.95,1.0,0.0,0.0,0.0,,0
1,transaction,0,0,1,0,0,0,0,0,0,0,bank,website,sent_money,payment,company,15000,unknown,0.9,1.0,1.0,1.0,0.0,15000.0,1
1,transaction,0,0,1,0,0,0,0,0,0,0,bank,email,sent_money,payment,company,unknown,unknown,0.5,1.0,0.0,1.0,0.0,,0
1,transaction,0,1,0,0,0,0,0,1,0,0,card,sms,sent_money,payment,delivery_company,unknown,unknown,1.0,1.0,1.0,1.0,0.0,,0
1,commerce,0,0,0,0,0,0,0,0,0,0,unknown,phone,sent_money,payment,company,unknown,unknown,0.8,1.0,1.0,1.0,0.0,,0
1,transaction,0,0,0,0,0,0,0,0,0,0,unknown,email,sent_money,payment,none,unknown,unknown,0.9,1.0,0.0,0.0,0.0,,0
1,transaction,0,0,1,0,0,0,0,0,1,0,bank,phone,sent_money,payment,company,500,unknown,1.0,1.0,0.0,1.0,0.0,500.0,1
1,transaction,0,0,1,0,0,0,0,0,0,0,bank,website,sent_money,payment,company,unknown,unknown,0.9,1.0,0.0,1.0,0.0,,0
1,commerce,0,0,1,0,0,0,0,0,1,0,bank,website,sent_money,payment,company,150000,INR,0.8,1.0,0.0,1.0,0.0,150000.0,1
1,transaction,0,0,1,0,0,0,0,0,1,0,bank,website,clicked_link,payment,company,unknown,unknown,0.8,1.0,0.0,1.0,0.0,,0
1,social_engineering,0,0,0,0,0,0,1,1,0,0,unknown,social_media,none,none,individual,unknown,unknown,1.0,1.0,1.0,1.0,0.0,,0
1,transaction,0,0,1,0,0,0,0,0,1,0,bank,phone,sent_money,payment,company,unknown,unknown,0.8,1.0,0.0,1.0,0.0,,0
1,transaction,1,0,0,0,0,0,0,0,1,0,upi,email,sent_money,payment,bank,unknown,unknown,0.9,1.0,0.0,1.0,0.0,,0
1,commerce,0,0,0,1,0,0,0,0,0,0,bank,website,sent_money,commerce,ebay,$235,USD,0.8,1.0,0.0,1.0,0.0,235.0,1
1,transaction,0,1,0,0,0,0,0,0,0,0,card,website,sent_money,payment,company,unknown,unknown,0.5,1.0,1.0,1.0,0.0,,0
1,transaction,0,0,1,0,0,0,0,0,1,0,bank,email,sent_money,payment,unknown,unknown,unknown,0.95,1.0,1.0,0.0,0.0,,0
1,social_engineering,0,0,0,0,0,0,1,1,0,0,crypto,sms,sent_money,payment,individual,$400,USD,1.0,1.0,1.0,1.0,0.0,400.0,1
1,transaction,0,0,1,0,0,0,0,0,1,0,bank,website,sent_money,transaction,none,unknown,unknown,0.8,1.0,0.0,0.0,0.0,,0
1,transaction,0,0,1,0,0,0,0,0,1,0,bank,website,sent_money,transaction,none,unknown,EUR,0.9,1.0,1.0,0.0,0.0,,0
1,social_engineering,0,0,0,0,0,0,1,1,0,0,unknown,phone,none,none,individual,unknown,unknown,0.8,1.0,0.0,1.0,0.0,,0
1,transaction,0,0,1,0,0,0,0,0,0,0,bank,app,sent_money,payment,wallet_provider,"$40,000.00",USD,1.0,1.0,1.0,1.0,0.0,40000.0,1
1,social_engineering,0,0,0,0,0,0,0,1,0,0,unknown,telegram,sent_money,extortion,none,unknown,unknown,1.0,1.0,1.0,0.0,0.0,,0
1,transaction,1,0,0,0,0,0,0,0,0,0,upi,sms,sent_money,payment,company,unknown,unknown,0.5,1.0,0.0,1.0,0.0,,0
1,social_engineering,0,0,0,1,0,0,0,0,0,0,unknown,email,none,nondelivery,google_mailer_daemon,unknown,unknown,0.8,1.0,0.0,1.0,0.0,,0
1,commerce,0,0,0,1,0,0,0,0,0,0,upi,sms,sent_money,payment,company,unknown,unknown,0.8,1.0,1.0,1.0,0.0,,0
1,transaction,0,0,1,0,0,0,0,0,1,0,bank,email,sent_money,payment,company,$250K,USD,1.0,1.0,1.0,0.0,0.0,250.0,1
1,transaction,0,1,0,0,0,0,0,0,0,0,card,unknown,shared_credentials,payment,none,"$1,000",USD,0.8,1.0,1.0,0.0,0.0,1000.0,1
0,none,0,0,0,0,0,0,0,0,1,0,unknown,none,none,none,none,unknown,unknown,0.0,1.0,0.0,0.0,0.0,,0
1,transaction,0,1,0,0,0,0,0,0,0,0,card,telegram,sent_money,payment,unknown,200,USD,1.0,1.0,0.0,0.0,0.0,200.0,1
1,transaction,0,0,1,0,0,0,0,0,1,0,bank,email,sent_money,payment,company,4680.7,USD,1.0,1.0,1.0,1.0,0.0,4680.7,1
1,transaction,0,0,1,0,0,0,0,0,0,0,bank,website,clicked_link,payment,company,unknown,unknown,0.8,1.0,0.0,1.0,0.0,,0
0,none,0,0,0,0,0,1,0,0,0,0,upi,email,shared_credentials,phishing,bank,unknown,unknown,0.0,0.0,1.0,1.0,0.0,,0
0,none,0,0,0,0,0,0,0,0,0,0,unknown,phone,none,none,company,unknown,unknown,0.0,1.0,1.0,1.0,0.0,,0
1,commerce,0,0,0,1,0,0,0,0,0,0,unknown,unknown,unknown,unknown,unknown,unknown,unknown,0.0,1.0,1.0,0.0,0.0,,0
1,transaction,0,0,0,0,0,1,0,0,0,0,unknown,email,clicked_link,credential,government,unknown,unknown,0.8,1.0,0.0,1.0,0.0,,0
1,transaction,0,0,1,0,0,0,0,0,1,0,bank,unknown,sent_money,none,scammer,$30k,USD,1.0,1.0,1.0,0.0,0.0,30.0,1
1,transaction,1,0,0,0,0,0,0,0,0,0,upi,sms,shared_credentials,verification,bank,unknown,unknown,0.8,1.0,0.0,1.0,0.0,,0
1,transaction,0,1,0,0,0,0,0,0,0,0,card,sms,none,verification,bank,$5k,USD,0.8,1.0,0.0,1.0,0.0,5.0,1
1,commerce,0,1,0,0,0,0,0,0,0,0,card,email,sent_money,payment,individual,1500,USD,0.9,1.0,1.0,0.0,0.0,1500.0,1
1,transaction,0,1,0,0,0,0,0,0,0,0,crypto,direct_message,sent_money,payment,unknown,50,EUR,1.0,1.0,0.0,0.0,0.0,50.0,1
1,transaction,1,0,0,0,0,0,0,0,0,0,upi,sms,sent_money,payment,bank,unknown,unknown,0.5,1.0,0.0,1.0,0.0,,0
1,meta,0,0,0,0,0,0,1,1,0,0,unknown,website,none,none,individual,unknown,unknown,1.0,1.0,1.0,1.0,0.0,,0
1,transaction,0,1,0,0,0,0,0,0,1,0,bank,website,sent_money,payment,none,39.99,unknown,0.5,1.0,1.0,0.0,0.0,39.99,1
0,none,0,1,0,0,0,0,0,0,0,0,card,app,clicked_link,payment,none,unknown,unknown,0.0,0.0,0.0,1.0,0.0,,0
1,commerce,0,0,0,1,0,0,0,0,0,0,upi,website,sent_money,payment,company,unknown,unknown,0.8,1.0,0.0,1.0,0.0,,0
1,transaction,0,0,1,0,0,0,0,0,0,0,bank,instagram,sent_money,payment,individual,unknown,unknown,0.8,1.0,0.0,0.0,0.0,,0
1,social_engineering,0,0,0,0,0,1,0,0,0,0,crypto,direct_message,seed_phrase,verification,none,unknown,unknown,0.9,1.0,1.0,0.0,0.0,,0
0,none,0,0,0,0,0,0,0,0,0,0,unknown,email,none,none,none,none,unknown,0.0,0.0,0.0,0.0,0.0,,0
1,transaction,0,0,1,0,0,0,0,0,0,0,bank,telegram,sent_money,transaction,unknown,$10,USD,0.5,1.0,1.0,0.0,0.0,10.0,1
1,transaction,0,0,1,0,0,0,0,1,0,0,bank,social_media,sent_money,payment,company,unknown,unknown,1.0,1.0,1.0,1.0,0.0,,0
1,commerce,0,0,0,1,0,0,0,0,0,0,upi,website,sent_money,payment,company,unknown,unknown,0.8,1.0,0.0,1.0,0.0,,0
1,transaction,0,1,1,0,0,0,0,1,1,0,bank,email,sent_money,payment,none,300,USD,1.0,1.0,1.0,0.0,0.0,300.0,1
1,commerce,0,1,0,0,0,0,0,0,0,0,card,website,sent_money,payment,company,unknown,unknown,0.8,1.0,0.0,1.0,0.0,,0
1,transaction,0,1,0,0,0,0,0,0,0,0,card,unknown,sent_money,payment,none,$400,USD,1.0,1.0,0.0,0.0,0.0,400.0,1
1,social_engineering,0,0,0,0,0,1,1,1,0,0,unknown,discord,none,none,unknown,47 reports,unknown,1.0,1.0,1.0,1.0,0.0,47.0,1
1,transaction,0,1,0,0,0,0,0,0,0,0,card,phone,sent_money,payment,company,unknown,unknown,0.8,1.0,0.0,0.0,0.0,,0
1,social_engineering,0,0,0,0,0,1,0,0,0,0,unknown,email,clicked_link,download,none,unknown,unknown,0.95,1.0,1.0,0.0,0.0,,0
1,transaction,0,0,0,0,1,0,0,0,0,0,unknown,app,installed_app,none,individual,unknown,unknown,0.8,1.0,0.0,0.0,0.0,,0
1,commerce,0,0,0,1,1,0,0,0,0,0,bank,sms,sent_money,commerce,artist,unknown,unknown,0.8,1.0,0.0,0.0,0.0,,0
0,none,0,0,0,0,0,0,0,0,0,0,unknown,email,clicked_link,verification,instagram,unknown,unknown,0.0,1.0,1.0,1.0,0.0,,0
1,transaction,0,1,0,0,0,0,0,0,0,0,gift_card,in_person,purchased,transaction,unknown,$500,USD,1.0,1.0,1.0,0.0,0.0,500.0,1
1,commerce,0,0,0,1,0,0,0,0,0,0,bank,website,clicked_link,commerce,company,27000,USD,1.0,1.0,0.0,1.0,0.0,27000.0,1
1,none,0,0,0,0,0,0,0,0,0,0,upi,unknown,none,none,bank,unknown,unknown,0.0,1.0,0.0,1.0,0.0,,0
1,transaction,1,0,1,0,0,0,1,1,1,0,upi,phone,sent_money,payment,bank,50000,INR,1.0,1.0,1.0,1.0,0.0,50000.0,1
1,commerce,0,0,1,1,1,0,0,0,0,0,bank,email,sent_money,payment,company,2040,EUR,1.0,1.0,1.0,0.0,0.0,2040.0,1
1,transaction,0,0,1,0,0,0,0,0,1,0,bank,phone,none,transaction,company,unknown,unknown,0.8,1.0,0.0,1.0,0.0,,0
1,transaction,0,1,0,0,0,0,0,0,0,0,gift_card,phone,none,payment,unknown,unknown,unknown,0.8,1.0,1.0,0.0,0.0,,0
1,transaction,0,0,1,0,0,0,0,0,1,0,bank,email,sent_money,payment,none,"$500,000",USD,1.0,1.0,1.0,0.0,0.0,500000.0,1
1,transaction,0,1,1,0,0,0,0,0,0,0,card,email,paid,payment,none,unknown,unknown,0.9,1.0,1.0,0.0,0.0,,0
1,commerce,0,0,0,1,1,0,0,0,0,0,upi,social_media,sent_money,payment,company,20-30rs,unknown,0.5,1.0,0.0,1.0,0.0,20.0,1
1,transaction,1,0,0,0,0,0,1,1,0,0,upi,sms,sent_money,payment,company,unknown,unknown,1.0,1.0,1.0,1.0,0.0,,0
1,transaction,0,0,1,0,0,0,1,0,0,0,bank,unknown,sent_money,transaction,government,50 Lakhs to 1 Crore,unknown,0.0,1.0,1.0,1.0,0.0,5000000.0,1
1,social_engineering,0,0,0,0,0,0,1,1,0,0,unknown,social_media,none,none,individual,unknown,unknown,1.0,1.0,1.0,1.0,0.0,,0
1,credential,0,0,0,0,0,1,0,0,0,0,unknown,unknown,none,none,bank,unknown,unknown,0.8,1.0,1.0,1.0,0.0,,0
1,social_engineering,0,0,0,0,0,1,1,1,0,0,crypto,phone,shared_credentials,none,crypto.com,unknown,unknown,1.0,1.0,1.0,1.0,0.0,,0
1,transaction,0,0,0,0,0,0,0,0,1,0,crypto,website,clicked_link,none,none,unknown,unknown,0.9,1.0,0.0,0.0,0.0,,0
0,none,0,0,0,0,0,0,0,0,0,0,upi | card | bank | crypto | gift_card | unknown | none,sms | email | phone | social_media | website | app | unknown | none,sent_money | shared_credentials | clicked_link | installed_app | none | unknown,payment | verification | login | download | none | unknown,bank_|_government_|_company_|_individual_|_none_|_unknown,unknown,unknown,0.0,0.0,0.0,0.0,0.0,,0
0,none,0,0,0,0,0,0,0,0,0,0,crypto,website,sent_money,payment,unknown,unknown,unknown,0.0,0.0,0.0,0.0,0.0,,0
1,transaction,0,0,0,0,0,0,0,0,0,0,crypto,unknown,sent_money,none,unknown,2000,unknown,1.0,1.0,1.0,0.0,0.0,2000.0,1
1,transaction,1,0,0,0,0,1,0,0,0,0,upi,email,shared_credentials,transaction,bank,200,INR,1.0,1.0,1.0,1.0,0.0,200.0,1
1,transaction,0,0,1,0,0,0,1,1,0,0,bank,sms,sent_money,payment,police_officer,unknown,unknown,1.0,1.0,1.0,1.0,0.0,,0
1,transaction,0,0,0,0,0,0,0,0,0,0,crypto,email,sent_money,payment,unknown,BTC,BTC,0.9,1.0,1.0,0.0,0.0,,0
1,transaction,0,1,0,0,0,0,0,0,0,0,card,online,sent_money,payment,company,"$1,000",USD,0.8,1.0,1.0,0.0,0.0,1000.0,1
1,transaction,0,0,1,0,0,0,0,0,0,0,bank,telegram,funded_account,transaction,none,unknown,unknown,0.9,1.0,0.0,0.0,0.0,,0
1,transaction,1,0,0,0,0,0,0,0,0,0,upi,telegram,sent_money,payment,unknown,unknown,unknown,0.8,1.0,1.0,0.0,0.0,,0
1,transaction,0,1,0,0,0,0,0,0,0,0,unknown,sms,sent_money,payment,none,9000,unknown,1.0,1.0,1.0,0.0,0.0,9000.0,1
1,commerce,0,0,0,0,0,0,0,0,0,0,unknown,email,shared_credentials,none,seller,unknown,unknown,0.0,1.0,1.0,0.0,0.0,,0
1,transaction,0,0,0,0,0,0,0,0,0,0,crypto,unknown,received_money,unknown,unknown,$10k,USD,0.0,0.0,0.0,0.0,0.0,10.0,1
1,transaction,0,0,1,0,0,0,0,0,0,0,bank,email,clicked_link,payment,company,unknown,unknown,0.9,1.0,1.0,1.0,0.0,,0
1,transaction,1,0,0,0,0,0,0,0,0,0,upi,email,sent_money,payment,bank,1000,INR,0.5,1.0,0.0,1.0,0.0,1000.0,1
1,transaction,0,1,1,0,0,0,0,0,0,0,bank,phone,shared_credentials,transaction,none,unknown,unknown,0.9,1.0,1.0,0.0,0.0,,0
1,transaction,0,1,0,0,0,0,0,0,0,0,card,email,clicked_link,payment,unknown,$80,USD,0.5,1.0,0.0,0.0,0.0,80.0,1
1,transaction,0,1,0,0,0,0,0,0,0,0,card,email,clicked_link,payment,company,unknown,unknown,0.9,1.0,1.0,1.0,0.0,,0
1,transaction,0,1,0,0,0,0,0,0,1,0,bank,email,none,loan,bank,unknown,unknown,0.5,1.0,1.0,1.0,0.0,,0
1,meta,0,0,0,0,0,0,1,1,0,0,unknown,sms,installed_app,payment,none,unknown,CAD,1.0,1.0,1.0,1.0,0.0,,0
1,meta,0,0,0,0,0,0,1,1,1,0,unknown,sms | email | phone | social_media | website | app | unknown | none,installed_app,none,individual,unknown,unknown,1.0,1.0,1.0,1.0,0.0,,0
1,transaction,0,0,1,0,0,0,0,1,0,0,bank,email,sent_money,verification,g2g,500,USD,1.0,1.0,1.0,0.0,0.0,500.0,1
1,transaction,1,0,0,0,0,0,0,0,1,0,upi,social_media,sent_money,payment,individual,unknown,unknown,0.8,1.0,1.0,0.0,0.0,,0
1,social_engineering,0,0,0,0,0,0,1,1,0,0,unknown,phone,none,none,none,unknown,unknown,1.0,1.0,1.0,1.0,0.0,,0
1,transaction,0,0,0,0,0,0,0,0,0,0,upi,sms,sent_money,payment,unknown,unknown,unknown,0.0,1.0,1.0,0.0,0.0,,0
1,transaction,0,0,1,0,0,0,0,1,1,0,bank,sms,sent_money,payment,individual,unknown,unknown,1.0,1.0,1.0,0.0,0.0,,0
1,social_engineering,0,0,0,0,0,0,1,1,0,0,unknown,sms,none,none,individual,unknown,unknown,1.0,1.0,1.0,1.0,0.0,,0
1,commerce,0,0,1,0,0,0,0,0,1,0,bank,email,sent_money,payment,moving_company,685,EUR,0.9,1.0,0.0,0.0,0.0,685.0,1
1,credential,0,0,0,0,0,0,0,0,0,0,unknown,email,shared_credentials,none,unknown,unknown,unknown,0.0,1.0,1.0,0.0,0.0,,0
1,transaction,0,0,0,0,0,0,0,0,0,0,unknown,sms,none,none,unknown,unknown,unknown,0.8,1.0,0.0,0.0,0.0,,0
1,commerce,0,0,0,1,0,0,0,0,1,0,upi,social_media,sent_money,commerce,company,unknown,unknown,0.5,1.0,0.0,1.0,0.0,,0
1,transaction,0,0,1,0,0,0,0,0,0,0,bank,website,sent_money,payment,real_estate_company,"$3,500",USD,1.0,1.0,1.0,1.0,0.0,3500.0,1
1,transaction,0,0,1,0,0,0,0,0,0,0,bank,sms,sent_money,transaction,government,unknown,unknown,0.8,1.0,0.0,1.0,0.0,,0
1,transaction,0,0,0,0,0,0,0,0,0,0,upi,social_media,sent_money,payment,individual,5000,INR,0.8,1.0,1.0,0.0,0.0,5000.0,1
1,social_engineering,0,0,0,0,0,1,1,1,0,0,unknown,email,clicked_link,verification,discord_support,unknown,unknown,1.0,1.0,1.0,1.0,0.0,,0
1,transaction,0,0,1,0,0,0,0,0,0,0,bank,website,clicked_link,transaction,company,unknown,unknown,0.9,1.0,0.0,0.0,0.0,,0
1,transaction,0,0,0,0,0,0,0,0,0,0,crypto,social_media,clicked_link,payment,company,unknown,unknown,0.95,1.0,1.0,1.0,0.0,,0
1,transaction,0,0,0,0,0,0,0,0,1,0,upi,phone,installed_app,payment,company,unknown,unknown,0.8,1.0,0.0,1.0,0.0,,0
1,transaction,0,0,0,0,0,0,0,0,0,0,crypto,website,withdrawal,verification,exchange,$100,USD,0.8,1.0,0.0,0.0,0.0,100.0,1
1,transaction,0,1,0,0,0,0,0,0,0,0,card,website,sent_money,payment,unknown,unknown,unknown,0.0,0.0,1.0,0.0,0.0,,0
1,transaction,0,1,0,0,0,0,0,0,0,0,card,unknown,inserted_card,payment,none,$250,USD,0.8,1.0,1.0,0.0,0.0,250.0,1
1,transaction,0,0,1,0,0,0,0,0,0,0,bank,email,sent_money,payment,bank,2500,USD,1.0,1.0,0.0,1.0,0.0,2500.0,1
1,commerce,0,0,0,1,0,0,0,0,0,0,bank,website,opened_a_cancel_request,nondelivery,ebay,$500+,USD,1.0,1.0,0.0,1.0,0.0,500.0,1
1,transaction,0,0,0,0,0,0,0,1,0,0,crypto,direct_message,sent_money,payment,unknown,250,LITECOIN_LTC,1.0,1.0,0.0,0.0,0.0,250.0,1
1,transaction,0,0,1,0,0,0,0,0,1,0,bank,unknown,sent_money,payment,none,350000,unknown,1.0,1.0,1.0,0.0,0.0,350000.0,1
1,social_engineering,0,0,0,0,0,0,0,1,0,0,unknown,social_media,none,none,individual,unknown,unknown,1.0,1.0,1.0,0.0,0.0,,0
1,transaction,0,1,0,0,0,0,0,0,0,0,card,website,clicked_link,transaction,company,$100,USD,0.5,1.0,0.0,1.0,1.0,100.0,1
1,transaction,0,0,0,0,0,1,0,0,0,0,unknown,sms,sent_money,transaction,individual,7000000,USD,1.0,1.0,1.0,0.0,0.0,7000000.0,1
1,transaction,0,0,1,0,0,0,0,0,1,0,bank,email,sent_money,payment,none,150000,unknown,0.9,1.0,1.0,0.0,0.0,150000.0,1
1,transaction,1,0,0,0,0,0,0,0,0,0,upi,sms,sent_money,payment,bank,unknown,unknown,0.8,1.0,0.0,1.0,0.0,,0
1,transaction,0,1,0,0,0,0,0,0,0,0,card,website,clicked_link,payment,unknown,unknown,unknown,0.8,1.0,0.0,0.0,0.0,,0
1,transaction,0,1,0,0,0,0,0,0,0,0,card,website,clicked_link,payment,none,unknown,unknown,0.9,1.0,1.0,0.0,0.0,,0
1,transaction,1,0,0,0,0,0,0,0,0,0,upi,sms,sent_money,payment,bank,unknown,unknown,0.9,1.0,0.0,1.0,0.0,,0
1,transaction,0,1,0,0,0,0,0,0,0,0,card,email,shared_credentials,verification,unknown,unknown,unknown,0.9,1.0,1.0,1.0,0.0,,0
1,transaction,0,0,0,0,0,0,0,0,1,0,unknown,website,installed_app,none,individual,$1.20,USD,0.8,1.0,0.0,0.0,0.0,1.2,1
1,transaction,0,0,1,0,0,0,0,0,1,0,bank,website,sent_money,payment,company,850000,USD,1.0,1.0,1.0,0.0,0.0,850000.0,1
1,commerce,0,1,0,0,0,0,0,0,0,0,card,delivery,received,none,ulta_beauty,unknown,unknown,0.5,1.0,1.0,0.0,0.0,,0
1,transaction,0,0,1,0,0,0,0,0,0,0,bank,website,sent_money,transaction,bank,$150,USD,0.9,1.0,0.0,1.0,0.0,150.0,1
1,social_engineering,0,0,0,0,0,0,1,1,0,0,unknown,phone,none,none,real_estate_agent,unknown,unknown,0.8,1.0,1.0,1.0,0.0,,0
1,meta,0,0,0,0,0,0,1,0,1,0,upi,unknown,sent_money,payment,company,10000,unknown,0.5,1.0,1.0,1.0,0.0,10000.0,1
1,social_engineering,0,0,0,0,0,0,1,1,0,0,unknown,sms,none,none,government,unknown,unknown,0.8,1.0,1.0,1.0,0.0,,0
1,transaction,0,1,0,0,0,0,0,0,0,0,unknown,website,sent_money,payment,unknown,unknown,unknown,0.9,1.0,1.0,0.0,0.0,,0
1,commerce,0,1,0,0,0,0,0,0,0,0,gift_card,none,sent_money,payment,lululemon,unknown,unknown,0.8,1.0,1.0,1.0,0.0,,0
1,transaction,0,0,1,0,0,0,0,1,1,0,bank,social_media,sent_money,payment,none,unknown,unknown,1.0,1.0,1.0,0.0,0.0,,0
1,transaction,0,0,1,0,0,0,0,0,0,0,bank,unknown,withdrew_money,transaction,none,$50,USD,1.0,1.0,0.0,0.0,0.0,50.0,1
1,transaction,0,0,1,0,0,0,0,0,1,0,bank,district_court,pursued_legal_action,compensation,government,unknown,unknown,0.8,1.0,1.0,1.0,0.0,,0
1,transaction,0,0,1,0,0,0,0,0,1,0,bank,phone,sent_money,payment,individual,unknown,unknown,0.8,1.0,1.0,0.0,0.0,,0
1,transaction,1,0,0,0,0,0,1,1,0,0,upi,phone,sent_money,payment,individual,14000,INR,1.0,1.0,1.0,1.0,0.0,14000.0,1
1,commerce,0,0,1,0,0,0,0,0,1,0,bank,phone,sent_money,payment,company,15000,INR,0.8,1.0,1.0,1.0,0.0,15000.0,1
1,crypto,0,0,0,0,0,0,0,0,1,0,crypto,website,clicked_link,transaction,none,unknown,unknown,0.9,1.0,1.0,0.0,0.0,,0
1,social_engineering,0,0,0,0,0,0,1,1,0,0,unknown,sms,none,none,government,unknown,unknown,1.0,1.0,1.0,1.0,0.0,,0
1,transaction,0,0,1,0,0,0,0,0,0,0,bank,sms,sent_money,transaction,government,unknown,unknown,0.8,1.0,0.0,1.0,0.0,,0
1,transaction,0,0,1,0,0,0,0,0,1,0,bank,phone,sent_money,payment,mcafee,"$3,000",USD,1.0,1.0,0.0,1.0,0.0,3000.0,1
1,transaction,1,0,1,0,0,0,0,0,1,0,upi,telegram,sent_money,payment,unknown,150,INR,0.8,1.0,0.0,0.0,0.0,150.0,1
1,transaction,1,0,0,0,0,0,0,0,0,0,upi,sms,sent_money,payment,bank,unknown,unknown,0.8,1.0,0.0,1.0,0.0,,0
1,transaction,0,1,0,0,0,0,0,0,0,0,card,unknown,clicked_link,payment,none,$554USD,USD,0.8,1.0,1.0,1.0,0.0,554.0,1
1,commerce,0,0,0,0,1,0,0,0,0,0,card,social_media,clicked_link,commerce,individual,unknown,unknown,0.8,1.0,0.0,0.0,0.0,,0
0,none,0,0,0,0,0,0,0,0,0,0,unknown,website,none,none,company,unknown,unknown,0.0,0.0,0.0,1.0,0.0,,0
1,transaction,0,0,0,0,0,0,0,0,0,0,unknown,website,downloaded_file,none,unknown,unknown,unknown,0.95,1.0,0.0,0.0,0.0,,0
1,transaction,0,1,0,0,0,0,0,0,0,0,crypto,website,clicked_link,payment,company,unknown,unknown,0.0,0.0,1.0,0.0,0.0,,0
1,commerce,0,0,0,1,1,0,0,0,0,0,bank,email,sent_money,payment,company,unknown,unknown,0.95,1.0,1.0,1.0,0.0,,0
1,transaction,1,0,0,0,0,0,0,1,0,0,upi,social_media,sent_money,payment,unknown,50,QAR,1.0,1.0,0.0,0.0,0.0,50.0,1
1,transaction,0,0,0,0,0,0,0,0,0,0,unknown,email,none,payment,company,unknown,unknown,0.0,1.0,1.0,1.0,0.0,,0
1,transaction,0,0,0,0,0,0,0,1,0,0,unknown,phone,none,none,unknown,unknown,unknown,1.0,1.0,0.0,0.0,0.0,,0
1,transaction,0,0,1,0,0,0,0,0,0,0,bank,sms,clicked_link,verification,unknown,unknown,unknown,0.9,1.0,0.0,0.0,0.0,,0
1,transaction,0,0,0,0,0,0,0,0,0,0,unknown,sms,sent_money,payment,none,unknown,unknown,0.8,1.0,0.0,0.0,0.0,,0
1,transaction,0,0,1,0,0,0,0,0,1,0,bank,unknown,sent_money,transaction,none,unknown,unknown,0.8,1.0,1.0,0.0,0.0,,0
1,transaction,0,0,1,0,0,0,0,0,0,0,bank,sms,sent_money,payment,company,unknown,unknown,0.9,1.0,0.0,1.0,0.0,,0
1,transaction,0,1,0,0,0,0,0,0,0,0,card,email,clicked_link,payment,company,$1.30,USD,0.8,1.0,0.0,1.0,0.0,1.3,1
1,transaction,0,0,0,0,0,0,0,0,0,0,unknown,website,clicked_link,none,company,unknown,unknown,0.0,1.0,1.0,1.0,0.0,,0
1,transaction,0,0,0,0,0,0,0,0,0,0,unknown,unknown,unknown,unknown,unknown,unknown,unknown,0.0,1.0,0.0,0.0,0.0,,0
1,transaction,0,0,1,0,0,0,0,0,1,0,bank,social_media,sent_money,payment,individual,710,unknown,0.9,1.0,0.0,0.0,0.0,710.0,1
1,transaction,0,0,0,0,0,0,0,1,1,0,crypto,website,deposit,trade,crypto_exchange,unknown,unknown,1.0,1.0,1.0,0.0,0.0,,0
1,social_engineering,0,0,0,0,0,0,1,1,0,0,unknown,phone,none,none,unknown,unknown,unknown,1.0,1.0,0.0,1.0,0.0,,0
1,transaction,1,0,0,0,0,0,0,1,0,0,upi,sms,sent_money,payment,unknown,unknown,unknown,1.0,1.0,1.0,0.0,0.0,,0
1,transaction,0,0,1,0,0,0,0,0,1,0,bank,unknown,sent_money,payment,none,unknown,unknown,0.8,1.0,1.0,0.0,0.0,,0
1,transaction,0,0,0,0,0,0,0,0,0,0,unknown,sms,sent_money,payment,company,$60/hour with benefits,USD,0.8,1.0,0.0,1.0,0.0,60.0,1
1,transaction,0,0,1,0,0,0,0,0,0,0,bank,website,sent_money,payment,none,unknown,unknown,0.9,1.0,0.0,0.0,0.0,,0
1,advanced,0,0,1,0,0,0,0,0,0,0,bank,website,sent_money,transaction,bank,3000,unknown,1.0,1.0,0.0,1.0,0.0,3000.0,1
1,social_engineering,0,0,0,0,0,0,0,1,0,0,unknown,telegram,none,none,individual,gift card,unknown,1.0,1.0,0.0,0.0,0.0,,0
1,transaction,0,0,1,0,0,0,0,0,0,0,bank,email,sent_money,payment,company,3500,unknown,1.0,1.0,1.0,1.0,0.0,3500.0,1
1,social_engineering,0,0,0,0,0,1,1,1,1,0,unknown,"email,_phone",shared_credentials,none,ipo_capital_alerts,unknown,unknown,1.0,1.0,1.0,1.0,0.0,,0
1,social_engineering,0,0,0,0,0,1,0,0,0,0,unknown,sms,none,credential,apple,unknown,unknown,0.5,1.0,1.0,1.0,0.0,,0
1,social_engineering,0,0,0,0,0,1,1,1,1,0,unknown,phone,none,none,united_healthcare,unknown,unknown,1.0,1.0,1.0,1.0,0.0,,0
1,transaction,0,0,1,0,0,0,0,0,0,0,bank,website,withdrew_funds,verification,none,"$47,980",USD,1.0,1.0,1.0,0.0,0.0,47980.0,1
1,transaction,0,0,0,0,0,1,0,0,0,0,upi,website,clicked_link,login,hacker,unknown,unknown,0.5,1.0,1.0,0.0,0.0,,0
1,transaction,0,0,0,0,0,0,0,1,0,0,unknown,sms,sent_money,payment,none,unknown,unknown,1.0,1.0,0.0,0.0,0.0,,0
1,transaction,0,0,1,0,0,0,0,1,0,0,bank,sms,sent_money,transaction,company,5250,unknown,1.0,1.0,0.0,1.0,0.0,5250.0,1
1,social_engineering,0,0,0,0,0,1,0,0,0,0,upi,email,clicked_link,verification,paypal,unknown,unknown,0.8,1.0,1.0,1.0,0.0,,0
1,transaction,0,0,0,0,0,0,0,0,0,0,upi,sms,sent_money,payment,unknown,unknown,unknown,0.0,1.0,0.0,0.0,0.0,,0
1,commerce,0,0,0,1,0,0,0,0,0,0,unknown,website,sent_money,payment,company,unknown,unknown,0.8,1.0,1.0,0.0,0.0,,0
1,transaction,0,0,0,0,0,0,0,0,0,0,unknown,none,none,none,none,unknown,unknown,0.0,0.0,0.0,0.0,0.0,,0
1,transaction,0,1,1,0,0,0,0,1,1,0,card,phone,clicked_link,transaction,bank,unknown,unknown,1.0,1.0,1.0,0.0,0.0,,0
1,commerce,0,0,0,1,1,0,0,0,0,0,upi,website,clicked_link,commerce,company,unknown,unknown,0.9,1.0,0.0,0.0,0.0,,0
1,social_engineering,0,0,0,0,0,0,0,1,0,0,unknown,phone,none,none,individual,none,unknown,1.0,1.0,1.0,0.0,0.0,,0
1,transaction,0,0,1,0,0,0,0,0,0,0,bank,website,deposited,transaction,company,$250k,USD,1.0,1.0,1.0,1.0,0.0,250.0,1
1,commerce,0,0,0,1,0,0,0,0,0,0,unknown,website,clicked_link,none,none,unknown,unknown,0.0,1.0,0.0,0.0,0.0,,0
1,transaction,0,0,0,0,0,0,0,0,0,0,crypto,whatsapp,sent_money,payment,unknown,unknown,unknown,0.0,1.0,1.0,0.0,0.0,,0
1,transaction,0,0,1,0,0,0,0,0,0,0,bank,sms,sent_money,transaction,company,unknown,unknown,1.0,1.0,0.0,1.0,0.0,,0
1,transaction,0,0,0,0,0,0,0,0,0,0,unknown,social_media,clicked_link,none,none,unknown,unknown,0.8,1.0,0.0,0.0,0.0,,0
1,transaction,1,0,0,0,0,0,0,1,0,0,upi,sms,sent_money,payment,individual,90000,unknown,1.0,1.0,1.0,0.0,0.0,90000.0,1
1,commerce,0,0,0,1,0,0,0,0,0,0,gift_card,email,clicked_link,payment,target,unknown,unknown,0.5,1.0,0.0,1.0,0.0,,0
1,transaction,0,0,0,0,0,0,0,0,0,0,unknown,email,none,none,company,unknown,unknown,0.9,1.0,0.0,0.0,0.0,,0
1,transaction,0,0,1,0,0,0,1,1,1,0,bank,social_media,sent_money,payment,none,$10K,USD,1.0,1.0,1.0,1.0,0.0,10.0,1
1,transaction,0,1,0,0,0,0,0,0,0,0,card,social_media,none,payment,unknown,$5.04,USD,0.8,1.0,1.0,0.0,0.0,5.04,1
1,transaction,0,0,1,0,0,0,0,0,0,0,bank,email,sent_money,refund,company,100,EUR,0.8,1.0,0.0,1.0,0.0,100.0,1
1,transaction,0,0,0,0,0,0,0,0,0,0,unknown,none,sent_money,payment,individual,100000,INR,0.9,1.0,1.0,0.0,0.0,100000.0,1
1,transaction,0,1,0,0,0,0,0,0,0,0,card,website,sent_money,payment,none,$100,USD,0.9,1.0,1.0,0.0,0.0,100.0,1
1,transaction,0,0,1,0,0,0,0,0,1,0,bank,phone,sent_money,payment,company,40000,EUR,1.0,1.0,1.0,1.0,0.0,40000.0,1
1,commerce,0,0,0,1,0,0,0,0,0,0,upi,email,sent_money,payment,company,unknown,unknown,0.8,1.0,0.0,1.0,0.0,,0
1,transaction,0,0,0,0,0,0,0,0,0,0,unknown,social_media,installed_app,download,none,unknown,unknown,0.5,1.0,0.0,0.0,0.0,,0
1,meta,0,0,0,0,0,0,1,1,1,0,unknown,sms | email | phone | social_media | website | app | unknown | none,installed_app,none,individual,unknown,unknown,1.0,1.0,1.0,1.0,0.0,,0
1,transaction,0,0,0,1,0,0,0,0,0,0,upi,sms,clicked_link,nondelivery,ups,unknown,unknown,0.8,1.0,0.0,1.0,0.0,,0
1,transaction,0,0,1,0,0,0,0,0,0,0,bank,sms,sent_money,payment,company,"$3,800",USD,0.5,1.0,1.0,1.0,0.0,3800.0,1
1,transaction,1,0,0,0,0,0,0,0,1,0,upi,sms,sent_money,payment,bank,unknown,unknown,0.8,1.0,0.0,1.0,0.0,,0
1,social_engineering,0,0,0,0,0,0,1,1,0,0,unknown,sms,none,none,government,unknown,unknown,1.0,1.0,1.0,1.0,0.0,,0
1,commerce,0,0,1,1,0,0,0,0,1,0,bank,email,sent_money,payment,company,unknown,unknown,0.8,1.0,1.0,1.0,0.0,,0
1,transaction,0,0,1,0,0,0,0,1,0,0,bank,website,clicked_link,transaction,bank,unknown,unknown,1.0,1.0,1.0,1.0,0.0,,0
1,transaction,0,0,1,0,0,0,0,0,1,0,bank,none,sent_money,payment,individual,1000,unknown,0.5,1.0,0.0,0.0,0.0,1000.0,1
1,transaction,0,1,0,0,0,0,0,0,0,0,card,email,clicked_link,transaction,company,unknown,unknown,0.8,1.0,0.0,1.0,0.0,,0
1,transaction,0,0,1,0,0,0,0,0,0,0,bank,email,reset_password,transaction,ebay,unknown,unknown,0.8,1.0,1.0,1.0,0.0,,0
1,transaction,0,0,1,0,0,0,0,0,0,0,bank,email,sent_money,payment,company,"$14,000",USD,0.9,1.0,1.0,1.0,0.0,14000.0,1
1,transaction,1,0,0,0,0,0,0,0,0,0,upi,sms,sent_money,payment,bank,unknown,unknown,0.9,1.0,0.0,1.0,0.0,,0
1,transaction,1,0,0,0,0,0,0,1,0,0,upi,phone,sent_money,payment,bank,unknown,unknown,1.0,1.0,0.0,1.0,0.0,,0
1,transaction,0,0,1,0,0,0,0,0,0,0,bank,phone,none,transaction,bank,unknown,unknown,0.8,1.0,0.0,1.0,0.0,,0
1,transaction,0,0,1,0,0,0,0,1,0,0,bank,email,sent_money,payment,individual,unknown,unknown,1.0,1.0,1.0,0.0,0.0,,0
1,transaction,0,0,0,0,0,0,0,0,0,0,crypto,phone,sent_money,payment,unknown,unknown,unknown,0.0,1.0,1.0,0.0,0.0,,0
1,social_engineering,0,0,0,0,0,0,1,1,0,0,unknown,sms,none,none,trust_wallet,unknown,unknown,1.0,1.0,1.0,1.0,0.0,,0
1,transaction,0,1,0,0,0,0,0,0,0,0,card,phone,cashed_a_check,transaction,bank,18000,unknown,0.5,1.0,1.0,1.0,0.0,18000.0,1
1,commerce,0,0,0,1,0,0,0,0,0,0,upi,website,sent_money,payment,company,1600,INR,0.8,1.0,1.0,1.0,0.0,1600.0,1
1,transaction,0,1,0,0,0,0,0,0,0,0,crypto,phone,none,verification,company,unknown,unknown,0.8,1.0,0.0,1.0,0.0,,0
0,none,0,0,0,0,0,0,0,0,0,0,unknown,phone,none,none,unknown,unknown,unknown,0.0,1.0,0.0,0.0,0.0,,0
1,transaction,0,0,1,0,0,0,0,0,0,0,bank,website,clicked_link,transaction,bank,unknown,unknown,0.9,1.0,0.0,1.0,0.0,,0
1,commerce,0,0,0,1,1,0,0,0,0,0,upi,sms,sent_money,payment,company,150,INR,0.8,1.0,1.0,1.0,0.0,150.0,1
1,transaction,0,1,0,0,0,0,0,0,0,0,card,phone,sent_money,payment,military,unknown,unknown,0.8,1.0,1.0,1.0,0.0,,0
1,transaction,0,1,1,0,0,0,0,1,0,0,card,social_media,sent_money,payment,none,2000,unknown,1.0,1.0,1.0,0.0,0.0,2000.0,1
1,social_engineering,0,0,0,0,0,0,1,1,0,0,crypto,video_conference,investment,training,businesswoman,unknown,unknown,0.8,1.0,1.0,1.0,0.0,,0
1,commerce,0,0,0,1,0,0,0,0,0,0,unknown,email,none,commerce,unknown,unknown,unknown,0.8,1.0,0.0,0.0,0.0,,0
1,transaction,0,0,0,0,0,0,0,0,0,0,crypto,website,installed_app,none,unknown,unknown,unknown,0.9,1.0,1.0,0.0,0.0,,0
1,social_engineering,0,0,0,0,0,1,1,1,0,0,unknown,social_media,clicked_link,none,company,unknown,unknown,1.0,1.0,1.0,1.0,0.0,,0
1,transaction,0,0,0,0,0,0,1,1,0,0,unknown,phone,none,transaction,individual,unknown,unknown,0.8,1.0,0.0,1.0,0.0,,0
1,transaction,0,0,0,0,0,0,0,0,1,0,crypto,app,installed_app,download,none,unknown,unknown,0.95,1.0,1.0,0.0,0.0,,0
1,social_engineering,0,0,1,0,0,1,0,1,0,0,bank,email,clicked_link,payment,company,unknown,unknown,1.0,1.0,1.0,1.0,0.0,,0
1,social_engineering,0,0,0,0,0,1,0,0,0,0,unknown,email,clicked_link,credential,apple,unknown,unknown,0.9,1.0,1.0,1.0,0.0,,0
1,advanced,0,0,0,0,0,1,0,0,0,0,crypto,social_media,shared_credentials,login,individual,10000000,USDT,0.8,1.0,1.0,0.0,0.0,10000000.0,1
1,commerce,0,0,1,0,1,0,0,0,0,0,bank,email,sent_money,payment,none,unknown,unknown,0.9,1.0,0.0,0.0,0.0,,0
1,transaction,0,0,1,0,0,0,0,1,0,0,bank,website,sent_money,payment,company,10000,unknown,0.95,1.0,0.0,0.0,0.0,10000.0,1
1,credential,0,0,0,0,0,1,0,0,0,0,unknown,unknown,sent_credentials,verification,unknown,unknown,unknown,0.0,0.0,1.0,0.0,0.0,,0
1,social_engineering,0,0,0,0,0,0,1,1,0,0,none,sms,none,none,chief_of_police,unknown,unknown,1.0,1.0,1.0,1.0,0.0,,0
0,none,0,0,0,0,0,0,0,0,0,0,unknown,website,clicked_link,none,none,unknown,unknown,0.0,0.0,1.0,0.0,0.0,,0
1,transaction,0,0,0,0,0,0,0,0,0,0,crypto,website,clicked_link,payment,unknown,unknown,unknown,0.0,0.0,1.0,0.0,0.0,,0
1,transaction,0,1,1,0,0,0,0,0,0,0,bank,phone,sent_money,payment,bank,$65 million,USD,1.0,1.0,1.0,1.0,0.0,65000000.0,1
1,transaction,0,0,0,0,0,0,0,0,0,0,bank,email,sent_money,payment,airline,3000,unknown,0.0,1.0,1.0,1.0,0.0,3000.0,1
1,transaction,0,0,0,0,0,0,0,0,0,0,unknown,none,sent_money,payment,none,unknown,unknown,0.0,0.0,0.0,0.0,0.0,,0
1,social_engineering,0,0,0,0,0,0,0,1,0,0,unknown,sms,none,none,unknown,unknown,unknown,1.0,1.0,1.0,0.0,0.0,,0
1,commerce,0,0,0,1,0,0,0,0,0,0,bank,website,sent_money,payment,company,unknown,unknown,0.9,1.0,1.0,1.0,0.0,,0
1,transaction,0,1,0,0,0,0,0,0,0,0,card,phone,shared_credentials,verification,bank,unknown,unknown,0.9,1.0,1.0,1.0,0.0,,0
1,transaction,0,0,1,0,0,0,0,0,0,0,bank,social_media,sent_money,payment,individual,5000,unknown,1.0,1.0,0.0,0.0,1.0,5000.0,1
1,social_engineering,0,0,0,1,0,0,1,1,0,0,none,phone,none,none,fire_dept,unknown,unknown,1.0,1.0,1.0,1.0,0.0,,0
1,commerce,0,1,0,0,0,0,0,0,0,0,card,social_media,sent_money,payment,individual,unknown,unknown,0.5,1.0,0.0,0.0,0.0,,0
1,transaction,0,1,0,0,0,0,0,0,0,0,card,phone,sent_money,payment,none,unknown,unknown,0.8,1.0,1.0,0.0,0.0,,0
1,transaction,0,0,1,0,0,0,0,0,1,0,bank,website,opened_wallet,payment,none,unknown,unknown,0.9,1.0,0.0,0.0,0.0,,0
1,commerce,0,0,1,0,0,0,0,0,1,0,bank,phone,none,payment,company,unknown,unknown,0.8,1.0,0.0,1.0,0.0,,0
1,commerce,0,0,0,0,0,0,0,0,0,0,unknown,website,clicked_link,payment,none,$41.99,USD,0.0,0.0,0.0,0.0,0.0,41.99,1
1,transaction,0,1,0,0,0,0,0,0,0,0,card,street,sent_money,payment,fundraiser,100,unknown,0.5,1.0,1.0,0.0,0.0,100.0,1
1,transaction,0,1,0,0,0,0,0,0,0,0,card,phone,shared_credentials,verification,bank,unknown,unknown,0.8,1.0,1.0,1.0,0.0,,0
1,transaction,0,0,0,0,0,0,0,0,0,0,unknown,website,clicked_link,payment,none,unknown,unknown,0.8,1.0,0.0,0.0,0.0,,0
1,social_engineering,0,0,0,0,0,0,1,1,0,0,unknown,phone,reported,none,police,unknown,unknown,1.0,1.0,1.0,1.0,0.0,,0
1,social_engineering,0,0,0,0,0,1,1,1,0,0,unknown,email,none,none,fbi,15000000,USD,1.0,1.0,1.0,1.0,0.0,15000000.0,1
1,social_engineering,0,0,0,0,0,1,1,1,1,0,crypto,website,clicked_link,verification,cdh_support,unknown,unknown,0.8,1.0,1.0,1.0,0.0,,0
1,transaction,0,0,1,0,0,0,0,0,1,0,bank,website,installed_app,payment,company,65000,USD,1.0,1.0,1.0,1.0,0.0,65000.0,1
1,social_engineering,0,0,0,0,0,1,0,0,0,0,none,email,none,none,none,unknown,unknown,0.0,1.0,1.0,0.0,0.0,,0
1,transaction,0,0,1,0,0,0,0,0,0,0,bank,phone,none,transaction,company,unknown,unknown,0.8,1.0,0.0,1.0,0.0,,0
1,commerce,0,1,0,1,0,0,0,0,1,0,card,website,clicked_link,payment,company,unknown,unknown,0.5,1.0,0.0,1.0,0.0,,0
1,transaction,0,0,1,0,0,0,0,0,0,0,bank,website,clicked_link,payment,company,unknown,unknown,0.9,1.0,1.0,1.0,0.0,,0
1,transaction,1,0,0,0,0,0,0,1,0,0,upi,email,sent_money,payment,bank,unknown,unknown,1.0,1.0,1.0,1.0,0.0,,0
1,transaction,1,0,0,0,0,0,0,0,0,0,upi,sms,sent_money,payment,bank,unknown,unknown,0.8,1.0,0.0,1.0,0.0,,0
1,transaction,0,0,0,0,0,0,0,0,0,0,unknown,door_to_door,signed_contract,authorization,gas_company,unknown,unknown,0.5,1.0,1.0,1.0,0.0,,0
1,commerce,0,1,0,0,0,0,0,0,0,0,card,website,clicked_link,commerce,company,$60,USD,0.0,1.0,1.0,1.0,0.0,60.0,1
0,none,0,0,0,0,0,0,0,0,0,0,unknown,social_media,sent_money,payment,individual,unknown,unknown,0.0,1.0,0.0,0.0,0.0,,0
1,commerce,0,0,1,1,1,0,0,0,0,0,bank,website,sent_money,payment,seller,500,INR,0.8,1.0,1.0,0.0,0.0,500.0,1
1,commerce,0,0,0,1,0,0,0,0,0,0,upi,website,clicked_link,commerce,company,250,INR,0.8,1.0,0.0,0.0,0.0,250.0,1
1,social_engineering,0,0,0,0,0,0,1,1,0,0,unknown,sms,none,none,police_officer,unknown,unknown,0.8,1.0,1.0,1.0,0.0,,0
1,transaction,0,0,1,0,0,0,0,0,1,0,bank,website,sent_money,verification,company,unknown,USD,0.9,1.0,1.0,1.0,0.0,,0
1,transaction,0,0,1,0,0,0,0,0,0,0,bank,sms,sent_money,transaction,company,unknown,unknown,0.8,1.0,0.0,1.0,0.0,,0
1,transaction,0,1,0,0,0,0,0,0,0,0,card,email,shared_credentials,payment,unknown,"$5,000",USD,1.0,1.0,1.0,0.0,0.0,5000.0,1
1,transaction,0,0,1,0,0,0,0,0,1,0,bank,email,sent_money,payment,unknown,unknown,unknown,0.8,1.0,1.0,0.0,0.0,,0
1,transaction,0,0,1,0,0,0,0,0,1,0,bank,website,sent_money,payment,company,30000,unknown,1.0,1.0,1.0,1.0,0.0,30000.0,1
1,transaction,1,0,0,0,0,0,0,0,0,0,upi,sms,sent_money,payment,bank,85000,INR,1.0,1.0,1.0,1.0,0.0,85000.0,1
1,commerce,0,1,0,0,0,0,0,0,0,0,unknown,website,sent_money,payment,individual,unknown,unknown,0.0,0.0,1.0,0.0,0.0,,0
1,transaction,0,1,0,0,0,0,0,0,0,0,crypto,website,clicked_link,investment,unknown,$560K,USD,1.0,1.0,1.0,0.0,0.0,560.0,1
1,transaction,0,0,1,0,0,0,0,0,0,0,bank,sms,received_money,payment,unknown,"$1,400",USD,0.5,1.0,0.0,0.0,0.0,1400.0,1
1,transaction,0,0,0,0,0,0,0,0,0,0,crypto,sms,sent_money,payment,unknown,unknown,unknown,0.0,1.0,0.0,0.0,0.0,,0
1,transaction,0,0,1,0,0,0,0,0,1,0,bank,website,clicked_link,donation,none,unknown,unknown,0.8,1.0,1.0,0.0,0.0,,0
1,transaction,0,0,1,0,0,0,0,0,1,0,bank,phone,sent_money,payment,company,450,INR,1.0,1.0,1.0,1.0,0.0,450.0,1
1,social_engineering,0,0,0,0,0,1,0,0,0,0,unknown,email,shared_credentials,credential,none,unknown,unknown,0.8,1.0,0.0,0.0,0.0,,0
1,social_engineering,0,0,0,0,0,0,1,1,0,0,unknown,phone,none,none,bank,unknown,unknown,1.0,1.0,1.0,1.0,0.0,,0
1,transaction,0,0,1,0,0,0,0,0,0,0,bank,email,sent_money,payment,company,$599.99,USD,0.8,1.0,0.0,1.0,0.0,599.99,1
1,transaction,1,0,0,0,0,0,0,0,0,0,upi,phone,sent_money,payment,bank,unknown,unknown,0.8,1.0,1.0,1.0,0.0,,0
1,meta,0,0,0,0,0,0,0,0,1,0,unknown,website,clicked_link,none,none,none,unknown,0.0,1.0,0.0,0.0,0.0,,0
0,none,0,0,0,0,0,0,0,0,0,0,unknown,social_media,none,none,none,unknown,unknown,0.0,0.0,0.0,0.0,0.0,,0
1,transaction,0,0,0,0,0,0,0,0,0,0,bank,phone,sent_money,payment,individual,200,EUR,0.0,1.0,1.0,0.0,0.0,200.0,1
1,transaction,0,0,1,0,0,0,0,0,0,0,bank,email,sent_money,payment,company,2500,USD,1.0,1.0,1.0,0.0,0.0,2500.0,1
1,commerce,0,0,0,1,0,0,0,0,1,0,upi,email,sent_money,payment,company,unknown,unknown,0.5,1.0,0.0,0.0,0.0,,0
1,transaction,0,1,1,0,0,0,0,0,1,0,bank,website,sent_money,transaction,company,unknown,unknown,0.9,1.0,1.0,1.0,0.0,,0
1,transaction,0,0,1,0,0,0,0,0,1,0,bank,website,sent_money,payment,company,$500,USD,1.0,1.0,1.0,1.0,0.0,500.0,1
1,transaction,0,0,1,0,0,0,0,0,0,0,bank,email,sent_money,payment,company,unknown,unknown,0.8,1.0,0.0,1.0,0.0,,0
1,transaction,0,0,1,0,0,0,0,0,0,0,bank,email,sent_money,payment,company,unknown,unknown,0.8,1.0,0.0,1.0,0.0,,0
1,transaction,0,0,0,0,0,0,0,0,0,0,bank,sms,sent_money,payment,unknown,unknown,unknown,0.0,1.0,0.0,1.0,0.0,,0
1,transaction,0,0,1,0,0,0,0,0,1,0,bank,email,sent_money,payment,company,$100k,USD,1.0,1.0,1.0,1.0,0.0,100.0,1
1,transaction,0,0,1,0,0,0,0,0,0,0,bank,email,opened_attachment,invoice,paypal,unknown,unknown,0.5,1.0,1.0,1.0,0.0,,0
1,transaction,0,0,0,0,0,0,0,0,0,0,crypto,telegram,sent_money,payment,unknown,13k USD,USD,0.9,1.0,1.0,0.0,0.0,13.0,1
1,transaction,0,0,1,0,0,0,0,0,0,0,bank,unknown,sent_money,payment,company,unknown,unknown,0.0,1.0,0.0,1.0,0.0,,0
1,commerce,0,1,0,0,0,0,0,0,0,0,card,website,clicked_link,commerce,none,unknown,unknown,0.0,1.0,0.0,0.0,0.0,,0
1,social_engineering,0,0,0,0,0,1,0,1,0,0,unknown,sms,none,none,unknown,unknown,unknown,1.0,1.0,1.0,0.0,0.0,,0
1,commerce,0,0,0,0,1,0,0,0,0,0,unknown,none,none,none,none,unknown,unknown,0.8,1.0,0.0,0.0,0.0,,0
1,commerce,0,0,1,0,0,0,0,0,1,0,bank,email,withdrew_admission,refund,company,18500,INR,0.7,1.0,0.0,0.0,0.0,18500.0,1
1,transaction,1,0,0,0,0,0,0,1,0,0,upi,sms,sent_money,payment,company,5000,INR,1.0,1.0,0.0,0.0,0.0,5000.0,1
1,transaction,0,1,0,0,0,0,0,0,0,0,card,sms,sent_money,payment,none,2rs,INR,0.8,1.0,0.0,0.0,0.0,2.0,1
1,commerce,0,0,0,1,0,0,0,0,0,0,bank,phone,none,commerce,company,unknown,unknown,0.9,1.0,1.0,1.0,0.0,,0
1,transaction,0,0,1,0,0,0,0,0,0,0,bank,sms,sent_money,payment,none,unknown,unknown,0.8,1.0,1.0,0.0,0.0,,0
1,transaction,0,0,1,0,0,0,0,0,0,0,bank,phone,sent_money,payment,company,unknown,unknown,0.9,1.0,0.0,1.0,0.0,,0
1,transaction,0,0,0,0,0,0,0,0,0,0,crypto,youtube,clicked_link,none,unknown,unknown,unknown,0.0,1.0,1.0,0.0,0.0,,0
1,transaction,0,1,0,0,0,0,0,0,0,0,card,website,clicked_link,transaction,bank,unknown,unknown,0.5,1.0,1.0,1.0,0.0,,0
1,transaction,0,1,0,0,0,0,0,0,0,0,card,phone,sent_money,payment,company,"$1,500",USD,0.8,1.0,1.0,1.0,0.0,1500.0,1
1,transaction,0,1,0,0,0,0,0,0,0,0,card,phone,shared_credentials,verification,bank,unknown,unknown,0.8,1.0,1.0,1.0,0.0,,0
1,social_engineering,0,0,0,0,0,1,0,0,0,0,unknown,email,clicked_link,credential,microsoft,unknown,unknown,0.8,1.0,1.0,1.0,0.0,,0
1,transaction,0,1,0,0,0,0,0,0,0,0,card,social_media,sent_money,payment,individual,57000,INR,0.0,1.0,1.0,1.0,0.0,57000.0,1
1,transaction,1,1,0,0,0,0,0,1,0,0,upi,sms,sent_money,payment,company,3000,AED,1.0,1.0,0.0,0.0,0.0,3000.0,1
1,transaction,0,0,0,0,0,0,0,0,0,0,unknown,phone,none,payment,company,unknown,unknown,0.8,1.0,0.0,1.0,0.0,,0
1,social_engineering,0,0,0,0,0,0,1,1,0,0,unknown,sms,none,verification,twitter_agent,unknown,unknown,0.9,1.0,1.0,1.0,0.0,,0
1,transaction,0,0,1,0,0,0,0,1,0,0,bank,phone,transfer_money,payment,crypto_exchange,unknown,unknown,1.0,1.0,1.0,0.0,0.0,,0
1,transaction,0,0,1,0,0,0,0,0,1,0,bank,sms,sent_money,payment,company,10650,INR,0.9,1.0,0.0,1.0,0.0,10650.0,1
1,transaction,0,0,0,0,0,0,0,0,0,0,bank,email,sent_money,payment,individual,$30,USD,1.0,1.0,1.0,0.0,0.0,30.0,1
1,transaction,0,0,1,0,0,1,0,0,0,0,bank,telegram,shared_credentials,verification,unknown,unknown,unknown,0.8,1.0,1.0,0.0,0.0,,0
0,none,0,0,0,0,0,0,0,0,0,0,unknown,email,clicked_link,none,unknown,unknown,unknown,0.0,0.0,0.0,1.0,0.0,,0
1,social_engineering,0,0,0,0,0,1,0,0,0,0,unknown,sms,none,credential,individual,unknown,unknown,0.8,1.0,1.0,1.0,0.0,,0
1,commerce,0,0,1,1,0,0,0,0,0,0,bank,email,sent_money,payment,seller,unknown,INR,0.8,1.0,0.0,0.0,0.0,,0
1,transaction,0,0,0,0,0,0,0,0,0,0,crypto,website,transferring,transaction,unknown,unknown,unknown,0.9,1.0,1.0,0.0,0.0,,0
1,transaction,0,0,1,0,0,0,0,0,0,0,bank,website,sent_money,transaction,none,1700,unknown,0.9,1.0,1.0,0.0,0.0,1700.0,1
1,transaction,0,1,0,0,0,0,0,0,0,0,card,phone,sent_money,payment,bank,unknown,unknown,0.8,1.0,1.0,1.0,0.0,,0
1,social_engineering,0,0,0,0,0,1,1,1,0,0,unknown,sms,clicked_link,none,government,1000rs,INR,1.0,1.0,1.0,1.0,0.0,1000.0,1
1,transaction,0,0,1,0,0,0,0,0,1,0,bank,telegram,sent_money,payment,unknown,unknown,unknown,1.0,1.0,1.0,0.0,0.0,,0
0,none,0,0,0,0,0,0,0,0,0,0,unknown,social_media,none,none,company,unknown,unknown,0.0,0.0,0.0,1.0,0.0,,0
1,transaction,0,0,1,0,0,0,0,0,0,0,bank,phone,sent_money,payment,company,3000,INR,1.0,1.0,0.0,1.0,0.0,3000.0,1
1,social_engineering,0,0,0,0,0,1,0,0,0,0,unknown,social_media,clicked_link,none,company,unknown,unknown,0.9,1.0,0.0,1.0,0.0,,0
1,transaction,0,0,0,0,0,0,0,0,1,0,unknown,none,none,none,none,unknown,unknown,0.9,1.0,1.0,0.0,0.0,,0
1,transaction,0,0,1,0,0,0,0,0,0,0,bank,sms,sent_money,payment,individual,unknown,unknown,0.8,1.0,0.0,0.0,0.0,,0
1,transaction,1,0,0,0,0,0,0,1,0,0,upi,instagram,sent_money,payment,individual,unknown,unknown,1.0,1.0,1.0,0.0,0.0,,0
1,transaction,0,0,0,0,0,0,0,0,0,0,crypto,social_media,clicked_link,transaction,unknown,unknown,unknown,0.8,1.0,0.0,0.0,0.0,,0
1,commerce,0,0,0,0,0,0,0,0,0,0,bank,website,clicked_link,purchase,company,unknown,unknown,0.9,1.0,0.0,1.0,0.0,,0
0,none,0,0,0,0,0,0,0,0,0,0,unknown,website,clicked_link,commerce,company,unknown,unknown,0.0,0.0,0.0,1.0,0.0,,0
1,transaction,0,0,0,1,0,0,0,0,1,0,gift_card,email,sent_money,payment,none,unknown,unknown,0.8,1.0,1.0,0.0,0.0,,0
1,transaction,1,0,0,0,0,0,0,0,0,0,upi,sms,sent_money,payment,bank,unknown,unknown,0.8,1.0,0.0,1.0,0.0,,0
1,transaction,0,1,0,0,0,0,0,0,1,0,card,website,sent_money,payment,company,199,CDN,0.8,1.0,1.0,1.0,0.0,199.0,1
1,transaction,0,0,0,0,0,0,0,1,0,0,crypto,website,sent_money,withdrawal,crypto_platform,unknown,unknown,1.0,1.0,1.0,0.0,0.0,,0
1,transaction,0,1,0,0,0,0,0,0,0,0,crypto,atm,withdrew_money,purchase,none,unknown,unknown,0.9,1.0,1.0,0.0,0.0,,0
1,transaction,0,0,1,0,0,0,0,0,0,0,bank,website,sent_money,payment,unknown,unknown,unknown,0.8,1.0,1.0,0.0,0.0,,0
1,transaction,0,1,0,0,0,0,0,0,0,0,unknown,phone,none,none,xfinity,unknown,unknown,0.8,1.0,1.0,1.0,0.0,,0
1,social_engineering,0,0,0,0,0,0,1,1,0,0,unknown,social_media,none,none,individual,unknown,unknown,1.0,1.0,0.0,1.0,0.0,,0
1,transaction,0,0,1,1,0,0,0,0,1,0,bank,website,sent_money,payment,company,1000,USD,0.8,1.0,1.0,1.0,0.0,1000.0,1
1,transaction,0,1,0,0,0,0,0,0,0,0,card,email,sent_money,payment,bank,unknown,unknown,0.95,1.0,1.0,1.0,0.0,,0
1,transaction,0,0,1,0,0,0,0,1,0,0,bank,website,clicked_link,payment,government,1000,INR,1.0,1.0,0.0,1.0,0.0,1000.0,1
1,transaction,1,0,0,0,0,0,0,0,0,0,upi,sms,sent_money,payment,bank,unknown,unknown,0.9,1.0,0.0,1.0,0.0,,0
1,transaction,0,1,0,0,0,0,0,0,0,0,bank,email,sent_money,payment,company,10,unknown,0.5,1.0,1.0,1.0,0.0,10.0,1
1,transaction,0,0,0,0,0,0,0,0,0,0,unknown,email,clicked_link,none,company,unknown,unknown,0.5,1.0,1.0,1.0,0.0,,0
1,transaction,0,0,1,0,0,0,0,0,0,0,bank,app,sent_money,payment,none,unknown,unknown,0.8,1.0,0.0,0.0,0.0,,0
1,transaction,0,0,1,0,0,0,0,0,0,0,bank,website,deposited_money,payment,none,"$80, $100, $300, $770, $2,300",USD,0.9,1.0,1.0,0.0,0.0,80.0,1
1,transaction,0,0,1,0,0,0,0,0,1,0,bank,sms,sent_money,transaction,individual,unknown,unknown,0.8,1.0,1.0,0.0,0.0,,0
1,transaction,0,0,1,0,0,0,0,0,0,0,bank,website,sent_money,verification,none,2500,unknown,1.0,1.0,1.0,0.0,0.0,2500.0,1
0,none,0,0,0,0,0,0,0,0,0,0,unknown,website,clicked_link,commerce,none,unknown,unknown,0.0,0.0,0.0,0.0,0.0,,0
1,commerce,0,0,1,0,0,0,0,0,1,0,bank,email,sent_money,payment,none,"$1,000",USD,0.8,1.0,0.0,0.0,0.0,1000.0,1
1,transaction,0,1,0,0,0,0,0,0,0,0,card,sms,sent_money,payment,individual,unknown,unknown,0.5,1.0,0.0,0.0,0.0,,0
1,transaction,0,0,1,0,0,0,0,0,0,0,bank,email,paid,payment,company,48656,INR,0.7,1.0,0.0,1.0,0.0,48656.0,1
1,social_engineering,0,0,0,0,0,0,1,1,0,0,crypto,telegram,sent_money,transaction,individual,unknown,unknown,1.0,1.0,1.0,1.0,0.0,,0
1,transaction,0,0,1,0,0,0,0,0,1,0,bank,email,sent_money,payment,broker,unknown,unknown,0.9,1.0,1.0,0.0,0.0,,0
1,transaction,0,1,0,0,0,0,0,0,0,0,card,phone,sent_money,payment,unknown,unknown,unknown,0.9,1.0,0.0,0.0,0.0,,0
1,commerce,0,0,0,1,0,0,0,0,0,0,upi,sms,none,commerce,unknown,unknown,unknown,0.8,1.0,1.0,0.0,0.0,,0
1,transaction,1,0,0,0,0,0,0,0,0,0,upi,social_media,sent_money,payment,bank,unknown,unknown,0.8,1.0,0.0,1.0,0.0,,0
1,commerce,0,0,0,1,1,0,0,1,0,0,gift_card,social_media,sent_money,commerce,individual,50,unknown,1.0,1.0,1.0,0.0,0.0,50.0,1
1,transaction,1,0,0,0,0,0,0,0,0,0,upi,app,installed_app,payment,bank,499,unknown,0.8,1.0,0.0,1.0,0.0,499.0,1
1,commerce,0,0,0,0,0,0,0,0,0,0,bank,phone,sent_money,payment,company,1598,INR,0.9,1.0,1.0,1.0,0.0,1598.0,1
1,transaction,1,0,0,0,0,0,0,0,0,0,upi,sms,sent_money,payment,bank,5000,INR,1.0,1.0,1.0,1.0,0.0,5000.0,1
1,transaction,0,1,0,0,0,0,0,0,0,0,card,unknown,none,payment,unknown,unknown,unknown,0.9,1.0,1.0,0.0,0.0,,0
1,transaction,0,1,0,0,0,0,0,1,0,0,card,sms,sent_money,transaction,bank,100,USD,0.9,1.0,0.0,1.0,0.0,100.0,1
1,task,0,0,0,0,0,0,0,0,0,0,unknown,website,completing_tasks,none,unknown,unknown,unknown,0.9,1.0,0.0,0.0,0.0,,0
1,commerce,0,1,0,0,0,0,0,0,0,0,card,website,sent_money,payment,company,300,unknown,0.5,1.0,1.0,1.0,0.0,300.0,1
1,transaction,0,0,1,0,0,0,0,0,0,0,bank,website,withdrew_money,transaction,none,"$9,000",USD,1.0,1.0,1.0,0.0,0.0,9000.0,1
1,transaction,0,0,0,0,0,0,0,0,1,0,unknown,website,sent_money,payment,none,unknown,unknown,0.9,1.0,1.0,0.0,0.0,,0
1,social_engineering,0,0,0,0,0,0,1,1,0,0,unknown,phone,none,none,government,unknown,unknown,1.0,1.0,1.0,1.0,0.0,,0
1,transaction,0,0,1,0,0,0,0,0,0,0,bank,website,clicked_link,transaction,company,unknown,unknown,0.9,1.0,0.0,1.0,0.0,,0
1,commerce,1,0,0,1,0,0,0,0,0,0,upi,social_media,sent_money,payment,company,unknown,unknown,0.8,1.0,0.0,1.0,0.0,,0
0,none,0,0,0,0,0,0,0,0,0,0,unknown,sms,sent_money,payment,none,unknown,unknown,0.0,1.0,0.0,0.0,0.0,,0
1,commerce,0,0,0,1,0,0,0,0,0,0,unknown,phone,inspected_item,none,delivery_guy,unknown,unknown,0.8,1.0,0.0,0.0,0.0,,0
1,transaction,0,0,0,0,0,0,0,0,0,0,unknown,phone,none,none,tax_authority,unknown,unknown,0.9,1.0,1.0,1.0,0.0,,0
1,transaction,0,0,0,0,0,0,0,0,0,0,unknown,unknown,unknown,unknown,unknown,unknown,unknown,0.0,1.0,0.0,0.0,0.0,,0
1,transaction,0,1,0,0,0,0,0,0,0,0,crypto,website,sent_money,payment,none,unknown,unknown,0.0,1.0,1.0,0.0,0.0,,0
1,transaction,0,0,0,0,0,0,0,0,1,0,upi,sms,sent_money,payment,toll_authority,unknown,unknown,0.8,1.0,0.0,1.0,0.0,,0
1,transaction,0,1,0,0,0,0,0,0,0,0,crypto,website,sent_money,payment,company,$36.9 million,USD,0.8,1.0,0.0,0.0,0.0,36900000.0,1
1,transaction,1,0,0,0,0,0,0,0,0,0,upi,app,sent_money,payment,unknown,7,unknown,0.8,1.0,0.0,0.0,0.0,7.0,1
1,transaction,0,0,1,0,0,0,0,0,1,0,bank,sms,sent_money,payment,amazon,unknown,unknown,0.9,1.0,1.0,1.0,0.0,,0
1,transaction,0,0,1,0,0,0,0,0,1,0,bank,social_media,sent_money,payment,none,unknown,unknown,0.8,1.0,0.0,0.0,0.0,,0
1,social_engineering,0,0,0,1,0,0,1,1,0,0,none,phone,none,none,fire_dept,unknown,unknown,1.0,1.0,1.0,1.0,0.0,,0
1,transaction,0,0,0,0,0,0,0,0,0,0,unknown,phone,sent_money,payment,none,unknown,unknown,0.9,1.0,0.0,0.0,0.0,,0
0,none,0,0,0,0,0,0,0,0,0,0,unknown,phone,none,none,company,"$240,000 USD",USD,0.0,1.0,1.0,1.0,0.0,240000.0,1
1,transaction,0,0,1,0,0,0,0,0,1,0,bank,website,holded_coin,none,crypto_team,unknown,unknown,0.9,1.0,1.0,1.0,0.0,,0
1,social_engineering,0,0,0,0,0,0,1,1,0,0,unknown,phone,reported,none,police,unknown,unknown,1.0,1.0,1.0,1.0,0.0,,0
1,transaction,0,1,0,0,0,0,0,0,0,0,card,website,clicked_link,transaction,unknown,unknown,unknown,0.8,1.0,0.0,0.0,0.0,,0
1,transaction,0,0,0,0,0,1,0,0,1,0,crypto,website,clicked_link,none,exodus,unknown,unknown,0.9,1.0,1.0,1.0,0.0,,0
1,transaction,0,1,0,0,0,0,0,0,0,0,card,website,clicked_link,payment,company,98,USD,0.5,1.0,0.0,1.0,0.0,98.0,1
1,commerce,0,0,0,1,0,0,0,0,1,0,upi,website,sent_money,commerce,company,unknown,unknown,0.8,1.0,0.0,1.0,0.0,,0
1,transaction,1,0,1,0,0,0,0,1,0,0,upi,sms,sent_money,payment,company,19000,INR,1.0,1.0,0.0,1.0,0.0,19000.0,1
1,transaction,0,0,1,0,0,0,0,0,0,0,bank,website,deposit_money,transaction,company,unknown,unknown,0.8,1.0,0.0,1.0,0.0,,0
1,transaction,0,0,1,0,0,0,0,0,0,0,bank,website,sent_money,payment,company,215,unknown,0.8,1.0,1.0,1.0,0.0,215.0,1
1,transaction,0,0,0,0,0,0,0,0,0,0,crypto,website,sent_money,payment,none,"$693,273.92 (AUD)",AUD,0.0,1.0,1.0,0.0,0.0,693273.92,1
1,transaction,0,0,1,0,0,0,0,0,0,0,bank,social_media,sent_money,payment,none,$400,USD,1.0,1.0,1.0,0.0,0.0,400.0,1
1,commerce,0,0,0,0,0,0,0,0,0,0,bank,website,sent_money,payment,company,90000,INR,1.0,1.0,0.0,1.0,0.0,90000.0,1
1,transaction,0,1,0,0,0,0,0,0,0,0,card,email,none,payment,unknown,71.6,EUR,0.8,1.0,1.0,0.0,0.0,71.6,1
1,transaction,0,0,0,0,0,0,0,0,0,0,crypto,website,sent_money,payment,company,22,USD,0.8,1.0,0.0,1.0,0.0,22.0,1
1,transaction,0,0,1,0,0,0,0,0,1,0,bank,website,paid,transaction,none,"$10,000",USD,0.9,1.0,0.0,0.0,0.0,10000.0,1
1,transaction,0,0,0,0,0,0,0,0,0,0,crypto,website,clicked_link,transaction,unknown,unknown,unknown,0.9,1.0,0.0,0.0,0.0,,0
1,transaction,0,0,1,0,0,0,0,0,0,0,bank,email,sent_money,payment,bank,500000,USD,0.8,1.0,0.0,1.0,0.0,500000.0,1
1,transaction,0,0,1,0,0,0,0,0,1,0,bank,none,sent_money,payment,individual,900000,INR,0.85,1.0,1.0,0.0,0.0,900000.0,1
1,social_engineering,0,0,0,0,0,0,1,1,0,0,unknown,phone,none,none,bank,unknown,unknown,1.0,1.0,1.0,1.0,0.0,,0
1,transaction,0,1,0,0,0,0,0,0,0,0,crypto,website,sent_money,payment,company,26000,BTC,1.0,1.0,1.0,1.0,0.0,26000.0,1
1,transaction,0,0,0,0,0,0,0,0,1,0,unknown,website,deposited_money,payment,none,unknown,unknown,0.9,1.0,1.0,0.0,0.0,,0
1,transaction,0,0,1,0,0,0,0,0,1,0,bank,website,created_account,transaction,unknown,unknown,unknown,0.9,1.0,1.0,0.0,0.0,,0
1,transaction,0,0,1,0,0,0,0,0,0,0,bank,sms,sent_money,payment,company,unknown,unknown,0.8,1.0,0.0,1.0,0.0,,0
1,transaction,0,0,1,0,0,0,0,0,1,0,bank,website,sent_money,withdrawal,crypto_minting_platform,unknown,unknown,0.8,1.0,1.0,0.0,0.0,,0
1,transaction,0,0,1,0,0,0,0,0,1,0,bank,sms,sent_money,payment,company,unknown,unknown,0.9,1.0,1.0,1.0,0.0,,0
1,transaction,0,0,1,0,0,0,0,0,0,0,bank,website,invested,transaction,broker,unknown,unknown,0.9,1.0,1.0,1.0,0.0,,0
1,social_engineering,0,0,0,0,0,0,0,1,0,0,unknown,social_media,none,none,none,500€,EUR,1.0,1.0,1.0,0.0,0.0,500.0,1
1,transaction,1,0,0,0,0,0,0,1,0,0,upi,sms,sent_money,payment,bank,unknown,unknown,1.0,1.0,1.0,1.0,0.0,,0
1,transaction,0,0,0,0,0,0,0,0,0,0,bank,phone,sent_money,payment,individual,800000,INR,1.0,1.0,1.0,0.0,0.0,800000.0,1
1,transaction,0,1,0,0,0,0,0,0,0,0,card,social_media,clicked_link,payment,none,unknown,unknown,0.8,1.0,0.0,0.0,0.0,,0
1,transaction,0,0,0,0,0,0,0,0,0,0,card,sms,typed_details,payment,unknown,unknown,unknown,0.9,1.0,1.0,0.0,0.0,,0
1,transaction,1,0,0,0,0,0,0,0,0,0,upi,unknown,sent_money,payment,none,unknown,unknown,0.9,1.0,1.0,0.0,0.0,,0
1,transaction,0,1,0,0,0,0,0,0,0,0,card,website,clicked_link,payment,none,unknown,unknown,0.8,1.0,1.0,0.0,0.0,,0
1,social_engineering,0,0,0,0,0,1,0,0,0,0,unknown,email,shared_credentials,login,bank,unknown,unknown,0.9,1.0,1.0,1.0,0.0,,0
1,social_engineering,0,0,0,0,0,1,1,1,0,0,unknown,sms,none,none,individual,unknown,unknown,1.0,1.0,1.0,1.0,0.0,,0
1,transaction,0,0,1,0,0,0,0,0,1,0,bank,unknown,sent_money,transaction,none,hundreds of thousands of dollars,USD,0.9,1.0,1.0,0.0,0.0,,0
1,transaction,0,1,0,0,0,0,0,0,0,0,card,website,clicked_link,payment,company,1,unknown,0.5,1.0,0.0,1.0,0.0,1.0,1
1,social_engineering,0,0,0,0,0,1,0,1,0,0,none,email,none,none,none,unknown,unknown,0.8,1.0,1.0,0.0,0.0,,0
1,transaction,0,1,1,0,0,0,0,0,0,0,card,phone,sent_money,payment,company,14000,INR,0.8,1.0,1.0,1.0,0.0,14000.0,1
1,transaction,1,0,0,0,0,0,0,1,0,0,upi,telegram,sent_money,payment,unknown,340,USD,1.0,1.0,1.0,0.0,0.0,340.0,1
1,transaction,1,0,0,0,0,0,0,0,0,0,upi,sms,sent_money,payment,none,unknown,unknown,0.9,1.0,0.0,0.0,0.0,,0
1,commerce,0,0,0,1,0,0,0,0,0,0,upi,website,sent_money,payment,company,2050,INR,0.6,1.0,0.0,1.0,0.0,2050.0,1
1,transaction,1,0,0,0,0,0,0,1,1,0,upi,website,sent_money,payment,none,unknown,unknown,1.0,1.0,1.0,0.0,0.0,,0
1,transaction,0,0,1,0,0,0,0,0,0,0,bank,email,sent_money,payment,company,unknown,unknown,0.9,1.0,0.0,1.0,0.0,,0
1,transaction,0,0,0,0,0,0,0,0,0,0,unknown,website,clicked_link,none,unknown,unknown,unknown,0.9,1.0,0.0,0.0,0.0,,0
1,transaction,0,0,0,0,0,0,0,0,1,0,unknown,website,sent_money,payment,company,unknown,unknown,0.8,1.0,0.0,1.0,0.0,,0
1,credential,0,0,0,0,0,1,0,0,0,0,unknown,email,shared_credentials,login,company,unknown,unknown,0.8,1.0,1.0,1.0,0.0,,0
1,commerce,0,0,0,1,1,0,0,0,0,0,bank,phone,booked_property,commerce,property_owner,500,GBP,1.0,1.0,1.0,0.0,0.0,500.0,1
1,transaction,0,0,0,0,0,0,0,0,1,0,crypto,website,withdrawal_request,transaction,none,USDC,USD,0.9,1.0,0.0,0.0,0.0,,0
1,social_engineering,0,0,0,0,0,1,0,0,0,0,unknown,sms,shared_credentials,none,individual,unknown,unknown,0.9,1.0,1.0,0.0,0.0,,0
1,transaction,0,0,1,0,0,0,0,0,0,0,bank,sms,sent_money,payment,company,800,INR,1.0,1.0,0.0,1.0,0.0,800.0,1
1,transaction,0,0,1,0,0,0,0,0,0,0,bank,website,sent_money,transaction,company,100000,XRP,0.8,1.0,0.0,1.0,0.0,100000.0,1
1,transaction,0,1,0,0,0,0,0,0,0,0,card,telegram,sent_money,payment,company,unknown,unknown,0.8,1.0,1.0,0.0,0.0,,0
1,transaction,0,0,1,0,0,0,0,0,0,0,bank,sms,sent_money,payment,none,unknown,unknown,0.9,1.0,0.0,0.0,0.0,,0
1,commerce,0,0,0,1,0,0,0,0,0,0,upi,phone,sent_money,payment,company,1900,INR,0.8,0.8,0.0,0.0,0.0,1900.0,1
1,transaction,1,1,1,0,0,1,1,1,1,0,upi | card | bank | crypto | gift_card | unknown | none,sms | email | phone | social_media | website | app | unknown | none,sent_money | shared_credentials | clicked_link | installed_app | none | unknown,payment | verification | login | download | none | unknown,bank_|_government_|_company_|_individual_|_none_|_unknown,$700,USD,1.0,1.0,1.0,1.0,0.0,700.0,1
1,transaction,0,0,1,0,0,0,0,0,1,0,bank,email,sent_money,payment,company,56000,USD,0.8,1.0,1.0,0.0,0.0,56000.0,1
1,transaction,1,0,0,0,0,0,0,0,0,0,upi,sms,sent_money,payment,bank,unknown,unknown,0.8,1.0,1.0,1.0,0.0,,0
1,transaction,1,0,0,0,0,0,0,0,0,0,upi,email,none,transaction,bank,unknown,unknown,0.0,1.0,0.0,1.0,0.0,,0
1,social_engineering,0,0,0,0,0,0,1,1,0,0,unknown,sms,sent_money,payment,company,unknown,unknown,1.0,1.0,1.0,1.0,0.0,,0
1,transaction,0,0,1,0,0,0,0,0,1,0,bank,app,paid,payment,none,3823,USD,0.95,1.0,1.0,0.0,0.0,3823.0,1
1,transaction,0,0,1,0,0,0,0,1,0,0,bank,social_media,none,payment,unknown,$15,USD,0.8,1.0,0.0,0.0,0.0,15.0,1
1,transaction,0,1,0,0,0,0,0,0,0,0,crypto,website,sent_money,payment,unknown,1500,unknown,0.9,1.0,1.0,0.0,0.0,1500.0,1
1,transaction,0,0,1,0,0,0,0,0,0,0,bank,social_media,sent_money,payment,individual,100,USD,0.5,1.0,0.0,0.0,0.0,100.0,1
1,transaction,0,1,0,0,0,0,0,1,0,0,card,phone,sent_money,payment,none,150,unknown,1.0,1.0,0.0,0.0,0.0,150.0,1
0,none,0,0,0,0,0,0,0,0,0,0,unknown,none,none,none,none,unknown,unknown,0.0,0.0,0.0,0.0,0.0,,0
0,none,0,0,0,0,0,0,0,0,0,0,unknown,email,received_money,none,unknown,unknown,unknown,0.0,1.0,0.0,0.0,0.0,,0
1,commerce,0,1,0,0,0,0,0,0,0,0,card,website,sent_money,payment,company,unknown,unknown,0.0,0.0,0.0,1.0,0.0,,0
1,commerce,0,0,0,1,1,0,0,0,0,0,unknown,website,clicked_link,payment,company,unknown,unknown,0.8,1.0,0.0,1.0,0.0,,0
1,transaction,0,0,1,0,0,0,0,1,0,0,bank,phone,sent_money,payment,none,unknown,unknown,1.0,1.0,0.0,0.0,0.0,,0
1,social_engineering,0,0,0,0,0,0,1,1,0,0,unknown,phone,none,none,individual,unknown,unknown,1.0,1.0,1.0,1.0,0.0,,0
1,transaction,1,0,0,0,0,0,0,0,0,0,upi,sms,sent_money,payment,bank,25000,INR,1.0,1.0,0.0,1.0,0.0,25000.0,1
1,transaction,1,1,1,0,0,0,0,0,0,0,upi,sms,sent_money,payment,bank,500,unknown,1.0,1.0,0.0,1.0,0.0,500.0,1
1,social_engineering,0,0,0,0,0,1,1,1,0,0,unknown,phone,none,none,government,unknown,unknown,1.0,1.0,1.0,1.0,0.0,,0
1,transaction,0,1,0,0,0,0,0,0,0,0,crypto,website,deposited,payment,company,"$1,000",USD,0.9,1.0,1.0,1.0,1.0,1000.0,1
1,social_engineering,0,0,0,0,0,0,0,1,0,0,unknown,social_media,none,analysis,none,unknown,unknown,1.0,1.0,0.0,0.0,0.0,,0
1,transaction,0,0,0,0,0,0,0,0,0,0,crypto,website,clicked_link,transaction,company,$70 million,USD,0.8,1.0,0.0,1.0,0.0,70000000.0,1
1,transaction,0,0,0,0,0,0,0,0,0,0,crypto,website,sent_money,payment,unknown,475,USD,0.8,1.0,1.0,0.0,0.0,475.0,1
1,transaction,0,0,1,0,0,0,0,1,0,0,bank,social_media,sent_money,verification,unknown,unknown,unknown,1.0,1.0,1.0,0.0,0.0,,0
1,transaction,0,0,0,0,0,0,0,0,0,0,crypto,unknown,none,none,unknown,15 billion,BTC,0.0,0.0,0.0,0.0,0.0,15.0,1
1,transaction,0,1,0,0,0,0,0,0,0,0,crypto,website,clicked_link,payment,none,unknown,unknown,0.0,0.0,1.0,0.0,0.0,,0
1,transaction,1,0,0,0,0,0,0,0,1,0,upi,email,sent_money,payment,individual,unknown,unknown,0.8,1.0,0.0,0.0,0.0,,0
1,transaction,1,0,0,0,0,0,0,0,0,0,upi,sms,sent_money,payment,none,10000 INR,INR,0.8,1.0,1.0,0.0,0.0,10000.0,1
1,transaction,0,0,1,0,0,0,0,0,1,0,bank,email,sent_money,payment,none,11100,unknown,0.8,1.0,1.0,0.0,0.0,11100.0,1
1,social_engineering,0,0,0,0,0,1,1,1,0,0,unknown,sms,none,verification,company,unknown,unknown,1.0,1.0,1.0,1.0,0.0,,0
1,transaction,0,0,0,0,0,0,0,0,0,0,crypto,website,installed_app,none,unknown,unknown,unknown,0.0,0.0,1.0,0.0,0.0,,0
1,transaction,0,0,1,0,0,0,0,0,1,0,bank,website,sent_money,payment,none,500,USD,0.8,1.0,0.0,0.0,0.0,500.0,1
1,transaction,0,0,1,0,0,0,0,0,0,0,bank,website,sent_money,payment,company,$108,USD,0.9,1.0,1.0,1.0,0.0,108.0,1
1,transaction,0,0,1,0,0,0,0,0,1,0,bank,website,sent_money,payment,company,unknown,unknown,0.9,1.0,1.0,1.0,0.0,,0
1,transaction,0,0,1,0,0,0,0,0,0,0,bank,email,deposited,payment,none,500,unknown,1.0,1.0,1.0,0.0,0.0,500.0,1
1,transaction,0,0,1,0,0,0,0,1,0,0,bank,email,sent_money,payment,scammer,1000,USD,1.0,1.0,1.0,0.0,0.0,1000.0,1
1,transaction,0,0,1,0,0,0,0,0,1,0,bank,website,clicked_link,none,company,unknown,unknown,0.95,1.0,1.0,1.0,0.0,,0
1,transaction,0,1,0,0,0,0,0,0,0,0,card,website,clicked_link,transaction,company,unknown,unknown,0.8,1.0,0.0,1.0,0.0,,0
1,transaction,0,0,1,0,0,0,0,0,0,0,bank,phone,sent_money,payment,none,$350,USD,1.0,1.0,0.0,0.0,0.0,350.0,1
1,commerce,0,0,0,0,0,0,0,0,0,0,card,website,sent_money,payment,company,unknown,unknown,0.8,1.0,1.0,1.0,0.0,,0
1,commerce,0,0,0,1,0,0,0,0,0,0,upi,sms,sent_money,payment,company,unknown,unknown,0.5,1.0,0.0,1.0,0.0,,0
1,transaction,0,0,0,0,0,0,0,0,0,0,unknown,website,clicked_link,none,unknown,"$2,500",USD,1.0,1.0,1.0,0.0,0.0,2500.0,1
1,transaction,0,0,0,0,0,0,0,0,1,0,crypto,email,shared_credentials,recovery,none,unknown,unknown,0.8,1.0,1.0,0.0,0.0,,0
1,transaction,0,0,1,0,0,0,0,0,1,0,bank,in_person,sent_money,transaction,none,unknown,unknown,0.8,1.0,1.0,0.0,0.0,,0
1,transaction,1,0,0,0,0,0,0,0,1,0,upi,unknown,sent_money,none,unknown,70 lakhs,INR,1.0,1.0,1.0,0.0,0.0,7000000.0,1
1,social_engineering,0,0,0,0,0,0,1,1,0,0,unknown,email,none,none,hotmail,unknown,unknown,1.0,1.0,0.0,1.0,0.0,,0
1,transaction,0,1,0,0,0,0,0,0,1,0,card,phone,none,verification,amazon,"$1,499",USD,0.8,1.0,1.0,1.0,0.0,1499.0,1
1,transaction,0,0,1,0,0,0,0,0,0,0,bank,phone,sent_money,payment,government,1000,USD,0.9,1.0,1.0,1.0,0.0,1000.0,1
1,transaction,0,0,1,0,0,0,0,1,0,0,bank,website,sent_money,withdrawal,none,50000,unknown,1.0,1.0,0.0,0.0,0.0,50000.0,1
1,social_engineering,0,0,0,0,0,1,0,1,0,0,none,email,installed_app,none,unknown,unknown,unknown,1.0,1.0,1.0,0.0,0.0,,0
1,transaction,0,1,0,0,0,0,0,0,0,0,card,phone,sent_money,payment,crypto.com,unknown,unknown,0.8,1.0,1.0,1.0,0.0,,0
0,none,0,0,0,0,0,0,0,0,0,0,unknown,youtube,reported,none,unknown,unknown,unknown,0.0,0.0,0.0,0.0,0.0,,0
1,social_engineering,0,0,0,0,0,1,0,0,0,0,unknown,website,clicked_link,verification,none,unknown,unknown,0.5,1.0,0.0,0.0,0.0,,0
1,transaction,1,0,0,0,0,0,0,0,0,0,upi,email,sent_money,payment,company,unknown,unknown,0.9,1.0,1.0,1.0,0.0,,0
1,transaction,1,0,0,0,0,0,0,0,0,0,upi,sms,none,transaction,bank,unknown,unknown,0.8,1.0,1.0,1.0,0.0,,0
1,transaction,0,0,0,0,0,0,0,0,0,0,bank,website,transfer_money,payment,company,unknown,unknown,0.0,1.0,1.0,1.0,0.0,,0
1,transaction,0,1,0,0,0,0,0,0,0,0,unknown,website,sent_money,payment,none,"$2,500",USD,0.0,1.0,0.0,0.0,1.0,2500.0,1
1,transaction,1,0,0,0,0,0,0,0,1,0,upi,sms,sent_money,payment,bank,unknown,unknown,0.8,1.0,1.0,1.0,0.0,,0
1,transaction,0,0,1,0,0,0,0,1,0,0,bank,social_media,sent_money,payment,company,500,USD,1.0,1.0,0.0,1.0,0.0,500.0,1
1,transaction,0,1,0,0,0,0,0,0,0,0,card,sms,sent_money,none,unknown,"$150,000",USD,0.9,1.0,1.0,0.0,0.0,150000.0,1
1,commerce,0,0,0,0,1,0,0,0,0,0,bank,phone,paid_out_of_pocket,repair,car_dealer,1071.98,USD,0.5,1.0,1.0,0.0,0.0,1071.98,1
1,commerce,0,0,0,1,0,0,0,0,0,0,upi,phone,none,delivery,meesho_delivery_guy,unknown,unknown,0.8,1.0,0.0,0.0,0.0,,0
1,transaction,0,1,1,0,0,0,0,0,0,0,bank,sms,sent_money,payment,company,25,EUR,0.99999,1.0,1.0,1.0,0.0,25.0,1
1,transaction,0,0,0,0,0,0,0,0,1,0,crypto,website,deposited_money,transaction,none,unknown,unknown,0.9,1.0,1.0,0.0,0.0,,0
1,social_engineering,0,0,0,0,0,1,0,0,0,0,unknown,email,clicked_link,credential,company,unknown,unknown,0.8,1.0,0.0,1.0,0.0,,0
1,transaction,0,0,0,0,0,0,0,1,0,0,crypto,phone,sent_money,payment,binance,"$22,000 AUD",AUD,1.0,1.0,1.0,1.0,0.0,22000.0,1
1,transaction,0,0,1,0,0,0,0,0,0,0,bank,unknown,installed_app,none,company,500000000,USD,0.9,1.0,0.0,0.0,0.0,500000000.0,1
1,transaction,0,0,1,0,0,0,0,0,1,0,bank,website,clicked_link,transaction,crypto_exchange,unknown,unknown,0.9,1.0,0.0,0.0,0.0,,0
1,transaction,0,0,1,0,0,0,0,0,0,0,bank,website,uploaded_pic,payment,company,unknown,unknown,0.0,1.0,1.0,1.0,0.0,,0
1,transaction,0,1,0,0,0,0,0,0,0,0,crypto,website,sent_money,loan,exchange,unknown,unknown,0.9,1.0,1.0,1.0,0.0,,0
1,commerce,0,1,0,0,0,0,0,0,0,0,card,social_media,sent_money,payment,company,unknown,unknown,0.5,1.0,1.0,1.0,0.0,,0
1,none,0,0,0,0,0,0,0,0,1,0,unknown,none,none,none,none,unknown,unknown,0.8,1.0,1.0,0.0,0.0,,0
1,transaction,0,0,1,0,0,0,0,0,1,0,bank,sms,sent_money,payment,none,85000,unknown,1.0,1.0,1.0,0.0,0.0,85000.0,1
1,transaction,0,0,1,0,0,0,0,0,1,0,bank,email,sent_money,payment,company,140000,USD,0.8,1.0,1.0,1.0,0.0,140000.0,1
1,transaction,0,0,1,0,0,0,0,0,1,0,bank,social_media,shared_credentials,none,bank,unknown,unknown,0.9,1.0,1.0,0.0,0.0,,0
1,transaction,0,1,0,0,0,0,0,0,0,0,card,sms | email | phone | social_media | website | app | unknown | none,sent_money,payment,bank,unknown,unknown,0.8,1.0,1.0,0.0,0.0,,0
1,social_engineering,0,0,0,0,0,0,1,1,0,0,crypto,phone,sent_money,payment,police,unknown,unknown,1.0,1.0,1.0,1.0,0.0,,0
0,none,0,0,0,0,0,0,0,0,0,0,upi,sms,sent_money,payment,none,200,unknown,0.0,1.0,0.0,0.0,0.0,200.0,1
1,transaction,1,0,0,0,0,0,0,0,0,0,upi,sms,sent_money,payment,bank,870,INR,1.0,1.0,0.0,1.0,0.0,870.0,1
1,transaction,0,0,0,0,0,0,1,1,0,0,crypto,website,clicked_link,transaction,company,unknown,unknown,1.0,1.0,1.0,1.0,0.0,,0
1,transaction,0,1,0,0,0,0,0,0,0,0,card,email,sent_money,payment,company,$20,USD,0.5,1.0,1.0,1.0,0.0,20.0,1
1,transaction,0,0,0,0,0,0,0,0,0,0,crypto,telegram,sent_money,payment,individual,30,USD,1.0,1.0,0.0,0.0,0.0,30.0,1
1,transaction,0,1,0,0,0,0,0,0,0,0,card,social_media,sent_money,payment,individual,2500000,unknown,1.0,1.0,1.0,0.0,0.0,2500000.0,1
1,advanced,0,0,0,0,0,0,0,0,1,0,crypto,website,none,none,unknown,7661952,USDT,0.8,1.0,1.0,0.0,0.0,7661952.0,1
1,transaction,0,1,0,0,0,0,0,0,0,0,card,phone,none,payment,bank,unknown,unknown,0.8,1.0,1.0,1.0,0.0,,0
1,social_engineering,0,0,0,0,0,1,0,0,0,0,none,phone,none,none,individual,unknown,unknown,0.8,1.0,1.0,0.0,0.0,,0
1,transaction,1,0,0,0,0,0,0,0,0,0,upi,sms,sent_money,payment,bank,unknown,unknown,0.8,1.0,0.0,1.0,0.0,,0
1,transaction,1,0,1,0,0,1,0,0,0,0,upi,website,sent_money,transaction,bank,unknown,unknown,0.8,1.0,1.0,1.0,0.0,,0
1,transaction,0,0,1,0,0,0,0,0,1,0,crypto,unknown,sent_money,payment,none,100000,USD,0.5,1.0,1.0,0.0,0.0,100000.0,1
1,social_engineering,0,0,0,0,0,0,1,1,0,0,unknown,phone,none,none,bank,unknown,unknown,1.0,1.0,1.0,1.0,0.0,,0
1,transaction,0,0,1,0,0,0,0,0,0,0,bank,telegram,sent_money,transaction,unknown,unknown,unknown,0.8,1.0,0.0,0.0,0.0,,0
1,social_engineering,0,0,0,0,0,1,1,1,0,0,unknown,sms,none,credential,company,unknown,unknown,1.0,1.0,1.0,1.0,0.0,,0
1,transaction,0,0,0,0,0,0,0,0,0,0,crypto,app,installed_app,none,unknown,unknown,unknown,0.0,1.0,1.0,0.0,0.0,,0
1,transaction,0,1,0,0,0,0,0,0,0,0,crypto,website,sent_money,payment,unknown,unknown,unknown,0.0,1.0,1.0,0.0,0.0,,0
1,meta,0,0,0,0,0,0,1,0,0,0,unknown,website,none,none,company,unknown,unknown,0.9,1.0,0.0,1.0,0.0,,0
1,commerce,0,1,0,0,0,0,0,0,0,0,bank,phone,none,cancellation,company,unknown,unknown,0.5,1.0,0.0,1.0,0.0,,0
1,transaction,0,1,0,0,0,0,0,0,0,0,card,email,none,payment,paypal,$375,USD,0.9,1.0,1.0,1.0,0.0,375.0,1
1,transaction,0,0,1,0,0,0,0,0,1,0,bank,website,sent_money,payment,company,200,USD,1.0,1.0,1.0,1.0,0.0,200.0,1
1,transaction,0,0,1,0,0,0,0,0,0,0,bank,telegram,sent_money,payment,company,$5,USD,0.8,1.0,0.0,0.0,0.0,5.0,1
1,transaction,0,0,1,0,0,0,0,0,0,0,bank,sms,sent_money,transaction,company,unknown,unknown,0.9,1.0,0.0,1.0,0.0,,0
0,meta,0,0,0,0,0,0,0,0,1,0,unknown,email,none,none,none,unknown,unknown,0.0,1.0,0.0,0.0,0.0,,0
1,transaction,0,1,0,0,0,0,0,0,0,0,card,sms,shared_credentials,payment,company,unknown,unknown,0.8,1.0,0.0,1.0,0.0,,0
1,transaction,0,0,1,0,0,0,0,0,0,0,bank,website,sent_money,payment,company,200,unknown,1.0,1.0,0.0,0.0,0.0,200.0,1
1,transaction,0,0,0,0,0,0,0,0,0,0,crypto,website,clicked_link,transaction,unknown,$50 USD,USD,1.0,1.0,1.0,0.0,1.0,50.0,1
1,transaction,0,0,0,0,0,0,0,0,0,0,unknown,phone,none,none,company,unknown,unknown,0.8,1.0,0.0,1.0,0.0,,0
1,transaction,0,0,0,0,0,0,0,0,0,0,crypto,app,sent_money,investment,none,$100,USD,0.9,1.0,0.0,0.0,0.0,100.0,1
1,meta,0,0,0,0,0,0,0,0,1,0,unknown,website,none,none,company,unknown,unknown,0.8,1.0,1.0,1.0,0.0,,0
1,transaction,0,0,0,0,0,0,0,0,0,0,card,sms,typed_details,payment,unknown,unknown,unknown,0.9,1.0,1.0,0.0,0.0,,0
1,social_engineering,0,0,0,0,0,0,1,1,0,0,unknown,phone,none,none,airports_authority_of_india,unknown,unknown,1.0,1.0,1.0,1.0,0.0,,0
1,transaction,0,1,0,0,0,0,0,0,0,0,card,unknown,sent_money,payment,none,unknown,unknown,0.8,1.0,0.0,0.0,0.0,,0
1,transaction,0,0,1,0,0,0,0,0,1,0,bank,website,sent_money,account_lock,none,unknown,unknown,0.8,1.0,1.0,0.0,0.0,,0
1,transaction,1,0,0,0,0,0,0,1,0,0,upi,sms,sent_money,payment,bank,unknown,unknown,1.0,1.0,0.0,1.0,0.0,,0
1,transaction,0,1,0,0,0,0,0,0,0,0,card,sms,sent_money,payment,bank,unknown,unknown,0.8,1.0,1.0,1.0,0.0,,0
1,social_engineering,0,0,0,0,0,0,1,1,0,0,upi,sms,none,none,unknown,unknown,unknown,1.0,1.0,1.0,1.0,0.0,,0
1,transaction,0,1,0,0,0,0,0,0,0,0,crypto,website,sent_money,payment,crypto_exchange,unknown,unknown,0.9,1.0,1.0,0.0,0.0,,0
1,transaction,0,0,1,0,0,0,0,0,1,0,bank,email,sent_money,payment,draftkings,2700,USD,1.0,1.0,1.0,1.0,0.0,2700.0,1
1,transaction,0,1,0,0,0,0,0,0,0,0,card,website,installed_app,none,unknown,unknown,unknown,0.5,1.0,1.0,0.0,0.0,,0
1,transaction,0,0,1,0,0,0,0,0,0,0,bank,website,sent_money,verification,crypto_exchange,0.01,BTC,0.9,1.0,0.0,0.0,0.0,0.01,1
1,transaction,0,0,0,0,0,0,1,1,0,0,unknown,telegram,none,payment,legitimate_financial_services,$100,USD,1.0,1.0,0.0,1.0,0.0,100.0,1
1,transaction,1,0,1,0,0,0,0,0,1,0,upi,sms,sent_money,payment,bank,unknown,unknown,1.0,1.0,1.0,1.0,0.0,,0
1,transaction,0,1,0,0,0,0,0,0,0,0,card,email,sent_money,payment,unknown,$800,USD,1.0,1.0,1.0,0.0,0.0,800.0,1
1,transaction,1,0,0,0,0,0,0,1,0,0,upi,website,sent_money,withdrawal,online_casino,160,unknown,1.0,1.0,1.0,0.0,0.0,160.0,1
1,transaction,0,0,1,0,0,0,0,0,0,0,bank,website,sent_money,payment,company,unknown,unknown,0.9,1.0,1.0,1.0,0.0,,0
1,social_engineering,0,0,1,0,0,0,1,1,0,0,bank,phone,sent_money,payment,government,50000,unknown,1.0,1.0,1.0,1.0,0.0,50000.0,1
1,transaction,0,1,0,0,0,0,0,0,0,0,card,sms,sent_money,payment,bank,200000,INR,1.0,1.0,1.0,1.0,0.0,200000.0,1
1,transaction,1,0,0,0,0,0,0,0,0,0,upi,sms,sent_money,payment,bank,unknown,unknown,0.5,1.0,0.0,1.0,0.0,,0
1,commerce,0,0,0,0,0,0,0,0,0,0,unknown,social_media,sent_money,payment,individual,150,USD,0.0,0.0,0.0,0.0,0.0,150.0,1
1,transaction,0,0,1,0,0,0,0,0,0,0,bank,phone,blocked,none,unknown,unknown,unknown,0.9,1.0,1.0,0.0,0.0,,0
0,none,0,0,0,0,0,0,0,0,0,0,upi,sms,sent_money,payment,bank,unknown,unknown,0.0,1.0,0.0,1.0,0.0,,0
0,none,0,0,0,0,0,0,0,0,0,0,upi,unknown,sent_money,payment,none,32,unknown,0.0,0.0,0.0,0.0,0.0,32.0,1
1,social_engineering,0,1,0,0,0,1,0,1,0,0,card,phone,shared_credentials,verification,bank,unknown,unknown,1.0,1.0,1.0,1.0,0.0,,0
1,transaction,0,0,1,0,0,0,0,0,1,0,bank,website,sent_money,payment,company,1000000,USD,0.8,1.0,1.0,1.0,0.0,1000000.0,1
1,commerce,0,0,0,1,1,0,0,0,0,0,unknown,website,clicked_link,commerce,company,unknown,unknown,0.95,1.0,1.0,0.0,0.0,,0
1,transaction,0,1,0,0,0,0,0,0,0,0,card,petrol_station,withdrew_money,transaction,none,12000,USD,0.9,1.0,1.0,0.0,0.0,12000.0,1
1,transaction,1,0,0,0,0,0,0,0,0,0,upi,email,sent_money,payment,bank,10000,unknown,0.9,1.0,1.0,1.0,0.0,10000.0,1
1,transaction,0,0,1,0,0,0,0,0,1,0,bank,telegram,sent_money,payment,unknown,"$10,000",USD,1.0,1.0,1.0,0.0,0.0,10000.0,1
1,transaction,0,0,1,0,0,0,0,0,0,0,bank,sms,sent_money,transaction,bank,100000,unknown,0.8,1.0,0.0,1.0,0.0,100000.0,1
1,commerce,0,0,0,0,0,0,0,0,1,0,bank,social_media,none,commerce,company,950,INR,0.8,1.0,0.0,1.0,0.0,950.0,1
1,transaction,0,0,0,0,0,0,0,0,0,0,unknown,social_media,clicked_link,none,company,unknown,unknown,0.9,1.0,0.0,1.0,0.0,,0
1,social_engineering,1,0,1,0,0,1,1,1,0,0,upi,phone,sent_money,transaction,bank,"$2,000",USD,1.0,1.0,1.0,1.0,0.0,2000.0,1
1,commerce,0,1,0,0,0,0,0,0,0,0,card,website,clicked_link,transaction,company,unknown,unknown,0.5,1.0,1.0,0.0,0.0,,0
1,transaction,0,1,0,0,0,0,0,0,0,0,unknown,phone,none,payment,unknown,unknown,unknown,0.5,1.0,0.0,0.0,0.0,,0
1,transaction,0,0,1,0,0,0,0,0,0,0,bank,email,clicked_link,transaction,bank,unknown,unknown,0.6,1.0,0.0,1.0,0.0,,0
1,social_engineering,0,0,0,0,0,0,1,1,0,0,unknown,phone,reported,none,police,unknown,unknown,1.0,1.0,1.0,1.0,0.0,,0
1,social_engineering,0,0,0,0,0,0,1,1,0,0,unknown,phone,none,discussion,unknown,unknown,unknown,0.8,1.0,1.0,1.0,0.0,,0
1,commerce,0,0,0,1,0,0,0,0,0,0,bank,website,sent_money,payment,company,2000,unknown,0.8,1.0,1.0,1.0,0.0,2000.0,1
1,transaction,0,1,0,0,0,0,0,0,0,0,card,email,sent_money,payment,company,180000,unknown,0.0,1.0,1.0,1.0,0.0,180000.0,1
1,transaction,0,1,0,0,0,0,0,0,0,0,card,unknown,clicked_link,none,unknown,"₹38,500",INR,0.7,1.0,1.0,0.0,0.0,38500.0,1
1,transaction,0,1,0,0,0,0,0,0,0,0,card,social_media,sent_money,payment,unknown,$200,USD,0.0,1.0,1.0,0.0,0.0,200.0,1
1,credential,0,0,0,0,0,1,0,0,0,0,upi,email,clicked_link,phishing,paypal,unknown,unknown,0.9,1.0,1.0,1.0,0.0,,0
1,transaction,0,0,0,0,0,0,0,0,0,0,unknown,sms,sent_money,payment,unknown,unknown,unknown,0.0,1.0,0.0,0.0,0.0,,0
1,transaction,0,1,0,0,0,0,0,0,0,0,card,website,sent_money,payment,company,unknown,unknown,0.9,1.0,1.0,1.0,0.0,,0
1,transaction,0,0,0,0,0,0,0,0,0,0,unknown,social_media,sent_money,payment,none,unknown,unknown,0.9,1.0,0.0,0.0,0.0,,0
1,transaction,1,0,1,0,0,0,0,0,1,0,upi,phone,sent_money,payment,bank,unknown,unknown,0.8,1.0,1.0,1.0,0.0,,0
1,social_engineering,0,0,0,0,0,1,0,0,0,0,unknown,email,none,credential,individual,unknown,unknown,0.8,1.0,1.0,0.0,0.0,,0
1,transaction,1,0,0,0,0,0,1,1,1,0,upi,social_media,sent_money,payment,bank,unknown,unknown,1.0,1.0,1.0,1.0,0.0,,0
1,transaction,1,0,0,0,0,0,0,0,1,0,upi,telegram,sent_money,payment,unknown,29000,INR,1.0,1.0,1.0,0.0,0.0,29000.0,1
1,transaction,0,0,1,0,0,0,0,0,0,0,bank,website,sent_money,payment,company,unknown,unknown,0.8,1.0,0.0,1.0,0.0,,0
1,transaction,0,1,0,0,0,0,0,0,1,0,card,email,shared_credentials,verification,bank,unknown,INR,0.8,1.0,1.0,1.0,0.0,,0
1,transaction,0,1,0,0,0,0,0,0,0,0,card,unknown,none,payment,unknown,unknown,unknown,0.0,0.0,1.0,0.0,0.0,,0
1,transaction,0,0,0,0,0,0,0,0,0,0,unknown,phone,none,none,unknown,unknown,unknown,0.8,1.0,0.0,0.0,0.0,,0
1,pig_butchering,0,0,0,0,0,0,0,0,0,0,crypto,whatsapp,sent_money,investment,individual,unknown,unknown,0.9,1.0,1.0,0.0,0.0,,0
1,commerce,0,0,0,1,1,0,0,0,0,0,upi,phone,sent_money,payment,company,799,INR,0.8,1.0,1.0,0.0,0.0,799.0,1
1,social_engineering,0,0,0,0,0,1,0,0,0,0,unknown,website,none,credential,unknown,unknown,unknown,0.8,1.0,1.0,0.0,0.0,,0
1,transaction,0,0,1,0,0,0,0,0,0,0,bank,website,clicked_link,transaction,none,unknown,unknown,0.9,1.0,0.0,0.0,0.0,,0
1,commerce,0,0,0,0,0,0,0,0,0,0,unknown,sms,sent_money,payment,none,unknown,unknown,0.5,1.0,0.0,0.0,0.0,,0
1,transaction,1,1,1,0,0,0,0,0,0,0,upi | card | bank | crypto | gift_card | unknown | none,sms | email | phone | social_media | website | app | unknown | none,sent_money | shared_credentials | clicked_link | installed_app | none | unknown,payment | verification | login | download | none | unknown,bank_|_government_|_company_|_individual_|_none_|_unknown,unknown,unknown,0.9,1.0,1.0,0.0,0.0,,0
1,social_engineering,0,0,0,0,0,1,0,0,0,0,unknown,sms,changed_password,login,instagram,unknown,unknown,0.8,1.0,1.0,1.0,0.0,,0
1,commerce,0,1,0,0,0,0,0,0,0,0,card,email,none,payment,amazon,$550,USD,0.8,1.0,1.0,1.0,0.0,550.0,1
1,transaction,0,0,0,0,0,0,0,0,0,0,crypto,telegram,sent_money,payment,unknown,5,USD,0.8,1.0,0.0,0.0,0.0,5.0,1
1,commerce,0,0,1,0,1,0,0,0,0,0,bank,website,sent_money,payment,company,unknown,unknown,0.8,1.0,1.0,0.0,0.0,,0
1,transaction,0,0,1,0,0,0,0,0,0,0,bank,telegram,sent_money,payment,unknown,$20K,BTC,1.0,1.0,0.0,0.0,0.0,20.0,1
1,transaction,0,0,1,0,0,0,0,0,1,0,bank,unknown,sent_money,payment,none,194572,INR,0.8,1.0,1.0,0.0,0.0,194572.0,1
1,social_engineering,0,0,0,0,0,0,1,1,0,0,unknown,social_media,none,none,individual,unknown,unknown,1.0,1.0,1.0,1.0,0.0,,0
1,transaction,0,1,0,0,0,0,0,0,0,0,card,website,clicked_link,transaction,unknown,unknown,unknown,0.8,1.0,0.0,0.0,0.0,,0
1,transaction,0,1,0,0,0,0,0,0,0,0,crypto,social_media,sent_money,payment,company,unknown,unknown,0.8,1.0,0.0,0.0,0.0,,0
1,transaction,0,1,0,0,0,0,0,0,0,0,crypto,website,clicked_link,payment,company,unknown,unknown,0.8,1.0,0.0,1.0,0.0,,0
1,commerce,0,0,1,0,0,0,0,0,0,0,bank,email,sent_money,payment,company,unknown,unknown,0.8,1.0,0.0,1.0,0.0,,0
1,transaction,0,0,0,0,0,0,0,0,1,0,unknown,website,clicked_link,none,company,unknown,unknown,0.9,1.0,1.0,1.0,0.0,,0
1,transaction,0,0,0,0,0,0,0,0,0,0,card,email,sent_money,payment,company,unknown,unknown,0.8,1.0,0.0,1.0,0.0,,0
1,transaction,0,0,1,0,0,0,0,0,0,0,bank,sms,sent_money,payment,none,2000,unknown,1.0,1.0,0.0,0.0,0.0,2000.0,1
1,transaction,1,0,0,0,0,0,0,0,1,0,upi,sms,sent_money,payment,bank,5,INR,0.8,1.0,0.0,1.0,0.0,5.0,1
1,social_engineering,0,0,0,0,0,0,1,1,0,0,unknown,email,none,none,microsoft,unknown,unknown,1.0,1.0,1.0,1.0,0.0,,0
1,commerce,0,0,0,0,0,0,0,0,0,0,bank,phone,sent_money,payment,company,unknown,unknown,0.8,1.0,0.0,0.0,0.0,,0
1,transaction,0,0,1,0,0,0,0,0,0,0,bank,website,withdrew_money,transaction,unknown,$15,USD,0.8,1.0,0.0,0.0,0.0,15.0,1
1,transaction,0,1,0,0,0,0,0,0,0,0,card,email,clicked_link,payment,company,$25.47,USD,0.8,1.0,0.0,1.0,0.0,25.47,1
1,transaction,0,0,1,0,0,0,0,0,1,0,bank,website,sent_money,payment,none,unknown,unknown,0.95,1.0,1.0,0.0,0.0,,0
1,social_engineering,0,0,0,0,0,1,0,0,0,0,unknown,phone,none,verification,yahoo,847732,unknown,0.9,1.0,1.0,1.0,0.0,847732.0,1
1,transaction,0,1,0,0,0,0,0,0,0,0,crypto,social_media,sent_money,payment,individual,"$20,000",USD,1.0,1.0,1.0,0.0,0.0,20000.0,1
1,transaction,0,1,0,0,0,0,0,0,0,0,card,phone,sent_money,payment,unknown,unknown,unknown,0.0,1.0,0.0,0.0,0.0,,0
1,transaction,0,0,0,0,0,1,0,0,0,0,unknown,email,shared_credentials,none,unknown,2500,USD,1.0,1.0,1.0,0.0,0.0,2500.0,1
1,transaction,0,0,1,0,0,0,0,0,1,0,bank,website,sent_money,transaction,company,unknown,unknown,0.95,1.0,1.0,1.0,0.0,,0
1,transaction,0,0,0,0,0,0,0,0,0,0,upi,sms,sent_money,payment,unknown,unknown,unknown,0.0,1.0,0.0,0.0,0.0,,0
1,transaction,0,1,1,0,0,0,0,0,0,0,bank,phone,sent_money,payment,company,14.99,GBP,0.8,1.0,1.0,1.0,0.0,14.99,1
1,transaction,0,0,1,0,0,0,0,1,0,0,bank,social_media,installed_app,none,company,unknown,unknown,1.0,1.0,1.0,1.0,0.0,,0
1,social_engineering,0,0,0,0,0,0,1,1,0,0,unknown,social_media,none,none,unknown,unknown,unknown,1.0,1.0,1.0,1.0,0.0,,0
1,social_engineering,0,0,0,0,0,0,1,1,0,0,unknown,social_media,none,none,unknown,unknown,unknown,1.0,1.0,1.0,1.0,0.0,,0
1,transaction,0,0,1,0,0,0,0,0,0,0,bank,app,sent_money,payment,none,210,unknown,0.5,1.0,1.0,0.0,0.0,210.0,1
1,transaction,0,1,0,0,0,0,0,0,0,0,card,social_media,sent_money,payment,amazon_employee,80000,unknown,1.0,1.0,1.0,1.0,0.0,80000.0,1
1,social_engineering,0,0,0,0,0,1,0,1,0,0,unknown,social_media,shared_credentials,none,individual,unknown,unknown,1.0,1.0,1.0,1.0,0.0,,0
1,transaction,0,1,0,0,0,0,0,0,0,0,unknown,phone,none,none,publishers_clearing_house,3 million dollars,USD,0.9,1.0,1.0,1.0,0.0,3000000.0,1
1,transaction,0,0,1,0,0,0,0,0,1,0,bank,website,deposited_money,investment,broker,unknown,unknown,0.9,1.0,1.0,1.0,0.0,,0
1,transaction,1,0,0,0,0,0,0,0,1,0,upi,sms,sent_money,payment,company,unknown,unknown,0.8,1.0,0.0,1.0,0.0,,0
1,transaction,0,1,0,0,0,0,0,0,0,0,card,phone,clicked_link,payment,credit_union,"$13,666",USD,0.8,1.0,1.0,1.0,0.0,13666.0,1
1,social_engineering,0,0,0,0,0,1,0,0,0,0,unknown,sms,none,none,unknown,unknown,unknown,0.8,1.0,0.0,1.0,0.0,,0
1,commerce,0,0,1,1,1,0,0,0,0,0,bank,website,sent_money,payment,individual,"$1,700",USD,0.5,1.0,0.0,0.0,0.0,1700.0,1
1,commerce,0,0,0,1,1,0,0,0,0,0,upi,website,installed_app,commerce,company,unknown,unknown,0.9,1.0,1.0,1.0,0.0,,0
1,transaction,0,0,1,0,0,0,0,0,1,0,bank,website,sent_money,withdrawal,none,250,USD,1.0,1.0,0.0,0.0,0.0,250.0,1
1,transaction,0,1,0,0,0,0,0,0,1,0,bank,website,staked_money,transaction,scam_website,$550k,USD,1.0,1.0,1.0,0.0,0.0,550.0,1
1,transaction,0,0,0,0,0,0,1,1,0,0,unknown,social_media,clicked_link,none,none,unknown,unknown,1.0,1.0,1.0,1.0,0.0,,0
1,commerce,0,0,0,0,0,0,0,0,0,0,unknown,phone,none,none,unknown,unknown,unknown,0.8,1.0,0.0,0.0,0.0,,0
1,multi_level_marketing,0,0,0,0,1,0,1,1,0,0,unknown,social_media,none,none,individual,unknown,unknown,0.8,1.0,1.0,1.0,0.0,,0
1,transaction,1,0,0,0,0,0,0,0,0,0,upi,sms,sent_money,payment,bank,unknown,unknown,0.8,1.0,0.0,1.0,0.0,,0
1,transaction,0,0,1,0,0,0,0,0,1,0,bank,phone,sent_money,payment,company,580,unknown,1.0,1.0,0.0,1.0,0.0,580.0,1
1,transaction,0,0,1,0,0,0,0,0,1,0,bank,telegram,sent_money,payment,company,unknown,unknown,1.0,1.0,1.0,0.0,0.0,,0
1,commerce,0,0,0,1,0,0,0,0,0,0,upi,website,clicked_link,payment,company,unknown,unknown,0.9,1.0,0.0,0.0,0.0,,0
1,transaction,0,0,0,0,0,0,0,0,0,0,bank,website,transfer_money,payment,company,unknown,unknown,0.0,1.0,1.0,1.0,0.0,,0
1,transaction,0,1,0,0,0,0,0,0,0,0,card,phone,none,payment,pc_app_store,unknown,unknown,0.8,1.0,1.0,1.0,0.0,,0
1,transaction,0,1,0,0,0,0,0,0,0,0,card,phone,shared_credentials,verification,bank,unknown,unknown,0.8,1.0,1.0,1.0,0.0,,0
1,transaction,0,0,1,0,0,0,0,0,0,0,bank,phone,none,verification,bank,unknown,unknown,0.9,1.0,1.0,1.0,0.0,,0
1,transaction,0,0,0,0,0,0,0,0,1,0,unknown,website,sent_money,payment,none,unknown,unknown,0.9,1.0,1.0,0.0,0.0,,0
1,social_engineering,0,0,0,0,0,1,0,0,0,0,unknown,email,shared_credentials,verification,instagram,unknown,unknown,0.8,1.0,1.0,1.0,0.0,,0
1,transaction,0,1,0,0,0,0,0,0,0,0,card,website,clicked_link,none,company,unknown,unknown,0.8,1.0,1.0,1.0,0.0,,0
1,social_engineering,0,0,0,0,0,0,1,1,0,0,unknown,email,none,none,victorian_nobleman,unknown,unknown,1.0,1.0,1.0,1.0,0.0,,0
1,transaction,0,1,0,0,0,0,0,0,0,0,card,unknown,sent_money,payment,none,"$3,600",USD,1.0,1.0,1.0,0.0,0.0,3600.0,1
1,commerce,0,0,0,1,0,0,0,0,0,0,upi,email,sent_money,payment,company,80,USD,0.5,1.0,0.0,1.0,0.0,80.0,1
1,social_engineering,0,0,0,0,0,0,1,1,0,0,unknown,email,none,none,individual,unknown,unknown,1.0,1.0,1.0,1.0,0.0,,0
1,transaction,0,0,1,0,0,0,1,1,1,0,bank,phone,sent_money,transaction,google,"$280,000",USD,1.0,1.0,1.0,1.0,0.0,280000.0,1
1,transaction,0,0,0,0,0,0,0,0,0,0,bank,phone,sent_money,payment,individual,unknown,unknown,0.8,1.0,0.0,0.0,0.0,,0
1,commerce,0,1,0,0,0,0,0,0,0,0,card,website,sent_money,payment,unknown,unknown,unknown,0.8,1.0,1.0,0.0,0.0,,0
1,commerce,0,0,0,1,0,0,0,0,0,0,upi,social_media,sent_money,commerce,company,unknown,unknown,0.8,1.0,0.0,0.0,0.0,,0
1,transaction,0,0,1,0,0,0,0,0,1,0,bank,unknown,sent_money,payment,company,50000,INR,1.0,1.0,1.0,1.0,0.0,50000.0,1
1,commerce,0,1,0,0,0,0,0,0,0,0,card,mail,received,none,unknown,unknown,unknown,0.0,0.0,0.0,0.0,0.0,,0
1,transaction,0,0,1,0,0,0,0,0,1,0,bank,phone,shared_credentials,verification,bank,unknown,unknown,0.8,1.0,0.0,1.0,0.0,,0
1,transaction,0,0,1,0,0,0,0,0,0,0,bank,sms,sent_money,payment,company,unknown,unknown,0.9,1.0,0.0,1.0,0.0,,0
1,social_engineering,0,0,0,0,0,0,0,1,0,0,unknown,sms,none,none,individual,unknown,unknown,1.0,1.0,1.0,0.0,0.0,,0
1,transaction,0,0,1,0,0,0,0,0,0,0,bank,email,sent_money,payment,company,45000,INR,1.0,1.0,0.0,1.0,0.0,45000.0,1
0,none,0,0,0,0,0,0,0,0,0,0,unknown,email,none,none,none,unknown,unknown,0.0,0.0,0.0,0.0,0.0,,0
1,transaction,0,0,1,0,0,0,0,1,0,0,bank,website,investment,verification,company,unknown,unknown,1.0,1.0,1.0,0.0,0.0,,0
0,none,0,0,0,0,0,0,0,0,0,0,upi,unknown,sent_money,payment,unknown,unknown,unknown,0.0,0.0,0.0,0.0,0.0,,0
1,social_engineering,0,0,0,0,0,0,0,1,0,0,unknown,social_media,clicked_link,none,individual,unknown,unknown,1.0,1.0,0.0,0.0,0.0,,0
1,transaction,0,0,0,0,0,0,0,0,0,0,bank,email,paid,payment,company,3540,INR,1.0,1.0,1.0,1.0,0.0,3540.0,1
1,transaction,0,0,1,0,0,0,0,0,1,0,bank,website,paid,payment,company,10000,unknown,0.8,1.0,1.0,1.0,0.0,10000.0,1
1,commerce,0,0,0,0,0,0,0,0,0,0,unknown,phone,none,none,unknown,unknown,unknown,0.8,1.0,0.0,0.0,0.0,,0
1,transaction,0,0,0,0,0,0,0,0,0,0,crypto,email,clicked_link,transaction,unknown,unknown,unknown,0.9,1.0,1.0,0.0,0.0,,0
1,transaction,0,0,0,0,0,0,0,0,0,0,bank,email,sent_money,payment,bank,unknown,unknown,0.9,1.0,1.0,1.0,0.0,,0
1,transaction,1,0,1,0,0,0,0,0,0,0,upi,sms,sent_money,payment,bank,unknown,unknown,0.8,1.0,1.0,1.0,0.0,,0
1,commerce,0,0,0,0,0,0,0,0,0,0,upi,phone,sent_money,payment,delivery_agent,unknown,unknown,0.0,1.0,0.5,0.5,0.0,,0
1,transaction,1,0,0,0,0,0,0,0,0,0,upi,sms,sent_money,payment,camgirl,300,INR,1.0,1.0,1.0,0.0,0.0,300.0,1
1,commerce,0,1,0,0,0,0,0,0,0,0,card,website,clicked_link,payment,company,unknown,unknown,0.0,1.0,1.0,1.0,0.0,,0
1,social_engineering,0,0,0,0,0,1,1,1,0,0,unknown,phone,none,none,compliance_officer,unknown,unknown,0.8,1.0,1.0,1.0,0.0,,0
1,transaction,0,1,0,0,0,0,0,0,1,0,card,website,none,payment,company,unknown,unknown,0.9,1.0,1.0,1.0,0.0,,0
1,transaction,1,0,0,0,0,0,0,0,0,0,upi,unknown,sent_money,payment,none,150-250 rs,INR,0.8,1.0,0.0,0.0,0.0,150.0,1
1,transaction,0,0,1,0,0,0,0,0,0,0,bank,telegram,sent_money,transaction,crypto_coach,unknown,unknown,0.9,1.0,1.0,1.0,0.0,,0
1,transaction,0,1,0,0,0,0,0,0,0,0,card,website,clicked_link,none,unknown,unknown,unknown,0.0,1.0,0.0,0.0,0.0,,0
1,transaction,0,0,1,0,0,0,0,0,1,0,bank,social_media,sent_money,payment,none,140000,USD,0.95,1.0,1.0,0.0,0.0,140000.0,1
1,transaction,1,0,0,0,0,0,0,1,0,0,upi,telegram,sent_money,payment,unknown,10000,INR,0.8,1.0,0.0,0.0,0.0,10000.0,1
1,transaction,0,0,1,0,0,0,0,0,0,0,bank,telegram,sent_money,payment,unknown,45,USD,0.9,1.0,1.0,0.0,0.0,45.0,1
1,transaction,0,1,0,0,0,0,0,0,0,0,card,phone,shared_credentials,payment,bank,unknown,unknown,0.0,0.0,1.0,0.0,0.0,,0
1,transaction,0,1,0,0,0,0,0,0,0,0,card,email,sent_money,payment,none,$500 USD,USD,1.0,1.0,1.0,0.0,0.0,500.0,1
1,transaction,0,0,0,0,0,0,0,0,0,0,crypto,sms,sent_money,investment,individual,unknown,unknown,0.9,1.0,1.0,0.0,0.0,,0
1,commerce,0,0,1,1,0,0,0,0,0,0,bank,website,sent_money,commerce,company,unknown,unknown,0.9,1.0,1.0,0.0,0.0,,0
1,transaction,0,0,0,0,0,0,0,0,0,0,unknown,social_media,none,none,company,unknown,unknown,0.8,1.0,0.0,1.0,0.0,,0
0,none,0,0,0,0,0,0,0,0,0,0,unknown,none,none,none,none,unknown,unknown,0.0,0.0,0.0,0.0,0.0,,0
1,commerce,0,0,0,1,0,0,0,0,0,0,upi,email,opened_box,nondelivery,casio_india,unknown,unknown,0.8,1.0,1.0,0.0,0.0,,0
1,transaction,0,1,0,0,0,0,0,0,1,0,card,app,installed_app,payment,none,$140,USD,0.8,1.0,1.0,0.0,0.0,140.0,1
1,transaction,1,0,0,0,0,0,0,0,0,0,upi,website,sent_money,payment,unknown,500,USD,1.0,1.0,1.0,0.0,0.0,500.0,1
1,transaction,0,1,0,0,0,0,0,0,0,0,card,website,sent_money,payment,unknown,$50.00-$45.00-$40.00-$30.00-$25.00,USD,1.0,1.0,0.0,0.0,0.0,50.0,1
1,social_engineering,0,0,1,0,0,0,0,0,1,0,bank,phone,shared_credentials,payment,none,"$10,000",USD,0.9,1.0,1.0,0.0,0.0,10000.0,1
1,transaction,0,0,1,0,0,0,0,0,1,0,bank,website,sent_money,payment,none,250,EUR,1.0,1.0,1.0,0.0,0.0,250.0,1
1,transaction,1,0,0,0,0,0,0,1,0,0,upi,sms,sent_money,payment,bank,unknown,unknown,1.0,1.0,0.0,1.0,0.0,,0
1,transaction,1,0,0,0,0,0,0,1,0,0,upi,sms,sent_money,payment,bank,unknown,unknown,1.0,1.0,0.0,1.0,0.0,,0
1,credential,0,0,0,0,0,1,0,0,0,0,none,email,clicked_link,phishing,unknown,none,unknown,0.0,1.0,1.0,0.0,0.0,,0
1,transaction,0,0,1,0,0,0,0,0,1,0,bank,unknown,sent_money,transaction,company,unknown,unknown,0.9,1.0,1.0,1.0,0.0,,0
1,transaction,0,1,0,0,0,0,0,0,0,0,crypto,unknown,sent_money,recovery,unknown,unknown,unknown,0.5,1.0,1.0,0.0,0.0,,0
1,commerce,0,1,0,1,0,0,0,0,0,0,card,email,sent_money,payment,company,unknown,unknown,0.8,1.0,1.0,1.0,0.0,,0
1,transaction,0,0,0,0,0,0,0,0,0,1,crypto,website,clicked_link,none,company,unknown,unknown,0.9,1.0,0.0,1.0,0.0,,0
1,transaction,1,0,0,0,0,0,0,0,0,0,upi,sms,sent_money,payment,unknown,unknown,unknown,0.5,1.0,0.0,0.0,0.0,,0
1,transaction,0,1,0,0,0,0,0,0,1,0,card,sms | email | phone | social_media | website | app | unknown | none,shared_credentials,payment,bank,unknown,unknown,0.8,1.0,1.0,0.0,0.0,,0
1,social_engineering,0,0,0,0,0,1,0,1,0,0,unknown,sms,none,none,unknown,unknown,unknown,1.0,1.0,1.0,0.0,0.0,,0
1,transaction,0,0,0,0,0,0,0,0,0,0,unknown,email,none,payment,paypal,{amount in USD},USD,0.9,1.0,1.0,1.0,0.0,,0
1,transaction,0,0,1,0,0,0,0,0,0,0,bank,email,sent_money,payment,unknown,18000,unknown,0.9,1.0,1.0,0.0,0.0,18000.0,1
1,social_engineering,0,0,0,0,0,0,0,1,0,0,unknown,social_media,none,none,individual,unknown,unknown,1.0,1.0,0.0,0.0,0.0,,0
1,commerce,0,0,0,1,1,0,0,0,0,0,upi,email,sent_money,commerce,company,unknown,unknown,0.8,1.0,0.0,1.0,0.0,,0
1,transaction,0,0,1,0,0,0,0,0,1,0,bank,phone,sent_money,transaction,bank,unknown,unknown,0.8,1.0,0.0,0.0,0.0,,0
1,transaction,0,0,1,0,0,0,0,0,1,0,bank,app,installed_app,payment,none,unknown,unknown,0.9,1.0,1.0,0.0,0.0,,0
1,transaction,0,0,1,0,0,0,0,0,1,0,bank,website,sent_money,transaction,company,0.5,BTC,1.0,1.0,1.0,1.0,0.0,0.5,1
1,transaction,0,0,1,0,0,0,0,0,1,0,bank,sms,sent_money,payment,none,$8k,USD,0.5,1.0,0.0,0.0,0.0,8.0,1
1,transaction,0,0,1,0,0,0,0,0,0,0,bank,telegram,sent_money,investment,unknown,300,unknown,1.0,1.0,1.0,0.0,0.0,300.0,1
1,transaction,0,0,1,0,0,0,0,0,0,0,bank,phone,sent_money,payment,company,unknown,unknown,0.9,1.0,0.0,0.0,0.0,,0
1,transaction,0,0,1,0,0,0,0,0,0,0,bank,website,sent_money,payment,company,unknown,unknown,0.0,1.0,1.0,1.0,0.0,,0
0,none,0,0,0,0,0,0,0,0,0,0,card,phone,installed_app,credits,bank_|_government_|_company_|_individual_|_none_|_unknown,synthetic,unknown,-0.03422229691883258,1.1469129334270396,0.7258263231376039,-0.036560128176945234,0.010085983357820757,166.58261625986145,0
0,none,0,0,0,0,0,0,0,0,0,0,unknown,sms | email | phone | social_media | website | app | unknown | none,sent_money | shared_credentials | clicked_link | installed_app | none | unknown,payment,cyber_police,synthetic,USD,0.009181742917475966,0.9709001288296839,-0.006926213585858081,0.9070804789322292,0.007485419615078177,-2287.9697042655,1
0,none,0,0,0,0,0,0,0,0,0,0,unknown,sms,none,unknown,unknown,synthetic,unknown,0.03077102355071295,0.05515563945979452,0.030257005655391245,0.06026348069545784,-0.007859486963527968,1975.8450289251298,0
0,none,0,0,0,0,0,0,0,0,0,0,upi | card | bank | crypto | gift_card | unknown | none,website,none,payment,none,synthetic,unknown,0.017857137878248074,-0.04142197350744751,0.8355791099636256,-0.031656002354227206,0.008519078026481537,1263.6158788021064,0
0,none,0,0,0,0,0,0,0,0,0,0,unknown,sms,none,phishing,unknown,synthetic,unknown,0.007641382926019223,0.8835834807221128,-0.06137354632624525,-0.04516104151692611,0.00036710957698542283,-685.6810067374039,0
0,none,0,0,0,0,0,0,0,0,0,0,upi | card | bank | crypto | gift_card | unknown | none,phone,utilize,none,individual,synthetic,unknown,-0.02213246309068089,0.1516505589344269,1.1312295056970125,0.04302390738969053,-0.006913682951203807,-1293.170771969779,1
0,none,0,0,0,0,0,0,0,0,0,0,upi,sms,changed_password,none,none,synthetic,unknown,0.004158643986650525,-0.14341839487950112,-0.02940842862282642,0.009701842348204013,0.010514949197370284,-1956.6958854693414,0
0,none,0,0,0,0,0,0,0,0,0,0,unknown,sms,clicked_link,payment,bank_|_government_|_company_|_individual_|_none_|_unknown,synthetic,unknown,-0.009610527486593048,-0.15761781544879522,-0.030663079400335972,1.0636171466765805,0.005953117221920349,-4409.774850695098,0
0,none,0,0,0,0,0,0,0,0,0,0,unknown,unknown,sent_money,none,none,synthetic,unknown,0.004503571440539642,-0.09441403377793937,-0.07216682409364222,-0.07706662635678715,0.00264739905275919,1678.835333359304,0
0,none,0,0,0,0,0,0,0,0,0,0,unknown,email,clicked_link,payment,unknown,synthetic,INR,-0.03316451906331994,1.2730510958047756,0.07543065771650255,1.0323496198404525,-0.003919564838170955,-746.0406589810113,1
0,none,0,0,0,0,0,0,0,0,0,0,bank,social_media,sent_money,none,company,synthetic,unknown,-0.007195644579171681,1.0093754335135763,0.03395508542326714,-0.11402402155801844,-0.006361182231127254,205.9966710301744,0
0,none,0,0,0,0,0,0,0,0,0,0,unknown,sms | email | phone | social_media | website | app | unknown | none,none,none,company,synthetic,unknown,-0.008594402956276741,0.035729145550152094,0.017513817795580217,0.8168411430295324,-0.007613811582317992,-1983.6420863069395,0
0,none,0,0,0,0,0,0,0,0,0,0,unknown,phone,clicked_link,payment,bank_|_government_|_company_|_individual_|_none_|_unknown,synthetic,unknown,-0.009618202145972584,-0.07163577041197566,0.070764650835229,0.14435349274412296,0.008791730846668433,-211.35918695563385,0
0,none,0,0,0,0,0,0,0,0,0,0,unknown,email,none | unknown,payment,individual,synthetic,unknown,0.02332927156855519,0.057904593322612455,-0.08039761580056136,-0.07359973456017045,-0.004080309335169528,1961.7419672764102,0
0,none,0,0,0,0,0,0,0,0,0,0,unknown,none,clicked_link,verification,none,synthetic,unknown,-0.04142274482931915,0.9430029841343406,0.028014429110870705,0.1337973359449036,0.007835613205936998,-2308.219098552751,0
0,none,0,0,0,0,0,0,0,0,0,0,unknown,sms,clicked_link,commerce,google,synthetic,unknown,-0.0477564379860096,0.034194888633314144,1.046956326121918,-0.0036685491322583095,0.0008927734044993134,-2063.653099821781,1
0,none,0,0,0,0,0,0,0,0,0,0,bank,email,none,unknown,company,synthetic,USD,-0.016738500208835338,1.0080147115281284,0.0134795754691748,0.9389900707823681,0.003943633287033968,-2967.417363512356,0
0,none,0,0,0,0,0,0,0,0,0,0,unknown,website,clicked_link,none,none,synthetic,unknown,-0.022632778556890547,-0.054988503114735444,-0.05026036731591369,-0.09702381421900058,0.009022193588614872,37.280334247638635,0
0,none,0,0,0,0,0,0,0,0,0,0,upi,sms,shared_credentials,debt_collection,company,synthetic,unknown,-0.026106306852323395,0.21283164354625173,1.0696915875575546,1.173830094383252,0.007934783054740532,1043.482597397894,0
0,none,0,0,0,0,0,0,0,0,0,0,unknown,social_media,clicked_link,none,unknown,synthetic,unknown,0.009761598915121815,0.1683836824118376,0.027219201346967717,-0.022874484580981787,-0.021208347015152076,426.22431333221317,0
0,none,0,0,0,0,0,0,0,0,0,0,upi | card | bank | crypto | gift_card | unknown | none,email,sent_money,transaction,bank_|_government_|_company_|_individual_|_none_|_unknown,synthetic,unknown,-0.04011201406461332,1.0486405685481766,0.9896774962544581,-0.11198755221324218,-0.011416804511010877,-2326.1919566623237,0
0,none,0,0,0,0,0,0,0,0,0,0,unknown,phone,shared_credentials,none,company,synthetic,unknown,0.0024187293832088927,-0.034532648504331305,-0.06414441879860196,0.07813861500164282,-0.010050175765036418,-904.877646420653,0
0,none,0,0,0,0,0,0,0,0,0,0,unknown,social_media,none,payment | verification | login | download | none | unknown,bank,synthetic,unknown,-0.02291355442842369,0.9236781233281279,0.1035627461052691,1.1545484707500173,-4.01081140092728e-06,-1381.2713164774964,0
0,none,0,0,0,0,0,0,0,0,0,0,upi,sms | email | phone | social_media | website | app | unknown | none,none,transaction,cyber_police,synthetic,INR,0.004278770301507157,0.715536527986266,0.0037882998345073987,0.9690368997807188,0.005160603329032464,-3121.1039120139317,1
0,none,0,0,0,0,0,0,0,0,0,0,unknown,website,none,payment | verification | login | download | none | unknown,none,synthetic,unknown,0.5538997895322162,0.03196184990020052,0.004071421458993465,0.10586312283015267,-0.0021464673932574297,-636.0033716368488,0
0,none,0,0,0,0,0,0,0,0,0,0,upi | card | bank | crypto | gift_card | unknown | none,sms | email | phone | social_media | website | app | unknown | none,installed_app,commerce,unknown,synthetic,unknown,0.009322918505875325,0.013404996953023223,-0.048364979200966454,-0.02871000055786635,-0.0034098609682712963,-852.0370582588874,0
0,none,0,0,0,0,0,0,0,0,0,0,unknown,unknown,none,none,unknown,synthetic,unknown,1.4072100690208513,-0.0737188293598669,0.835983412741991,0.992693867816313,-0.0071668124608907195,-2288.5883967140426,0
0,none,0,0,0,0,0,0,0,0,0,0,unknown,email,clicked_link,transaction,unknown,synthetic,unknown,0.01448477960046468,0.14633702349989064,-0.0705748297836084,0.03538829957362705,-0.006199645393599202,1027.343400240887,0
0,none,0,0,0,0,0,0,0,0,0,0,unknown,unknown,clicked_link,payment | verification | login | download | none | unknown,unknown,synthetic,unknown,-0.028750308126887152,0.07044402981644644,0.0037907319308354615,-0.043161060712810985,0.013248873241741989,-4827.233521164766,0
0,none,0,0,0,0,0,0,0,0,0,0,upi | card | bank | crypto | gift_card | unknown | none,social_media,installed_app,commerce,boost_mobile,synthetic,unknown,-0.016149790549755846,0.7060614197860837,-0.014800968865393874,0.042278371833169535,-0.004036348758191716,-3045.318812685417,1
0,none,0,0,0,0,0,0,0,0,0,0,unknown,sms | email | phone | social_media | website | app | unknown | none,shared_credentials,payment,company,synthetic,unknown,-0.004647243094853105,0.0752155797526258,0.7743811361591963,-0.08271888126430124,-0.006620521937004337,-2050.0147239427756,0
0,none,0,0,0,0,0,0,0,0,0,0,unknown,app,none,none,ice_agent,synthetic,USD,0.006884079069320871,0.9888122911176398,-0.02185938914236748,0.9627192820136301,-0.0030239156575517516,-1591.5636195724471,0
0,none,0,0,0,0,0,0,0,0,0,0,upi | card | bank | crypto | gift_card | unknown | none,email,sent_money,transaction,company,synthetic,unknown,0.015440365719110796,-0.0416856746322568,0.0034684390087359467,0.03766902879564982,0.003936783190554509,2341.4819665901755,0
0,none,0,0,0,0,0,0,0,0,0,0,unknown,email,shared_credentials,none,none,synthetic,unknown,0.00037802250477395657,0.9372126652869337,-0.007368421128581484,0.1240563287468631,0.005337452938138685,1319.1397092135312,0
0,none,0,0,0,0,0,0,0,0,0,0,unknown,unknown,none,none,verizon,synthetic,unknown,0.01695008899542619,-0.09811374476852718,0.666477946554137,-0.03865119597410553,0.0029371194508839437,-1150.3411490619947,0
0,none,0,0,0,0,0,0,0,0,0,0,unknown,email,sent_money,none,unknown,synthetic,unknown,-0.03612365817474597,0.9584029849155885,-0.001412559000406786,1.0272740331174721,0.008853787973205376,-1528.3435749891355,0
0,none,0,0,0,0,0,0,0,0,0,0,unknown,sms,shared_credentials,none,none,synthetic,unknown,-0.03807415607509094,-0.03722044177344782,0.025478140955705417,-0.07512038899573462,0.0014635063011134014,-1356.3773667172527,0
0,none,0,0,0,0,0,0,0,0,0,0,upi,email,changed_password,payment | verification | login | download | none | unknown,bank_|_government_|_company_|_individual_|_none_|_unknown,synthetic,unknown,-0.03581505191018766,0.940632083867591,1.0081274878861812,0.0013183736556256634,0.008604920812195112,-1389.1696416960283,0
0,none,0,0,0,0,0,0,0,0,0,0,upi,unknown,none,phishing,unknown,synthetic,INR,0.013468606151470705,0.8800176040311131,-0.026243189429939858,0.153943033005132,-0.006789333561550282,1685.0730279457794,0
0,none,0,0,0,0,0,0,0,0,0,0,upi,email,sent_money,login,none,synthetic,unknown,0.0050500803806119736,-0.059223731930569574,1.092068767931664,-0.0022689859007786646,0.00992488291784305,3615.7380740045064,0
0,none,0,0,0,0,0,0,0,0,0,0,unknown,unknown,clicked_link,none,none,synthetic,unknown,-0.020496357481781625,0.007682463531990763,0.592444947462166,-0.10182669472364002,0.002998464691462621,-1769.9572741688423,0
0,none,0,0,0,0,0,0,0,0,0,0,unknown,sms | email | phone | social_media | website | app | unknown | none,clicked_link,transaction,none,synthetic,unknown,-0.0033918111799052563,0.8979139408388129,-0.05210698871954016,1.0794055027092009,-0.008008957608057293,-427.86216379569186,0
0,none,0,0,0,0,0,0,0,0,0,0,unknown,phone,sent_money,activation,none,synthetic,USD,0.5355452349328101,-0.0398145387022286,0.8980246596734337,-0.027837632511454123,0.004210568601872349,-1461.3586668984447,0
0,none,0,0,0,0,0,0,0,0,0,0,unknown,social_media,clicked_link,payment | verification | login | download | none | unknown,unknown,synthetic,USD,-0.017878700463200038,1.1023242051661668,0.8891802529301737,0.058039520020906406,-0.014915217356270287,-2197.4712115484863,0
0,none,0,0,0,0,0,0,0,0,0,0,upi,none,sent_money | shared_credentials | clicked_link | installed_app | none | unknown,transaction,bank,synthetic,unknown,-0.03577036624619986,0.7740801637974537,-0.04029878479661479,-0.07964110013840361,0.004497231228120377,-4900.131631406131,0
0,none,0,0,0,0,0,0,0,0,0,0,unknown,phone,received_credit,payment | verification | login | download | none | unknown,cyber_police,synthetic,USD,0.0010213719611772546,1.0939584682990544,-0.01757272930885696,-0.03464171933356943,0.011039469162640701,-1086.5482141738044,0
0,none,0,0,0,0,0,0,0,0,0,0,upi,email,shared_credentials,none,company,synthetic,unknown,0.01175235936408037,0.8222700805362793,0.048414456694990504,1.0937002875904824,0.0007813141822146849,1843.976416376765,1
0,none,0,0,0,0,0,0,0,0,0,0,unknown,phone,clicked_link,none,bank_|_government_|_company_|_individual_|_none_|_unknown,synthetic,unknown,-0.014128154984505292,0.08082013752584938,1.2751605046802683,1.158518709793822,-0.015648360259141153,126.71784052686391,0
0,none,0,0,0,0,0,0,0,0,0,0,card,website,sent_money,payment,ice_agent,synthetic,unknown,0.052789942068513555,-0.06808831367930457,-0.08576079582266434,1.089761225408268,-0.006068057085219593,-341.38290006247837,0
0,none,0,0,0,0,0,0,0,0,0,0,unknown,sms,clicked_link,none,bank,synthetic,unknown,0.03672812958070833,0.8969683077189948,0.9477147779023569,1.0265480097949824,-0.008036930392131917,595.9380981951723,0
0,none,0,0,0,0,0,0,0,0,0,0,crypto,email,clicked_link,credential,law_enforcement,synthetic,INR,0.02220312397837955,0.9683715922490154,0.021790057756961943,0.03887970978040457,0.0018558547246342704,286.8842866834772,0
0,none,0,0,0,0,0,0,0,0,0,0,unknown,app,sent_money | shared_credentials | clicked_link | installed_app | none | unknown,mining,individual,synthetic,INR,0.0017787851495721287,-0.06765600320836496,0.021908093108766256,0.020172625957742434,-0.010005306524666108,-268.8320924514765,1
0,none,0,0,0,0,0,0,0,0,0,0,bank,sms,none,none,none,synthetic,unknown,0.02659729931057769,-0.09318059480973762,-0.07938738596426953,0.86472224704423,-0.0007896704823330813,857.1489352088388,0
0,none,0,0,0,0,0,0,0,0,0,0,unknown,email,none,payment | verification | login | download | none | unknown,bank_|_government_|_company_|_individual_|_none_|_unknown,synthetic,unknown,-0.01292365453408032,0.09489818250082849,0.05352875661662414,-0.0476636293719734,-0.011278960672905616,-2292.4386848544464,0
0,none,0,0,0,0,0,0,0,0,0,0,unknown,social_media,none,payment,none,synthetic,unknown,-0.036948097653137876,0.043304978020432774,0.8008322716683973,-0.11701709161752513,-0.006649108467405473,-7918.0020397382905,0
0,none,0,0,0,0,0,0,0,0,0,0,upi,sms,shared_credentials,payment,none,synthetic,unknown,-0.008799995774028508,0.015639305466175327,0.8127728356760899,0.04570275745209128,-0.005115367357209525,-2477.4233648598693,0
0,none,0,0,0,0,0,0,0,0,0,0,unknown,website,none,credits,none,synthetic,unknown,-0.023323309657023342,0.7326916179004053,0.012513744877620718,0.8879761327281144,-0.0018909418069520609,-2925.288842577317,0
0,none,0,0,0,0,0,0,0,0,0,0,card,email,sent_money,none,bank,synthetic,unknown,-0.03214611640876148,0.9390757722867434,0.02436673480909647,-0.009933867607419423,0.3665930167711977,-2082.8766714945855,1
0,none,0,0,0,0,0,0,0,0,0,0,unknown,email,sent_money | shared_credentials | clicked_link | installed_app | none | unknown,none,none,synthetic,unknown,0.023618018088428932,0.8627628294058803,0.9521802849531461,1.0967192200007285,-0.005732336848276464,4753.316222616042,0
0,none,0,0,0,0,0,0,0,0,0,0,unknown,website,none,none,unknown,synthetic,unknown,-0.012493050041214976,-0.12507096957134034,-0.08362344385425027,-0.111933067762101,-0.00021021881973475368,-1956.6875247605772,0
0,none,0,0,0,0,0,0,0,0,0,0,upi | card | bank | crypto | gift_card | unknown | none,website,none,commerce,individual,synthetic,USD,-0.011044191507495466,0.9304398232123738,-0.05639649585170701,1.0058055373223502,0.0033226007155782084,-406.43990747246903,0
0,none,0,0,0,0,0,0,0,0,0,0,unknown,unknown,none,payment,unknown,synthetic,unknown,-0.01411912794041663,-0.050846479481662286,1.047212728641509,-0.02683412232102326,-0.002207060146964195,-1113.313872169975,0
0,none,0,0,0,0,0,0,0,0,0,0,unknown,email,unknown,phishing,unknown,synthetic,CROWNS,-0.014484868743592899,-0.0933366727523251,-0.020268120100659686,-0.08304452581453095,-0.004566370271803713,728.4711447508981,1
0,none,0,0,0,0,0,0,0,0,0,0,card,website,none,none,unknown,synthetic,unknown,-0.004685076738237047,-0.10475076166646535,-0.02174867955219083,0.0597354595103138,-0.007864004375613036,-156.6108425745019,0
0,none,0,0,0,0,0,0,0,0,0,0,unknown,sms,sent_money | shared_credentials | clicked_link | installed_app | none | unknown,none,instagram,synthetic,unknown,0.009244031255514285,0.7897519457115763,0.7998130953821208,-0.06057813802518434,0.009385223544404875,1311.0610834929562,0
0,none,0,0,0,0,0,0,0,0,0,0,upi,youtube,installed_app,payment,bank,synthetic,USD,-0.03725363009091225,0.0029342797288917756,0.03690177617468782,0.9763767977111526,-0.004732175934227767,-2938.9480596433864,0
0,none,0,0,0,0,0,0,0,0,0,0,unknown,email,clicked_link,payment,bank,synthetic,unknown,0.022972323742883313,0.8311396648693772,0.7993275236510725,-0.00831164824314936,-0.005665713987094654,-878.3768653717043,1
0,none,0,0,0,0,0,0,0,0,0,0,card,youtube,sent_money,phishing,bank_|_government_|_company_|_individual_|_none_|_unknown,synthetic,INR,-0.014017685464309291,1.0025097946558588,-0.03486960259916961,0.06126112592909085,0.004349346759162165,-1695.7989991282511,0
0,none,0,0,0,0,0,0,0,0,0,0,unknown,email,none,none,bank_|_government_|_company_|_individual_|_none_|_unknown,synthetic,unknown,0.024282232178425348,-0.048140288459652104,-0.00633766316522158,0.06009241775907339,-0.010076929525360252,-7.103906290608613,0
0,none,0,0,0,0,0,0,0,0,0,0,unknown,website,clicked_link,unknown,none,synthetic,unknown,-0.039263883084861,0.13368922938260155,0.011994798844306893,-0.006588345401850834,-0.0051486924874952185,-2696.796003521087,0
0,none,0,0,0,0,0,0,0,0,0,0,unknown,none,clicked_link,payment,individual,synthetic,unknown,0.002762061252254034,1.0396179247171078,0.8732839534343415,1.1354785931991191,-0.011050225587014649,-2567.512788695903,0
0,none,0,0,0,0,0,0,0,0,0,0,unknown,unknown,none,none,company,synthetic,unknown,0.0017157662048906427,-0.1473680913048667,-0.03111563304740216,-0.10028385890339366,-0.008207869703821149,1131.148566804417,0
0,none,0,0,0,0,0,0,0,0,0,0,upi | card | bank | crypto | gift_card | unknown | none,unknown,sent_money,activation,unknown,synthetic,INR,-0.0068671315089224505,1.1002397700487005,-0.05749116015798411,-0.07452193132839492,0.006822435090985915,-1892.244272134171,1
0,none,0,0,0,0,0,0,0,0,0,0,upi,youtube,none,payment,bank,synthetic,unknown,0.0018872078256032868,0.20104112595850906,-0.01084172493713128,-0.047787442864665325,0.00238562902102668,971.1439276255697,0
0,none,0,0,0,0,0,0,0,0,0,0,unknown,email,installed_app,none,none,synthetic,unknown,0.036224938439320474,0.11237679137156494,0.006070614809585009,-0.04614208735530411,-0.0005978965502672763,701.0621968586612,0
0,none,0,0,0,0,0,0,0,0,0,0,unknown,phone,clicked_link,none,none,synthetic,unknown,-0.008989993441185342,0.8574658484149329,-0.02121681795155791,0.009799311884046986,-0.019334722953480262,-403.07926605838,0
0,none,0,0,0,0,0,0,0,0,0,0,unknown,social_media,shared_credentials,transaction,none,synthetic,unknown,-0.02654238652174464,0.10349667160048834,0.05666225222129461,0.05732947549417152,0.008109573724262766,2584.8282711991255,0
0,none,0,0,0,0,0,0,0,0,0,0,upi,none,unknown,payment,individual,synthetic,INR,-0.015015801109783334,1.1081276766834216,1.1241944875394765,1.012808105029047,0.009882629073750487,-85.17440233054614,0
0,none,0,0,0,0,0,0,0,0,0,0,upi,unknown,clicked_link,payment,unknown,synthetic,unknown,-0.037965120677141424,0.7208911427238509,-0.038043192029665274,1.0187960590282175,0.00302106844060707,-102447.94053611494,1
0,none,0,0,0,0,0,0,0,0,0,0,upi | card | bank | crypto | gift_card | unknown | none,app,none,debt_collection,boost_mobile,synthetic,unknown,0.022392839279498214,-0.01944532291093414,-0.02555679328005374,-0.06248104269953118,0.006400506411021046,-3774.004261050022,1
0,none,0,0,0,0,0,0,0,0,0,0,unknown,email,utilize,none,unknown,synthetic,unknown,-0.0051806266583288305,-0.0501449687571792,-0.0363090037626176,0.9423026916253884,0.017875413608298425,1744.5765557289128,0
0,none,0,0,0,0,0,0,0,0,0,0,upi | card | bank | crypto | gift_card | unknown | none,phone,none,commerce,company,synthetic,unknown,0.0077015244152541795,1.029066167147484,0.7580509610161059,-0.04618233793697962,-1.4887053743373326e-06,162.7197037521483,0
0,none,0,0,0,0,0,0,0,0,0,0,unknown,phone,shared_credentials,none,google,synthetic,unknown,-0.023991452102603412,1.0481940291436702,-0.01947615466538667,-0.05640026933452508,0.014882166795854102,-1953.0689130717235,0
0,none,0,0,0,0,0,0,0,0,0,0,unknown,phone,none,unknown,company,synthetic,unknown,-0.0012251346766900748,0.026423219703308125,-7.221091046311599e-05,1.1545486822141475,-0.006269538745554996,-8.808680556166983,0
0,none,0,0,0,0,0,0,0,0,0,0,bank,email,abuse,credits,bank_|_government_|_company_|_individual_|_none_|_unknown,synthetic,unknown,-0.014581170423979007,0.15494207666807294,1.111294426567326,-0.02849887839903547,0.00576385618750674,-2249.7973737818756,1
0,none,0,0,0,0,0,0,0,0,0,0,unknown,phone,none,payment,company,synthetic,unknown,-0.03893655149356095,-0.002175283301022818,0.9483932107602097,-0.19952454655575305,0.014831440064163077,-443.81572898419773,0
0,none,0,0,0,0,0,0,0,0,0,0,bank,none,installed_app,verification,boost_mobile,synthetic,unknown,0.025644001842977788,-0.10053509652898272,-0.0772495100377492,-0.06867678631796165,0.015145655267483772,-1154.1226128172098,0
0,none,0,0,0,0,0,0,0,0,0,0,bank,website,clicked_link,none,unknown,synthetic,unknown,-0.01651428547471107,-0.08624010679420803,-0.018380147371753024,-0.06888240384535156,-0.010508559581918044,-2700.7606758509587,0
0,none,0,0,0,0,0,0,0,0,0,0,unknown,email,installed_app,none,bank_|_government_|_company_|_individual_|_none_|_unknown,synthetic,unknown,0.006418915697968202,-0.019601575283314528,0.03778533775995629,0.9211464948686963,-0.004993767869928031,-2425.3429347623287,0
0,none,0,0,0,0,0,0,0,0,0,0,unknown,social_media,none,payment,company,synthetic,unknown,0.015317085697604175,1.0497024149008634,1.0991635372396384,0.8578026472890027,-0.003688256451428045,106.78245749703524,0
0,none,0,0,0,0,0,0,0,0,0,0,unknown,unknown,sent_money | shared_credentials | clicked_link | installed_app | none | unknown,verification,bank_|_government_|_company_|_individual_|_none_|_unknown,synthetic,unknown,0.014546405988295095,0.022971483614621993,0.0029260567085097108,1.1340289220012016,-0.004667950768719251,707.5009119645514,0
0,none,0,0,0,0,0,0,0,0,0,0,unknown,email,none,none,bank,synthetic,unknown,-0.00017996003733175428,0.8718960308217832,-0.06383701533533859,0.002996999460740751,-0.011535720850796762,-2483.3582563854534,1
0,none,0,0,0,0,0,0,0,0,0,0,card,website,none,activation,company,synthetic,INR,0.023630422378947802,0.9029045022013652,1.0880198091562616,1.2226779701082273,0.12561262542511953,2186.6191027164,0
0,none,0,0,0,0,0,0,0,0,0,0,unknown,sms,shared_credentials,none,bank,synthetic,INR,0.6438603762673017,-0.009050962041755345,1.234874438189817,0.1434970176924073,0.002316305825459436,-167.17461324414617,0
0,none,0,0,0,0,0,0,0,0,0,0,crypto,website,clicked_link,payment,boost_mobile,synthetic,unknown,-0.015255688397473524,0.08500778373028235,-0.003985754488808987,0.8505358516272656,0.00752587257201949,-3532.2200761133427,0
0,none,0,0,0,0,0,0,0,0,0,0,unknown,sms,clicked_link,payment,company,synthetic,unknown,0.012026481057003501,0.9759586096398534,1.1422672147375714,0.002524954412643356,0.002250729122788724,-1330.5466540663538,0
0,none,0,0,0,0,0,0,0,0,0,0,unknown,phone,none | unknown,none,law_enforcement,synthetic,unknown,0.021599658216910646,0.8792402937694651,0.8273586527874496,0.8700956069820989,0.005582317297417198,1788.8542634950934,0
0,none,0,0,0,0,0,0,0,0,0,0,unknown,unknown,unknown,replacement,none,synthetic,unknown,0.005143211635306359,-0.08232010933621321,-0.01784345570468274,0.04994081879898064,-0.007562605112224022,323.4195237477608,0
0,none,0,0,0,0,0,0,0,0,0,0,unknown,sms | email | phone | social_media | website | app | unknown | none,sent_money,payment,unknown,synthetic,unknown,0.00971570452633904,0.06844499094564248,-0.05602894751319449,-0.05373375176371801,-0.019357742426090195,1493.757473860554,0
0,none,0,0,0,0,0,0,0,0,0,0,upi,website,installed_app,payment,none,synthetic,unknown,0.02987653500279945,0.9104028893869579,0.7837184462833393,-0.018788594535945783,0.009307237907280372,562.6138276826466,0
0,none,0,0,0,0,0,0,0,0,0,0,unknown,email,unknown,verification,unknown,synthetic,unknown,0.004554189887447837,-0.03706951410000872,0.7841402444612405,0.04644000756114012,0.0006002189131509212,-22.165814006393084,0
0,none,0,0,0,0,0,0,0,0,0,0,crypto,website,none,unknown,company,synthetic,unknown,-0.02082372622650775,0.9871810811494613,-0.07349987830756667,-0.07110401120853252,-0.01152684344857401,891.1404266316467,0
0,none,0,0,0,0,0,0,0,0,0,0,unknown,phone,sent_money,mining,company,synthetic,unknown,0.0029261756755239133,0.027099525322716575,-0.05397874356622122,-0.17995136373716775,0.007088402460116169,-1381.0927123511444,0
0,none,0,0,0,0,0,0,0,0,0,0,unknown,none,none,commerce,unknown,synthetic,unknown,0.006736393581449424,0.88933239997538,-0.056317356116269125,-0.019965704190414733,-0.004816619358390068,231.79556149065053,0
0,none,0,0,0,0,0,0,0,0,0,0,upi | card | bank | crypto | gift_card | unknown | none,none,unknown,none,cyber_police,synthetic,INR,0.01685345417265294,1.065638935006316,0.0039117614274495754,-0.04777195091005524,-0.0059767164874448345,287.40113600569816,0
0,none,0,0,0,0,0,0,0,0,0,0,unknown,sms,sent_money,none,none,synthetic,unknown,-0.028132773601411223,0.05075873717722686,0.9970975927733328,0.8457507285090746,-0.0035822818396805322,-3011.285154209712,0
0,none,0,0,0,0,0,0,0,0,0,0,unknown,website,none,payment,unknown,synthetic,unknown,0.0311112548115462,-0.1480459071190611,-0.07342620428247926,0.9309968182966744,0.0012452907126795734,3140.877927572567,0
0,none,0,0,0,0,0,0,0,0,0,0,crypto,sms,none,transaction,unknown,synthetic,unknown,0.00026596224225735454,1.0231281720019796,-0.008847552104854535,0.04274747066164677,-0.0026355395228060607,79.6731471074796,1
0,none,0,0,0,0,0,0,0,0,0,0,upi,sms,sent_money,none,boost_mobile,synthetic,USD,0.0036357398566111056,-0.07735381771677188,-0.006784657341013014,0.8418150568017472,-0.0057543818989589145,-873.381826563927,1
0,none,0,0,0,0,0,0,0,0,0,0,upi,sms,sent_money,verification,bank_|_government_|_company_|_individual_|_none_|_unknown,synthetic,unknown,0.0009710874693873929,-0.1571393820684056,0.802984749656574,1.0101642306866605,0.007359080033399966,625.4183208064443,1
0,none,0,0,0,0,0,0,0,0,0,0,crypto,phone,clicked_link,verification,none,synthetic,unknown,-0.012875293157806174,0.019406806530159332,0.926071278138608,1.0680591128531478,-0.006511583458560738,-304.292433175959,0
0,none,0,0,0,0,0,0,0,0,0,0,unknown,youtube,clicked_link,payment | verification | login | download | none | unknown,individual,synthetic,unknown,-0.001074886531255112,-0.0751577833461713,0.7543934271736625,-0.0659127121835771,0.003950657245094557,-900.9836766061993,0
0,none,0,0,0,0,0,0,0,0,0,0,upi | card | bank | crypto | gift_card | unknown | none,sms,clicked_link,unknown,none,synthetic,USD,-0.018130575923037063,0.12052086331916344,-0.013615404721867794,1.1450845063854551,0.0035989669003087853,-1611.864389809205,0
0,none,0,0,0,0,0,0,0,0,0,0,unknown,social_media,installed_app,transaction,google,synthetic,unknown,0.8666845301480937,0.0034890800792049892,-0.02896907044701504,0.9482653175083687,0.6085974720172069,493.28577037597233,0
0,none,0,0,0,0,0,0,0,0,0,0,unknown,sms | email | phone | social_media | website | app | unknown | none,none,none,none,synthetic,unknown,0.01926333932504347,0.10158978674343022,0.02829383114986631,0.009859643988225943,-0.014458086936919102,548.3578498823285,0
0,none,0,0,0,0,0,0,0,0,0,0,unknown,website,sent_money,payment,bank,synthetic,unknown,0.0028667277169090208,-0.011004999173554483,0.013803171306177016,-0.09482659497884575,-0.008536474070205928,123.89929338306197,0
0,none,0,0,0,0,0,0,0,0,0,0,unknown,sms | email | phone | social_media | website | app | unknown | none,clicked_link,payment,unknown,synthetic,INR,0.02133441743126695,1.1593571253186457,-0.0037651832932855483,0.07522034604334416,-0.0032020468108340688,2413.6276130427727,0
0,none,0,0,0,0,0,0,0,0,0,0,unknown,app,sent_money,none,none,synthetic,unknown,0.035694937385676986,0.8926570379118444,0.009139407103481935,1.0311098338405258,-0.00230663600490418,15.454395414911417,0
0,none,0,0,0,0,0,0,0,0,0,0,unknown,sms | email | phone | social_media | website | app | unknown | none,unknown,transaction,unknown,synthetic,unknown,0.020275347874974446,-0.006955076766263533,-0.02302185638526773,0.0959112866193344,0.00796353049428409,3688.4265606783083,0
0,none,0,0,0,0,0,0,0,0,0,0,unknown,sms,none,none,none,synthetic,unknown,-0.030160756210282906,-0.07131297430943356,0.04194075849738496,0.021396251172903002,-0.011793551099393545,-187.69235296105933,0
0,none,0,0,0,0,0,0,0,0,0,0,bank,none,none,none,none,synthetic,CROWNS,-0.017445705766590543,-0.008894647700895904,0.03775199196300476,-0.022627059133509427,0.00039163744826287443,2045.9333351732985,0
