annotation.key_features.payment_method,annotation.key_features.fraud_channel,annotation.key_features.victim_action,annotation.key_features.request_type,annotation.key_features.impersonated_entity,annotation.key_features.currency,annotation.key_features.urgency_level,annotation.psychological_tactics.urgency,annotation.psychological_tactics.fear,annotation.psychological_tactics.authority,annotation.psychological_tactics.reward,annotation.key_features.amount_normalized,annotation.key_features.has_amount
unknown,email,sent_money | shared_credentials | clicked_link | installed_app | none | unknown,verification,individual,unknown,0.0331996131482287,0.02733881501384515,0.7403707396842133,0.8762190144583932,-0.004018122725661319,-530.8006877662941,0
upi,unknown,none,unknown,company,USD,-0.019456965846631244,0.8698292714784753,0.9445811670357948,0.903130320775751,-0.008779649875251176,-528.7963771767596,0
unknown,email,shared_credentials,none,unknown,unknown,0.021741792830454087,0.0762069401459934,-0.059956244803787986,0.8075128745544428,-0.004390357460926305,-2329.6006497205603,0
upi,email,installed_app,phishing,none,USD,0.003178191019988809,-0.09709839211418257,-0.07445957658778408,0.014766345500218773,-0.004226861886100688,-2735.7978591970027,0
crypto,social_media,none,transaction,company,unknown,0.014406642185077104,0.9476958316860273,1.0939372050935836,0.9387125464742934,-0.008430646724023123,978.7177698083746,0
unknown,sms,clicked_link,payment,company,unknown,0.019334062873592395,0.9185497799479027,-0.08654262367998351,-0.05189062514754436,-0.010788859770140373,-425.3908175974673,1
unknown,none,unknown,none,none,unknown,0.022872151037683686,0.9544322956028133,-0.007986823573997942,0.8378359202164162,0.0002271168379875681,-1461.1518383930613,0
bank,unknown,sent_money,payment | verification | login | download | none | unknown,none,unknown,-0.022111398870860593,0.07411779147025252,-0.00969577202813866,1.0809834602606052,0.0018573823199603417,-859.8163974951428,0
upi,website,clicked_link,verification,netflix,unknown,0.0034914299366089036,-0.09296571864317696,0.024972027298305704,0.9478599948296821,0.0027796458732895833,-849.9505881721934,0
unknown,social_media,none,none,none,unknown,0.025375986611685396,-0.05282685396455563,0.02322812897769588,0.036201294704916336,0.003386454451552338,-1886.4808273765325,0
unknown,unknown,abuse,transaction,none,unknown,-0.01815870377008179,0.9126390632561578,0.8162105018905296,0.03218789380160762,0.0025347288120090225,-2057.9175933194447,0
unknown,email,sent_money,transaction,marketplace,unknown,0.030642045504315003,0.17565432398378267,1.3468206587010827,0.9025245428429682,-0.004573176839517464,-1187.5932668563833,1
unknown,sms | email | phone | social_media | website | app | unknown | none,sent_money,verification,none,unknown,0.010028642151148568,-0.11631097941147489,0.8369383911743095,0.7013876614262651,-0.0035949210859816264,-3.535840414030716,0
gift_card,email,received,mining,none,INR,0.02781947347607251,0.03562203165405104,1.2972724464776972,0.8896612599708992,-0.0060619340962040705,2187.2066776582237,1
unknown,sms,reported,transaction,bank,unknown,-0.015405620364531808,1.0006340201903314,-0.01407427623257037,1.1213953495577433,-0.009838705838218182,1362.8053945978702,0
unknown,mail,changed_password,none,none,unknown,-0.015987913734156124,1.1958802127264454,0.008029940019833438,0.8823739442716039,-0.0065339996958852205,2289.4044809709417,1
unknown,phone,none,verification,dropbox,unknown,0.016133351276927763,0.005493198888631315,0.705465984115611,0.9096818563752535,0.0018990429905363505,-672.1808728550234,0
unknown,phone,shared_credentials,payment,unknown,unknown,-0.0036162658179597993,0.1136094070205583,-0.019296015719355814,-0.03185690380084461,-0.006483652241208926,582.4899940956464,1
card,phone,sent_money,credential,microsoft,unknown,-0.009905890681701928,1.0014491893203417,0.0057370665214212056,0.7451184604794024,-0.008183552321710919,1765.841719355457,0
upi | card | bank | crypto | gift_card | unknown | none,sms | email | phone | social_media | website | app | unknown | none,clicked_link,payment,none,unknown,-0.010983980722110027,0.024898251365807103,1.1032838982217956,0.0338364763163469,-0.00346954868778761,162.62079659535863,1
unknown,email,sent_money,unknown,google,unknown,-0.01016529671124987,0.047098925102708994,1.2262682811254333,0.8388541722412372,-0.010261843522910133,35.72506547194055,0
crypto,sms | email | phone | social_media | website | app | unknown | none,clicked_link,none,unknown,unknown,-4.9148978237363155e-05,0.9227106194560497,0.009956738671031428,-0.04327472767151303,-0.004921426627093997,2926.3610091754836,0
upi | card | bank | crypto | gift_card | unknown | none,website,none,none,none,unknown,0.006266044600740222,-0.08249808794613163,1.1548295134425266,1.0498742258235239,0.0013262815678599285,1789.7701440083056,1
upi,sms,shared_credentials,payment,none,unknown,0.011836681931494966,0.053752611226966104,1.3337421361725323,-0.03200795540115684,0.007320389180442586,2864.3140415641283,0
card,mail,clicked_link,payment,netflix,unknown,0.01745262883273133,0.07720822285862075,0.9979170708382947,-0.11105127985420565,0.0036456875105378922,-860.2106679741611,0
unknown,website,clicked_link,payment,unknown,unknown,-0.003915832473872298,0.07259644344130842,-0.06318479344876572,0.8678893118989829,-0.0019343518872164843,-1307.9163968913028,1
unknown,website,none,none,bank,unknown,-0.01398124771414741,0.9087557593146423,-0.11120170757996134,0.8398798973803183,0.0012979496388107956,-1483.148654355883,0
unknown,website,installed_app,none,none,unknown,0.02066760653162062,1.186366546028119,1.0737469337577572,-0.060947575466715316,-0.006033408605426732,-2711.5460564951445,1
unknown,email,shared_credentials,payment,unknown,unknown,0.011945344499755723,0.08002767792966015,0.060561016592686236,0.00881840109355499,0.0017798534734123463,4798.363093916769,0
gift_card,social_media,sent_money,verification,company,unknown,0.007982622674139093,1.0280229184766927,0.052045916461862574,-0.07483225416846583,-0.007946416102551227,3007.0667092677386,0
unknown,phone,abuse,none,company,unknown,0.031463914578937234,1.0826269962471844,0.09215728841336189,1.147348885683196,0.006747145223909673,1802.9605304158465,0
bank,website,clicked_link,activation,amazon,unknown,-0.013050116857046037,0.10336167763127067,1.0524483301960408,0.16060528936614207,-4.7916117175252235e-05,-438.3467161451298,0
bank,sms | email | phone | social_media | website | app | unknown | none,clicked_link,none,bank,unknown,0.02923879957970628,-0.025018815907651,0.049914502589754564,-0.013141546446416246,0.002143248976769532,-1446.5530384763051,0
crypto,sms,installed_app,none,company,unknown,-0.00947409236493882,0.16366339941171124,1.1909209158261338,0.049838214794151764,0.011477924903719513,-1614.935419905151,1
unknown,sms,sent_money,none | unknown,unknown,unknown,0.014738763618525212,-0.03386139256976068,-0.006961706366339729,0.7668055238374037,-0.0024738079016439927,-978.2878586175386,0
unknown,website,clicked_link,none,health_department,unknown,0.004566632624116593,0.8920293504721042,-0.024967421381459097,-0.06496392664012235,-0.0010685990915760778,43.15542780479542,0
unknown,sms | email | phone | social_media | website | app | unknown | none,sent_money,payment,none,USD,0.021199744154168,0.05591879332703178,0.09963455092869783,-0.021757126329632455,-0.003895862455483037,98.84357224365695,1
upi | card | bank | crypto | gift_card | unknown | none,sms,none,payment | verification | login | download | none | unknown,none,USD,-0.011168986215789217,0.9362880003548657,0.006855629120952739,0.8615174366138314,-0.0005982634090531459,2581.1201741938726,0
unknown,phone,unknown,verification,company,unknown,-0.019061016721439852,0.9119875518955325,1.0061146527051095,1.0608153475828648,-0.004005198858362962,-1495.5903081343622,0
unknown,social_media,sent_money,unknown,unknown,unknown,-0.0015988665628889958,0.9983145309900083,0.05665862061435223,0.747641306656515,0.003962132613230925,-505.6144879400097,0
upi,email,clicked_link,mining,linkedin,unknown,0.004344442980607001,1.0741375852933266,-0.05744000894947795,1.1874967177952516,-0.003849778840683358,1954.9460162373607,0
unknown,sms,none,unknown,unknown,USD,-0.012538978279607545,0.9767623078791171,0.03665081149142291,-0.0944477280648728,0.00677223802861027,2335.7294850980375,1
unknown,phone,sent_money,none,none,unknown,-0.00590199626562408,0.8968357264000753,-0.06707256474089729,-0.004108712286929961,0.005583195771905034,-867.7821345964741,1
upi,unknown,none,none,none,USD,0.009340636774414789,1.0796340712198145,-0.03871634986684561,-0.035924005748926804,-0.0074814904899097,-3044.385821514179,0
upi | card | bank | crypto | gift_card | unknown | none,website,shared_credentials,none,mechanic_shop,unknown,-0.009227111181267266,0.9802221899227459,1.216745265879238,0.8578774617121728,0.0052974527178986834,2578.166602980457,0
unknown,website,clicked_link,none,security_company,unknown,-0.006211560570578998,1.0106652916092955,0.010408907934151376,0.04346990495528562,0.006500106684321456,701.3933045011167,1
unknown,social_media,sent_money | shared_credentials | clicked_link | installed_app | none | unknown,commerce,unknown,unknown,-0.0009716669704340177,-0.06952551162633824,0.8376346747845895,-0.004838207660791221,0.002513564148759589,-715.906638670926,0
unknown,phone,clicked_link,download,unknown,unknown,-0.003192592289765399,-0.0027289347018655363,0.07955237997676119,0.9683019161952595,0.0018203043505569743,393.71944740041516,0
upi,sms | email | phone | social_media | website | app | unknown | none,unknown,none,netflix,unknown,0.0034854940497683297,-0.05495291161438406,-0.03598984819834709,0.7849663923346794,-0.002320662332161092,1299.0981094734948,0
bank,unknown,sent_money | shared_credentials | clicked_link | installed_app | none | unknown,payment,none,unknown,0.023302490508016378,0.02440491555750524,1.1428540864664742,-0.032714429474775014,0.007373670733332005,1892.129119354243,0
upi | card | bank | crypto | gift_card | unknown | none,email,shared_credentials,unknown,unknown,unknown,0.02507266032901028,0.9555275568847016,0.07268954315371891,0.8568300677582852,-0.008313450383670143,-2176.2168317198957,0
upi,sms,clicked_link,payment,wise_security,unknown,0.011933102325724391,-0.04683652195001628,0.06065872340435042,0.7468452323557999,-0.00639378269243447,203.23711024731261,0
crypto,website,installed_app,verification,unknown,unknown,0.007540154172544155,1.070157372841715,-0.039398013916836644,0.8738331718021101,0.0035125624626257657,-1609.9797999390748,0
unknown,sms,none,payment | verification | login | download | none | unknown,company,USD,-0.013205782344829609,0.9023269918412764,1.0842899158297596,0.060713344977235864,0.009500754108321945,674.4820340033175,0
unknown,email,clicked_link,payment | verification | login | download | none | unknown,none,unknown,0.00620587034589807,-0.010427778659061556,0.010786426158333603,-0.022565787284465177,0.0028285268009408493,2006.7161018299732,0
upi | card | bank | crypto | gift_card | unknown | none,email,shared_credentials,payment,none,unknown,0.0067214796429216316,1.0814201969557344,0.07378556615854447,-0.034872029695088756,-0.0010239337112596635,-2307.073529946753,0
crypto,sms,installed_app,payment,bank,unknown,0.0017030507666589095,1.0503194246898304,-0.02215793416966482,-0.05159397117101085,-0.013592065878066616,902.1662885659356,0
unknown,unknown,shared_credentials,verification,none,unknown,0.011145047136995392,0.17680558864832008,0.08598438307372006,-0.02097139891913339,-0.012660580537586572,23.45923921792312,0
unknown,website,shared_credentials,none,unknown,unknown,-0.0036774564614761754,1.1880782408251438,-0.00815290519351275,-0.05546494284034754,-0.006249748228817463,536.5250097749116,1
upi,website,sent_money,payment,bank,USD,0.0024288320804719972,0.07388562167194936,1.069354112878002,1.0547689923629926,0.006757862513610563,247.97592048693082,0
unknown,social_media,installed_app,unknown,none,USD,-0.004902041104546996,-0.029878721751155347,0.052724356813779634,-0.0996752389400382,-0.0060384440818085075,529.8053832311397,0
unknown,unknown,sent_money,commerce,post_office,unknown,0.017856605405785066,0.20504685346500906,0.8717181246290842,0.038605126863511086,-0.0008849652657940878,885.9670128774428,0
unknown,social_media,none,payment | verification | login | download | none | unknown,company,unknown,0.026505353713541128,-0.06632286288041052,1.3262441896294073,0.9822105183474582,0.002028586428614566,-1669.1992129628275,0
gift_card,sms | email | phone | social_media | website | app | unknown | none,sent_money,payment | verification | login | download | none | unknown,none,unknown,0.021965830683219542,-0.10281555010934655,0.9905036344888574,1.0216772302399202,-0.005707101382583182,-233.27110441963362,0
unknown,sms,none,none,unknown,unknown,-0.007359006496352746,0.936009554238475,-0.00851997108106365,0.09017239644962234,-0.011630621222593552,462.75196894796335,1
upi,website,none,none | unknown,google,unknown,-0.015164750154555777,0.9435700786952715,0.017588419436202752,-0.03867421744683583,-0.0013379687550779046,1537.876867772695,0
upi | card | bank | crypto | gift_card | unknown | none,sms,received,verification,none,unknown,0.00470935622253154,1.033799120953283,1.1586598768097993,-0.007833474949909476,-0.0018908083295932103,-952.833404938049,0
upi,unknown,sent_money | shared_credentials | clicked_link | installed_app | none | unknown,none,company,unknown,0.012227968816101109,0.0521903279785839,0.0019490887523069664,-0.09098285731360163,0.0031142421846259735,1587.7687240254968,0
upi,email,unknown,none,boost_mobile,unknown,-0.01269541996471198,-0.03192999197984939,-0.03207722094922837,0.09571757814515668,-0.0014494433428745282,-162.2050299629713,0
unknown,phone,none,none,unknown,USD,-0.01750841981331093,1.0380769530976452,1.0259365663213846,-0.09735424835995478,-0.007521102382031465,3790.3180709677194,0
unknown,sms,shared_credentials,payment,security_company,USD,0.006841787699325368,0.1364064015046771,1.0865093440813858,1.2253385741493381,-0.006913980032767626,1288.0984736377811,0
unknown,phone,sent_money,unknown,unknown,unknown,-0.0014631222615161005,0.8863762499870185,-0.004203351899495092,-0.10558905117325813,-0.0008049340172002245,-215.55045262606848,1
crypto,email,sent_money | shared_credentials | clicked_link | installed_app | none | unknown,payment,company,USD,-0.00033415953444540394,-0.10025044196181455,0.02797107954670959,-0.1032794716473038,0.0008809774759778982,2374.62403197591,0
card,website,unknown,payment,bank,unknown,0.023468568923050683,0.9269700801750304,1.1644615706365236,-0.03838076168566857,-0.005495459448822645,2729.0272450127904,1
upi,social_media,utilize,payment,unknown,USD,0.004921692963893237,0.8386353803238547,0.1044546878185067,-0.05090391998901644,0.011658575555624317,1418.1035579697846,0
unknown,sms,clicked_link,unknown,cloud_storage_provider,unknown,-0.0076931935754397645,-0.12404632480185697,0.9587019226422937,-0.03694482149015895,-0.005473800896443387,-173.5239725413221,0
unknown,website,none,credential,company,unknown,0.025578399657658207,-0.047482460047283674,0.04366468779819342,0.050238855344518815,-0.008379748473329951,-1131.946263614654,0
upi,email,clicked_link,unknown,landlord,unknown,-0.030007371043036392,0.112018181036747,0.0445664175328162,-0.05463715666906068,-0.013637252034711783,-1407.4600961926656,0
unknown,phone,clicked_link,payment,bank,unknown,0.021531395318229528,0.9280470437427082,0.011546731700420835,0.850087957023317,-0.0057890034450888694,1933.4054450838928,1
crypto,website,none,none,unknown,unknown,-0.02584639211394261,1.0328635700991742,0.009551756771380107,0.09520046460869863,-0.0033013455037826803,1019.1334989195873,0
unknown,sms,none,none,none,unknown,-0.01012054210921102,0.0022772498620980183,1.053075324859309,0.9242973647438834,-0.0032032004406352312,1523.225980983936,0
bank,unknown,sent_money,none,bank_|_government_|_company_|_individual_|_none_|_unknown,unknown,-0.013721016816925424,0.0697813906745255,1.0961009694465607,0.07871565352959277,0.0013519481401648356,-343.9589386209757,0
bank,email,shared_credentials,none,cowboy1113,INR,-0.00017244995519677546,1.0663539674736016,0.01626358254877638,-0.13240499494578067,-0.005300274047050696,-1000.0458892304223,0
crypto,sms,sent_money,none,none,unknown,0.013286171012450873,0.91782372491365,0.0071399750661643845,0.967502502045058,-0.012521806045410352,1967.7548630762858,0
unknown,email,sent_money,commerce,doctor,unknown,0.037016334659704525,0.9049300714931334,0.02208924710014115,-0.013507998408826239,0.006271205779256748,-2547.3263596484126,0
unknown,unknown,none | unknown,verification,verizon,unknown,0.001894945643643269,0.920833698901275,0.04755509900286226,-0.028748608989794096,-0.0018755977451821344,898.263650600371,0
unknown,email,shared_credentials,none,company,unknown,0.000740416403749607,-0.07756698966663023,0.08558442130043027,1.0955774552809379,-0.004013611419138258,-718.8797909292755,0
upi,sms,sent_money,none,bank,unknown,0.0072092134692225696,0.07273052741671862,1.033725283310695,0.01782504289997533,0.0030621308774918424,1323.2648671089069,0
unknown,email,none,replacement,company,INR,0.009632945858960715,1.01274925275154,0.8239953710331873,0.06533341780496346,-0.009229026333607745,324.60213928206355,0
unknown,phone,sent_money,none,unknown,unknown,-0.00319597709160027,0.03693320070548409,-0.09107255047740191,-0.03494419012576539,0.0011154656976043226,-2090.1871553707265,1
crypto,sms,unknown,trade,none,unknown,0.016894841301974977,0.9247480482536311,1.2408081957248398,-0.052145373587893874,-0.00559314508022142,528.4685730149504,0
bank,email,installed_app,payment,company,unknown,0.005627763890812348,1.0133476747252477,0.9875509622155888,0.05948238865666858,-0.0025247118952340226,1729.9875982269452,1
unknown,email,sent_money,payment,company,unknown,0.009766595280878667,0.03141434995668187,1.308428583433289,-0.017128454815730686,0.011432429674807055,-2735.5297992155297,0
unknown,unknown,installed_app,commerce,unknown,unknown,0.019826261730735824,0.0563997209164791,0.020133059032397593,0.9865194250954387,-0.003130806004919436,1630.211123599337,1
upi,email,none,activation,none,unknown,0.029229007357479235,0.819317000536523,1.080177811121813,1.0596806243382308,0.001105145646689538,-1289.626666940348,0
unknown,email,unknown,none,none,unknown,-0.004780363957429099,-0.09746893778953783,1.0899880745279238,0.847086542044184,-0.004365637422439973,-1582.0324142814493,0
unknown,phone,none,commerce,company,unknown,0.0017579365451701726,0.05647614022626029,-0.05017709016200597,0.09647518744791042,0.0018134054346650226,-2106.358513529808,0
bank,unknown,shared_credentials,transaction,none,unknown,0.012467643125970401,-0.03583319361644569,-0.032558298864334256,1.0582976371614634,-0.0049464186700588055,188.26943704843285,0
unknown,website,sent_money | shared_credentials | clicked_link | installed_app | none | unknown,payment,bank,unknown,0.005794709523048788,-0.009780978041367735,-0.04518012635014743,0.9002620280156364,-0.005982873723480239,-240.15442332914125,0
unknown,youtube,received_credit,activation,unknown,unknown,-0.006822590307302988,-0.06950523894623557,-0.047986061484503344,-0.1172833200881719,0.0071630379831739525,-1581.7152401278645,0
upi,sms,none,payment,none,unknown,0.028820194089067806,0.7700059268370254,0.06026824814603199,-0.03901860228039903,-0.011485065935472128,-1542.1654067957643,1
bank,app,sent_money | shared_credentials | clicked_link | installed_app | none | unknown,none,company,USD,0.01749927778604919,0.07199267914281146,-0.020730179326151094,0.07673411952263448,0.006350123101640652,509.0536761552616,0
upi,phone,paid_upfront,none,none,unknown,0.0021732381405349063,0.04395586616800207,0.03511211164069222,1.0857250708450508,0.0010593117826430084,-251.73593285655795,0
crypto,sms | email | phone | social_media | website | app | unknown | none,sent_money,payment,individual,unknown,0.0037982266682988386,-0.014487527753053859,1.0132460407693098,-0.0639595922944536,-0.005461906834968053,-647.1190094328745,0
unknown,sms,sent_money,verification,unknown,unknown,-0.0071885344757994536,1.1248029933609864,0.06837865612370232,1.0191629829690299,0.0011261263414589268,-146.9872299178303,0
unknown,unknown,none,payment,bank,USD,-0.00043211340034644526,0.04232784506279952,0.03601115209855954,0.88138423375347,-0.008458853745065584,-512.845774296538,0
upi,website,sent_credentials,payment,unknown,unknown,0.01889666051330586,-0.02874393122676264,0.8738006027886008,0.8243862123114781,-0.012883722361265343,-1153.3895111586478,0
upi | card | bank | crypto | gift_card | unknown | none,phone,clicked_link,verification,unknown,unknown,0.019389286658225265,1.0560699973586722,-0.03645024465230729,1.1212784065774895,-0.005218307768516501,-1782.4396916357675,0
upi | card | bank | crypto | gift_card | unknown | none,email,none,transaction,individual,USD,0.012625070859788637,0.037829404279601034,0.032208765879981185,0.05514221539152618,-0.006943130977221001,3126.5676939110717,0
unknown,website,unknown,payment,unknown,unknown,0.0018334670865441135,0.9464096411274697,-0.03534118949388307,-0.0020521591657212514,0.0012752522747020783,607.4289751516499,0
unknown,email,none,payment,none,unknown,0.015717180568113366,-0.08087525921389616,-0.10265563676790769,-0.04622747165070385,-0.006917257660629191,-1055.5495566382779,0
crypto,unknown,none,none,netflix,INR,0.03011932591114943,1.182999090204997,0.07158871679583771,1.1192529352890725,-0.0030201213264816123,-2152.8731242108197,0
card,sms,abuse,none | unknown,bank,unknown,0.016999322012357206,1.1267870205831612,1.3713969764899747,0.73375205740423,0.0008431994604995268,1820.2231279305588,0
unknown,sms,sent_money,credential,unknown,USD,0.03533804182386646,1.0291122243295603,1.1296030030813846,0.8211701248879841,-0.014086644155514331,1502.1977481942868,0
upi,app,none,payment,company,unknown,-0.013922373020943447,0.8709617872533723,-0.020845172199258546,-0.06822230634353031,-0.0022342567943553324,470.9782373451742,0
crypto,email,unknown,transaction,company,USD,0.017562900683059608,-0.05653198641042788,0.9000197190497579,0.8000669294068246,0.0011154416818538236,-2029.995540234803,0
unknown,none,clicked_link,none,bank,unknown,0.010105075464365768,0.05360650371681155,0.053551593796903406,1.1909640498191205,-0.0005563741320260568,-776.8271468953337,1
upi,phone,none,payment,none,USD,0.01240844480652191,1.115476405614633,0.08039362352022501,-0.06754906529352196,0.0005465965232736993,-559.4265598620792,0
unknown,sms | email | phone | social_media | website | app | unknown | none,unknown,none,none,unknown,0.007904976394587418,0.9105306202492544,0.8566462789981988,0.884671589169056,-0.01339237804515766,31.28406388203101,1
upi,sms,none,credential,individual,USD,0.009972248381791825,0.014916216218756908,0.7500683661246778,0.056528112431439924,0.0030740413845354534,-2229.5760192759667,1
crypto,email,sent_money | shared_credentials | clicked_link | installed_app | none | unknown,none,none,CROWNS,0.01551726045555544,0.966425276560953,0.046223539996682446,0.0626873124746691,0.004674937316728131,-28.119244557531687,0
unknown,website,clicked_link,transaction,unknown,unknown,-0.002119067465277442,0.10829577748185604,-0.05703362982782519,-0.0004703780511412692,0.0011448608456945631,981.6578992483701,0
unknown,sms,none,payment | verification | login | download | none | unknown,none,USD,0.008137396293502684,1.0728527388796518,0.08464694757930685,-0.11495100760281979,-0.006602744781688252,1800.19785823456,0
unknown,website,sent_money | shared_credentials | clicked_link | installed_app | none | unknown,unknown,unknown,unknown,0.012008945905960838,0.08944369612215541,0.0476509943623464,0.036590593848701475,-0.00268937614957033,417.16186793304485,0
unknown,phone,shared_credentials,unknown,unknown,unknown,-0.021491318344692437,0.8183863666511142,-0.08004679050265182,-0.017447206566031756,0.003080200641416116,1311.2648531359694,0
crypto,mail,sent_money,none,bank_|_government_|_company_|_individual_|_none_|_unknown,unknown,-0.025214597834720517,0.9224123233549064,-0.08222908385980753,0.9258177521491239,-0.011083572706958054,2453.885258416794,1
upi | card | bank | crypto | gift_card | unknown | none,sms,sent_money,none,unknown,INR,-0.017141066100819738,-0.09899308038466355,-0.09206091656119515,-0.04863991781793315,-0.008531741547829673,-72.4417556425809,0
unknown,email,none,payment,none,unknown,0.006667977018960351,-0.11739052377751427,0.0532686209281517,-0.02398707642195115,-0.005181913464880052,3598.751861584803,1
unknown,sms | email | phone | social_media | website | app | unknown | none,abuse,verification,none,unknown,0.017792125404892657,-0.10712051376057126,-0.03671591858199359,0.8884722199445686,0.004590754280006583,-1351.7423943926597,1
upi,social_media,none,none,bank,unknown,0.03405726567784173,0.9598889536492347,1.3167985053643618,0.8421914163234704,0.0021245615903922113,-469.9153672612479,0
bank,sms,sent_money,none,none,USD,0.013306392596073878,0.0688268358685201,0.032039392954876206,-0.015882639887449174,-0.003545942529083767,-1162.1633702629495,0
unknown,phone,installed_app,none,bank,unknown,-0.0003057157030318577,-0.10429219197954824,1.068000945390582,-0.10310949820137519,-0.0031110345162397037,1104.8499431737232,0
unknown,sms | email | phone | social_media | website | app | unknown | none,shared_credentials,none,individual,unknown,0.00951961030471206,0.9389832796737776,1.2424193455718027,-0.10205737449473712,-0.0003400414262156329,-935.2882716858726,1
unknown,email,unknown,unknown,none,unknown,-0.013172972205960424,0.09027112231746928,-0.06916004016628732,0.8586929854092554,-0.00019158409995019484,-118.81236809463464,0
card,email,none,commerce,boost_mobile,unknown,-0.014004385726466232,-0.09940991925634585,-0.018837518714660238,0.9791376330017257,0.0015553591975234159,1912.8807618062103,1
upi,discord,sent_money,none,none,unknown,0.002272019046893616,0.04407608081495537,0.03419016833186126,0.024052656335843164,-0.0034034012186499514,3017.826590394854,0
bank,none,clicked_link,none,none,unknown,0.015016557560337998,0.09506746040554617,-0.017916715075388057,-0.04114849670644672,-0.002959983537865531,12603.873953898039,0
unknown,unknown,sent_money,none,none,unknown,0.007747162458356279,0.02022989233356219,0.00285182777056442,1.2045614080202975,-0.006081208824305549,-1153.5484859789044,0
bank,telegram,sent_money,payment,bank_|_government_|_company_|_individual_|_none_|_unknown,USD,0.0068883102361414605,-0.10623769995355413,0.08401186618111178,-0.001545525147448833,-0.004683447768340714,2844.1839518850174,1
unknown,sms,none,none,security_company,unknown,0.018604608054258523,0.8826669217528444,0.8683914308813329,0.06623532568185539,-0.006499398742313199,2030.2018526947093,0
crypto,sms,received_credit,verification,individual,USD,-0.0036167812812457636,0.06004081294573021,-0.09621369214666212,0.8577871839186697,-0.01427999496278078,371.0727087679513,0
unknown,email,sent_money,payment,company,unknown,-0.003176640107448395,0.13662099658677143,0.04911254437887797,0.060631957639509536,0.015838481428409414,437.7844887473529,0
upi,phone,sent_money,payment,unknown,unknown,-0.016556383459311978,0.9796935984436734,0.012218484273910127,0.005026195576506708,-0.002641788417875275,2394.8851789458663,0
unknown,phone,none,none,none,unknown,-0.009575180688496072,0.002899535654694376,1.1267116251263916,0.9451976925135379,0.007806535319057533,1696.172749223642,0
upi,email,sent_money,transaction,unknown,INR,0.01562679782600844,1.017630202704797,1.2405201232737422,-0.021311334667383074,-0.011263241845581598,-220.99647113828973,0
upi,email,none,verification,bank,unknown,0.028709425421887574,-0.05091219662116208,0.006600450989872461,1.0920596020025573,-0.0023154999899668988,370.01678637950386,0
unknown,phone,none,payment,bank_|_government_|_company_|_individual_|_none_|_unknown,unknown,0.023952483706833172,-0.04883193535589508,0.020421461965148737,0.991274176788109,-8.80634161449684e-05,1065.7203591327316,0
crypto,sms,sent_money,none,ice_agent,USD,0.019536593486911856,-0.04323290470825246,0.9389139365740005,0.8454865879518193,0.008334236015176992,-1025.0371187182052,0
unknown,email,clicked_link,transaction,none,USD,0.012996634241788745,-0.1094502435338138,-0.033473341913972256,0.011070103507807247,-0.008281743850114768,-802.5423580543904,1
unknown,email,none | unknown,payment,unknown,USD,-0.014027908044950433,0.851025846603583,-0.038456664031451177,-0.04573918105516853,0.0013368009886599685,2926.882911878082,0
unknown,website,shared_credentials,unknown,microsoft,CROWNS,0.006484231897803799,0.9754975434235857,-0.024252998807031936,-0.06959710435032632,0.002450454411019272,951.5889752272487,0
upi,phone,none,unknown,unknown,unknown,0.0018301418584857013,0.8930655127386633,1.145033692449144,0.013032027551383064,0.00539399133617037,-454.66619230747506,0
crypto,phone,none,phishing,unknown,unknown,0.0317861578269371,1.0491962615617467,1.348780449083985,1.1062112572783809,0.0064082427840925285,1846.1227111067665,1
unknown,sms,clicked_link,payment,none,unknown,0.014501268729146422,0.9605172091354126,-0.018471410063687896,0.9456781966055497,-0.005262799556723331,216.45974398627942,0
unknown,email,sent_money | shared_credentials | clicked_link | installed_app | none | unknown,trade,none,unknown,-0.010296311613270952,-0.08444865373991807,0.04470513098589273,0.918327445437299,0.010371200808501433,-95.65111004136709,1
card,sms,unknown,none,unknown,unknown,-0.00040895555643890886,0.12994311503951228,0.069268310941305,-0.0618815546461302,-0.007860940391955,1884.4285341584045,0
crypto,sms,unknown,payment,none,unknown,0.016603241414003975,-0.06037091992501046,1.196478383951194,1.094734312154394,-0.004306349321518173,159.27564487320666,0
crypto,social_media,clicked_link,payment | verification | login | download | none | unknown,unknown,unknown,0.014796369090051414,0.01370247229957018,0.9920391032358129,-0.035803710505446874,0.008886486551203159,-3032.707246872931,0
upi,phone,clicked_link,unknown,netflix,unknown,0.007436428168677487,0.1619319000059097,0.019732056317985386,-0.040553701081772045,-0.013004363917651848,1138.2434442794358,0
bank,sms,clicked_link,credential,bank,unknown,-0.019290247764097986,-0.034134069777370435,-0.025026164801089375,1.0326701089444736,0.0017417942517684868,961.7026818715412,0
unknown,email,sent_money,payment,linkedin,USD,0.013588059939500872,-0.07601753727211151,0.016547243297177033,-0.017828291478103123,0.0012374051486808311,-1206.816424573104,0
unknown,email,none,none,unknown,unknown,-0.006872475523066142,0.8887175249033236,1.1106772775406788,-0.139181879583588,-0.0044628651883346715,527.5284566744297,1
upi,sms | email | phone | social_media | website | app | unknown | none,shared_credentials,phishing,none,unknown,-0.0006483046203522433,-0.12161340998496045,0.08131601325328992,-0.008105312808909217,0.0037091021438932386,1874.6835069245035,0
unknown,sms,shared_credentials,payment,none,unknown,-0.008518467046454642,1.0541540098832727,0.9616611955224467,-0.032192588262814764,-0.009715113477009511,2984.1882939155107,0
bank,email,unknown,payment | verification | login | download | none | unknown,bank_|_government_|_company_|_individual_|_none_|_unknown,USD,0.02637637854177609,0.0021009413070272693,1.1700135527227922,-0.06249936182039136,-0.01472686020896562,-123.40169973501442,0
unknown,sms | email | phone | social_media | website | app | unknown | none,none,payment | verification | login | download | none | unknown,cyber_police,unknown,-0.012229471494160933,1.1332527390329492,-0.040454940460866264,-0.11484778436610328,-0.0010214905002075524,-2281.3247789780567,0
upi,sms,sent_money,credential,none,unknown,-0.01730374264779143,1.1290697514858952,-0.02717498277951021,0.8459063260824679,-0.009332549880703877,29711.63696491747,0
upi,unknown,shared_credentials,download,company,CROWNS,0.010893603450811385,0.018051543520361372,0.012598016772821,0.9081349753325134,0.0023398172420009138,-1119.5949540632962,1
unknown,social_media,installed_app,none,unknown,unknown,0.007409720154348703,-0.02108448418382419,1.2793830558305572,-0.0720198917853601,-0.0004175288651720752,1449.2073046725184,0
upi,website,received_money,credential,unknown,unknown,-0.007252851399404583,0.9371909491916408,1.4087446540496151,-0.13830745184290927,-0.008589334450015172,2171.693320157618,0
card,sms,shared_credentials,payment,none,unknown,-0.029230693339466624,0.9888387558985251,0.014598589711516483,-0.005047240147650814,0.001668910886697426,-1312.5912905894143,0
unknown,sms | email | phone | social_media | website | app | unknown | none,changed_password,none,unknown,unknown,0.011450187496470896,0.0817163342208403,0.11181250609601787,0.8303178707741057,-0.001541279703302612,-1599.7896432084556,1
unknown,none,none,none,company,unknown,-0.007904673212919468,-0.1034457144330555,-0.014777463081686445,0.03591591805922133,0.008211055054215998,-510.04238905152744,0
crypto,social_media,shared_credentials,payment,unknown,unknown,0.006313105039771343,-0.16759275927939762,0.9394528082757687,0.9375564224605583,0.002361033852362839,-1131.5700232067138,0
unknown,sms,none,payment,bank_|_government_|_company_|_individual_|_none_|_unknown,unknown,-0.0026060845100133487,0.06876596262690479,0.054712391241058235,-0.02403734244969799,-0.011373595263286998,1462.4593422908417,0
upi | card | bank | crypto | gift_card | unknown | none,unknown,clicked_link,trade,bank,unknown,0.0032726513263583007,1.1237152072590268,0.05308233324637495,0.7432850707433144,-0.0003162900121227238,-78.68187276915653,1
unknown,youtube,sent_money | shared_credentials | clicked_link | installed_app | none | unknown,payment | verification | login | download | none | unknown,bank,unknown,0.012979952320215277,1.0509536616207367,0.8237346179469818,0.0977843718934642,-0.006987812803105692,50.10105022268379,0
upi | card | bank | crypto | gift_card | unknown | none,phone,clicked_link,none,none,unknown,0.0212587857171543,0.07096094600904963,-0.09617490474879735,0.811526762492993,-0.0060687989462760205,-458.1756260885475,0
upi | card | bank | crypto | gift_card | unknown | none,email,none,payment,bank_|_government_|_company_|_individual_|_none_|_unknown,unknown,-0.011592324740253929,0.8669165788927525,-0.034173513253238835,0.8393415865515284,-0.015275124130408975,772.3647049286426,0
bank,social_media,sent_money,none,company,unknown,0.004405111207929816,0.0983779035042867,0.10578383870934764,0.09496649342462224,-0.0028694441584847697,1620.6093029514882,1
upi,sms,none,commerce,unknown,INR,0.004972276630828666,0.14977527490967707,0.06476680934847497,1.0859744605691461,-0.004608931593276497,1583.8535490212616,0
unknown,email,shared_credentials,none,bank,unknown,0.031132258358215634,1.1724523917969027,-0.02343792044547212,-0.05409530989565001,-0.0033856992611653834,-3182.6631541558377,0
unknown,email,installed_app,payment,none,unknown,0.008543147122158751,1.0808335774412876,0.8813237352370877,-0.10690845430693337,-0.012846019721308239,1888.274432330398,0
gift_card,social_media,none | unknown,unknown,none,unknown,0.012683854533111326,1.079164817233389,0.0784926203558623,0.021587896502980097,0.005411578174677003,809.7992684165822,0
unknown,email,shared_credentials,none,bank_|_government_|_company_|_individual_|_none_|_unknown,USD,-0.00036520940253776584,0.7602063301704771,0.9431108636153105,1.1691753435297167,-0.0023082404462563145,-1017.8695515376007,0
upi,email,none,payment,verizon,unknown,0.031654788326628554,1.065049617951273,-0.0350602169491027,-0.023092339456516314,-0.002151706828667708,-1299.5967146312137,0
crypto,email,clicked_link,none,company,unknown,-0.02310331583867268,-0.1671911145675472,-0.0010720429840954228,0.785040587385872,-0.008270025730115914,-1154.6735882637277,0
upi,unknown,sent_money,payment,individual,unknown,-0.019503423911031433,0.0453911760593695,0.05236064554679439,-0.04552576982701808,-0.0055613560577838965,1241.237091052096,1
card,email,sent_money | shared_credentials | clicked_link | installed_app | none | unknown,none | unknown,none,unknown,0.026162810503687163,0.016608874604715686,-0.07116294824712961,0.09518990046874319,-0.012566275906192814,-1314.6818740996976,0
venmo,sms,sent_money | shared_credentials | clicked_link | installed_app | none | unknown,unknown,none,unknown,-0.010479004317050275,1.077608557616226,0.025095072977787024,0.7053584476154231,-0.004610435188090339,-2752.5170988707737,0
unknown,phone,clicked_link,debt_collection,unknown,INR,0.017510024452864592,1.2111484324968471,1.0845817772495683,0.08671105822194389,0.008593195764480237,1442.6826161552926,0
unknown,phone,shared_credentials,payment,bank,unknown,0.021568099085353204,0.9508965441684673,1.0002818280326282,0.07245384871986599,-0.011175043479792946,-643.0585598774455,0
bank,website,none,payment,dropbox,unknown,0.0044576789818605135,0.09944744953354297,0.06336099368053526,0.8175055969997316,-0.0003415599982434416,-3193.143084501916,1
unknown,sms | email | phone | social_media | website | app | unknown | none,sent_money,none,unknown,TON,-0.003534508473770588,0.8748929687684216,0.8673111245556336,-0.06177216899443969,0.001209668001017695,792.9528488866064,1
unknown,email,clicked_link,none,none,unknown,-0.0001469418902533003,0.9008226162165881,-0.06814988085330424,-0.14391137149382874,-0.0033933968312818055,-1928.2299416366689,0
upi,email,sent_money | shared_credentials | clicked_link | installed_app | none | unknown,none,company,unknown,0.0024736502068029866,0.8259962559127181,0.05059298586707873,0.030485660388328832,-0.002944449523945019,2934.8655158200986,0
upi,website,none,none,none,USD,-0.002121975992941898,-0.10628832645250352,-0.0037358759727672435,0.10762637264897569,0.003956229959423528,-613.5709925567418,1
upi | card | bank | crypto | gift_card | unknown | none,unknown,sent_money,unknown,unknown,unknown,0.011224402567650988,1.2155268933974646,0.1027461535945446,-0.020614795119893878,0.006580920728913238,-2014.6942784090277,1
unknown,website,clicked_link,payment,company,unknown,-0.000424149160734984,0.1252179797376776,-0.024033323743604895,0.8123015325210607,0.0002775980271114442,-2881.4947922708916,0
upi | card | bank | crypto | gift_card | unknown | none,website,sent_money,none,none,unknown,0.005965182807767097,0.011030064023429728,0.004960395131305631,0.8010206360258392,-0.00980904638635207,-2708.69045513031,0
bank,phone,sent_money,download,post_office,unknown,-0.01733278051824782,1.1436483035248062,1.0150330382473152,-0.06770787841649133,0.0033068678206436618,-1566.2953288020924,0
upi | card | bank | crypto | gift_card | unknown | none,phone,clicked_link,none,none,USD,0.021179789309363727,0.9471084273644073,-0.020615319521805682,-0.05506235773046338,-0.00504759128401371,-751.8995719595641,0
unknown,phone,sent_money,none,bank,unknown,0.018078260307492173,0.9408477213608989,-0.07240342383196234,-0.022809116312979945,-0.01401463031723579,1180.389284727196,0
upi | card | bank | crypto | gift_card | unknown | none,sms,sent_money | shared_credentials | clicked_link | installed_app | none | unknown,payment,crypto_project,unknown,0.018228775586993668,-0.057473272202193164,0.03262155376491549,0.7983098790875705,-0.010452543200154117,-12532.655897658151,0
unknown,email,clicked_link,none,unknown,unknown,-0.004574018726168754,0.03657915677092718,0.04038898988604587,1.0693584145235948,-0.0001528379005846939,-38.528605593154865,1
unknown,mail,unknown,verification,unknown,INR,-0.0039994610983289484,0.9722758752888286,0.0006839923612329073,0.01660921681255625,-0.005762526602245392,602.9058183957995,0
upi,email,none,none,unknown,unknown,0.005096911924087963,-0.026491276278825377,0.11945721203940918,1.0978674019057373,-0.001018883616594976,-583.0655986429325,0
upi,website,none,payment,unknown,USD,0.026527511997971237,1.1470243618751776,-0.05542831403780022,-0.01963163084266431,0.005134038587792149,333.75120481173474,0
unknown,sms,none,payment | verification | login | download | none | unknown,bank,unknown,0.008437093790494513,0.015330868601158221,0.06467254086192031,0.007886860274766691,-0.008883089889302094,252.69391833346128,0
unknown,email,none,credential,unknown,unknown,-0.004694631762383009,-0.08298438386271302,1.1092413068869509,-0.003907726181195448,0.002789444821574657,20.082720665128065,0
upi,phone,shared_credentials,payment | verification | login | download | none | unknown,none,unknown,0.009760226417519533,1.02648720259648,1.3729993708406842,-0.04431029197733487,0.0036747567492314173,-2027.4644801493703,0
unknown,sms,shared_credentials,transaction,unknown,unknown,0.02334533306046597,0.0080306496717997,0.04190310206358385,0.8159154319365198,-0.004547666891672332,-218.8210364332922,1
card,sms,none,unknown,bank,unknown,0.02211049919951421,0.9786667931598787,1.3555655153641217,-0.03191315394584469,0.005323997431341397,2105.0661975011985,0
unknown,email,unknown,unknown,individual,USD,0.005900944262393066,0.082669854002334,0.951579239854926,-0.0633718171425341,0.007235100375035024,-800.7641019043914,1
upi,sms,sent_money,none,bank_|_government_|_company_|_individual_|_none_|_unknown,unknown,0.008671920027520956,0.09014186845644706,-0.08045053829684873,-0.08719055394174957,-0.00575294014114408,-1116.4977885203646,1
unknown,sms,shared_credentials,payment,company,USD,0.0300121727559198,0.8755465440418347,1.303710479243359,-0.1401923484852119,-0.009221274467011934,-1789.1788022886076,0
crypto,sms,utilize,none,individual,unknown,0.01010716260080998,-0.012571838835230303,1.0440085998067068,0.9454587743912931,-0.0021019823477801693,460.34753941549474,1
unknown,website,sent_money,none,unknown,unknown,-0.01096581846330084,1.1265963601354683,1.2028151605109756,0.8905391096553492,-0.002564402621667208,-477.09867036410134,0
unknown,youtube,none,payment,unknown,USD,0.003254793099235871,0.0672552822505947,0.10853730611859279,0.07914420324506362,-0.00230673841768707,1251.322815543067,0
unknown,email,sent_money,none | unknown,bank,INR,0.007971128253715726,0.020414211223648195,-0.027954173354455564,-0.0740662704446398,0.0025311207065373325,-593.8563699993499,1
unknown,website,installed_app,payment,netflix,unknown,0.015809046175784044,0.13587962922952448,-0.01567517607133888,0.831627928075409,0.005504578124320834,787.618338932252,0
upi,website,sent_money,payment,bank,unknown,0.0038709683036231234,-0.00718771463955597,-0.061990089225534575,1.0669094685473992,-0.0022011573472710236,-138.05492914053525,0
card,email,sent_credentials,payment,bank,unknown,0.008812890861138872,-0.02087017373347056,-0.0026225242493750907,-0.05085174004667324,0.011482796968581588,-173.60092346295642,0
unknown,website,unknown,none,cowboy1113,unknown,0.006221465085556322,-0.19499086552819475,0.9554575264032346,0.0015775031669092998,-0.004453262542705849,2666.7414274275866,0
unknown,sms,clicked_link,none,bank,INR,0.03431554976093647,0.09406518406938758,1.0076267577324096,0.0830218109326951,-0.0036650019173857747,-36959.835438636386,0
unknown,phone,none,verification,unknown,unknown,-0.014573363645959198,0.9515621907301177,1.3963749111085926,-0.13748877557079284,-0.005683570645828077,43.60796885626892,1
unknown,website,shared_credentials,none,bank,unknown,0.004283905278322264,0.9871008210086155,0.04799865152707243,-0.08212515469738772,0.0029248735542493115,-989.5591733737231,0
bank,phone,none,payment,unknown,unknown,0.028129105413855875,-0.040274583848558775,-0.025977715909474577,0.8272146842016317,-0.007079281487614453,607.176489532649,0
venmo,social_media,installed_app,none,marketplace,unknown,0.006313233984603147,-0.03696914681837322,0.9777309694460954,0.7200204190265882,-0.012159549332396116,-1591.5743931880145,0
upi,sms,sent_money,payment,bank,unknown,0.014311004308993631,0.0046177735394019835,0.9384564030168175,-0.04655649223536033,-0.0024816218959421814,345.94366879065745,0
upi,phone,shared_credentials,none,bank_|_government_|_company_|_individual_|_none_|_unknown,unknown,0.024089200625166552,1.0368737916692812,0.037871637971150965,-0.0786534473428859,-0.00921517237805909,-2597.1097769791045,0
upi,email,unknown,trade,company,unknown,0.006620236459149712,0.8852580862107085,1.0526203853949638,-0.07117610339363441,-0.008108169491302612,446.93064620104377,0
upi,unknown,clicked_link,none,bank,unknown,-0.010190860656237644,-0.034561110540656484,0.9015084581927726,0.9446128275066731,0.0009730199280909696,-1700.1345497543466,0
upi,sms | email | phone | social_media | website | app | unknown | none,installed_app,none,post_office,unknown,-0.0066958893684047815,1.070839357267618,0.0815475872395679,-0.15706965413756724,-0.002284741034393165,-431.18322027089783,1
bank,sms | email | phone | social_media | website | app | unknown | none,none,unknown,unknown,USD,-0.01778017989549427,1.093289880804564,-0.05292429904689445,-0.018701531031627056,-0.0006212646246138272,-810.4149074765306,1
upi,email,clicked_link,unknown,google,unknown,0.012038461630793916,0.10255904372309393,1.1506079234705122,0.07940403874225876,0.008367004462569641,-2310.352288678677,0
unknown,email,sent_money,payment,company,USD,0.03301991209096375,0.9104899056671604,0.10021027507394094,-0.017530842126580876,-0.00012220367355210397,-1241.213405763753,0
unknown,unknown,clicked_link,none,unknown,unknown,0.021113112189670567,-0.008460761150661496,-0.11107764456833151,0.09668230253779629,-0.007072650007987568,-1240.9837323852198,0
unknown,sms | email | phone | social_media | website | app | unknown | none,installed_app,payment,none,unknown,0.019565785585500404,1.1163724559529937,-0.020514195847735527,0.1379708060282605,-0.0018650779328209448,-537.5092959332962,1
unknown,sms,unknown,payment,unknown,unknown,-0.006525333912960321,-0.06890092953482911,-0.061678704029816636,0.9493166248834894,-0.010899233026944009,2321.8433576681873,1
bank,email,utilize,payment | verification | login | download | none | unknown,company,unknown,-0.01420931572498927,0.958858176634109,-0.004726309451480433,-0.08752880143345575,0.005272683081666756,1285.5582369570325,1
upi,phone,none,none,none,unknown,-0.004557283077582035,1.1025816421906003,1.3239849391088248,-0.11757070258322554,-0.0051678480663107,1539.5093970041257,0
bank,website,none,verification,none,TON,-0.01349388808069171,1.036449622903794,1.104879906047548,0.8464075608293179,-0.00913340710091494,-1461.4925356501312,1
crypto,sms,sent_money,activation,cowboy1113,unknown,-0.002134743743579335,1.1232694541282935,1.2010545022533055,-0.08106732546368511,-0.01297893959117806,-1477.9746055717308,1
upi | card | bank | crypto | gift_card | unknown | none,social_media,none,none,bank,unknown,-0.009327134445797114,0.9827396551334857,-0.08701768774555327,-0.004440928997526288,-0.005575817716236481,-92.99270853995218,1
unknown,sms | email | phone | social_media | website | app | unknown | none,none,trade,unknown,unknown,0.030167336370191346,0.9907202416679561,0.025263209651167233,-0.08441552264392942,-0.008616037876243791,-1379.4524810502926,0
upi | card | bank | crypto | gift_card | unknown | none,unknown,changed_password,unknown,none,unknown,0.01279449551962477,0.954046304887948,0.05334084292561457,1.0053925516767066,0.004075990503223797,-59.8986584803222,1
upi,website,sent_money,payment | verification | login | download | none | unknown,none,USD,-0.007983096321874515,-0.022082758425204175,-0.07379245566572198,0.9418901157299535,-0.003218796843298887,-442.1482176904906,0
unknown,phone,sent_money | shared_credentials | clicked_link | installed_app | none | unknown,payment,bank,unknown,-0.015220073808225043,0.863140017398733,0.017547993360921565,0.9795048475764452,0.00823056680733327,150.40879196144607,0
gift_card,email,unknown,none,none,USD,-0.009630381718158623,1.0242217157718063,1.2161678741500446,-0.0481193609067428,-0.0042257770006759775,2614.4560307712645,0
unknown,email,sent_money,none,company,unknown,-0.007421683165847419,0.07323653710016637,0.7288318822547339,1.2516480964149201,0.0027257205938704884,-920.9179172933468,0
unknown,sms | email | phone | social_media | website | app | unknown | none,utilize,unknown,boost_mobile,unknown,0.0037528017427593575,-0.1139127862168645,1.0950607486088508,-0.03601801322220117,-0.0005959488258386251,720.1523332913816,0
upi,none,clicked_link,none,company,unknown,-0.016643237916852526,0.9297059873570115,0.07612518113275897,0.7278164104215094,-0.0110157261234726,190.74513059839654,0
upi | card | bank | crypto | gift_card | unknown | none,sms,sent_money | shared_credentials | clicked_link | installed_app | none | unknown,none,bank,USD,0.01647918005166271,0.09190271425723723,0.021066321771083505,1.0988377488021293,0.0022567572026559544,-1398.1445594690997,0
upi,social_media,installed_app,payment,unknown,unknown,0.006540633884233157,0.095079349387104,-0.05548592422668279,0.8234589778863066,-0.005273794593799555,-2205.504129541423,1
crypto,phone,sent_money,payment | verification | login | download | none | unknown,company,unknown,0.016229580782239513,0.07081975486532568,0.05367991071637786,0.8347981796833179,-0.004250473284452577,-36.865363848176756,1
bank,phone,none,none,netflix,USD,0.01900521183504506,0.05895679037363683,0.02965428348793598,0.7865378478076699,-0.006275481105477008,-363.37625887731474,0
upi,phone,clicked_link,payment,company,unknown,-0.017310620969652694,0.9384324317570173,0.056001617210746,0.8039136211563145,0.00795239393554939,-1678.1307544091721,1
unknown,phone,shared_credentials,none,unknown,unknown,0.015497650727800998,0.009700444366294825,1.2527445693085846,0.04742605836071871,0.008487508711513077,1155.3225745117463,0
unknown,none,installed_app,phishing,bank,CROWNS,0.014173364550197333,0.12302479039801971,-0.00031348678648982875,0.009478413984928474,-0.004843750814594579,-1815.004843454469,1
unknown,sms,installed_app,payment,post_office,unknown,0.026728433329223172,1.1467505205389983,0.030870358125096937,0.7811104154819621,0.005869239544874154,-3215.6355658596026,0
card,youtube,clicked_link,none,company,unknown,0.0072286651763498,0.0618966291456331,-0.031954282583264826,0.07710223188256911,0.006743820086628644,-1367.5106285969612,0
unknown,sms,sent_money,none,none,unknown,-0.0033564565197712133,1.1326450294516968,0.770480600373435,0.03909047554665374,0.001190916268091483,-1230.6754431458896,1
unknown,app,sent_money,debt_collection,company,unknown,0.005238694983729747,0.9906809815265045,1.0382349838312985,0.05409647140020931,0.0011732636473117443,-824.105353704862,0
unknown,sms,shared_credentials,unknown,bank,unknown,0.010409365040784366,0.9733077146120067,0.8168328486598215,1.0313232864942483,-0.011751010091518285,40.34296693932959,1
unknown,sms | email | phone | social_media | website | app | unknown | none,sent_money | shared_credentials | clicked_link | installed_app | none | unknown,payment | verification | login | download | none | unknown,company,unknown,0.002349204380275716,0.9204527422257931,-0.005596529254446394,0.004483758888371461,0.0037484728343469497,-957.2978831830078,0
bank,website,installed_app,none,unknown,unknown,-0.007469962892038104,1.0017193602738008,0.023440028103624912,0.9394744342257703,-0.00744485550668673,-783.6832914504032,0
crypto,email,installed_app,none,company,unknown,0.0010831115899417923,-0.053154411621857904,-0.049556496088710586,-0.12517725109019154,-0.008445908211383626,-2618.5300184108987,0
unknown,social_media,unknown,commerce,bank,unknown,0.009387232000719397,0.032033689649039195,0.03651643779700521,0.9208059407720331,-0.0025330599789400447,419.69128010875573,1
upi,email,sent_money,payment,none,INR,-0.016727586799328006,0.8104239298665185,1.0702756773463913,-0.016568358992009327,-0.002945877155895871,1750.0537102344895,0
unknown,email,sent_money,none,unknown,unknown,-0.007427036904697345,0.9599571559941811,0.8342724533942086,0.8640764689611425,0.0021180932612442586,-24.351525161475408,0
unknown,email,sent_money,credential,none,unknown,-0.017107699729342767,1.050527506989584,-0.026501148323776074,0.10800025182581638,-0.004922646209554114,921.1662352951906,0
crypto,email,sent_money,payment,none,unknown,0.030303552679177722,-0.17176679232989114,0.8156683399508498,-0.025104498882918214,0.004203698694194595,-1658.6374687458365,0
upi,app,none,none,bank_|_government_|_company_|_individual_|_none_|_unknown,USD,0.011542895038043358,1.1238724375227,-0.007247290172978914,-0.03476174419708875,-0.012354418352759319,412.43088068046904,0
unknown,social_media,sent_money,none,unknown,unknown,0.0018174333655834683,1.0754798223575441,-0.013624449086975871,0.7953778665024216,-0.003138919935058094,511.61630502105857,0
upi | card | bank | crypto | gift_card | unknown | none,sms,sent_money,login,individual,USD,0.02178787164534897,0.8491294229401545,1.1530171395717013,0.796192704002499,-0.00747092878050552,1354.3391453083739,0
upi,phone,abuse,trade,company,unknown,0.01716711337099048,0.06653549860449857,-0.0009776618183470992,-0.15172444447948058,0.0004845172113282245,730.2008990337154,0
unknown,phone,clicked_link,unknown,unknown,USD,-0.015242278866760809,0.8181468660487137,0.6620202973663281,1.0323333041550065,0.009512731702842493,902.4075296244793,0
unknown,email,clicked_link,none,bank,unknown,0.0234957080176505,0.09043349006270279,1.2380238647944515,-0.01216250391102847,-0.0034698940447214143,-638.4276104385921,0
unknown,email,sent_money,credential,unknown,unknown,0.02298223452742433,1.1040998494997272,0.08832641904089557,0.9034223833761102,0.004396970667149623,-267.73002762866275,0
unknown,email,none,none,none,unknown,0.014563190060043025,0.11721365907735597,1.0751333499651268,0.05644600075922298,0.001703205117369054,-586.7741710047451,0
unknown,unknown,clicked_link,none,none,unknown,0.017534788181396168,0.8307201707201074,-0.05693916388439783,-0.0628253346283835,-0.010965980106721842,1516.0167960048582,0
unknown,sms,clicked_link,none,none,unknown,-0.009742804545264503,1.049989627902967,0.013931851898712839,-0.03185764485074655,0.0008384834327555017,-1080.8755379833487,0
unknown,email,none,none,none,INR,-0.008281844430938058,0.9223499637042488,0.08239904702992396,-0.03519063936439358,0.012495480605661396,-1655.4089874164165,1
unknown,social_media,sent_money,payment,none,unknown,-0.029046312343306173,0.15491337119135687,1.2723109699754547,0.9417486144021914,-0.004432360486467306,416.4570472512858,0
unknown,website,clicked_link,transaction,bank_|_government_|_company_|_individual_|_none_|_unknown,unknown,0.014637775796086867,0.1002113183236745,-0.05109121675420217,0.8019770659892185,-0.01196493404365775,656.6121656000075,0
crypto,email,installed_app,none,company,USD,0.016215586475493662,1.1690046515007189,1.3718971757743514,-0.0147741880305582,-0.004891563563430177,-329.7322108699214,0
upi | card | bank | crypto | gift_card | unknown | none,sms,none,payment,none,unknown,-0.011968168585003944,-0.08555180356498783,0.7304745075565826,0.88550241291499,0.011389251443736207,-81.35092105985488,0
upi,email,shared_credentials,unknown,bank,unknown,0.0006275491831348502,0.08645160586272636,1.2309136814477397,0.9489980954502012,0.00649925308101568,-865.527858720455,1
unknown,phone,none,none,none,unknown,0.027236718686216733,0.9880261135440971,0.012219914763102073,0.0754059073671926,0.011478924167772879,1390.9213194145318,0
unknown,email,installed_app,none,none,unknown,0.0018628358521938855,0.10585378204991013,0.09620836512430342,-0.090091246130084,-0.004892488691905917,282.2444293431609,0
unknown,email,clicked_link,payment,none,unknown,0.009635008976269588,1.0728667700178474,0.01012179490988389,0.7124864691130468,-0.009045347608813953,1935.279409245599,0
card,website,shared_credentials,payment,company,unknown,0.02574346421234832,1.0692657711893212,1.189584608210455,1.0261081142015551,-0.0035744823771032518,-1806.0941109073613,0
unknown,unknown,sent_money,none,bank,unknown,0.0250145062098664,1.0197382186205037,0.11238677077741924,1.0288444775460392,-0.0062143286514023495,648.0027743483696,0
crypto,email,sent_money,none,wise_security,unknown,-0.02637865615299176,0.8062199649873909,-0.01231254991725251,-0.06176264678178998,-0.0006372333366704071,419.07777301277815,0
crypto,phone,none,none,unknown,unknown,0.002395101313428678,0.8224562465742595,0.026922182200079928,-0.10864837261503738,-0.004683367367784697,2927.7294851079027,1
unknown,mail,installed_app,mining,unknown,unknown,-0.0022311265288994823,0.07958439073162198,0.0863974628514227,0.7313175162042306,-0.00779564000010396,-1809.706070522717,1
upi,social_media,sent_money,none,none,unknown,0.004591555953481649,1.050324038141944,-0.024826389956398614,0.12004574496342588,-0.0035184215231751207,1962.3723375563013,0
upi,email,installed_app,transaction,bank,unknown,0.02895902469131077,0.9866682507956175,0.0103178867546446,0.059916838912336054,-0.0024043107573932733,1334.1423637534479,1
upi,email,sent_credentials,verification,none,unknown,0.009984560716981639,0.939428126590703,0.9930523700982095,0.0865153096117569,-0.012427055556387767,463.9000127210757,0
unknown,email,clicked_link,none,company,unknown,-0.004311219361672071,0.047973638117881155,0.09317437159451185,-0.028094345503439873,-0.006212582810757387,84.5303696221329,0
crypto,sms,sent_money | shared_credentials | clicked_link | installed_app | none | unknown,none,twitter,unknown,0.010550500215854582,0.939868776306833,0.050776865433516595,1.0405335299169887,-0.006860917754121894,-1930.0816751731033,0
unknown,email,sent_money,payment,none,unknown,0.00023071719669922773,0.14081858679515147,0.06585939832073173,0.017254828680600447,-0.01198749631916991,1191.1474856326338,1
upi,sms | email | phone | social_media | website | app | unknown | none,none,payment,company,unknown,0.013891622621034296,-0.14382814107977224,1.2621534583235525,0.7853341510421803,0.008756046568613113,2317.92508071624,0
gift_card,email,clicked_link,verification,post_office,unknown,0.016792058365211505,1.0645821026812925,0.9954743150908564,0.010132741547026097,-0.0015222185065479608,-1404.0691503518126,1
upi,phone,sent_money,none,unknown,unknown,0.035399945456452815,0.029393980384784912,0.054020918735542524,-0.016058267321257425,0.0007978369055565378,2135.9105438264896,0
upi,sms,sent_money,payment,none,unknown,0.011448479609531994,1.060478116165735,1.2030777145695117,-0.005214856024107571,-0.012333683362611203,796.6988384926988,0
upi | card | bank | crypto | gift_card | unknown | none,social_media,none,payment,company,unknown,0.0020016838367058424,1.0406522176223316,-0.01074251451933139,1.0816230870050376,-0.009158840824856315,-879.9418342526853,0
unknown,email,sent_money,payment,none,unknown,-0.00950251711536163,-0.1905304204948211,-0.03306865834590035,-0.057131998670499395,0.0025232589417789127,608.308377328093,0
unknown,email,shared_credentials,payment | verification | login | download | none | unknown,netflix,USD,0.018000945239175135,-0.13595804929829244,0.02293150368321278,1.0966992801662387,-0.002600982264247724,1066.2483364829332,1
upi,email,none,credential,google,unknown,0.014916698637260452,0.10025654199467277,1.0655984344479161,-0.1229277690397432,-0.008752934963228839,-1656.333238586867,0
upi,sms | email | phone | social_media | website | app | unknown | none,sent_money | shared_credentials | clicked_link | installed_app | none | unknown,verification,company,unknown,0.007406591345929915,0.07422579282796767,-0.033309072819772675,-0.01131029373789843,-0.007144895650466577,2573.4268268760297,0
unknown,none,none,none,unknown,USD,0.00834676983206291,0.019372978289909724,0.08202626562441633,-0.06140375575710127,0.005892218963530849,146.7184031524993,0
unknown,social_media,installed_app,none,unknown,unknown,-0.027076819095642697,0.8076607148636611,0.009138522998779446,-0.07184110374586106,0.011810282007362649,2455.17954609976,0
unknown,none,sent_money | shared_credentials | clicked_link | installed_app | none | unknown,unknown,unknown,unknown,-0.014933263841506077,-0.16235015312268883,0.017435197195522972,0.9406653184065525,0.0056236722310447585,113.08828159785608,1
upi,phone,unknown,none,cloud_storage_provider,INR,-0.005106796964338848,1.1693538863569677,0.0010615817476916105,0.8157114705985375,-0.009206349200158417,-1859.4098711954593,0
upi,website,none,commerce,company,unknown,-0.007459706089167057,-0.17825380155686432,0.022515294643331792,-0.0027972886727345245,0.0034065102136265624,2526.674787947204,0
crypto,sms,sent_money,replacement,crypto_project,unknown,-0.0219947164397276,1.0699747425757091,-0.09807071393889974,0.0631475713254176,-0.002671200403094942,-238.34624630850044,0
upi,email,clicked_link,none,none,USD,-0.006632747486183597,0.8993882835481453,0.9565657097025667,-0.015000428336898216,-0.010424746535196266,1861.5907026220796,0
unknown,unknown,sent_money,payment,individual,unknown,0.017727186512098824,0.02022793613723506,0.838813577418573,0.034765304363172746,-0.006468013288900364,-1094.698592476382,0
upi,sms,none,payment,none,unknown,-0.0035380652020478654,-0.008155778240480022,0.04340922153031791,0.8638469360628867,-0.014816339762835236,1309.3253603288404,0
unknown,social_media,sent_money,none,none,unknown,0.020918236095533234,-0.07818683134587573,-0.011018697661813447,0.9144529144608695,-2.0393080043143167e-05,-325.63043432361684,0
bank,unknown,none,commerce,company,unknown,0.021778724147280947,-0.10258380812117489,0.0748364573903344,0.9403999424366005,0.006574400974734326,1422.5022490736778,0
bank,sms,clicked_link,none,unknown,unknown,0.015188099696578767,0.07806889404125072,-0.025070721373669738,-0.013752979477159989,0.000259948832491763,-960.5432313531136,0
upi,email,sent_money,transaction,company,unknown,-0.00025964368302394507,-0.09332179467585852,0.8731938690640519,0.7167110838631778,-0.010395445231261508,-1544.4983299710727,0
crypto,email,none,none,unknown,USD,-0.011721297383688928,-0.026263802041723665,-0.07309081413126187,-0.05599712253421039,-0.0023549818837870504,166.56524623112887,0
unknown,email,clicked_link,payment,bank,unknown,-0.008292901450265304,0.06936011499776967,0.08848817055996815,-0.045322114827275835,8.623982558934339e-05,-104.59703030783656,0
upi | card | bank | crypto | gift_card | unknown | none,email,received_money,payment,unknown,unknown,0.014713353901669599,-0.07252243200015528,-0.00549298727025317,-0.11654319510566086,-0.0012950981605501317,157.02554531741487,0
crypto,email,paid_upfront,none,individual,USD,-0.015830938571414224,-0.05861596686377362,0.01275916518992367,0.9240176483287045,0.009598120225822779,-1811.7330641048977,0
upi,website,sent_money,commerce,none,unknown,0.017287302595882553,0.7865484306438943,0.02838780798401661,1.1326512749150708,0.007717374234922795,-2971.109544688577,0
unknown,website,shared_credentials,transaction,wise_security,unknown,0.025696242592277447,0.10650317022888323,-0.01785943755841059,-0.07454360130215172,0.011171433807526731,-10201.189411207244,0
unknown,website,none,payment | verification | login | download | none | unknown,bank_|_government_|_company_|_individual_|_none_|_unknown,unknown,-0.004824671993175449,0.0672949443898834,0.009545584097837664,1.0904997368258587,0.004672958627719637,1108.5631038331933,1
crypto,sms | email | phone | social_media | website | app | unknown | none,reported,payment,unknown,unknown,-0.0003142664362012146,-0.010456601504151373,0.03741199271181519,0.031256742312608034,0.0034924573638467123,-181.3163236903166,0
unknown,website,sent_money,login,company,unknown,-0.012576833701062341,-0.001210059087723777,-0.01267951063755599,0.8637311403182507,-0.0036604506716254714,557.7947098067921,1
upi,sms | email | phone | social_media | website | app | unknown | none,clicked_link,unknown,twitter,unknown,0.01322939356901126,-0.043637999501808564,-0.12310166922575445,0.019753059731684675,0.003908787888476064,-491.6866780877751,0
upi | card | bank | crypto | gift_card | unknown | none,email,abuse,payment,marketplace,unknown,-0.01397217100932038,-0.040344810261678236,-0.08774268928656273,-0.05779927231866583,-0.004534634692455964,-1243.6105651062708,0
card,sms,installed_app,login,company,INR,0.011549175409851252,0.05389145631513017,0.7819381646826374,0.012352670053781841,-0.0030072084228954395,-1396.0774990623015,1
unknown,sms,clicked_link,none,unknown,unknown,-0.0027174245797815764,0.850163928873342,0.003370904195037515,0.07328836005830802,0.0013132408848186559,-182.6757199632862,0
unknown,social_media,sent_money,payment,security_company,unknown,-0.0043610745535160545,0.02115704486562009,0.9894095022371124,-0.0972142735055452,-0.004757724307981476,1145.736134354638,0
unknown,sms,sent_money,payment,none,unknown,0.003829030577284946,-0.0740623276683492,1.2685524238432733,1.2195805235290387,-0.00497298165635516,1986.4057114400835,0
crypto,unknown,clicked_link,unknown,none,unknown,-0.010746525021846783,0.14335597008609646,1.1894952799828569,0.800549540338079,-0.0048007098909668006,495.96138884412295,1
unknown,phone,none,none,none,unknown,0.013924801896088647,1.0770011168639502,0.9186444259190356,0.08728298159212643,-0.0051708103569265826,1039.5256385564787,0
unknown,phone,sent_money,verification,unknown,unknown,0.013083823703058979,1.045775677328146,-0.011121850634504736,1.103613497687586,-0.002646795701854291,74.16681280269668,1
card,email,none,mining,unknown,USD,-0.00012382829212138313,0.023158903024125127,0.05343724051236189,-0.06680195884088214,-0.004294511122766825,-539.4362517017547,0
unknown,email,sent_money,none,bank,INR,-0.02744845832754387,0.004130293597905221,0.733753690268889,-0.078722983453985,-0.00559273106956608,337.7238304725586,0
unknown,sms | email | phone | social_media | website | app | unknown | none,shared_credentials,none,bank_|_government_|_company_|_individual_|_none_|_unknown,unknown,0.03297045795547163,0.07049238351243552,0.04160231515088142,-0.018969210235585003,-2.5632798826645797e-06,2139.3671475605865,0
unknown,website,installed_app,none,unknown,unknown,-0.015522853971612516,-0.043375638038498844,0.02596457431675148,-0.049622304828536246,-0.01060152229796623,1766.4182938864847,0
unknown,email,sent_money,payment,unknown,unknown,-6.627151070094195e-05,-0.0345827425529512,0.8188227568415449,0.8611054932522894,0.01021663961494293,481.8642643459241,0
unknown,website,sent_money,none,unknown,unknown,0.016086798400151245,0.11887805439398168,0.04786447958206815,-0.012711208181933956,-0.011533778230788369,-1432.6060353226005,0
upi | card | bank | crypto | gift_card | unknown | none,phone,sent_money | shared_credentials | clicked_link | installed_app | none | unknown,transaction,bank_|_government_|_company_|_individual_|_none_|_unknown,unknown,0.010047153951585145,0.8405541601518494,0.033270665332424516,0.8981553924876924,0.002460983490327665,1171.044667243827,0
crypto,unknown,clicked_link,transaction,bank,unknown,-0.002175669031758968,1.069819099270188,0.9202761622651008,0.8910507981847011,-0.003607028678803788,329.25270207780636,0
upi | card | bank | crypto | gift_card | unknown | none,phone,installed_app,commerce,verizon,unknown,-0.022507322712751632,0.8676919597082511,1.0586474986161303,0.9674401224485496,-0.007013195885138406,1166.2128666906008,0
unknown,sms | email | phone | social_media | website | app | unknown | none,clicked_link,payment | verification | login | download | none | unknown,bank_|_government_|_company_|_individual_|_none_|_unknown,unknown,0.011561686851031353,1.0447648977201147,-0.020882064440399386,1.0090191122310497,-0.0074643834443315115,586.2267747944678,0
crypto,sms,sent_money,payment,company,USD,0.02000172151436642,-0.18757325886258053,0.10362851967801998,-0.10643760345721057,-0.009958967319248965,2397.0513724316374,0
unknown,unknown,abuse,credential,unknown,unknown,0.026615472599902264,0.9261200863106848,1.310039428500319,0.8872275979608127,-0.013866468799103705,188.99727999836932,1
upi,sms,clicked_link,none,unknown,unknown,-0.015487873261407954,-0.035885545156247936,0.05213417539142181,-0.07931950633782961,-0.0014515473314508428,-856.4982181777082,1
unknown,sms | email | phone | social_media | website | app | unknown | none,received,payment,none,unknown,-0.004256083752549186,0.03753348387154,0.8189872271762295,-0.048998608257686004,-0.007700424336435841,1822.4181436804904,0
unknown,discord,sent_money,none,unknown,unknown,-0.003742310339172569,-0.06023816768113866,0.07589230221410484,-0.09119174423708763,-0.004003952649744683,2909.6999310213187,0
unknown,social_media,shared_credentials,none,company,CROWNS,-0.016702826863291487,-0.1267643543709123,0.03326743519553948,-0.06187997782566216,-0.0005867795731420395,599.4717684065275,0
unknown,email,none,credential,individual,unknown,0.010339850502708995,-0.039897296713550585,0.0773282858581616,1.101897983730806,0.009947833407935145,1293.87106908259,1
crypto,unknown,paid_upfront,commerce,bank,unknown,0.023306525722752852,1.063343850399586,0.022757003318228487,0.9224519075901483,-0.0034746452477086975,-175.68128023937578,0
upi,phone,installed_app,none,unknown,unknown,0.019581588912386576,0.000457846687037479,0.07489749731924507,0.02160825865987205,0.003642078099862371,265.54963366360244,0
unknown,email,sent_money,none,unknown,unknown,-0.001440613961396717,0.06430715983242305,0.017319988622244792,0.03649796539686117,-0.006401743391643314,-781.4080128034153,0
crypto,sms,installed_app,none,company,unknown,-0.0016959768751768252,-0.009493435294208558,-0.017428829190714496,0.8526935113832184,0.004085823386808489,2300.598893273425,0
upi | card | bank | crypto | gift_card | unknown | none,social_media,sent_money,credential,none,unknown,0.0009604802352664781,-0.009765466474018922,-0.027877772568610515,0.9982257024184598,0.0031385048796897614,-306.9243325161935,0
unknown,phone,none,none,bank,unknown,0.01491864924388275,0.9488905293375813,-0.039422464228726604,0.07243889399853666,0.006682161213467378,655.7405829167558,1
crypto,sms,sent_money,payment,unknown,unknown,0.012822366565769832,-0.08336827445410591,-0.03371205010291194,-0.10192963532141518,0.0021389427177683938,-2201.0352568705384,0
upi,phone,none,commerce,company,USD,-0.005979403617987412,0.9182951815633028,-0.042721423418987166,0.023572442069878213,0.003040268713314877,397.9450756715253,1
unknown,website,sent_money,payment,bank,unknown,0.015813220448672463,0.03501026661607857,1.1098787264092869,1.046896436392845,-0.008330390885239436,925.0230549080878,0
upi,email,clicked_link,payment | verification | login | download | none | unknown,none,USD,0.012286657677047473,0.866195198013931,0.023218773385216215,0.733272684465094,-0.005027991821198965,553.7506747246741,1
upi,sms | email | phone | social_media | website | app | unknown | none,sent_money,none,none,unknown,-0.0050397017220660855,-0.03538932680468096,1.09223178127193,1.07640324535616,-0.0013173007218863424,614.420700671312,1
bank,telegram,clicked_link,none,none,unknown,0.0019000062542297183,0.976403098167053,0.005013681390273232,0.04239278335101566,-0.005203616916271112,-1532.0831719959697,0
unknown,email,installed_app,none,individual,unknown,-0.014107539063579885,-0.15592503836151586,-0.012963765902845117,0.011805179043148135,-0.00185515198820307,1383.7143316484166,0
upi,unknown,shared_credentials,payment | verification | login | download | none | unknown,bank,unknown,0.022268272050382273,0.11335204472564013,-0.028236341371823955,0.027245851506899496,-0.004804359762961097,-962.6680655360539,0
unknown,none,none,payment,bank,unknown,-0.019673086233890892,0.9100838264902247,-0.07366335321129741,1.1492858482797639,0.001871779109782502,-1567.925531572739,0
unknown,sms,none,none,bank,unknown,-0.011527179788562212,0.9046801819515745,-0.073792069337058,-0.07011497565209761,0.0011243919866076818,2059.535291988457,0
unknown,sms | email | phone | social_media | website | app | unknown | none,clicked_link,verification,individual,unknown,0.00551411798405185,0.958066689927749,1.1823625706283794,0.8646852650885655,0.008059347036233067,-2224.017845966772,1
crypto,unknown,sent_money,none,none,unknown,-0.012451970858099858,0.1451034778710124,0.04180275533938239,0.08128130758519482,0.0038352730657913426,-408.6308648599724,0
unknown,social_media,shared_credentials,unknown,bank,unknown,-0.028743825466202803,1.0083887426890346,0.06499349842342382,1.0600941598912617,0.0005399278453376174,2859.3847881536067,1
upi,unknown,shared_credentials,verification,bank_|_government_|_company_|_individual_|_none_|_unknown,unknown,0.009280487170790481,0.853510658849562,1.0439199677241826,1.0303199404910923,0.001424502332829602,-473.03883473582374,0
gift_card,unknown,sent_money,payment,company,unknown,-0.017142095131144137,1.0048327705461053,0.04469237355489959,0.8877171566367454,-0.0020283970440885487,-1531.2434489006798,0
unknown,sms | email | phone | social_media | website | app | unknown | none,none,none,none,INR,-0.00732559398285263,0.09781588519442867,0.05033601291741365,0.039974993823967124,-0.006576566569481412,600.7669608242431,1
upi,website,shared_credentials,unknown,none,unknown,-0.006244928838303494,0.006376115766839406,1.13779727479569,-0.11055195708719788,-0.008404109319721865,-61.81622762575533,0
bank,website,sent_money,none,boost_mobile,unknown,0.0023067266974543567,0.8877146020389297,0.8557029158377925,0.03561965689485388,-0.005870210617074687,-63.830369127700976,0
unknown,email,installed_app,verification,post_office,unknown,0.031005515701871843,0.13327687379041991,0.026754861109434813,1.0035883534581407,-0.0027342498404182456,-1024.936046921912,0
unknown,email,sent_money,payment | verification | login | download | none | unknown,verizon,unknown,0.009725511181968686,0.034182326358590545,-0.026451253976821562,0.10408516818600119,-0.0016938671676271803,-549.7337487480023,0
upi,sms,sent_money,unknown,company,unknown,-0.019367296093596297,0.016401781725290377,0.9438241906579731,-0.041917756650891834,0.0012330248846224492,-1910.9001352548562,0
unknown,phone,sent_money,none,bank,unknown,-0.006782427784690905,1.2106404671377982,0.10981663778194166,0.8112442637633944,-0.00658922286999432,890.9066707375829,0
unknown,none,unknown,none,none,unknown,-0.007335745860027208,-0.05809345198944583,0.9535916775078236,0.02512985037356219,-0.005308831485451284,285.45386277490996,1
unknown,sms | email | phone | social_media | website | app | unknown | none,shared_credentials,none,bank,unknown,0.026778388074062298,-0.06077585601480811,1.1602106109618868,-0.06361739439387168,-0.003694092822462902,-2130.370820018711,0
unknown,sms,sent_money,payment | verification | login | download | none | unknown,none,unknown,0.020339386311417112,-0.12522774318050217,0.05157132886831175,1.0711351340366946,-0.0010677417031791914,3344.796694855248,0
crypto,unknown,none,none,bank_|_government_|_company_|_individual_|_none_|_unknown,unknown,-0.002682465360382315,0.04173964753295867,-0.0019931524668932656,0.8846248848853862,-0.0047466958576871665,3010.817222547578,1
unknown,app,none,unknown,none,unknown,0.001057071765835172,1.0712211984771518,0.08028391476473283,-0.024793461294942205,-0.009124555730611507,2101.009237636946,0
unknown,sms,shared_credentials,none,none,unknown,-0.01458727704614392,1.214339206979057,-0.029028813067729198,0.9085362987232164,-0.004618666847614595,-2244.0308371197425,0
card,sms | email | phone | social_media | website | app | unknown | none,none,payment,netflix,unknown,0.017141458406121433,-0.03904911827677694,0.6379777877762286,-0.048742606161487345,-0.008225350691291147,2749.707671915196,0
unknown,phone,none,payment,cloud_storage_provider,unknown,-0.009085237733826718,-0.015877672624812017,-0.10293653204695527,1.0808574626964305,-0.007801729037018489,711.8119067559662,0
unknown,unknown,unknown,payment | verification | login | download | none | unknown,none,TON,0.00010699218126298252,0.932170156139162,0.05501058975171192,-0.11511452889997814,-0.01004718239164666,284.7411579760487,0
upi,sms,none,none,company,unknown,0.007490057841223046,0.8506103844281754,-0.022156496168526628,0.9129287047238733,-0.009143630501486004,953.1622443325919,0
upi,email,none,none,law_enforcement,unknown,0.009815746016766541,0.9994030582686322,1.054912766879613,0.050943967112114255,0.011625142498440686,-537.3527768216454,0
unknown,phone,none | unknown,payment | verification | login | download | none | unknown,landlord,unknown,0.010567459621649433,0.02442342869593801,-0.05364419675699852,0.7900976448779964,-0.007843010545881459,4.3639399084694475,0
upi,social_media,installed_app,verification,bank,unknown,-0.006077804326717051,0.8917574429701753,0.04242544846508546,1.060912476624592,-0.0038216903321487924,1100.221126323922,0
unknown,email,none,payment,company,unknown,-0.011176419506093247,-0.0235002555447251,-0.07390546967756165,-0.04689117934445494,-0.008111889844303806,2297.1456499826827,1
unknown,phone,clicked_link,none,bank,unknown,0.005665898692736053,0.10405768331425115,0.07157165823905212,-0.03938635804489213,-0.001814510942860198,-1648.075466033203,0
crypto,phone,sent_money,unknown,unknown,unknown,-0.010271861397663767,0.006283626623363403,0.9645439530541111,0.02719819865512265,0.001712357206635256,1577.6283277060961,1
card,unknown,none,verification,none,unknown,0.01543412264316691,-0.007960229334441975,0.999493041115165,0.7261299955064832,-0.00927698369902787,-1402.381432300667,0
unknown,phone,sent_money,payment | verification | login | download | none | unknown,none,unknown,0.012373718193485903,1.007487326611021,0.017385944583404755,-0.05052197284031104,-0.0045914141916136965,1286.7250862881506,0
unknown,none,clicked_link,login,bank,INR,-0.018203850895358635,-0.0423498907964964,0.012199125988438614,-0.045377387120713576,0.004322585012468551,1874.318381829199,0
unknown,website,sent_money,none,individual,INR,-0.002207807740983131,0.9941911868572857,0.05159201891453885,0.8168193249416846,-0.004170743603203972,-407.0784369658215,0
unknown,sms | email | phone | social_media | website | app | unknown | none,none,credits,bank_|_government_|_company_|_individual_|_none_|_unknown,unknown,-0.01537873283877051,-0.13534245811970835,1.324856498887773,-0.08717671915297881,0.006327332154417218,2377.48015033203,1
unknown,email,installed_app,credential,bank,unknown,0.011983460339204161,-0.11197784239304145,1.268119747167661,1.0281462774541121,0.006134546761450559,-1295.1049650959505,0
upi | card | bank | crypto | gift_card | unknown | none,website,sent_money,none,bank,unknown,-0.008111172040229462,-0.019558017958669682,1.3683559931488412,0.7273480380781138,-0.0068867017947716325,1240.5753422068008,0
upi,phone,shared_credentials,debt_collection,bank,unknown,0.012236020283098791,1.0776220510964685,0.07747449837986028,0.8740662965128154,0.0015568531338289058,-2662.0932550914576,0
upi,phone,sent_money,none,unknown,unknown,0.016147882853806136,0.018907681295630058,0.0070904273418722855,0.023405632015542265,-0.007308751461549677,608.1270426347436,1
unknown,email,none,verification,none,unknown,-0.008427821358026036,0.009501886557749197,0.039612001384485264,1.0991949679525026,0.00673679286920006,-347.2402823093265,0
unknown,email,sent_money,none,bank_|_government_|_company_|_individual_|_none_|_unknown,unknown,-0.0235513561475831,-0.07744949368406101,-0.09805979371533091,-0.013593986663518918,-0.004873158101080453,-725.9215999797095,1
unknown,phone,sent_money,commerce,none,unknown,0.008470557502677844,0.9329396487328839,0.06100785291054033,0.9542549408086781,-0.0004471933420729378,632.3114425977695,0
unknown,email,clicked_link,verification,none,unknown,0.023367493873226116,1.006891223287236,0.06516270179317071,-0.010841986416598448,0.00025258776023813923,106.61193176581399,0
unknown,sms,clicked_link,payment,none,unknown,0.020782976759465253,0.9816359094790189,0.020301934022780094,-0.0051193664510293365,-0.0019275328497990183,-2069.8513031600314,1
upi | card | bank | crypto | gift_card | unknown | none,phone,none,credits,crypto_project,unknown,0.005298056380465523,-0.047554466702563275,0.036877195795981275,0.7446630615481373,-0.004030244675725626,-1193.4701652930191,0
upi,email,unknown,commerce,company,unknown,0.002284998071109635,0.9339862172824064,0.0975406152295377,-0.14614598797180814,0.002087706419282874,-109.42845927357645,1
unknown,phone,clicked_link,transaction,verizon,unknown,-0.008714854449870624,1.0454283632982941,-0.07037965829580523,-0.056077467944630977,-0.0005976971463708667,-661.2353272325433,0
upi | card | bank | crypto | gift_card | unknown | none,sms,shared_credentials,login,none,unknown,0.010837359485009239,-0.016820800760208143,-0.05750613983167189,0.8875272408937145,-0.008753190783179805,-2730.876360655762,1
gift_card,sms | email | phone | social_media | website | app | unknown | none,sent_money | shared_credentials | clicked_link | installed_app | none | unknown,payment | verification | login | download | none | unknown,bank_|_government_|_company_|_individual_|_none_|_unknown,INR,0.01987922898081211,-0.08302044411670097,0.03693626544870559,0.671300067111718,-0.011894681708470146,356.4591745995616,0
unknown,email,clicked_link,none,none,unknown,-0.002442435504101796,0.012199257900071219,-0.0040432857392191865,-0.00840197792905028,-0.007872250244195373,1811.6108286029407,0
bank,social_media,clicked_link,none,individual,unknown,0.013257827168589194,-0.010513604616613324,1.2624032393321745,0.7827303550621048,-0.0007926340373333058,2349.5988103111126,1
unknown,website,sent_money,none,none,unknown,-0.0123124689842325,-0.10979859828363801,1.223323940730287,1.087976526106587,-0.005670493025518374,1685.2663010671195,0
bank,sms | email | phone | social_media | website | app | unknown | none,none,payment,individual,unknown,0.00586173112770927,0.9099018292730988,0.019732288115183783,0.7763067147903697,-0.005757915578149608,1012.1737622357084,0
upi | card | bank | crypto | gift_card | unknown | none,email,sent_money | shared_credentials | clicked_link | installed_app | none | unknown,verification,company,unknown,0.026551374376845197,-0.0008739171958775144,0.036578136630915026,-0.09587731918998198,0.008420162282135839,273.1901832464252,0
upi,website,clicked_link,unknown,company,USD,0.01336000962696926,0.9889851636279163,0.09204300380947175,0.8026759147517522,-0.008908504818308296,-1404.4344046949386,0
unknown,unknown,unknown,none,bank,unknown,0.0012154158612706061,0.0949714308313498,0.7305638357841808,-0.04659497668402712,-0.0061499737492068185,-2033.8712946535277,0
unknown,social_media,sent_money,credential,none,unknown,0.02461364959607633,0.9951012588828232,0.04799165039317276,-0.0892054463379026,-9.029556758000844e-05,691.5035197073074,1
bank,email,none,unknown,unknown,unknown,-0.00909350726928995,0.09755165033675275,0.08672911313183736,0.08016421107474854,0.009767060588951717,-2062.9303408225564,0
unknown,unknown,shared_credentials,none,individual,unknown,0.018246026382825097,1.0290810596800608,1.1755731127464826,0.9404006232726916,-0.00121133357217695,-74.82721805726688,0
unknown,sms | email | phone | social_media | website | app | unknown | none,paid_upfront,payment,microsoft,unknown,0.02313473833849865,-0.007280286369362803,0.6854588993730742,-0.05877666142128368,-0.01339387119834085,-1316.2605069896265,0
upi,phone,clicked_link,payment,none,unknown,0.009108051269882204,0.08441841751225189,0.031193989939463405,1.1288772235516833,-0.010644036441327632,2804.2313823416007,0
crypto,sms | email | phone | social_media | website | app | unknown | none,sent_money | shared_credentials | clicked_link | installed_app | none | unknown,payment,company,unknown,0.02087907226328513,0.8554141414416007,1.1899172062390186,-0.07227795544895511,-0.011637607717662594,1143.6195720322637,0
crypto,none,none,none,none,unknown,1.5837033667895826,-0.1130855256254725,1.0475377921125852,-0.04380809415957974,-0.01162748142425659,3611.0094664656845,1
crypto,sms,none,none,bank,unknown,0.0007609976818253026,-0.085178849732602,0.08307984398669135,-0.09891513346919371,-0.005028779642231634,-3034.5467018663376,0
unknown,sms,sent_money,none,none,unknown,0.006188710569947916,0.88739900549236,1.2344506525687229,0.9077285161860993,-0.005865972881274701,932.2357295783423,0
unknown,phone,sent_money,unknown,unknown,unknown,0.021853059578651288,0.1276986712860346,-0.04886228923476196,-0.11204688318336059,-0.0025570613721967745,-2429.0056661096182,0
upi,sms | email | phone | social_media | website | app | unknown | none,sent_money,none,none,INR,-0.009126308559004013,0.018562642074325016,1.2711311668553058,0.9703901316223439,0.006539238783514776,-124.4248093328175,0
unknown,email,sent_money,payment,unknown,USD,0.021328067016783907,0.1495834365665135,1.015166731003892,0.08929283707766779,-0.009353735949296147,-1621.930182748615,0
crypto,sms,sent_money,none,bank,unknown,-0.02340628309848277,0.9120882413551049,1.1542467603572413,-0.11387976146562946,0.0007691625562822212,-771.5465332824809,0
card,email,unknown,payment,unknown,unknown,0.019952766724056287,0.993894150722597,-0.006062853170560923,0.874197617464695,-0.0062793267580460235,1478.845251833359,0
unknown,phone,clicked_link,none,unknown,unknown,0.007897856617207774,0.01401676956783661,0.911262496628085,0.07525222587549907,0.00857774737193107,-75.15587911097397,0
upi,email,clicked_link,none,unknown,unknown,0.016278668309876506,1.0102090259647938,0.06735229676207585,-0.034554175005195295,0.005966417190941723,1487.5030463940914,0
unknown,unknown,abuse,transaction,bank,unknown,0.015441287930487189,0.034562125153080485,0.023522695998908046,1.09615844970782,-0.01128887500466842,-858.0245056999918,0
unknown,website,sent_money,none,company,unknown,0.020117324348574307,-0.042809414079041576,1.2717539985017638,-0.14939940876985727,-0.013976686475610631,-1940.0338866646232,0
unknown,email,sent_money | shared_credentials | clicked_link | installed_app | none | unknown,payment,microsoft,USD,-0.0028080317111771422,0.8922704640483641,0.10595120487167023,-0.13293888518340213,-0.003216664923360579,3546.4509551899196,0
unknown,sms,sent_money,none,unknown,unknown,0.02917700719364148,-0.08212236024805442,0.6785943963595242,-0.009600913093328582,-0.00187266899830472,1134.6312261684373,0
crypto,social_media,none,unknown,bank,unknown,-0.0007800473653822608,0.12049416926721786,1.3025583279753017,-0.11023684929656499,-0.00452977933420293,-1239.5749311325403,1
unknown,app,shared_credentials,unknown,unknown,unknown,0.014006622448528743,0.9289974755814546,0.0065573807095132865,0.9099584527384241,-0.006213810224440493,2541.8099663225494,0
unknown,phone,unknown,transaction,none,unknown,-0.005394286103713569,0.9338045495975744,0.05968728710112143,1.0703644329424316,-0.006538756380728595,-168.75883155195544,1
card,website,shared_credentials,payment,unknown,USD,0.01688071172957223,0.09911328151969258,-0.012463465990435293,-0.03517409667898868,-0.008661220900399762,-1266.381058527674,1
bank,email,sent_money,none,landlord,unknown,0.0028495574178245124,-0.09497613645439383,0.08974767927031353,0.760205552378976,0.003087171474039181,-1120.0337504167685,1
crypto,sms | email | phone | social_media | website | app | unknown | none,clicked_link,transaction,bank,unknown,0.01422207662082407,1.0229687516075605,-0.01251860152959796,0.7365540142132276,-0.004469483615923242,-280.9880752706786,1
unknown,none,sent_money,transaction,individual,USD,-0.00675659078005931,0.9489728733874797,0.03277181200623431,1.0811029872014573,0.004980655732252688,-2176.6443835129107,0
unknown,website,none,payment,bank,unknown,0.0038210909888913296,8.737260087761422e-05,0.8124525514645806,0.9130163824740363,-0.00617819486645066,-1806.6909773463403,0
crypto,none,sent_money,none,none,unknown,0.011298357485351003,0.7430005819189417,1.0231483771541188,-0.10619524113665058,0.0013558336014507107,-738.8606639986417,0
unknown,email,none,payment | verification | login | download | none | unknown,none,unknown,-0.004372329098627315,0.9597454358313413,0.9955397648497365,-0.07517464708217983,0.0037947115073618067,-996.9735392691891,0
upi,social_media,received_money,payment,company,unknown,0.030343732900100055,0.1324500272088326,1.088543154427076,0.04819839394084705,-0.01125454918806407,-2443.472891744243,0
unknown,email,reported,payment,none,INR,0.021385748338211167,0.937662397169391,0.0613465601278839,0.8717339772229418,-0.0035488077125345897,-983.2750796759342,0
upi | card | bank | crypto | gift_card | unknown | none,social_media,sent_money | shared_credentials | clicked_link | installed_app | none | unknown,payment | verification | login | download | none | unknown,company,unknown,-0.019043725472327855,-0.07137084992810093,0.012598679970360852,-0.09893612802581402,0.0031996656870689416,1719.9995850889122,1
unknown,website,sent_money,none,unknown,unknown,0.013143526424349532,0.12622271253201064,-0.03486120617665849,0.0879927959621071,-0.007303794819479323,-1527.6643182319463,1
unknown,unknown,none,none,unknown,unknown,0.0016963396306212358,1.0444234328884785,1.0113497415878783,1.1046433936178397,0.0017336945483515914,1815.7679555287368,0
unknown,unknown,none | unknown,payment | verification | login | download | none | unknown,none,unknown,0.033208105808817556,0.9165354270827925,0.09403833126341837,0.9730930281203083,0.0052222160703194985,-1937.2846562567568,0
unknown,email,none,none,bank,unknown,-0.006421348123182518,1.1037050351240993,-0.061312073835147904,0.822316030999438,-0.01381337623972908,-3478.2692068013052,1
upi | card | bank | crypto | gift_card | unknown | none,unknown,sent_money,none,unknown,unknown,0.0080542047541009,0.821701981841274,1.1179060202812778,-0.04502130985693071,-0.011366787320102099,2808.985634202019,0
unknown,sms,shared_credentials,transaction,bank,unknown,-0.00705186812406678,0.049574869338638965,1.0249503261658766,1.0209765828907047,-0.004586683088765418,1159.1542554233918,0
upi,social_media,installed_app,commerce,bank,TON,0.024050471665684532,1.0391691055024983,1.2762729982737282,-0.09446188044645867,-0.0014887158820001136,-366.4910667478603,1
unknown,email,shared_credentials,transaction,unknown,unknown,0.003601377212568889,1.0653138508195164,1.1596375692735537,0.011420505192970857,-0.010250341022584236,1937.4360383925907,0
unknown,website,abuse,none,unknown,unknown,0.004440706302332977,-0.08916299718617737,-0.08771991306555008,-0.023452890878729676,-0.00876580009635478,1142.9738499168154,0
unknown,none,none,none,company,unknown,0.02674012938396686,-0.08894297167547825,-0.02455002330780116,0.9182316137367846,-0.004748180657565836,3035.402484628511,0
crypto,sms,installed_app,payment,unknown,unknown,-0.0042448273111904,-0.017190409738380305,0.028790353866814427,0.7411400617922175,-0.005300413964901428,-823.7318921250805,0
unknown,email,sent_money,commerce,none,USD,0.01685315293218654,0.15220664408996942,0.09060276196502967,1.0082006614748666,-0.012360571605702357,2005.740927017912,1
unknown,sms,clicked_link,none,unknown,unknown,-0.007541441942550968,0.12604686876763468,-0.004779312134477314,1.1081869042311197,0.0022986137843270652,-1343.5811699615417,0
upi,social_media,installed_app,commerce,bank,unknown,0.0152732740788108,-0.029111016470167086,-0.0431442773118888,1.0529165552990947,-0.001409448112387463,-449.48080202699947,1
unknown,phone,clicked_link,payment,unknown,USD,0.00786192399074489,0.08782174371067318,0.09324598834373446,-0.045261549320252815,0.004474460096541908,1470.5201411647733,0
upi,phone,paid_upfront,transaction,netflix,unknown,0.017889086861749653,-0.07997925229443643,0.06816621828391406,0.8025041939511885,-0.008648127617644082,2511.666013941136,0
unknown,email,sent_money | shared_credentials | clicked_link | installed_app | none | unknown,transaction,company,unknown,0.01998817472203683,1.1607394786009155,0.09921075696938048,0.9572379169237519,0.0026406440146059225,-463.06742994283405,1
unknown,telegram,none,verification,none,unknown,0.011278618812764755,-0.11357103492342499,-0.015629890839972824,0.008021090251247578,0.002221218851692178,1280.4513970399803,0
bank,email,sent_money,payment,health_department,unknown,0.016758708427879767,0.9543249157704856,-0.028764452655500462,0.008634609574266938,-0.005902097268758804,688.6662069091933,0
unknown,phone,sent_money,none,bank_|_government_|_company_|_individual_|_none_|_unknown,USD,0.01221025280754317,1.0257956747419095,0.09075749947258044,-0.08133050404314464,-0.005131784240284377,-456.903569030853,1
unknown,sms | email | phone | social_media | website | app | unknown | none,received,payment,cloud_storage_provider,INR,0.010596418481792219,0.8952637186080278,0.029545098422410536,0.9266983144561102,-0.008852105394506283,195.39305996977942,0
crypto,email,sent_money,none,unknown,USD,0.013068082320258675,0.06014526416937018,1.079903772401261,1.110012853018432,-0.002870065696549311,-608.1167344959097,0
unknown,email,sent_money,none,company,unknown,0.008061108359262518,1.100591215104403,1.3468377540845902,0.7975504305520107,-6.357735991799774e-05,-689.7338256003912,0
unknown,mail,sent_money,none,none,unknown,0.010307355140929215,1.0064267572749614,1.2285254258937524,0.7211074194138727,0.00390048287649648,-1470.4578107778473,0
unknown,social_media,sent_money | shared_credentials | clicked_link | installed_app | none | unknown,payment,unknown,unknown,0.012263762384412048,1.1411298963286607,1.0278828078509075,0.020061759947977507,-0.010083138146795737,-1808.1981361910646,1
crypto,phone,clicked_link,payment | verification | login | download | none | unknown,unknown,unknown,0.011575362588192747,0.8749306481846513,-0.08255038911710863,-0.005279737589628994,-0.011465600647611256,995.2300837201691,0
crypto,email,unknown,verification,bank_|_government_|_company_|_individual_|_none_|_unknown,unknown,0.026461863908602477,1.1009013136648071,0.10862423006799089,0.08873929508813556,0.007437795397571665,111.2020954390437,0
crypto,unknown,utilize,verification,bank,USD,0.0003429908325804429,0.009041310569023565,-0.03595333155451846,0.011578835658438301,-0.004491075863947862,812.6634647615365,0
upi,social_media,paid_upfront,payment,bank,INR,0.0007566395519371221,0.160058215832853,-0.08302756511270819,1.0833257401288832,-0.012523032937011925,-3066.0045875995615,0
venmo,email,none,transaction,none,unknown,0.024813200572449085,-0.19907481004518912,0.0315547801324948,0.744501247716837,0.0032855222561431886,1203.7756440173164,0
unknown,unknown,clicked_link,transaction,company,unknown,-0.003674333025758712,0.08907673163161066,0.023586895237782027,1.1274510166854135,0.0022619383397853203,-2681.5765886725494,0
unknown,website,unknown,payment,none,CROWNS,0.02384657954664102,0.07798392542900283,-0.0423909364171052,0.07722967575029105,-0.010493426360807726,2349.444229916782,0
crypto,phone,sent_money,unknown,company,unknown,0.032125148733091344,0.08523755661130868,1.2109095752363652,0.9426389442946743,0.0027737332999330667,2370.1667916089464,0
unknown,email,shared_credentials,none,company,unknown,-0.011655895806498619,1.0495782892171834,0.051522921886713605,-0.008024949290126357,-0.005330237872450304,-797.5059581999723,0
upi,email,none | unknown,payment,unknown,USD,0.020569803140861844,0.9759075379644865,0.05600439448458602,0.8026868510165234,-0.00793148926945311,-2254.2207353547187,0
unknown,unknown,shared_credentials,none,none,unknown,0.022800220048176997,1.0537011284487094,1.0165956640118974,0.9448369512425986,0.007854217025428453,1113.015174287303,0
unknown,unknown,sent_credentials,none,bank,unknown,-0.016021960226412613,0.016511366670508426,-0.022633159205511233,0.77172491305535,-0.008102711650960975,139.9547758035476,1
unknown,unknown,unknown,none,none,unknown,-0.014664646473556722,1.145556555663203,0.052875458539348164,0.7537748357006243,-0.0023292876411609162,2607.69249228019,0
gift_card,unknown,sent_money,verification,dropbox,unknown,-0.004183489076408209,-0.09336909529604363,0.06880365628695947,0.018740139236400243,-0.009786253350802507,3335.011342301087,0
bank,phone,sent_money,unknown,company,unknown,0.012378130129397648,0.9649218635174388,0.032709194568612335,0.7383678902219789,-0.0039195122268275715,-532.9849759470538,0
unknown,website,shared_credentials,none,unknown,unknown,-0.028520412110956087,0.8489385543668024,-0.07004204138380227,0.9442193471333036,0.008586228064346368,-1192.4151153273658,0
unknown,none,sent_money,payment,unknown,unknown,-0.011796907093397103,1.1311385292109035,0.07044144085492259,0.9874077386141045,0.0074946793130359155,-348.3558525673255,1
unknown,sms,reported,none,bank,unknown,-0.01729224885945057,1.0079316542977859,-0.004912250510594764,-0.13809677079860805,-0.004832516664176431,-1890.93845548696,1
unknown,email,none,payment | verification | login | download | none | unknown,bank,unknown,-0.002364113686368791,0.7594716639370724,0.08037184316865731,0.7359772227430026,0.005490445899315311,-2095.9601385589995,0
upi,phone,installed_app,transaction,bank,USD,-0.02633631168155914,0.9095766936338128,-0.10369950540309439,0.996552370144189,-0.004858721502541433,609.5907742114953,1
unknown,social_media,clicked_link,payment,none,unknown,-0.004320279316312617,0.10872342200944059,0.0556318448762768,-0.09477910552252566,-0.009007922716232184,2115.758223522107,1
upi,sms,none,activation,bank,unknown,-0.009852536597130227,1.0145971896402866,-0.0371318228514841,1.0093994664062367,0.0028027299692935624,384.1992144397915,0
upi,phone,shared_credentials,credential,company,unknown,0.03275111773991191,0.9922205807930419,-0.045349106507777355,-0.003772190661442773,-0.009326107394591788,-31940.08435504937,0
upi,social_media,clicked_link,credits,individual,INR,0.027927557056755162,0.9902251378242571,0.01969512973651886,0.8218474549413064,-0.01164641105646503,2173.63694889503,1
card,youtube,clicked_link,verification,unknown,unknown,0.0030194033606527923,0.9274165877612786,-0.01860990030464746,0.9299592620088223,-0.0020552514824004682,-1187.8586126336081,0
unknown,social_media,clicked_link,none,company,unknown,0.005766979431303199,1.1158210356906704,0.05760348179803931,0.9591966287488378,0.0008614480373487106,59.33766676239977,0
unknown,none,sent_money | shared_credentials | clicked_link | installed_app | none | unknown,payment,unknown,unknown,-0.026815523771475815,0.8318821709634003,-0.11036516007603538,-0.03846770968356132,-0.00884151444853628,-303.8850053733144,0
unknown,sms,shared_credentials,none,unknown,unknown,-0.003066098673930094,-0.09666850503348934,0.08065794959212806,-0.09150265088767495,-0.00012212921167351914,-1021.3917485410313,0
upi | card | bank | crypto | gift_card | unknown | none,email,sent_money,payment,none,unknown,0.018130732004881526,0.007111860569056626,-0.07373050571818057,0.9557571439932795,-0.007895361749479813,-731.6402344591064,0
unknown,website,none,none,bank,unknown,-0.014042368828587814,1.0169496491428014,0.8337636232962784,0.13732597003389185,-0.007807880201635397,-807.5805673783075,1
upi | card | bank | crypto | gift_card | unknown | none,sms | email | phone | social_media | website | app | unknown | none,installed_app,payment,microsoft,USD,0.01624564326295431,-0.08100280873455577,0.05343045829803849,0.7677944409402503,-0.0028689484420695807,355.37514080997124,0
unknown,discord,sent_money,none,bank,unknown,-0.012500834628528718,0.9976140743278576,0.04938439956718814,0.896348710825668,-0.004916089909667921,-2563.5971093821104,0
upi,email,sent_money,none,none,unknown,0.0038562787061175393,0.9792102157601497,0.03732734380899392,-0.08874095848808967,-0.0003650667845082392,-539.3538562156461,0
unknown,sms | email | phone | social_media | website | app | unknown | none,clicked_link,debt_collection,company,TON,0.004712503361343084,0.8115299269636639,-0.038183594054119786,-0.0321101172092544,-0.0133878442891287,-34.55093926729849,0
upi | card | bank | crypto | gift_card | unknown | none,email,none,none,unknown,INR,0.026430408954632258,-0.12501531474971903,0.08440343174477082,-0.12825729964200994,0.0017962106793893604,-2264.4706045788002,0
unknown,sms,none,credential,none,unknown,-0.017127987049546694,0.08411881241692917,-0.05995621475600301,0.05736129210877998,-0.0010920321990845895,-401.1254115624123,0
crypto,website,sent_money,none,none,unknown,-0.006344721392717611,-0.05610603242287913,0.7000737621287008,0.7147734779569175,-0.007528877742296242,-42.342611865230936,0
unknown,social_media,sent_money,payment,none,unknown,0.023528480231569154,1.0220162927116117,1.1727158701439713,-0.06478331104898545,0.002894731960087859,164.5413545966604,0
unknown,app,none,replacement,none,unknown,0.025504749403727458,0.8778136395044164,1.1511642438234373,0.8590301118535688,-0.006851544302285876,-1617.5877144470076,0
unknown,email,sent_money,download,unknown,USD,0.03379222084023237,-0.12957185145875974,1.1064685853012783,-0.14425156354505203,-0.005704968679522576,-2861.255875926207,0
upi,email,sent_money,none,unknown,unknown,0.004860506112871914,0.8746041857442873,1.0014279720189403,0.7488000360745043,4.702080593899091e-05,-375.850741602416,0
bank,phone,clicked_link,credential,company,unknown,0.02614069267253762,1.034746162078164,0.018640109080564928,0.8351214428037597,-0.006826445754688421,-1827.89291920788,0
upi,email,clicked_link,payment,unknown,unknown,0.016746674841076354,1.1105066770598453,0.04154640480812041,1.0501464155153013,-0.009481213641270308,609.4484723601926,0
unknown,unknown,none,transaction,none,unknown,0.011656169280288654,0.976745990610633,0.6666815185378774,0.9070176536150596,-0.003973367025239767,-1296.259148140577,1
upi | card | bank | crypto | gift_card | unknown | none,email,none,none,unknown,unknown,-0.015631947620144304,-0.03864144282210497,-0.02612594163276673,-0.11521019677077715,-0.008581164918193293,1314.9670277306252,0
crypto,sms,none,none,unknown,unknown,0.005393950566006332,-0.056406900248106136,0.0527391875419362,0.8263124101925261,-0.0003999228401691196,-768.3037054448914,0
unknown,email,none,payment | verification | login | download | none | unknown,boost_mobile,unknown,0.006331146570821337,1.1352652621266384,0.06894634463273441,-0.10235621261835004,-0.006382459788155782,-63.79485828878596,1
upi | card | bank | crypto | gift_card | unknown | none,sms | email | phone | social_media | website | app | unknown | none,installed_app,none,none,unknown,-0.010303928207502549,-0.0121186309272474,1.0466050269816627,0.8491131605682191,-0.004156700132058989,-983.1906162246842,0
upi,email,shared_credentials,payment,unknown,unknown,0.024598067498068255,-0.06736347652448282,0.8555016502530302,0.015299951575847754,-0.008815121138738015,-1315.5674801715654,0
card,discord,clicked_link,payment,individual,USD,-0.020703844671871575,-0.012421161691856551,1.196031784374103,-0.05884963533531132,0.004562946651336548,-2235.3053167006246,0
crypto,email,unknown,transaction,none,USD,0.012995841610322651,0.8348466087911582,1.050310326674208,0.7910294789674687,0.0014767313693493306,1623.6503749399556,1
unknown,phone,unknown,none,google,unknown,-0.003512573314466101,1.0650681975023137,-0.040862045021899183,-0.057376238688931214,-0.006369162893602394,810.0486520878708,0
unknown,email,clicked_link,none,company,unknown,-0.004812664321754899,-0.011723467193881143,0.9386509703698732,-0.057379007875406875,-0.0013572387844455894,-1389.4420451621816,0
unknown,website,sent_money,payment,dropbox,unknown,-0.008287669703339584,-0.1818280172023322,0.8305177585720881,0.10983801100819124,-0.004175363502685811,2642.1765865024263,0
unknown,sms,sent_money,payment,verizon,unknown,0.010652639060541537,0.9813976088511226,0.055899283040195334,0.0236632764009033,-0.0020677835275086207,928.0329135476999,1
unknown,email,none,payment,unknown,unknown,0.011359232087612955,0.8451843837249591,-0.05185965022212571,-0.10484898190878483,0.0007724995709181167,2233.244493126287,1
unknown,phone,none,none,bank,unknown,0.011799600179031,0.8898428516710734,0.050935852556371265,-0.052499801597759646,-0.005536209478685444,-1776.4688300330126,1
crypto,mail,sent_money,unknown,bank,unknown,0.016672421580432164,0.11525256363420373,0.038368087474543004,-0.12386830066039628,-0.010200194047216454,-1258.4747108002518,0
upi,website,sent_money,none,bank,unknown,0.02202602263637194,0.13936789643954003,0.0044495497877878095,-0.05120179419057645,0.0024935410167811517,-2209.3541636436994,1
card,social_media,abuse,commerce,none,unknown,0.008393919394727778,0.027904526636169123,-0.060303077800697505,-0.08129935208824439,-0.005706577212724467,379.41843446404187,0
upi,website,clicked_link,none,none,unknown,0.003772215840977312,0.13367809069213882,1.1484240921296822,0.06860953813158772,-0.006947944568951428,-149.80917838118182,0
bank,phone,sent_money,credits,mechanic_shop,unknown,0.010088275343363148,1.0448683448446725,0.9881877459860334,0.033855088926853835,0.0002251390136766121,-2398.2167670996846,0
crypto,sms,shared_credentials,transaction,unknown,unknown,0.02699251992974912,0.1495850788054054,1.0710028822662245,-0.05915652471537761,-0.003524365160382826,-1498.0208134147877,1
crypto,none,sent_money,none,unknown,unknown,0.0034280703019634222,0.8927817854336687,0.02533355795460975,-0.045240933646289144,-0.0029321192633492105,-1507.120377028883,0
crypto,sms,received_credit,none,unknown,unknown,0.0011343105891995831,-0.04235632174879581,-0.012666944224624487,0.07061544320825335,0.006935622400069447,-15.75735284080109,0
unknown,sms | email | phone | social_media | website | app | unknown | none,sent_money,payment,bank,unknown,-0.024450116795241443,0.7685462201819571,0.02701223111911566,-0.05173837560942073,0.011858399129731743,-793.1757684413927,0
unknown,email,clicked_link,none,bank_|_government_|_company_|_individual_|_none_|_unknown,USD,-0.0010829658758288567,0.8896401806384605,0.7800541952348539,0.973134989335225,0.0031639417361203313,-1387.4116911366457,0
upi | card | bank | crypto | gift_card | unknown | none,sms | email | phone | social_media | website | app | unknown | none,none,payment,bank_|_government_|_company_|_individual_|_none_|_unknown,unknown,0.001489636798681511,0.04194114265481648,-0.019636416344009873,0.9930814749552552,-0.014454148832094105,2958.4721133977937,0
upi,email,shared_credentials,unknown,government,TON,0.02540821017798637,-0.1115160282562437,0.059052076926705034,0.7192375325745679,-0.0004071929234006427,-2664.5794661828836,1
card,unknown,unknown,payment,company,unknown,-0.02480448753300094,0.9654471726814267,0.028564737927043338,-0.05481822357630327,0.0018841507453397678,878.9051704147,1
unknown,sms | email | phone | social_media | website | app | unknown | none,none,none,bank,unknown,-0.010602501229711141,0.8622271002100693,0.07678245496643,1.040001657546037,0.005174830384177554,2637.5645072454895,1
unknown,phone,clicked_link,payment,bank_|_government_|_company_|_individual_|_none_|_unknown,unknown,0.004579049252920366,0.027170468277015667,1.2221741168726261,0.12260660169597855,-0.001777772848534543,-181.51206951574625,0
unknown,unknown,sent_money,none,company,unknown,0.030319228325397105,0.13622644524290795,0.06334517566801516,0.03145950025194267,-0.0035276558402827047,-845.4190303079556,0
unknown,website,none,none,none,unknown,0.004108736252645736,0.92894594280103,-0.020586183901729647,0.7021252374322826,-0.003267345205013897,-497.3682184424454,0
unknown,email,none,verification,none,unknown,0.010663539323406588,0.11883407965256086,0.9755433586609273,-0.0083937072828233,0.002175236912270969,-2405.361586663732,0
upi,social_media,sent_money,verification,none,unknown,-0.012061510737415286,1.0703425006156324,-0.08745677173488327,0.10534262400531746,0.0019998872152072597,-989.0274478367025,1
unknown,sms,none,verification,bank_|_government_|_company_|_individual_|_none_|_unknown,unknown,-0.002043367367770503,1.0200801105433366,-0.05157431645598294,-0.036023403942352476,-0.008099332217200557,160.26318708617288,0
unknown,social_media,shared_credentials,payment,none,unknown,-0.011983018731466774,1.0754054954814787,0.9855197409299711,0.13072766170704014,0.005099172416801575,-142.90042996282426,0
bank,phone,sent_money,trade,dropbox,TON,-0.013004548764818302,0.0218981034405544,-0.014268395654874368,-0.1203873385398259,-0.008053521128960886,1740.5178059755276,0
upi | card | bank | crypto | gift_card | unknown | none,sms,clicked_link,payment,none,unknown,0.0016412048116014875,-0.04109971918962007,0.028326225048705994,0.11796214665493607,0.0012514306080129408,67.5586726023223,1
unknown,social_media,sent_money,none | unknown,amazon,unknown,0.0039383084778680634,-0.03717700044081463,0.05672751160022335,0.09284222094858248,-0.005033455404437459,491.5500960776483,1
bank,email,none,none,unknown,INR,-0.007699914508756325,-0.009543872901184568,-0.06793644285153032,0.05997517012604571,0.001574874344170649,2412.3111457067607,0
crypto,social_media,changed_password,none,none,unknown,0.008124434177493776,0.8822496471498207,-0.06912107677425341,0.04527485735703937,-0.004954288004999448,-1000.9756980571906,0
card,phone,reported,unknown,bank,unknown,-0.0174572502058898,0.8725259643174897,0.9217225854851628,-0.045954547986443654,0.0037397154387193814,722.2179073482343,1
unknown,email,sent_money,unknown,company,unknown,0.020874896726231693,-0.067961810394375,0.05563618892747635,1.1623942482273877,0.006950010967107469,3099.9974437898954,0
unknown,email,none,verification,bank,unknown,-0.0011320710227657811,-0.17005606241595791,0.04029275112330485,0.7041212987459275,0.005452042103859946,852.9558268272738,0
unknown,none,sent_money,transaction,unknown,INR,-0.0175524114917616,1.0827519323460613,-0.007632010743906641,1.0737850660435448,-0.01072981130464203,-460.1582230440958,0
unknown,app,none,payment,none,CROWNS,-0.004625848227729119,-0.038023809195151116,0.8765465037401806,-0.11352156134460872,0.0019927337845681735,1742.5560441181656,1
unknown,sms,shared_credentials,activation,unknown,unknown,0.03595076743796169,0.05980039400206872,-0.02339733232677909,1.2010678289609777,0.0031475990179058466,-3134.2316690364323,0
bank,phone,none,none,amazon,USD,0.02345545700348718,0.9221633833866679,1.0106082189380166,0.9827411570380518,-0.0042638171663438975,138.8943055073865,1
upi,email,sent_money,none,ice_agent,unknown,-0.009370469390521094,-0.09935789202422395,-0.0015746418203397903,1.0695628208174475,-0.010343956506354984,2246.6200916618177,0
crypto,phone,none,none,unknown,unknown,-0.015469406338829504,-0.02308370130478352,1.0878734767195724,-0.09547000919049749,-0.007882042927502057,1978.11536843544,0
crypto,phone,sent_money,payment,bank_|_government_|_company_|_individual_|_none_|_unknown,unknown,0.016347119053089488,0.9748326014540108,0.04151390168985659,-0.04536709042733929,-0.004008495281159699,-1258.2184123705213,1
unknown,social_media,unknown,payment | verification | login | download | none | unknown,bank,unknown,-0.005848680738085418,0.9635834746099421,1.0800221378442818,0.052838870713994915,-0.007712659839233486,-223.57719469907528,0
unknown,sms | email | phone | social_media | website | app | unknown | none,sent_money,debt_collection,individual,INR,-0.01488255944681146,0.08038486488865094,1.2114683753896531,0.9438520065771028,0.006435692786912743,1502.550077755278,1
crypto,email,none,none,none,unknown,0.026248270587213192,-0.11032542576009793,0.9501427150558656,0.7720950305650564,-0.012573014934615412,73.18486257750092,1
unknown,email,installed_app,none,bank,INR,-0.014818939078131078,0.8162533041131,0.044060095185788815,0.7863860910512277,-0.008750727602509072,2863.5656966785305,0
upi,sms | email | phone | social_media | website | app | unknown | none,clicked_link,none,unknown,unknown,0.001866053626225794,0.9564880177786539,0.7893045017092949,-0.007188943315321956,0.001704365704615989,-1580.8805576976072,1
unknown,sms,sent_money | shared_credentials | clicked_link | installed_app | none | unknown,payment,unknown,USD,-0.01907007193546158,0.002745522228403687,0.7718180301334121,1.072632989519958,0.0013862539871505638,380.5362342469591,0
unknown,website,unknown,payment,company,unknown,0.009141264045309525,0.9858437696683369,0.011149052485654135,0.7842046707715397,0.008358780634268375,-1172.4511090986855,0
upi,unknown,changed_password,payment,landlord,unknown,0.023672329568932355,0.09664546567626123,1.1456836910705273,0.02918250463445849,0.0011911291468363944,1306.297342370329,0
unknown,email,clicked_link,none,unknown,unknown,0.011909526912309449,-0.0145107174772387,0.04336633475607414,0.8508186281719692,0.0030635752160517366,348.1277630996852,1
upi | card | bank | crypto | gift_card | unknown | none,email,clicked_link,payment,none,unknown,0.01451110898964414,0.877139442446931,1.165741009087455,-0.047642648519449785,-0.005027568413076039,2622.150412071678,0
crypto,unknown,shared_credentials,payment,unknown,unknown,0.015373948388324758,0.1156403735184143,-0.023742905462989926,0.9071641995629932,-0.005733027429409784,-624.6173514798724,0
unknown,unknown,sent_money,activation,none,unknown,-0.020984145452914445,0.9648705128469661,1.2808938499578053,0.7586210591628858,-0.0019506209919348746,1093.0887791746345,0
upi,website,sent_money | shared_credentials | clicked_link | installed_app | none | unknown,payment | verification | login | download | none | unknown,bank,unknown,-0.013070261326602963,-0.16870451360824137,-0.04354883210373938,0.8749186818552737,0.008041983126540848,186.94876665393429,0
unknown,email,none,none,individual,unknown,0.019788971391043936,0.01594817447035004,0.025126284041296836,-0.0871096067765214,-0.007763813387796091,560.3246389737884,1
unknown,email,clicked_link,transaction,individual,unknown,0.014018683846962544,1.042189186592451,-0.04257378577377242,0.6993947952174258,0.0003528071675198804,-817.9662114387135,1
crypto,social_media,sent_money,credential,none,USD,0.03543808025837652,0.10760327708188856,0.07330604214317597,-0.07394963030443559,-0.01188705409727909,853.1500216788472,0
unknown,sms,sent_money,none,unknown,unknown,-0.0097037266762376,0.9942268445346283,0.9172262502572974,-0.04399138421652813,0.000641610402429474,2813.632868866362,0
upi,email,sent_money,transaction,none,unknown,0.01613461797027549,-0.07726285806410964,0.020660891300927884,-0.059036285189935415,-0.013132501520683196,521.9644995252295,1
upi,email,sent_money,none,none,USD,0.029308032841065212,-0.0711413642933648,-0.01969402224035173,-0.04900693810432809,-0.010365919432267738,432.09028210619056,0
unknown,unknown,sent_money,verification,none,unknown,-0.009970399126307239,-0.10075871489886123,-0.0032473016718771544,0.957938435611029,-0.00383473245091428,780.3512509292106,0
unknown,sms,shared_credentials,payment,none,INR,-0.0059819742975508895,0.9785414863371712,-0.014294589811428175,-0.012406739750607453,-0.008687431481661623,1809.018375802368,1
gift_card,sms | email | phone | social_media | website | app | unknown | none,clicked_link,none,none,INR,0.02303641664008262,0.13917310482643638,0.04570765386895092,0.9639260754191825,0.00251005106212683,-2096.3654597267428,0
upi,email,sent_money | shared_credentials | clicked_link | installed_app | none | unknown,phishing,linkedin,unknown,0.015232774024138992,1.1113202662776243,0.04034172472027685,0.8217548183455977,-0.0017902378061657584,-222.50353304714798,1
unknown,website,clicked_link,verification,microsoft,unknown,0.01852086723515655,-0.058546061308252795,0.03420503125407316,1.0257062279148712,-0.0029237920629044917,-1031.4799933645186,1
unknown,sms,sent_money,none,none,unknown,0.031178582421123948,0.026081974399031708,-0.023077194640551392,0.9692542906271194,-0.00740883866799834,-1893.5222486835025,1
unknown,website,sent_money,none,bank,unknown,0.0023299734279646996,0.16465619492334257,0.10048922153950572,-0.08147470789661866,-0.0014729682062123914,-163.2430192162069,1
unknown,sms | email | phone | social_media | website | app | unknown | none,sent_money,phishing,security_company,CROWNS,-0.028977524068033465,0.8678645132235878,0.07558119603353312,1.0941167991806386,0.0016258697020288813,1301.289247788786,1
unknown,sms,installed_app,download,bank,unknown,0.01684561471618604,1.138803537084603,0.01531146697128768,-0.038318466133573745,-0.006855118472457948,-726.2952554312229,1
unknown,unknown,sent_money | shared_credentials | clicked_link | installed_app | none | unknown,download,law_enforcement,INR,0.01028903928607038,-0.166035005988295,1.241395118753752,0.7966207837154925,-0.009593497716483204,1111.1505805926442,1
unknown,unknown,sent_money,payment | verification | login | download | none | unknown,company,unknown,0.030087314724571428,-0.01639207290696801,1.1461664624841972,-0.12532258601983168,-0.006442366555693695,-3499.9094280250315,0
unknown,email,none,unknown,unknown,unknown,0.007172510334181401,-0.0750259699895674,1.2071771847638775,0.0851992607039536,0.005879371581177016,-807.666517179503,0
unknown,sms | email | phone | social_media | website | app | unknown | none,unknown,commerce,bank_|_government_|_company_|_individual_|_none_|_unknown,unknown,0.026526986105323877,0.07388707760642917,1.2692332467987768,-0.052118523065507134,-0.005559707324303996,-1841.6217520391513,1
unknown,email,none,payment,none,unknown,-0.024645354440573836,1.0012383444776574,-0.04235171118008792,-0.0007101761231331567,-0.0034485014928830084,-2399.5847260408186,1
crypto,social_media,clicked_link,payment,bank_|_government_|_company_|_individual_|_none_|_unknown,unknown,0.03091356539514498,-0.030365852587509515,1.0331135553513369,-0.045379911147823186,-0.0057120648117134605,-50.352236679898155,0
unknown,sms | email | phone | social_media | website | app | unknown | none,none,none,none,unknown,0.033119250178054005,-0.1883781491241928,0.06853893959385172,-0.08470277141569248,-0.008629383846461242,2771.3652123469824,1
upi,phone,sent_money,payment | verification | login | download | none | unknown,unknown,unknown,-0.003584469223393549,0.0364080844695502,0.781763899829201,0.04063210728795173,0.007160671909668281,1971.851889765156,0
unknown,email,sent_money,payment,bank,unknown,-0.019476632461811482,-0.023335845351121817,1.3631221181906916,-0.10563027137757794,0.002743585440793223,1436.572166905483,1
unknown,sms | email | phone | social_media | website | app | unknown | none,sent_money,none,company,unknown,0.0002192283860081269,0.8186134144015688,0.00803264914958968,0.8706326953604856,-0.0015630044295161247,-2044.6198019723645,0
bank,sms,shared_credentials,transaction,company,USD,0.01912445420033888,0.03676815569684696,0.024611410953173107,-0.05731527201203647,0.005342378877940623,-913.5652026086632,1
unknown,website,none,login,bank,USD,-0.021205983658549116,0.029664106256973303,-0.020076064802443373,0.04237643289284095,-0.00817211978031039,-1691.8124117856519,1
upi,phone,none,payment,bank,unknown,-0.009795134656171874,1.0125392810610359,-0.031216770432353092,0.005812915812790753,-0.010129519870150523,-1527.0249292597439,0
unknown,social_media,installed_app,none,bank,unknown,0.027402936159402983,1.0384702802419996,0.05107193038945124,-0.06549639049597766,-0.008067302515176513,-1480.463660115226,0
upi,website,clicked_link,none,none,unknown,-0.020215472442236704,0.9250799609846971,1.2550436351713068,0.7568929363361343,0.00259346585587318,3520.1438536330056,0
unknown,email,unknown,verification,none,unknown,-0.011891222652872069,0.11760261438869282,0.07237313139282836,-0.08086115200863704,0.0005200317423220768,-2283.982631176231,0
bank,website,none,payment,none,INR,0.010548873235476812,0.980719543041148,0.9589615328037511,0.9991773578177156,-0.0011775729088316228,-1735.6933396110812,0
upi,email,utilize,unknown,unknown,unknown,0.025177017151220775,0.9657551639695308,1.2987468332566003,0.9309373178996951,0.0006211346910224774,896.3625443961819,0
unknown,sms,clicked_link,transaction,security_company,unknown,-0.0032969042341177666,0.12378270434712721,0.02909562648455987,0.943882831833198,0.00034883556278112886,-509.7924883889535,0
unknown,unknown,unknown,verification,bank,unknown,0.0006982774776478326,-0.12143159067907022,1.0437616449392804,-0.1153080153578329,-0.0039483893395171055,-993.756560995869,1
upi,website,none,payment,bank,unknown,-0.01077095880330874,0.07978076248214683,-0.0025504583930805813,0.7521401857721817,-0.011780715486559264,-2558.1307020260715,0
card,email,sent_money,transaction,unknown,unknown,0.020250196941088885,0.09766061771734548,0.05083940345913541,0.012341441476226355,-0.006453292155926086,1817.2332380793448,0
unknown,website,none,payment,instagram,unknown,0.006980605659918155,1.01781916129163,-0.0129828988299293,0.0011913782100866407,-0.001428216943483867,-2475.533847811871,0
upi | card | bank | crypto | gift_card | unknown | none,sms | email | phone | social_media | website | app | unknown | none,sent_money,none,company,unknown,0.010481034348132393,0.002227832832416575,-0.027400965731512093,0.04342387071250511,-0.014129782708388704,-1613.4948236884204,0
crypto,email,sent_money,unknown,bank,unknown,-0.012170194796481343,0.8901878459670145,-0.06667989599427553,-0.021000478163029718,0.006215155105918502,-2140.6509332329874,0
unknown,sms,unknown,none,company,unknown,0.004634994559737082,1.1786365682611184,-0.01828069247989738,1.1416200949320734,-0.012609212935595608,-1836.3820453617545,0
unknown,email,utilize,none,company,unknown,0.012741908783218807,1.0513301869540566,-0.05420053578839067,-0.08757987258684792,0.0030292728931163534,-45.58173998393441,0
unknown,sms,sent_money,none,landlord,unknown,-0.005153380497117044,-0.022146003597992157,0.016731830059697035,0.9857700862387067,-0.0043978394113697705,-1932.1314163718412,0
upi,sms,none,transaction,bank,USD,-0.016339464119761147,-0.07335731727211686,-0.028739405680451673,-0.06950554289890873,-0.004134686564237574,-1162.8461865031243,0
unknown,phone,unknown,none,none,unknown,0.0003911758846628497,1.0658937322657442,-0.033614851957322014,-0.012298422492290604,-0.0031179732408485148,886.7095416110798,0
unknown,sms | email | phone | social_media | website | app | unknown | none,sent_money | shared_credentials | clicked_link | installed_app | none | unknown,unknown,bank,unknown,0.014676162166849093,-0.1380840724473038,0.9942415954207148,-0.0025927488009054285,0.0027680708036306578,-1587.369832311784,0
unknown,email,sent_money,none,unknown,unknown,-0.022754742561684325,0.8834865726304495,0.06799441363449628,0.8378210275970366,-0.00971603651715912,-2587.4924465926943,0
unknown,email,sent_money,none,unknown,unknown,-0.008702724786525867,-0.07841695869580913,0.0493985649515345,0.09999787123514026,0.0022643383485906102,1180.2380647762202,0
unknown,phone,clicked_link,none,unknown,unknown,0.02242308675510894,-0.03157491647086247,0.9853328388030502,1.004439296714705,-0.004002328976178346,-948.9534499651306,0
upi,email,unknown,none,security_company,unknown,-0.004982536496007296,0.10070208554614646,0.09031475823856465,0.968681980881085,-0.008059642012848905,-1360.7671235181954,1
unknown,email,reported,credits,unknown,unknown,-0.007808220582482092,1.003829022766989,-0.07907906295459714,0.00801044915075251,-0.002601389748883906,3279.092272395423,0
crypto,sms,none,none,bank,unknown,-0.012394300914157755,-0.026219240786412884,1.06596834031099,-0.05917369701460898,-0.002444500593771609,1415.9665744916376,0
unknown,email,clicked_link,payment,bank_|_government_|_company_|_individual_|_none_|_unknown,unknown,-0.0013043554609028756,0.9577888811961898,0.027233994503598608,0.03338680667867083,0.000371331958129897,217.19419473108223,0
unknown,youtube,installed_app,verification,company,unknown,-0.014438300255468958,1.0731264761530015,-0.026291713116215167,-0.07355878498510318,-0.011722349903705541,2407.2872828910135,0
unknown,website,clicked_link,none,none,INR,-0.01614240986929833,0.9500950002232184,-0.0006844649224731301,0.02862596501449586,0.004320596664951703,2508.5084896656354,0
upi,website,installed_app,none,unknown,unknown,0.008286344640464747,-0.12908356829511586,-0.0311343128715648,0.912228376349047,0.007960871495475492,885.1103583175567,0
unknown,sms | email | phone | social_media | website | app | unknown | none,sent_money,unknown,none,unknown,0.02691535276873915,1.0514056064898332,0.09002884927196661,-0.11274455102111401,0.0008048739772740493,-620.2241534083862,0
unknown,social_media,clicked_link,verification,none,unknown,0.025365721591741733,-0.03981969402574434,0.08652552651099521,0.7013842733285517,-0.002509830222188475,-740.4898327867172,0
unknown,social_media,none,transaction,bank_|_government_|_company_|_individual_|_none_|_unknown,USD,0.03775039483219785,-0.13818458022755417,0.07649329225397301,-0.14982562947135059,-0.01141949771579487,629.3452697217726,0
crypto,unknown,none,none,landlord,USD,0.008588347974448848,0.15111488643469187,1.0962612005694516,-0.06613643473910072,-0.0038068728751317524,-970.9842581049668,0
upi | card | bank | crypto | gift_card | unknown | none,sms,none | unknown,transaction,unknown,INR,-0.019241820130600232,0.0873395050901777,-0.028241940991181477,-0.1362065252246824,-0.008552579388039707,1087.6304498074298,0
upi,website,none,commerce,unknown,USD,0.020624506089507423,0.02024168988795482,1.3129261377808858,-0.1571777248435671,-0.001651281238055049,659.8461399618348,1
bank,none,installed_app,debt_collection,individual,unknown,0.00039123293010927306,-0.08070930338368873,-0.025988346386545413,0.8607966295471297,-0.0012078759567070276,3231.3021149655406,0
unknown,email,sent_money,unknown,company,INR,0.02914991866564237,-0.08374316033224694,0.027620913391937965,0.025719196774145928,0.0050133782364704714,1576.322795462673,0
bank,sms,clicked_link,download,company,unknown,0.021646229540106657,1.0366027990530629,0.04703329775403096,-0.08170770401503462,-0.001142295076552606,-2438.838323366392,0
unknown,phone,clicked_link,unknown,company,unknown,0.009221381767470789,1.116081782454121,-0.03806343296199627,-0.04157350554061921,-0.009334443992504092,1334.1423637534479,0
venmo,email,sent_money,unknown,post_office,USD,-0.007602197713301258,0.9964772833050434,0.06690514279620914,0.1026412575251929,-0.005121392207378288,1132.0077538907412,1
unknown,sms | email | phone | social_media | website | app | unknown | none,paid_upfront,none,individual,unknown,-0.0028102876136512143,0.05800551314525185,-0.029036183360130016,0.6770166242568563,-0.007877806235865134,1504.0854126250558,0
unknown,app,clicked_link,unknown,none,unknown,-0.004994493284785884,0.046735248540029785,0.062219997726680354,-0.033246882187022785,-0.005777202836207868,-1506.8215560659294,0
unknown,email,installed_app,payment,bank,unknown,0.002739303739868364,-0.043212711380029016,0.03789316935535743,0.9806412641998214,0.010132359993137854,-1239.6367115911441,1
gift_card,sms | email | phone | social_media | website | app | unknown | none,clicked_link,payment,bank,INR,0.014300485191881413,0.9091280094000447,-0.011522909151946184,0.9997011720646555,0.0017622621972126862,1175.9323028558752,0
unknown,unknown,sent_money,none,microsoft,unknown,0.00013573921228591854,0.8809298096096817,-0.02231191404378009,-0.001975319464587689,0.008958115093310653,-1238.9514396423638,0
unknown,website,sent_money,none,company,INR,-0.028322107601290773,-0.01905295187256845,-0.013825806806053822,0.0006353904598759379,-0.0032420177246644034,1230.2377137120252,0
unknown,website,received_credit,none,company,unknown,0.015401725886258509,0.8582009180034674,0.10386406855699636,1.1024417626919816,-0.004840307686887186,807.0853872878542,0
gift_card,unknown,clicked_link,activation,unknown,unknown,-0.0001106746353597168,1.155294668541243,-0.0821159668269908,1.0097981964547422,-0.003569291059384,-3458.431992685366,0
unknown,sms | email | phone | social_media | website | app | unknown | none,sent_money,transaction,none,unknown,0.0034669819332904988,-0.1348283821452327,-0.10909732383671061,0.7442669328832008,-0.004323894132461433,1528.2383407435839,1
unknown,website,clicked_link,payment,doctor,unknown,0.003538159796487898,0.0763232769011095,0.12192780960087968,-0.10200789687722431,-0.012827452413683412,1135.4768300395983,0
upi,email,none | unknown,payment | verification | login | download | none | unknown,none,unknown,0.033247226659455065,1.1260611910183729,0.8522775218795071,1.1977899087542139,-0.012149898133184763,639.1995759886223,0
unknown,phone,none,unknown,none,unknown,-0.002150913046238128,-0.10523514761085907,-0.05811905025709455,-0.020632896517404554,-0.00349123804297729,1711.1595511000812,0
unknown,sms,none,payment | verification | login | download | none | unknown,unknown,unknown,0.00868488340769488,1.0220485283410663,-0.015584416736815482,0.9574198717093393,-0.003202685407203337,2028.2340546147052,0
unknown,phone,unknown,none,none,INR,-0.01750130762092139,-0.00906026632329277,0.05356021321865113,-0.08449670939671988,0.003855931309954169,1062.6731478727504,0
unknown,unknown,none,verification,company,USD,0.002590417336992167,0.9760715821755249,0.041771810413396664,0.9499381129750525,-0.001466205031518912,2126.162931636162,1
unknown,discord,none,none,unknown,unknown,-0.0013164974498565555,0.057328524312633175,0.7961915584378774,1.1981366097911161,0.0025132318438640996,1340.1261501383376,0
unknown,phone,sent_money | shared_credentials | clicked_link | installed_app | none | unknown,payment,company,unknown,0.025926932481366,-0.16648293699630903,1.0520476623401966,0.0769360249759917,0.008551485626679017,207.99309079734132,0
unknown,phone,unknown,none,none,unknown,-0.00034549182570525175,0.8492481499568634,-0.08508224123452535,1.084094195000137,-0.00911289138501051,232.92412311233204,0
unknown,unknown,clicked_link,payment,none,unknown,-0.0035622951369007182,1.0907608765436008,-0.05981770305233989,0.9448599656468449,0.006393090933853868,-1510.1659726910973,0
unknown,website,received_credit,none,none,unknown,-0.007815506597561563,1.059366196159203,-0.07037135222952941,0.9198539442846175,-0.002650634567363383,-1793.2976718592852,1
unknown,email,sent_money,payment,cowboy1113,unknown,-0.0061798300286349216,0.9547963767560895,1.2328512228955424,0.8497037617531747,0.0076346467615140915,-2902.442503667842,0
crypto,email,none,payment,cowboy1113,unknown,0.006351512901338869,-0.0007351609473173703,0.9788046554667754,0.7942481717952169,0.0018937293752180912,1730.47848145242,0
crypto,email,sent_money,none,none,INR,0.023789080264976305,0.03323935347687118,1.2619391703234766,-0.05636150178561646,-0.011285351998486542,20.081460498869937,0
unknown,sms,sent_money,payment | verification | login | download | none | unknown,none,unknown,-0.027646016979848743,0.869108705758486,0.07774809633969912,0.8334518718808466,4.4437801438387356e-05,1383.1563688036626,0
upi,email,clicked_link,payment,microsoft,unknown,-0.003910821955824675,0.9851679601789861,1.0098221620521681,1.0004785649199484,-0.006600034656452607,970.6170333576467,1
crypto,image,clicked_link,verification,unknown,unknown,0.030382712164255577,0.0666080676230962,-0.059957489640594185,1.0468258277931877,0.0018226264386935259,-112.50294182386186,1
upi,email,none,payment,unknown,unknown,-0.0026297951890851845,1.0327086075379968,0.008565369548854642,-0.002446655757714295,-0.002764019451487732,-1249.1165222956415,0
upi,phone,none,payment,cowboy1113,unknown,-0.02909529115275164,-0.04827714151712879,-0.028199788241399286,0.954156072150324,0.006012795781807313,1783.1386967906474,0
upi,website,clicked_link,payment,unknown,INR,0.0192702554084894,1.1967470214096791,0.07294308207081517,0.7824275706335385,0.000483756114344004,259.1743233158981,1
unknown,unknown,reported,none,bank,unknown,0.007141153353000054,0.15242173598382938,-0.033073581890095884,-0.05000634140365688,-0.014250424264775208,865.6622447677818,0
unknown,sms | email | phone | social_media | website | app | unknown | none,sent_money | shared_credentials | clicked_link | installed_app | none | unknown,payment | verification | login | download | none | unknown,company,USD,-0.011819158926038522,1.109167657271444,1.0481433621319358,1.008183263968372,0.002023506575302521,1768.7448839185472,0
unknown,email,sent_money,none,unknown,unknown,0.0015811395909921119,0.06354334624359882,-0.0903104785548121,-0.04975774423467382,0.0019495251422480524,-134.06335251790642,0
gift_card,social_media,sent_money,credits,company,unknown,0.025747110064259348,0.03849835097176372,-0.004096459587276918,0.043241714517624714,-0.0006667725140034494,-250.5348651647381,0
upi,email,shared_credentials,payment,bank,unknown,-0.004408245290944969,-0.03461146793323283,1.1830983232399663,0.002877732592025668,0.0020959132799343323,1521.942550117963,0
unknown,email,paid_upfront,commerce,bank,unknown,0.015231134402111046,1.0682246139069398,1.1744419635865269,1.1355726621684665,-0.002838405889291103,-1970.2583604387353,0
unknown,email,installed_app,none,company,unknown,0.030666623400588976,-0.06820043184546783,1.2521187175700645,0.8254214584340072,-0.012434083817979415,1685.1451958585176,0
upi,email,none,unknown,none,unknown,0.011543567573832769,1.0017664004667524,0.06203402769291622,-0.025296224650780394,-0.0010989923290362364,-41.416922812767965,1
unknown,youtube,sent_money,payment,unknown,unknown,0.002648266476325528,0.9594548035240054,1.1710850896986047,-0.06957671712031736,-0.012141834061832467,3101.757799116638,1
unknown,none,installed_app,payment,bank_|_government_|_company_|_individual_|_none_|_unknown,USD,0.004723596093332079,0.9713132182355759,0.08772274187054231,-0.005577666812751276,-0.0020741055433070666,-120.17136046816252,1
