annotation.key_features.payment_method,annotation.key_features.fraud_channel,annotation.key_features.victim_action,annotation.key_features.request_type,annotation.key_features.impersonated_entity,annotation.key_features.currency,annotation.key_features.urgency_level,annotation.psychological_tactics.urgency,annotation.psychological_tactics.fear,annotation.psychological_tactics.authority,annotation.psychological_tactics.reward,annotation.key_features.amount_normalized,annotation.key_features.has_amount
card,social_media,unknown,none,bank,unknown,-0.013043705012076303,-0.058898549255960435,-0.11232623305510807,-0.09367944318608812,-0.015245135767177335,-972.9918645139455,0
unknown,phone,sent_money | shared_credentials | clicked_link | installed_app | none | unknown,trade,cyber_police,unknown,-0.0019975265319402014,0.05094869187384747,-0.016063735783365028,0.8620606365962837,-0.0017220715782619795,11693.436020744793,0
unknown,email,sent_money,none,bank,unknown,0.0047026662612579114,-0.07255026035919342,0.9183558478103222,-0.017090170951999765,0.010175673965407174,-609.6703579324081,1
unknown,unknown,unknown,payment,bank_|_government_|_company_|_individual_|_none_|_unknown,unknown,-0.03099378130803141,1.0553277215308507,-0.03177819612448781,-0.0013507871231713507,0.008421044599925905,967.996081412467,1
unknown,sms | email | phone | social_media | website | app | unknown | none,none,payment,ice_agent,unknown,-0.011701467691221408,-0.11222279819414593,-0.019695043865040954,-0.11602023674704393,-0.0037425579121734645,758.1762022207516,0
upi,sms,clicked_link,mining,none,unknown,0.007470622568241045,-0.0799670597056885,-0.006501464980412711,-0.07718546648977409,-0.0072467819498765245,-1482.5202514484952,0
unknown,discord,installed_app,payment,none,unknown,0.01655771124672677,-0.004675556621002155,0.9211142170318831,0.8851295398954343,-0.014596437977147683,301.0742859395237,1
unknown,social_media,shared_credentials,payment,unknown,unknown,-0.03214556458398086,-0.1125241835316288,1.1192569434801012,0.8410030196068322,-0.002282637828939149,2291.726288833614,1
card,phone,clicked_link,none,twitter,unknown,0.03192437910164153,0.0840828625655558,0.11321397771275803,0.8880510343671121,0.002880196427098414,-3513.188349190195,1
crypto,email,shared_credentials,payment,bank,unknown,0.021175721226336795,1.0409004464945675,0.08971384546442929,-0.1333872482330932,0.0020258161334822905,2116.128130786801,0
unknown,unknown,shared_credentials,payment,none,unknown,-0.0011747344588344275,0.8346226829255927,-0.008105989869811682,-0.10686424761579072,-0.000731856503059234,-2992.631891899235,0
unknown,social_media,clicked_link,verification,none,unknown,-0.015116757393824109,0.03753205898779555,0.0665534635208369,0.8676838173395671,0.013997046610668425,744.068544025113,0
upi,unknown,unknown,none,none,unknown,0.0022455589669289266,0.044105137403080745,1.23013785027498,-0.03654928471204886,0.0028019290962225784,-639.5660252490142,0
upi,sms,clicked_link,transaction,company,USD,0.021634831828307145,1.1378066932238402,1.1244403357984605,-0.02131259668093788,-0.0026496175525379086,-650.3701091310303,1
upi,sms,clicked_link,none,google,USD,0.017368019532262205,0.9474332421433019,0.9411939675445516,-0.009575378909583439,-0.003053475288313056,-572.4796850833498,0
upi,sms,shared_credentials,transaction,landlord,unknown,-0.006379957464255748,0.8685076301826227,0.010033526322108056,0.9832668161095575,0.0031244405252834743,792.9578249277282,0
unknown,social_media,sent_money | shared_credentials | clicked_link | installed_app | none | unknown,payment,none,unknown,-0.012547536676777321,0.13914615278815148,-0.037934025737181215,-0.053971693857120785,-0.008270987926380468,-1599.129186841374,1
gift_card,website,changed_password,commerce,bank_|_government_|_company_|_individual_|_none_|_unknown,INR,0.015158328610412114,0.9907198687761499,-0.1096202068058011,-0.008645627336282054,-0.005636878806042937,2144.2816667194747,0
unknown,email,none,login,none,unknown,0.015463090984547328,1.177621886296976,0.0068469281409315064,0.03548752156835427,0.0002989675094721293,-178.19662055853752,0
unknown,sms | email | phone | social_media | website | app | unknown | none,sent_credentials,none,unknown,unknown,-0.005658506073648883,0.943535855032176,0.08658805165899189,-0.0945644127795072,-0.003150655283747523,1951.7101677821238,1
bank,website,shared_credentials,payment | verification | login | download | none | unknown,bank,unknown,0.008618719538998903,1.003459614897621,-0.08584743812675279,0.0740620161559308,-0.0007006143610270933,-1196.0136331693016,0
unknown,sms,none,payment,company,unknown,0.015186053013415123,0.01842662605315962,0.9659557231421464,1.015644955460941,-0.0013092977340733582,-2394.5158849832424,1
upi | card | bank | crypto | gift_card | unknown | none,none,none,payment | verification | login | download | none | unknown,unknown,unknown,-0.013576170053363264,1.1688354800273455,-0.02860026082703368,-0.09820033790663912,-0.007203488860868508,170.16098524490565,0
crypto,sms,shared_credentials,payment,none,unknown,-0.0065392169731846184,-0.09156488886837626,0.016827834878969303,-0.1071405756521568,-0.010955246110411909,-426.5384413151603,0
upi,sms,none,none,bank_|_government_|_company_|_individual_|_none_|_unknown,unknown,-0.0033395960348889973,0.98240740094626,0.09067673102656193,0.01657817072192771,-0.0013219844458355388,25748.61320201239,1
unknown,phone,unknown,none,unknown,INR,0.014834291512252146,-0.041551469438082314,0.0038420061113890983,0.05579654016772192,-0.008065322259923421,1362.6183730003816,0
card,email,shared_credentials,payment,unknown,unknown,0.012432380506966894,1.1255677164083502,0.03220588773143445,0.8094174143425126,0.00030116021927888733,861.1844539972242,0
unknown,unknown,none,none,bank,unknown,0.0022033652471746662,1.001644112008098,0.8231884384536413,0.009269123802144336,-0.006121758374859835,582.5192687271814,1
upi,phone,shared_credentials,none,none,unknown,0.007634887538557468,1.0267316093277026,1.224666219261923,1.1042380763461297,0.004435796826564848,-2282.5368650466467,0
upi | card | bank | crypto | gift_card | unknown | none,sms,sent_money,credential,none,unknown,0.016507885446719446,0.8179595356115692,0.05863144227735099,0.09850163019328688,-0.0004017595882609426,980.3294255166577,0
crypto,social_media,sent_money,none,unknown,USD,0.015079365070912003,1.1381662303002225,0.0031672110655289755,-0.10530311734718573,-0.0010311871205122398,269.98200998093427,0
card,website,none,verification,bank_|_government_|_company_|_individual_|_none_|_unknown,USD,-0.007368851181428024,1.0209739083550307,0.05038743755513165,-0.010754185932728286,-0.008917783251305381,2671.7435766093477,0
unknown,discord,shared_credentials,payment,bank,unknown,-0.01937506691596005,0.7988064075976948,1.0912700689742014,-0.018429599148438627,-0.00823785663232267,2052.4084378715766,0
unknown,website,none,payment,none,unknown,0.020796167057259854,1.0635423979425747,-0.033543849041421075,-0.06269736143930303,-0.008512702800580923,276.94628649453796,0
unknown,sms,sent_money | shared_credentials | clicked_link | installed_app | none | unknown,unknown,none,unknown,0.0024180800409552704,0.04494286209228613,0.11733926386751163,-0.06900395797956872,-0.004496473142831718,292.0666821503165,0
unknown,phone,none,none,verizon,unknown,0.00889982116858048,1.083643733452212,-0.02819183845600248,0.7795257936039335,-0.00922251388857029,-2599.739711647868,1
unknown,phone,installed_app,payment,none,unknown,-0.01259807673001964,-0.11711864353877853,0.8048485830657159,1.0448827376717995,-0.008180497100582235,-1106.2021655675264,0
unknown,email,clicked_link,none,bank,unknown,0.011057550483625857,0.1031051502561253,0.014945708162383284,0.04301236235887694,-0.011343206985601399,-2598.079394134848,0
crypto,social_media,installed_app,payment,unknown,unknown,0.012030570712753482,0.8862128453287872,0.046116625685193126,0.9863063924206791,-0.0008217108462090532,834.1743735400053,0
upi,unknown,abuse,verification,twitter,unknown,0.026532260201777687,-0.1457498365898454,-0.04995161587607835,0.9311502105205738,-0.0004193939361870409,-170.1368071992436,0
unknown,email,sent_money,unknown,unknown,unknown,0.023811777083703953,0.015878356891912703,0.10907318690095623,-0.056568243564649484,-0.007760540980749853,-1767.9035769123645,0
upi | card | bank | crypto | gift_card | unknown | none,unknown,none | unknown,payment | verification | login | download | none | unknown,company,unknown,0.004435661019747367,-0.01128781675169853,0.06179818262863078,0.8005278608014444,-0.0004944471373677134,1643.6067555471764,1
upi,sms,changed_password,none,none,unknown,-0.011572589860162736,-0.07271884515166059,0.04672112273082219,-0.06863288142002634,0.008867462944318854,721.2481609446698,0
crypto,sms,sent_money,verification,company,unknown,0.022389381587407227,0.010091985082609889,1.061629063723987,1.0382275434371915,-0.00732612998952481,1996.9034779855078,0
unknown,unknown,none,payment,none,USD,-0.018341619598986735,-0.026886251982738675,-0.07453253260970855,0.07055868881501173,0.0003619241794331119,-1698.0000219848055,1
upi,sms | email | phone | social_media | website | app | unknown | none,shared_credentials,payment,none,unknown,-0.01064445128165824,-0.04298831116572708,0.05193424172272474,0.8211545675152558,-0.0030250228889502793,-1939.0585826047406,0
unknown,sms,sent_money,none | unknown,marketplace,unknown,0.016312943616001194,0.0581895888045776,-0.0006400216997959169,0.06898920084074579,0.0037271734740621097,-980.7310301844559,0
unknown,sms,none,none,unknown,USD,0.008574030673540973,0.8675591581938344,-0.030968161498263435,-0.010524087152274798,0.0033468402100636763,1356.8633552592755,0
unknown,unknown,none,payment,bank_|_government_|_company_|_individual_|_none_|_unknown,INR,-0.005381700708879934,-0.028945440148947284,1.0036624314627103,0.0629340208021728,0.006186826961960481,1855.3351080688976,0
unknown,sms | email | phone | social_media | website | app | unknown | none,sent_money,payment,none,unknown,-0.004510104123080505,1.223155323186548,-0.0070454377385840185,0.08105683632655304,0.000292893319251182,-1802.6643907201044,0
bank,sms,shared_credentials,unknown,company,unknown,0.01546228950392611,0.06008708544156701,1.317211454466137,0.7257972328462501,-0.012625199072123337,-228.41099859353244,0
card,email,received_money,none,unknown,unknown,0.00298721076639475,0.08783193525203181,0.7425012622440572,0.8247624948724035,0.002874876677322147,-261.0844600865225,1
unknown,phone,clicked_link,payment,bank,USD,0.0110496936980409,0.08707010891027006,1.2565803910073825,1.1069905411961238,0.0052852099059595824,1861.2905891809123,0
unknown,website,unknown,payment,none,INR,-0.030406134199557167,0.9251104340499746,0.0026064525951910297,0.0932325090875375,0.011108977193783676,305.14974439820656,1
unknown,sms,clicked_link,payment,none,USD,0.02743972083308779,0.991914877803202,0.11025373861746317,0.9297903824927335,-0.005289287363278993,-2877.1605958298505,0
unknown,sms | email | phone | social_media | website | app | unknown | none,utilize,none | unknown,bank_|_government_|_company_|_individual_|_none_|_unknown,unknown,0.013625063313733742,0.8897864929769246,0.7952008435588094,0.025600695651481216,-0.008126618808501074,-578.0503308073046,0
upi | card | bank | crypto | gift_card | unknown | none,sms | email | phone | social_media | website | app | unknown | none,none,none,unknown,unknown,-0.0170812217930472,0.0513912856054628,-0.040023664603089606,0.833169941408143,-8.755024262853387e-05,-1271.095372811296,1
card,sms,received,transaction,health_department,unknown,-0.010062740692107077,1.1316566233520367,0.01842182480032826,1.1833163198646461,0.004141916087710107,803.0147917784495,1
card,unknown,installed_app,credential,individual,unknown,0.030236086720513523,1.0445904277143323,-0.04840927595082471,1.0372413496787094,-0.01499386105803373,-1325.654884884214,0
upi,email,installed_app,verification,company,unknown,-0.0021767770723969755,-0.054462558401716765,0.09410552669570864,-0.06111951018757237,0.0034176498672873123,-1545.6267926992512,1
unknown,phone,sent_money | shared_credentials | clicked_link | installed_app | none | unknown,payment | verification | login | download | none | unknown,unknown,unknown,4.249059080237852e-05,0.012142857689387339,0.1012056208289303,0.7589196406347949,-0.007500637308035694,2412.0451536904293,0
crypto,unknown,abuse,verification,instagram,unknown,-0.019151855827116163,0.9720343649730308,1.0045370806018874,0.6682055759419199,-0.004356021724772836,-1731.8243060790667,0
crypto,email,clicked_link,transaction,bank,unknown,-0.019451443973833964,1.0400460949992312,0.030424354560140778,0.8219544051776715,-0.0011455010487238227,1775.664295282166,0
unknown,email,sent_money,payment,unknown,unknown,0.011458128981112039,-0.025336768537484615,1.2270794667704061,1.007283685158832,0.0011359108019814712,1282.5087638601776,0
upi,website,utilize,none,unknown,unknown,-0.0015160827167054183,0.0869963116625852,1.0874868356674572,0.9551832903039832,0.008800618757375962,-1488.221502095921,0
unknown,none,none,none,bank,unknown,0.02425980727929423,0.042324719288774154,0.10358136182576873,-0.041240746275630395,-0.004929325198600464,702.5315254398067,0
upi | card | bank | crypto | gift_card | unknown | none,website,sent_money | shared_credentials | clicked_link | installed_app | none | unknown,download,cowboy1113,USD,0.03241113067172372,0.10032498471555039,0.12805051796944686,0.8805955575142178,-0.008524622444051354,1057.5229453116365,1
unknown,website,abuse,transaction,bank_|_government_|_company_|_individual_|_none_|_unknown,unknown,-0.013141725839218125,-0.004535153820947966,0.9718166100806062,0.7960242640813666,0.00042315820874723703,128.4755336147715,0
upi,sms,none,none,unknown,unknown,0.028052676525216237,0.016768603037444336,1.1237692935080756,0.07073976129405808,0.0011161681583064145,963.6189746947385,0
upi,sms,clicked_link,none,unknown,USD,-0.004815990655957702,1.1915799203546875,0.09832099913080072,0.03197205048110983,-0.002280569863988583,-300.4559960490749,0
unknown,social_media,none,payment,bank,unknown,0.006727940158244548,0.9088840687835797,0.03691444002546042,-0.044036184304772706,-0.006725357717941794,-1781.6864353329588,0
upi,unknown,sent_money,credits,unknown,USD,0.02387816597377308,-0.07391694812543455,0.031629081865932156,-0.0871006361724453,-0.002201767921623381,766.2391336837355,1
unknown,sms,clicked_link,verification,bank,unknown,0.0011824547336921206,-0.16361019196324345,-0.015189991267907732,0.7032598212931498,0.0027096271695878126,-639.0781147234302,0
unknown,phone,sent_money,payment,none,unknown,0.0006838433994964497,-0.11828242509974421,-0.009907074490908862,0.06413045979836035,-0.009028582526639607,1854.3467499790593,1
unknown,unknown,sent_money,commerce,bank,unknown,0.004327599877993779,-0.14628145277971283,0.065718860537853,-0.14915432740905557,-0.007963771658938926,1930.4526493574053,0
unknown,website,received_money,trade,unknown,unknown,-0.00020816255768884648,0.09402844759938532,-0.0005276534470494568,0.047743350298431,-0.00378015770206865,-2820.9819962989222,0
upi,sms | email | phone | social_media | website | app | unknown | none,clicked_link,payment,unknown,unknown,0.008620904016149476,-0.12199918432096467,0.0456196353216715,0.9848606058208175,0.010832404501897168,2870.93333948658,0
card,unknown,none,mining,law_enforcement,unknown,-0.003433610091007244,-0.13207724559212952,-0.02221038257834239,1.00370383692953,0.005593787762038104,-308.55789573019484,0
upi,email,none,none,unknown,unknown,0.005626427668388648,-0.1576662393970738,0.061649574869215344,0.042616574849597015,0.007731488187074677,746.697961702591,0
unknown,phone,unknown,payment,company,USD,0.012013825582929129,-0.08339241812588238,1.235220942288158,-0.04377812342707957,-0.005151840002358602,1004.2597888868266,0
upi,unknown,shared_credentials,none,none,unknown,0.0031937573159341627,1.0236413747147477,1.222007263713012,0.011798013007019343,0.010565063255669815,2480.3358250554024,1
unknown,phone,none,unknown,bank,unknown,0.00210126559160326,0.8908207907844529,0.09552379931679174,-0.07734772298747576,-0.010837265081515455,467.4897093992045,0
upi | card | bank | crypto | gift_card | unknown | none,phone,none | unknown,none,bank,unknown,-0.011576578300793554,1.021816192898081,0.0961076878744672,0.7468095501115269,-0.0018475265958585274,2862.553427741743,0
unknown,email,unknown,none,company,USD,0.006612907462459641,1.097987563106983,0.04500969962696157,0.8341015181737383,0.006439367718820603,623.0923893728391,0
unknown,website,shared_credentials,none,bank,unknown,0.02189447109630085,-0.14363960101471931,0.7747337904830349,0.9774325245792206,0.014382396034031929,1260.3023079311313,1
unknown,website,sent_money,transaction,mechanic_shop,USD,0.01943823007105024,0.8915653169709653,1.1686246844223263,0.025182094391648785,-0.004797458889263398,-51.474406654774654,0
unknown,social_media,none,transaction,none,unknown,0.008767887850674045,0.027165900368837325,1.0466530575283568,0.9338543306471824,-0.0016959500119014253,588.7919886166917,0
crypto,unknown,none,none,bank_|_government_|_company_|_individual_|_none_|_unknown,unknown,-0.012917580532426164,0.9521489446590528,-0.012278589481417294,0.029961643386994842,-0.0011300927259322805,2173.289143007786,0
unknown,unknown,none,transaction,bank_|_government_|_company_|_individual_|_none_|_unknown,USD,0.012304228306628378,0.9276838601313374,0.06966527222863779,-0.09705064077231136,-0.012836543941491835,2573.2934431244,0
upi | card | bank | crypto | gift_card | unknown | none,email,sent_money | shared_credentials | clicked_link | installed_app | none | unknown,none,bank,unknown,-0.004403743283275713,0.13717052560085485,0.8954248567817747,0.9196710835045467,0.0045649718056014425,-778.0813031297718,0
crypto,sms | email | phone | social_media | website | app | unknown | none,sent_money | shared_credentials | clicked_link | installed_app | none | unknown,unknown,company,unknown,0.007400050556128375,-0.09114289557462564,0.059177165855564796,0.7642276746815893,-0.0046814241803204175,-32.031180288244414,0
unknown,sms,shared_credentials,none,none,unknown,0.009920504211370156,-0.0015198772874157845,-0.04162791584301825,1.0023514277366947,-0.0021413502973058342,-2812.078889373274,0
crypto,website,clicked_link,payment | verification | login | download | none | unknown,none,INR,0.01765592047339144,0.010070617864086081,-0.07339553301125559,-0.08579369716381244,-0.006599940681776742,-2566.0223155018602,0
unknown,website,none,credential,unknown,unknown,0.0020547239342912746,0.0789767968424317,1.0637933960759298,0.0009893150050350721,-0.011049512107772257,1003.7018260420728,0
unknown,email,none,payment,company,unknown,0.004461117194667382,1.2054632373007221,0.014389345522017215,0.8267118840678633,-0.0013501230741972323,-744.3209320831664,0
bank,website,clicked_link,payment | verification | login | download | none | unknown,none,unknown,0.010475258378166557,1.0335005646950657,0.0962496937062691,0.06890314433145689,-0.003190990258791917,-2212.2456959028686,1
unknown,unknown,sent_money | shared_credentials | clicked_link | installed_app | none | unknown,trade,verizon,USD,-0.016898060716128826,1.129063967326948,0.9234107268992593,-0.07160892668259988,-0.012412939515909754,-664.1373285652415,0
crypto,email,sent_money | shared_credentials | clicked_link | installed_app | none | unknown,payment,bank,unknown,-0.006659662823575283,-0.11522035338299681,0.9287521822468964,-0.07582751204578679,-0.004531715212525753,981.294454374743,0
bank,sms,unknown,payment,unknown,unknown,0.03081597691243921,0.14934905181575528,-0.004278961784714135,0.011569764761894284,-0.001455364139015183,605.9978786497882,1
unknown,phone,shared_credentials,payment,bank,unknown,0.005166465967320137,0.9831147940463983,0.10068965743546597,0.02839740405188399,-0.0034496364981348466,920.371813561283,0
unknown,sms | email | phone | social_media | website | app | unknown | none,sent_money,payment,bank,unknown,0.004941994505953611,0.1276914813157599,0.010958386412352151,0.11896719976329166,-0.006396643699233031,849.3806382170911,0
unknown,sms | email | phone | social_media | website | app | unknown | none,none,verification,none,unknown,0.031149402964185575,-0.025176519142418405,1.019110552164585,1.0594982460404294,0.007077632753584625,-2170.7178539128777,0
bank,sms | email | phone | social_media | website | app | unknown | none,sent_money,activation,company,USD,0.022318631328027062,1.0203431401851122,1.2282339731561265,0.9133366166780095,-0.00961212140891355,1355.4002699216305,0
gift_card,website,sent_money | shared_credentials | clicked_link | installed_app | none | unknown,none,none,unknown,0.009813299225374798,-0.1617703185909026,-0.03829229406254489,0.9556938798459439,-0.0009771301460265503,-1663.312750187412,1
card,phone,shared_credentials,none,none,unknown,0.010661689217903196,1.102245900814594,0.03213418942393832,-0.04645093998466632,-0.007280954274510295,-103.26576159198753,1
upi,phone,none | unknown,none,none,unknown,-0.016385152307665563,-0.013258163588944587,1.1160238933667248,0.08042319965777005,0.009775326183775591,-2206.5686145980344,0
unknown,sms | email | phone | social_media | website | app | unknown | none,clicked_link,payment | verification | login | download | none | unknown,none,unknown,0.025224529529245723,1.038200961302958,0.022685036726937922,0.8449927083791192,-0.00524649808294992,1422.5576963890355,0
upi,discord,shared_credentials,credits,bank,INR,0.03689952834039979,0.02437472734258039,0.11460118092417478,0.7211263112751733,-0.012495529681875386,314.22250524535013,0
unknown,sms,sent_money,none,bank_|_government_|_company_|_individual_|_none_|_unknown,unknown,0.031379617527227475,1.0142284169877742,-0.03479872824660963,0.1158980385160476,-0.004809617646075753,-2076.940287665257,0
upi | card | bank | crypto | gift_card | unknown | none,phone,none,replacement,none,unknown,-0.012702257833292678,-0.138373906911236,1.165831445605718,0.9410750852369685,0.004177407712376717,206.5582945765936,0
gift_card,website,sent_money,verification,none,unknown,0.01747709168998869,1.0965881868773946,-0.007246104358607494,0.10425989995235277,-0.0106885240528822,411.7367229439711,1
unknown,sms,sent_money,verification,unknown,unknown,0.010192890687319761,-0.050253551872972604,0.8793074358839044,0.8069902497603196,-0.008081645661121201,-2222.5170202652935,0
crypto,sms,clicked_link,none,cyber_police,unknown,-0.0255370711607536,0.07657952136955502,-0.08383639138872241,0.717079678873279,-0.009531627922382775,-190.89434658305993,0
upi,email,none,none,bank,USD,-0.0019268672924413104,1.1030933451396134,0.06607917640513583,-0.08746171691601719,0.0001571258861822636,-267.369006151686,1
upi,phone,none,none | unknown,none,USD,0.028641208549202865,0.9443467082647258,0.026363398566752846,0.9048964417616682,-0.004647236193240671,630.3534027282772,0
unknown,phone,sent_money,transaction,unknown,unknown,0.0006455245825523572,0.06607526460512202,1.3770533595568855,0.9112553704392596,-0.0028408429658852066,3127.974168702967,0
unknown,none,clicked_link,none,unknown,unknown,-0.002955510782347393,-0.03317391203867499,-0.06976516392286021,0.7699626304839309,0.001937977742910354,1931.9147007124795,0
unknown,unknown,none,payment,government,unknown,-0.032584604037965315,-0.07481185791891186,-0.03474095064863933,0.093297548752991,0.007886065043079158,-150.71318611161388,0
unknown,website,none,payment,company,USD,-0.02084261965085376,1.0299614702423179,0.8166785053310883,0.013109471444988367,-0.012755977363546498,-1502.8182340475357,0
unknown,email,clicked_link,login,bank,INR,0.011252929715440231,0.9023341028013013,1.1837994556219058,0.965328126006502,-0.009578757266492221,2467.462742049268,0
upi,email,shared_credentials,none,netflix,unknown,0.010712012466844981,0.833296714350408,0.09955114686268275,0.8058467453383843,0.005903660902398966,219.9608735948304,1
unknown,sms,sent_money,none,unknown,unknown,0.014900614665740353,0.07236198278875267,-0.044614811616128534,0.10738421091335155,-0.0101248441079447,1803.0609559730328,0
unknown,email,installed_app,none,none,unknown,0.0343279057098194,1.116893654635211,1.1159715404864374,0.8342554729049629,-0.001379295685034209,-2130.1138753498735,0
card,website,sent_money,none,none,unknown,-0.010830688072064663,0.04605894282358884,0.8938311763664187,0.02022979997799656,0.0006046889269654986,-1448.2963330906298,0
unknown,email,sent_money,none,microsoft,unknown,0.02550579360403207,-0.10533270212116937,-0.025640111875093748,-0.06131455675048384,0.0061801923498444,-1217.6216716855124,0
unknown,phone,shared_credentials,unknown,bank_|_government_|_company_|_individual_|_none_|_unknown,USD,0.0036963653078332676,0.1621843079834985,0.9458043770525195,-0.04211627444755448,-0.010267591640583886,1152.485326337543,0
unknown,phone,abuse,none,bank_|_government_|_company_|_individual_|_none_|_unknown,unknown,0.030191320108907006,1.1487568172067144,1.0933684164706774,0.8097691760823287,-0.009871317139069524,2604.557457125604,1
upi,sms,sent_money | shared_credentials | clicked_link | installed_app | none | unknown,payment | verification | login | download | none | unknown,company,unknown,0.01763379505725179,-0.05293975098821115,0.10785868977250658,0.04602726259506824,-0.005898957470421842,2510.9758305751443,1
unknown,social_media,none | unknown,unknown,bank,unknown,0.004793364728576006,0.01099145760914298,0.1067959768835985,-0.07131818996167431,-0.0008441232843213627,-1058.7443042863263,0
upi,email,sent_money,commerce,company,USD,0.023871645410611823,1.1759436476996783,1.2045182015076996,0.007252227646059095,8.027429358736522e-05,-294.7095732880885,0
card,none,none,none,unknown,unknown,-0.0016602419325185821,0.937314835990319,1.1706938908011297,-0.015072505190518245,0.001523697693500227,716.2550591104028,0
unknown,website,received_credit,payment,netflix,unknown,-0.010004956973313382,-0.11301855263940151,0.8993064093241367,-0.012770898915764458,0.009779449583719941,-1599.16912441817,0
unknown,email,none,none,unknown,unknown,0.005218070763548607,-0.08930405722679649,1.3320415472689047,-0.11114037299655137,-0.004049631390315844,143.5126048157256,0
unknown,email,installed_app,payment | verification | login | download | none | unknown,bank,INR,-0.006321488568022463,0.08941875893158663,-0.11799192319925464,0.7624150638485665,-0.011990209054813218,-2645.611055922037,1
bank,email,none,none,none,unknown,0.012616981467840424,1.0770131361207729,1.0668344140511465,0.0208602607186284,-0.0023486526893675315,-5.503323452470191,1
unknown,email,sent_money,payment,company,unknown,0.01390386858756068,1.1244219412945775,0.029192339573049456,0.11600025882808479,0.006480700391673766,1029.6426392732901,0
unknown,sms | email | phone | social_media | website | app | unknown | none,clicked_link,trade,landlord,unknown,0.0015623076407648047,-0.01823426645925596,0.00044494774441498745,0.8928069049830729,0.0019801350435442334,-212.45251159620864,0
upi,unknown,sent_money,payment,none,unknown,0.0011931332146068807,-0.01193071015186065,-0.013110655572840963,1.0671852875780248,0.00795736780631032,1221.8567679846176,0
unknown,unknown,clicked_link,none,bank,unknown,0.008324787898652769,-0.04597500894745012,1.0348314474429716,0.8493598483916063,-0.003362694782595123,892.1784046757241,1
upi,phone,shared_credentials,none,unknown,unknown,0.01156208885550698,0.9587466689762059,0.006116175131936866,-0.003689224413821999,0.003937009005719906,-259.4669236023681,0
upi,website,unknown,none,company,USD,-0.020144656446275618,-0.16719750411886616,-0.08609241342513056,-0.09740960980225291,0.008238715455893844,569.3743129288439,0
upi,sms,none,none,unknown,unknown,0.012375972199712449,-0.10078992433797097,0.03813568932044851,0.7433343697094104,-0.00315623972886081,1933.9144230043562,1
crypto,email,shared_credentials,unknown,bank,unknown,0.0007168770980479819,0.8941296418906863,1.2669280576301303,0.06571254004915544,0.0038160810876127793,1311.1883384257321,0
upi | card | bank | crypto | gift_card | unknown | none,sms | email | phone | social_media | website | app | unknown | none,sent_money,none,unknown,unknown,0.016498301811720323,1.205711409805592,1.3463535696003226,-0.09975598552033052,0.0015161679725965306,-1445.1189046506418,0
unknown,website,sent_money | shared_credentials | clicked_link | installed_app | none | unknown,payment,none,USD,0.0075852298724974985,0.868841229598719,0.7564927669151601,1.1254780609115544,0.002394146873566995,2060.5706962852655,1
unknown,email,none,commerce,unknown,USD,0.00014973532886176783,1.0223709930343918,0.024285201468109672,0.9561228923579915,0.009528946511081495,-1848.3661618526664,0
venmo,sms,shared_credentials,unknown,bank_|_government_|_company_|_individual_|_none_|_unknown,CROWNS,-0.004686289853472512,0.018299268012034672,0.05218951911880896,-0.10426813250895639,-0.0006871714141649646,-218.33632479128664,0
unknown,sms | email | phone | social_media | website | app | unknown | none,utilize,transaction,none,unknown,0.02944349823603108,1.0575666203025529,0.11342394304909675,-0.06214042622127245,0.004084333888196025,-1068.9416988949408,0
upi,website,utilize,none,none,unknown,-0.028790963651382513,1.0108085004906635,0.8847037516194585,0.0007760640533025491,0.0015946394373516069,191.50722422098988,0
upi,unknown,unknown,none,unknown,CROWNS,-0.009993184436586124,-0.09140978699521494,-0.018942780397975815,-0.09255399454178466,0.0005338594632737202,-268.74526926534134,0
unknown,app,none,none | unknown,unknown,INR,-0.010216965663852988,0.9310538785016391,-0.09364491559404922,0.8414179758021003,-0.009972661517848648,-1245.0686097788832,1
upi,sms,sent_money | shared_credentials | clicked_link | installed_app | none | unknown,payment,none,unknown,-0.015474508508840912,-0.04632255982823691,0.0009682681502323066,0.9108288614740985,-0.011216153223831694,-136.5508076196126,0
upi,unknown,abuse,transaction,unknown,USD,-0.011712195395561545,-0.11090991790218686,0.7199673856144092,-0.018854223528150714,-0.0005156710568710947,21.985179932446883,0
unknown,phone,clicked_link,none,none,unknown,0.017544094964256417,-0.0602832533488687,0.04270293117426777,0.7193595684232201,0.0006204615974065932,1353.049510546976,0
upi,email,installed_app,credential,individual,unknown,0.020737091361818078,0.07274665309861106,0.03877327756241881,0.8819899956035103,-0.002942177947196745,1444.2197604945693,0
unknown,phone,clicked_link,none,bank,unknown,0.005412403266728331,-0.12378849329582682,0.7645860040817181,0.0858591572839233,-0.007036862885173515,734.0738746242808,0
unknown,phone,sent_money | shared_credentials | clicked_link | installed_app | none | unknown,none,crypto_project,unknown,0.008206640300264268,0.01597200590973214,0.03241778900363384,-0.0192411476905772,-3.299163752279444e-05,1681.514366061245,0
card,social_media,none,payment,none,unknown,0.002701447370289806,0.16258120538292187,0.040685510013281544,0.032226918715240485,-0.00807455631599024,475.29766722262667,1
unknown,website,sent_money,payment,none,CROWNS,0.02610819098993275,-0.03578551348727296,0.0021123024180592256,0.9095429282862609,0.010504548785227974,-2389.397671257912,0
upi,none,sent_money,credential,unknown,INR,-0.01159477848455327,1.0967635674329361,0.1050342237399012,-0.03232028843351029,0.0031479741334870083,2194.7133911220417,0
crypto,sms,none,login,company,unknown,-0.0011510781388583522,1.0262784005288212,1.0964953962405974,0.08932481365952659,-0.0034556994309727475,45.8698430905351,0
crypto,none,none,payment,unknown,unknown,0.010002000505483213,1.043387578474457,0.11740143702717001,-0.09005144673572656,0.004657331683286325,-97.56690202925672,0
upi,website,sent_money,verification,bank,unknown,0.008402114976537476,1.1991553995072926,1.0880455942598455,0.061689842591249884,0.004349615783818101,-2142.0036409312024,0
card,website,clicked_link,payment | verification | login | download | none | unknown,doctor,unknown,-0.005882887779299153,-0.09950107731517378,0.01285925006914176,1.1021391069253537,-0.004805067183437749,-12.029587177518621,0
unknown,phone,none,none,bank_|_government_|_company_|_individual_|_none_|_unknown,unknown,-0.0020981259396768612,0.04705039970351837,-0.017154793391723128,1.2101669084688675,0.011658117168038707,-859.5625547740179,0
upi,email,sent_money,verification,none,USD,0.012185420814100642,0.12938865930875315,0.1190132259685872,0.02100580319795911,-0.009096434330940388,1962.6648253760088,0
upi,website,shared_credentials,none,unknown,unknown,-0.03177176868655951,1.0068698795672832,1.1457026289872654,-0.07984570191443922,0.0026174891765542783,1771.2007217719565,0
upi,sms,sent_money,verification,none,unknown,-0.0027918219552377833,0.8460725079444626,0.06988978069290544,-0.09700484054528935,-0.0055304582285224954,944.1110194036801,0
crypto,website,unknown,none,mechanic_shop,USD,0.03166700521735953,0.050578601609277365,-0.00722059217945915,-0.003077702582455608,0.0006405855563810111,2341.7666508331436,1
upi,sms,none,verification,bank,unknown,-0.014216933583385884,0.05324618753371368,0.09439593424497184,-0.09354625478867523,-0.010092404049836043,205.5023237202131,1
upi,email,sent_money,unknown,unknown,unknown,-0.010789145081253261,0.9030491531913202,0.019975535665925376,-0.061242162304048685,-0.004266726465684224,489.97702084403716,0
unknown,sms,sent_money,none,unknown,unknown,0.021613540761079172,-0.024542904737003757,-0.01211814504099123,-0.00159677842917687,-0.006634086902333882,-392.396789195582,0
unknown,sms,sent_money,payment,unknown,unknown,0.030160906826911364,0.030835879932210226,0.7504173391478166,0.051572282708293116,-0.008576141449686768,590.1187821267266,1
unknown,sms,clicked_link,activation,none,unknown,0.019542100189728923,1.0608814723652953,-0.06385470022974928,0.8360245638372935,-0.015782095579277174,-513.9989233585935,0
upi,sms,installed_app,verification,company,unknown,0.017894589772071666,0.7807970514881228,0.01907545963261152,0.992148962479797,0.005035050885051109,-726.0419297013834,0
unknown,sms,none,payment,none,unknown,-0.004721197242106048,0.8110076356217354,1.1784409256712114,0.8672587075729868,0.003823251094340525,2.825583870867625,0
upi,phone,sent_money,unknown,bank_|_government_|_company_|_individual_|_none_|_unknown,unknown,-0.025379098571812742,-0.17167325371468628,0.6887500516245626,0.9857139078795875,0.006542942429906929,-1776.4191988696155,1
unknown,email,none,transaction,none,unknown,0.027859302259119922,1.0583736752418211,1.0738005057577762,-0.13784822377585895,0.000608829164039275,-972.9340261138927,1
upi,phone,clicked_link,commerce,unknown,INR,-0.023960895046714684,0.8879145934536796,0.07198183625923413,-0.09700501884301012,-0.0021227718954484405,721.265932520105,0
upi | card | bank | crypto | gift_card | unknown | none,sms | email | phone | social_media | website | app | unknown | none,none,none,none,TON,0.00676783973453295,1.0797204607122148,0.011157141778624048,-0.02162479877590264,0.0033310900543886746,-2670.287308469198,0
unknown,none,shared_credentials,verification,unknown,unknown,0.019329863317403623,1.0504652037062927,0.04006625092014729,0.9257435195715326,-0.014603487122000635,-813.4825398922846,0
unknown,phone,none,credits,unknown,unknown,-0.01958911154426065,1.104578694610284,-0.03254936608711463,1.1818470863017814,-0.006434309793482855,1403.3451369936652,1
crypto,email,installed_app,none,none,unknown,0.001343685944997023,0.06252122503746906,0.10015106376737316,0.851286185656421,-0.01095972139330922,1461.559260462983,0
unknown,website,none,payment,bank_|_government_|_company_|_individual_|_none_|_unknown,unknown,-0.023349736997241397,1.084654417669316,0.030621283450340136,1.0465597012952612,0.002573486056661947,-1462.293872142481,0
unknown,website,sent_money,payment,none,unknown,0.02136432832615139,0.06371243474799503,1.119548008315994,1.066467118081062,0.0034252281417735393,-883.8781412757107,0
upi | card | bank | crypto | gift_card | unknown | none,app,sent_money,verification,unknown,INR,0.008377267813114736,0.0720863281606309,0.8753013876657807,1.057567984586491,0.0029465091350411358,-46.61216823962124,0
upi,website,sent_money,payment,bank_|_government_|_company_|_individual_|_none_|_unknown,INR,0.009886079733773378,-0.04813330416073657,0.008838181437175782,0.9731580720911263,0.011166301746061428,-354.62146382666174,0
unknown,email,sent_money,payment,security_company,USD,-0.016703242773582306,-0.15571556320067276,0.011551898846301723,1.04364994722547,-0.0026239008604058735,890.2128684325936,1
unknown,email,none,none,company,INR,-0.0011518466721787955,0.8752938621476807,0.05859258190629414,-0.02701104198288269,-0.007692492351711289,1523.4030504991813,0
venmo,phone,none,payment,bank,USD,-0.005959085325740553,0.011121018527437016,1.0477013619611044,-0.046694706399777346,-0.0006824844272061894,-1525.6121213246026,0
upi | card | bank | crypto | gift_card | unknown | none,email,unknown,unknown,none,TON,0.01653222694413511,1.1712324805889192,0.004312142608506394,0.04166602512575836,0.0011615969523438502,984.6959985369464,0
unknown,sms,sent_money,payment | verification | login | download | none | unknown,twitter,unknown,-0.01082589182998754,-0.09105880328313098,0.8338712798807488,-0.0038030709909090375,-0.006845034467656083,-2532.360237423389,0
bank,email,sent_money | shared_credentials | clicked_link | installed_app | none | unknown,none,bank,INR,-0.025282640252632785,1.1485538079699051,0.1261460636023525,-0.15610695788150133,-0.003261155145322812,2013.39924817617,0
bank,email,installed_app,verification,unknown,unknown,0.017368790672922997,1.0975495106256425,0.10265900643302951,-0.09692392681088381,0.007352629803405794,622.1224490975425,0
unknown,sms | email | phone | social_media | website | app | unknown | none,sent_money,unknown,unknown,TON,0.02668827586327116,0.11329575319252998,0.05484204743323452,0.06965074667463259,-0.003469054015535486,-995.9045305388302,0
bank,sms | email | phone | social_media | website | app | unknown | none,clicked_link,none,bank,unknown,0.014275109607481276,0.03365668571023739,-0.028236289861335424,-0.024085833857942815,-0.014931124608589209,-118.02909398531811,1
unknown,app,sent_money,none,unknown,INR,0.001391876705574588,1.0222293223317245,0.9135194266650878,-0.012833874227919713,-0.00957813076865312,-2648.3182807879657,0
upi,email,changed_password,none,none,unknown,0.002501302078338105,1.080238997120374,0.07374246904980586,1.006119553279655,-0.001257096759436006,541.982078975858,1
upi | card | bank | crypto | gift_card | unknown | none,email,none,none,none,USD,0.0002194175366988991,0.9894024951403001,-0.08540196683684478,0.7677807384438017,0.0070326126188668195,-2876.0330378364215,0
unknown,email,sent_money,verification,company,unknown,-0.01030519300460275,1.1585933214901725,-0.05490605348711283,0.014327546451705715,-0.004167233910101175,-1353.6861523778932,0
unknown,email,sent_money,unknown,bank_|_government_|_company_|_individual_|_none_|_unknown,unknown,-0.004068091669015697,0.1055588897661974,0.03513807507318281,-0.07140212918552913,-0.0031015845794591626,-423.140354532178,0
unknown,unknown,none,payment,unknown,unknown,-0.03359643413313609,0.09058365831902496,-0.01932203495487565,-0.00196754645008527,0.002192464428162801,2053.2553988448617,0
upi | card | bank | crypto | gift_card | unknown | none,email,sent_money | shared_credentials | clicked_link | installed_app | none | unknown,payment,none,unknown,-0.025741248981091112,-0.03986071549722508,-0.009555797641228263,-0.050345887125642384,-0.003124148943297454,2750.4213783846726,0
unknown,email,sent_money,payment,none,INR,-0.012751531193187268,0.11526312778438658,0.09058747193501702,0.0332955321751476,0.004299883080146423,600.0041401826547,0
upi,sms,sent_money | shared_credentials | clicked_link | installed_app | none | unknown,unknown,none,unknown,0.010497685929745435,-0.026093223102030598,0.9658653351115999,-0.06450651498110235,-0.006932510794685172,-1897.5970447471009,0
unknown,website,none,payment | verification | login | download | none | unknown,none,USD,0.0038624073781233113,-0.07497480527787191,-0.0032388298062163722,0.7969720951385239,-0.006387570966359782,-815.2205353459342,0
unknown,mail,installed_app,credential,twitter,USD,-0.004224668303735771,0.9477438870335617,0.7582681377314079,0.007892401085382165,-0.00546201542792683,115.7455198688789,1
bank,sms,sent_money,payment,none,unknown,0.030477701523684973,1.0362435785011206,0.06070671830204031,0.8421144550406003,-0.0030834814023168035,-646.0445076701085,0
upi,social_media,sent_money,payment,bank,CROWNS,-0.019555583359661417,0.03195990620168116,1.0156110204876283,1.0126936355436482,-0.0022369836262000203,-378.17002913257244,0
upi,email,abuse,none,unknown,unknown,0.018047731986479923,0.004088103842506893,0.983899450553157,1.152663277774117,-0.0029677495006627218,-68.54995833803177,0
crypto,sms | email | phone | social_media | website | app | unknown | none,clicked_link,unknown,individual,unknown,0.01701771308503459,1.1289026265815043,-0.0791493661863622,-0.08508885284279816,-0.010883542388563722,96.7801186588731,1
upi,sms | email | phone | social_media | website | app | unknown | none,sent_money,unknown,crypto_project,unknown,-0.0058714401329814404,1.031549841914325,-0.020024228080817122,0.006654313552459673,-0.012165977200225293,-1512.9292911114906,0
upi,website,none,payment,unknown,USD,0.0013296587699607096,0.9756539780402074,0.011249020393137847,0.00045397531489748105,-0.011689300054366827,923.3111675143504,1
upi | card | bank | crypto | gift_card | unknown | none,website,installed_app,none,none,USD,0.018519053158356162,-0.04437009993959404,0.01333265077518599,0.959257027487585,0.0017517635291535662,-1407.4454911888533,0
upi,phone,unknown,transaction,unknown,unknown,0.003826773094604602,1.0700703156128246,0.08749333132478268,0.033941889271946565,0.0017397084055254294,328.00242327800873,0
crypto,none,unknown,payment,bank,unknown,0.009548784072907853,0.052623385684364685,1.2452691487732253,0.023886287846956303,-0.007381596975709626,501.43254605759614,0
card,sms,sent_money,none,company,USD,-0.00016420408332246646,0.06597906942700378,1.2728492667514404,-0.03423164000013171,-0.012715286328896881,-136.83599293741423,0
upi,phone,sent_money,none,bank,USD,0.017682997623905388,-0.03205835916987325,1.1287641655843201,0.00931825178897034,-0.002894244858567886,2633.8830123022494,1
upi,sms,none,payment,company,unknown,0.020049816672464523,-0.10759392017190017,1.199957904054831,1.0864911990795836,-0.004128687586387414,2697.0120426739195,0
upi | card | bank | crypto | gift_card | unknown | none,social_media,unknown,payment,company,unknown,0.0016905549695209032,1.0143192876857756,1.33006798637449,1.0695524528095715,-0.0014015879138736408,2238.0080508298424,1
unknown,sms | email | phone | social_media | website | app | unknown | none,sent_money,payment,unknown,unknown,-0.013270886843240761,0.9574457123357185,-0.0565807581977314,1.0158454000392712,0.010991946353276525,-1586.83681429655,0
unknown,website,none,payment | verification | login | download | none | unknown,cyber_police,unknown,-0.005009131367566997,0.006655289047040774,0.8022086069944425,0.09273990591588113,-0.004550345169934489,2148.727274782517,1
upi | card | bank | crypto | gift_card | unknown | none,email,clicked_link,verification,none,unknown,0.002765641195826337,1.0279323187756435,0.012179142065158471,1.2507080494050413,0.00041127233742594495,2666.439246021278,0
unknown,phone,clicked_link,payment,bank,unknown,-0.015558643747428401,0.024934399596878543,-0.05977963680131459,0.8730137560813884,0.0059915277464144285,-910.7293115365839,0
unknown,email,sent_money | shared_credentials | clicked_link | installed_app | none | unknown,payment,company,unknown,-0.001337355698586596,1.014863234936146,0.8226333372204476,1.1106622741529315,-0.004421802953715388,-1346.1021487169096,0
crypto,sms,sent_money,payment,none,unknown,-0.024456968569637336,0.029476201006954226,0.09496842181451884,-0.0860487130507431,-0.005759822741988138,-2718.362069601686,0
unknown,email,none,payment,bank,unknown,-0.011723503351644802,0.9163648854488287,0.011647505532423042,-0.13764818487676603,-0.011037448891880365,700.0181723058982,0
unknown,phone,clicked_link,unknown,company,USD,-0.007290588621430223,0.0991450291715484,0.0021163184923200743,-0.1263364314345426,0.0094250261820206,-3009.0091418377224,0
unknown,sms,installed_app,download,twitter,unknown,0.006311071630340385,0.04252590390327846,0.023263555316183907,0.8045829848912789,-0.01022561419703798,-886.3659679649033,0
card,email,none,trade,individual,unknown,0.012648870030411711,0.023580075198429782,-0.0847551496323458,0.7868063009423173,-0.0016476294082550054,-645.3983331872855,0
unknown,email,sent_money | shared_credentials | clicked_link | installed_app | none | unknown,none,bank_|_government_|_company_|_individual_|_none_|_unknown,USD,-0.004041399456749635,0.07010653327463379,-0.02515754015582043,0.7885278405665497,-0.0036792479561654013,141.46241932760188,0
unknown,none,abuse,none,unknown,unknown,-0.003473087120138483,0.8504068288615105,-0.07846042198732528,1.2083582432686248,0.006270314586080627,1725.6070018180403,0
bank,email,sent_money,payment | verification | login | download | none | unknown,company,unknown,0.006414896871160941,-0.04358143886232537,1.0461536201938122,-0.0901444067098914,0.0006224735038525981,-1733.9430656144038,0
unknown,email,sent_money,payment,bank,USD,0.006287780021971914,0.900979621010797,1.290560222601517,-0.12616245743350427,-0.005672367298220352,1598.5669917555524,1
upi,phone,sent_money,commerce,doctor,unknown,0.0009791953292399623,0.9539050439326723,0.0435933028461692,-0.0785856440627605,0.0030056171178341946,-313.1805086845714,0
unknown,website,none | unknown,none,unknown,unknown,-0.023115681900875745,1.0419269742774833,-0.0645715373583264,0.9624258289682289,0.004520486804454536,-785.822084398049,0
bank,sms | email | phone | social_media | website | app | unknown | none,none,commerce,individual,USD,-0.021677813024762467,0.056214889689259806,-0.06134311319702927,1.0399147624893332,0.007248871841701532,2187.0969462579,1
crypto,sms,none,verification,individual,INR,0.01662346805428705,1.1692475688326924,-0.026570198133653505,0.9721670066019528,-0.003103894790240848,850.6693036198287,0
bank,unknown,sent_money,none,unknown,unknown,0.009162474838058874,-0.03460300833289046,0.02395245873608407,-0.02210492389300721,-0.0029141492169976603,-2484.213872997875,0
upi,phone,sent_money,none,netflix,unknown,0.013767049271860865,0.9504468279783054,0.816814506449316,0.06380533947634565,-0.003161563394248572,2378.5076705117363,0
upi,app,unknown,payment,unknown,USD,0.02193641609158788,0.9481594445998965,0.9297232596007442,-0.054177755876093386,-0.011034253752900949,835.0033044422125,0
unknown,sms,sent_money,payment,unknown,unknown,0.0017902901624473433,1.1204523259077837,-0.05772513238112588,1.0092927748339773,-0.010497559158219663,823.0708870798395,0
unknown,email,received_credit,payment,none,USD,0.02026477149957786,0.9736531251592664,0.03219916561268099,0.9000324415082395,0.002728417928108585,-1418.8672504090855,0
crypto,email,sent_money | shared_credentials | clicked_link | installed_app | none | unknown,payment,company,unknown,0.0031278352187978187,1.1247311379771248,-0.05246230576778975,-0.05346917287474676,-0.013373520460200718,-337.2596686090658,0
upi | card | bank | crypto | gift_card | unknown | none,sms | email | phone | social_media | website | app | unknown | none,paid_upfront,unknown,none,unknown,0.010887146095901013,0.9415514202305852,1.362133467502987,-0.11148244831745026,0.00998011788574709,1875.7242103819874,0
crypto,phone,shared_credentials,payment,unknown,unknown,-0.0069145033211618296,1.008117348997327,0.022989626830710312,0.033320282127511563,-0.00180464046940516,-78.2748633017468,0
crypto,website,none,payment,bank,USD,0.006004959127966275,0.030204677133907863,0.08449197827455769,-0.014164649413097604,0.005784383545057104,1499.3281880647467,0
unknown,email,none,commerce,unknown,unknown,0.013142947436771428,-0.02212341591306496,0.6955079093688739,0.9533427893153368,-0.012856174207117002,-395.618258830694,1
upi | card | bank | crypto | gift_card | unknown | none,unknown,clicked_link,verification,bank,unknown,-0.002032598736087919,0.8317256431238272,0.015099459458705694,0.8627249825156473,0.0030526783303036382,791.0267978528974,0
unknown,email,installed_app,credential,unknown,USD,0.024488815828909254,-0.017553760268338332,0.8807429355140997,-0.05570858667577554,-0.005886791404468031,-2229.265049017806,0
upi,app,clicked_link,payment,none,unknown,-0.01744530258230759,-0.03951155342828173,-0.017881919740384545,0.7771866337876637,0.0005886210194177278,-424.29625011043714,1
card,email,clicked_link,none,none,unknown,0.012690681024206864,1.0727100080369074,0.1047195032400508,1.1868513709554709,0.009110232945296663,-2156.7120430004607,1
upi,phone,clicked_link,none,none,unknown,0.006676000042245135,-0.1442356371301955,0.8791338429316836,0.08024555383804467,-0.0009175244237523638,-1871.2867119946534,0
unknown,phone,shared_credentials,none,unknown,unknown,-0.02029810964527823,0.07145954491699354,0.006435185489660334,-0.012082708716230553,-0.01397448015905393,345.5767988497647,0
unknown,mail,clicked_link,none,bank_|_government_|_company_|_individual_|_none_|_unknown,INR,0.00015989351698514475,0.015033355980390009,0.003789725111799258,0.821997624867174,-0.012187131943925606,551.7236165185827,1
venmo,sms | email | phone | social_media | website | app | unknown | none,sent_money,payment | verification | login | download | none | unknown,company,unknown,0.027248988671878454,0.8502624069977848,0.045552718904527445,1.1625054443077227,0.0028096311040320277,614.1029449025311,0
upi,email,none,none,unknown,USD,-0.011561929156568536,0.016810829449960787,-0.08937747766110955,-0.01731303195935087,0.003062267140771847,-2540.50155769002,1
upi | card | bank | crypto | gift_card | unknown | none,sms | email | phone | social_media | website | app | unknown | none,sent_money | shared_credentials | clicked_link | installed_app | none | unknown,verification,bank,unknown,-0.012657776922980158,0.011017609228472162,0.976630764107847,0.8531498431135375,0.001279088921364657,-1869.6673660410002,0
card,sms,sent_money,unknown,unknown,unknown,0.02183435752137955,1.1413946668548571,-0.03480284908569221,-0.059048899753679676,-0.006923465210051618,-24.552206638082723,1
unknown,sms | email | phone | social_media | website | app | unknown | none,unknown,unknown,company,USD,0.032827223002307025,0.0022379724069195115,1.0096853591549124,0.017604418971839474,-0.011422085151870359,-2026.1677367577984,0
bank,email,sent_money,payment,bank_|_government_|_company_|_individual_|_none_|_unknown,unknown,-0.015203659889635327,1.0523771197234828,1.0175755141790401,-0.11157660065762275,-0.0034806089850554075,2228.5186757865654,0
upi,email,none,unknown,none,unknown,-0.002355319048361333,1.067504039515048,1.1262183249514044,-0.073638484066286,0.005342516707465226,329.12345425645964,0
unknown,phone,sent_money,none,bank,unknown,-0.008648128659824283,1.206038184434445,0.9570924767922282,0.6676058183156754,-0.0015759605353491187,-1151.4979692932384,1
unknown,phone,none | unknown,verification,none,unknown,0.017744575101917178,-0.04888737471882392,-0.06771268128934638,0.12180547660575011,-0.001101783376909432,1065.7146722285925,0
unknown,unknown,sent_credentials,unknown,law_enforcement,unknown,0.0056004636151727755,1.1393545757832175,-0.06251792578660557,-0.001580138585443655,-0.008779930755115706,-1827.531413051573,0
unknown,phone,none,none,bank_|_government_|_company_|_individual_|_none_|_unknown,unknown,0.0072454615048573685,0.8424980364655906,-0.011879172860797808,1.0648468890115579,-0.009090169352549377,-1306.021365334717,0
unknown,mail,none,none,unknown,INR,-0.024686788713193717,1.1637740200882363,1.0565589802724895,-0.11509122761659542,-0.001288751215358505,-429.75037892344795,0
upi,sms,sent_money,none,company,USD,-0.010640925525423896,-0.004710777642615188,0.04254632641150772,1.106546968441371,-0.004278567535884001,460.87157470714504,0
unknown,website,clicked_link,payment,unknown,unknown,0.0013738480532057107,-0.07671510929218636,0.9068791308530655,1.0730365698554984,-0.0103409493167273,-695.6013535699796,0
card,website,shared_credentials,payment,bank_|_government_|_company_|_individual_|_none_|_unknown,unknown,0.027075037037113964,0.025839895966069778,-5.047798801747485e-05,1.0831026832148645,0.012908197542962966,170.45928921657392,1
upi | card | bank | crypto | gift_card | unknown | none,sms,paid_upfront,replacement,bank_|_government_|_company_|_individual_|_none_|_unknown,unknown,-0.007985292176510247,-0.06350045453943105,0.7212643627651141,-0.12361625454487712,0.003465694942404911,-261.87506900970044,0
card,email,none,payment | verification | login | download | none | unknown,bank,unknown,0.008305255917046913,-0.03525907932012749,0.9111832261382716,0.9230876583936838,0.0070170269188745815,-670.4166400936406,0
upi,unknown,sent_money,payment,unknown,unknown,0.026729950327244404,0.05380436590263326,-0.007783966685076667,1.1188658880126272,-0.0056492646683219665,-106.7919975898351,0
bank,website,unknown,payment,bank,unknown,-0.004111675022165656,0.9713858605945866,0.994318732450998,0.017065691015591272,-0.009659197500706672,2920.9594842257607,0
upi,sms,none,none,company,unknown,-0.006458583471696135,0.04781006974421406,0.08250992335648953,-0.09241032000966917,-0.00227577924384559,2043.4750869557333,0
unknown,email,none,payment,none,USD,0.02584814718913338,-0.025971114360220867,0.07311020785085792,0.008712955403608148,-0.0016349176365792607,2587.4652082394264,1
unknown,sms,none,payment,bank_|_government_|_company_|_individual_|_none_|_unknown,unknown,0.004031476807589474,0.9034686478013761,-0.0716624540395079,1.1291089437028936,0.004613310812621886,2810.4050337760486,0
unknown,website,none,unknown,unknown,unknown,-0.00391956744941707,1.0539062146061602,0.045777364730097844,1.06126796419971,0.0018721176796563828,-197.21109151171646,0
unknown,sms,sent_money,payment,none,unknown,0.020886614271780683,1.0708233836232695,0.9549039386794803,0.794858372482135,-0.007028811343778001,-94.3168201576941,0
crypto,sms | email | phone | social_media | website | app | unknown | none,none,payment,none,TON,-0.015262100974238222,-0.12490175186029427,1.1481623000209782,0.6732218904868575,-0.0032233982088863185,-649.3312151430453,1
bank,telegram,utilize,none,unknown,unknown,-0.014914868976333637,0.014913688171387059,0.012886595699741297,0.0033325051313643477,0.005478878138797842,1513.4769470675735,0
upi,sms | email | phone | social_media | website | app | unknown | none,sent_money,commerce,bank,unknown,0.0011191752155046354,1.0037696310749518,0.04849922616208776,-0.0914803190981489,-0.0013962168695867971,-1565.9837123048255,0
unknown,sms,sent_money,unknown,ice_agent,unknown,-0.007960406456054466,-0.04552482848616397,0.06985603703037613,-0.047841149600701106,0.002144560967660916,252.19193595132822,0
upi,none,sent_money,none | unknown,none,unknown,0.012857649411413622,-0.03549264985160317,-0.09658990758473855,-0.019849219530694302,-0.01402882258161756,-1754.395370112132,0
upi,sms | email | phone | social_media | website | app | unknown | none,sent_money,payment,none,unknown,0.011669293841502336,1.0314101939329086,-0.0432649363387348,-0.05789145224030233,0.006439584382656626,1026.4164844046543,0
unknown,email,none,none,cowboy1113,unknown,-0.008337116253841599,1.047925515661487,0.07532810783321152,-0.060437666272537015,0.0006282312800347036,742.9915219298307,1
unknown,sms | email | phone | social_media | website | app | unknown | none,clicked_link,none,company,unknown,-0.02425175919064539,-0.08078437716160469,-0.04167883396093234,0.8849098710791289,0.013929232396237992,1298.493229669592,1
card,sms,unknown,verification,bank,unknown,-0.014876167828482006,-0.04066346670817981,0.014648125631321628,1.1007072389337904,-0.004575499580255931,1277.5897210275423,0
unknown,email,installed_app,payment | verification | login | download | none | unknown,unknown,USD,-0.010986950245736586,-0.12181511556180231,0.06772015033084723,0.7791678132037574,-0.0025069488542101425,-481.03530050668013,0
upi,website,installed_app,download,unknown,unknown,0.0321001587190216,0.9437409628693828,0.8183066535861256,-0.012550180266964443,-0.010616822419360144,-257.44791107315547,0
crypto,email,installed_app,none,none,unknown,0.027154135842270968,0.12321047379542033,0.019672948032394673,1.205375945309185,-0.0027497838543387573,-501.12590497636967,0
crypto,sms | email | phone | social_media | website | app | unknown | none,sent_money,none,amazon,INR,0.011393908134048255,1.0034104712263268,1.2978209395278009,-0.09929080676684962,-0.006576125932667911,-1164.4690221479539,0
unknown,sms | email | phone | social_media | website | app | unknown | none,none,transaction,company,unknown,-0.020074836612348473,-0.16344636828353015,0.020814609330059783,-0.04267122888934342,0.008056891686785323,3523.94089612853,0
unknown,unknown,clicked_link,credential,doctor,unknown,0.007058286071925309,0.9555123637115751,1.2355765650552866,0.021125328139567294,0.005212568003597342,2717.6893676286127,0
bank,website,none,none,company,unknown,-0.004386633441843757,0.03236684506390896,-0.05586287798176152,-0.04262835385930275,-0.0033471370139648788,2877.7552979929033,0
crypto,phone,shared_credentials,payment,bank,unknown,0.007533636137712933,0.9783190899784038,1.3272980355154798,0.8133324148595096,-0.0035912331020354514,237.39296347126134,0
unknown,sms,none,none,unknown,unknown,-0.01579170268176011,0.8491504262879355,0.05103301850790586,0.023166277076069275,-0.0018777780881825894,-366.0848085334122,0
crypto,unknown,clicked_link,payment,bank,unknown,-0.002251587355752086,-0.013540035264300025,1.3475108190054388,-0.02891746528906603,-0.006941553246829531,1967.0972501612737,0
unknown,unknown,clicked_link,none,unknown,unknown,-0.007115849411859711,0.05572723444048637,1.2581298090643054,-0.09024881116900799,-0.0036087311866815452,835.341545990677,0
unknown,email,sent_money,payment,unknown,unknown,-0.022302297901852265,0.9473630517647145,-0.06416668638116675,-0.009608806946325349,-0.006398212032156915,-300.43050191631426,0
upi | card | bank | crypto | gift_card | unknown | none,email,shared_credentials,commerce,unknown,unknown,-0.02154536645585885,0.03224957851177317,0.0197636580026999,-0.0043003217433883615,0.0021974945532088675,848.7938531081769,0
crypto,social_media,clicked_link,none,individual,unknown,-0.018919004215847357,0.9866170778991453,-5.662490631565221e-05,-0.09884458328980775,-0.003470931159685893,-1766.9786795028074,0
unknown,sms | email | phone | social_media | website | app | unknown | none,none,payment,unknown,unknown,-0.01076628012857826,-0.06294605400997921,0.9689825134359514,-0.08513557798924663,-0.010411886622885651,-393.5714580198918,0
unknown,website,none | unknown,commerce,none,unknown,0.0008393582146119748,-0.07718312667589097,0.8573464277721731,-0.03870276179756986,0.005301075963734818,163.0987550386988,1
unknown,sms | email | phone | social_media | website | app | unknown | none,sent_money,verification,unknown,unknown,0.020779895989317135,0.9785975577745507,1.2516985368717002,-0.05796550151245834,0.003123202147888184,-1216.4933382051554,1
upi | card | bank | crypto | gift_card | unknown | none,website,clicked_link,none,bank,unknown,0.006804486614230831,1.1603877462367558,0.07949346056296176,1.080979353800402,0.006075558335328462,-1696.796595520246,1
crypto,phone,sent_money,credits,company,unknown,0.01660942191677547,-0.001740540200710026,1.2411305420647523,-0.028351782339110322,0.001396744823986695,1016.9157355530987,0
crypto,sms,installed_app,transaction,bank,unknown,1.4423529055890034,0.9061545961532309,1.0349683767546314,0.7259925631125255,-0.01024692347687194,-1963.6911493882865,1
upi | card | bank | crypto | gift_card | unknown | none,unknown,clicked_link,payment,dropbox,unknown,-0.005814741699855434,0.8964244007221455,-0.001821165921062864,0.9371691875521193,0.008570212169171282,2207.153881670129,1
crypto,sms,sent_money,payment,unknown,unknown,0.006136113088139303,1.0171294935601392,0.884389606630467,0.7092562824854607,-0.007036261969329511,-834.7729518875359,0
unknown,email,installed_app,none,company,USD,-0.00015027253051819457,0.8205835145483775,0.014365641039075798,0.8151799788524873,0.0067100790013407885,-673.025571991435,1
upi,email,received_money,unknown,none,CROWNS,-0.010748906708740116,-0.07961867735521065,-0.08262018582906977,1.0387849712856745,-0.0031119867929551375,-1637.0349878859436,0
upi,phone,none,none,company,unknown,0.019186903952212876,1.0785703149595975,0.010658543858606142,1.2267544558950447,0.00909704203329439,2086.5903506875047,0
unknown,sms,sent_money,payment,bank,unknown,0.01386487162509491,-0.11829506619911388,0.8530926142490742,-0.05317511535877192,-0.0016529541178058322,659.2383520819518,0
unknown,email,sent_money | shared_credentials | clicked_link | installed_app | none | unknown,none,bank_|_government_|_company_|_individual_|_none_|_unknown,unknown,1.6374052681821594,1.1202253908920614,1.2163345749196925,0.02963295432466291,0.0036527765946280876,-2508.8061144611606,0
unknown,none,sent_money,none,bank,unknown,0.0016064176766652592,0.8426900150424588,-0.09823479201503768,0.9108544437562004,0.006262622236779531,-2574.5723173795895,0
upi,email,sent_money | shared_credentials | clicked_link | installed_app | none | unknown,none,unknown,USD,-0.007059070072172572,1.031137293498147,0.025611229535583348,1.0023450482489116,-0.0021656880415899314,-2018.9467902269778,0
unknown,discord,sent_money,none,company,unknown,0.01495772964123969,0.8808980444309362,-0.03479109610922544,0.8951387417906773,-0.013443989981305875,-1511.8074200222009,0
unknown,sms,clicked_link,unknown,ice_agent,unknown,0.008312838378823031,1.1098981436478585,0.045175353065540456,0.10284482894787854,-0.0038215801729454173,1922.5667227857557,1
unknown,sms,unknown,none,bank_|_government_|_company_|_individual_|_none_|_unknown,unknown,0.00323482118820386,0.0044623842313085684,-0.015167937266869701,0.052600091063261585,-0.012438928734601798,-260.2146868727696,0
upi | card | bank | crypto | gift_card | unknown | none,email,sent_money,unknown,dropbox,unknown,0.0340935042322389,0.18294593366550485,0.04954055790571425,0.04909723175385953,0.010121817078668847,541.9880566875953,0
unknown,sms | email | phone | social_media | website | app | unknown | none,sent_money | shared_credentials | clicked_link | installed_app | none | unknown,verification,none,unknown,-0.01874197307509977,1.0485667161300765,0.9498708825264184,0.02692854285377589,-0.0030896952167176212,-319.96007390549295,0
unknown,sms | email | phone | social_media | website | app | unknown | none,sent_money,payment | verification | login | download | none | unknown,bank,unknown,0.018918191771887194,0.8808335341484662,0.8241648009685978,1.133894417286534,-0.0040493322375976725,1709.3142799547138,0
unknown,phone,shared_credentials,payment,unknown,unknown,0.00893661595558543,0.9989715601195768,0.05575644874803622,-0.13889103142658696,-0.00575839067234426,-2388.5167181076126,1
upi,unknown,sent_money,none,ice_agent,INR,-0.007361952000843969,1.049794362675063,0.0017079737223764152,0.799046468685393,0.007729417611716448,962.6352049025579,0
gift_card,email,clicked_link,payment,none,unknown,-0.005833401407599081,0.8516487580298642,1.2887846855416694,0.7445226699295946,-0.0010912409845219581,783.8618802526306,1
crypto,email,sent_money,payment | verification | login | download | none | unknown,none,unknown,0.009774908430035012,-0.027471661846561326,0.0783794775678013,-0.12449617608407698,-0.012072891107128586,-413.30921593730477,1
unknown,website,paid_upfront,payment,unknown,unknown,-0.010165847255115075,0.05059877423701058,-0.040846179791431264,-0.09142393244395636,-0.0007982287282966702,141.9656941879484,0
card,social_media,clicked_link,none | unknown,boost_mobile,USD,-0.008463188902726012,-0.050964227303365695,1.149993597954908,0.0008097186186916453,-0.0015796607882113097,3138.827108261452,1
unknown,email,clicked_link,payment | verification | login | download | none | unknown,company,unknown,-0.018260457676520857,-0.0940850286509562,1.0504889831294044,-0.11507553741716793,-0.0032627169522275374,-22.829769390927808,0
unknown,email,none,none,unknown,USD,-0.021997148693221637,0.03192789461857485,0.8421154246749786,0.13670074678880753,-0.0013255013175594095,1739.535781028935,0
unknown,phone,none | unknown,unknown,bank,unknown,-0.014595258984065627,0.9351646160932691,0.6354779550595433,-0.11121017655423163,-0.0032208982214675386,1798.076772238439,0
unknown,sms,sent_money,payment,bank,unknown,-0.013308521035817459,1.0739414702189805,-0.006318486310956571,0.08175030859606466,0.011789575209617292,-295.11657467750933,0
unknown,sms | email | phone | social_media | website | app | unknown | none,none,none | unknown,unknown,unknown,0.012270248815117827,0.10223681989210867,0.0262970315948198,0.8906741403597884,0.0031110762822123823,-1076.9886682519884,0
unknown,phone,sent_money,none,unknown,unknown,-0.01388734047997316,1.1209933225433388,1.1150829545921481,0.9143003642891401,0.005649211937537248,1228.4021361532589,0
unknown,website,installed_app,none,none,unknown,0.012503937303628346,1.0441797090695755,0.01471396784015275,-0.114281967692857,0.0014465922550751574,663.4500215883564,1
card,email,none,none,crypto_project,USD,-0.0012981820690596028,0.9698588187848188,0.09653100965430635,0.8420745483960138,-0.005444653606560741,1662.6886453951654,0
upi,sms | email | phone | social_media | website | app | unknown | none,sent_money,none,security_company,unknown,-0.013912869028340437,-0.05754146651718797,0.008978253479387356,0.9056452327999902,-0.007451632647061206,-1130.3167070831146,0
upi,sms,unknown,verification,bank,unknown,-0.003586526335918589,-0.10477227774905937,-0.009187594230388943,0.7755561653722218,-0.0063777542673026,-1854.5593297081377,0
upi,sms,clicked_link,none,boost_mobile,USD,0.007709767192967925,0.07819052322170336,-0.016353431844005367,0.8902113755325451,-0.005601944242371594,-573.5796486669211,0
upi,email,reported,unknown,bank_|_government_|_company_|_individual_|_none_|_unknown,unknown,-0.008688956133235672,-0.03881074523156693,0.07341778127042448,-0.17621653376477986,-0.005773968019031976,-2171.3984729400895,0
upi,website,sent_money,credential,company,unknown,-0.00949275586517752,0.8894087449053565,-0.04590644999369589,0.8131898145443561,-0.009859973351529534,1780.3121761856157,0
upi | card | bank | crypto | gift_card | unknown | none,sms,none,payment,none,unknown,-0.013323024801065442,-0.16178032382784913,-0.059894359244357244,0.02048018012418728,-0.011204650723505799,-1717.2053435021805,0
unknown,website,clicked_link,unknown,verizon,USD,0.002720179925542597,0.9837207258876445,0.0863799235300775,0.02243626491740798,-0.001967676351441337,3415.3877189445507,0
unknown,telegram,clicked_link,none,none,INR,0.023462134323110628,0.8485837174615586,0.7927612048788663,0.6840179995196984,-0.012745033490460467,582.5901611571901,0
crypto,social_media,sent_money,transaction,none,unknown,0.00926657440268827,0.9887073630262657,0.8599642241765133,-0.01115331652427259,-0.006132316951774819,469.1780736894569,0
unknown,social_media,none,unknown,bank,unknown,0.014549171734161835,-0.009591763485341347,0.009153863466145445,0.02605561950011613,-0.003990428388683854,-2032.285682381246,0
upi,sms,sent_money,commerce,company,unknown,0.017109055328387947,1.0470323140430877,1.277556094083854,-0.05438948999130788,-0.003070916988153631,-207.92420108348216,0
bank,phone,sent_money,none,unknown,unknown,-0.009826143359890847,0.8821383172659183,0.05267773982165798,0.9445190436753462,-0.0053911924576241135,-322.84323736822984,0
unknown,none,none,none,unknown,unknown,0.004165807614451962,0.15470891934947728,1.0011530605194894,0.9703427813485246,-0.0023457018845453653,148.93014841730644,0
unknown,sms,clicked_link,none,bank,unknown,-0.026398442863848678,-0.10876569212209625,-0.07379849097796166,-0.023527065516470602,-0.005919124957944039,-402.245085438739,0
unknown,sms,sent_money,verification,none,INR,-0.006291888144133199,0.792283940218147,1.0067543424916043,0.022089694543814445,-0.005931040946843742,-414.041404845234,1
unknown,unknown,none,unknown,none,unknown,-0.02155253174317913,0.09793094541931366,-0.012036016932702507,0.9271294552510569,-0.003468577616137003,-141.25045227551186,0
card,sms,none,none,bank,unknown,0.018638098313907225,0.9195498931158964,0.1161634682861125,-0.05411753582090435,-0.007866210805026438,2197.6010459465706,0
unknown,email,sent_money,payment,bank,unknown,-0.012915924476252987,0.759249142919707,0.9381589135584759,-0.06410589114614662,-0.004602743360870775,2522.1754127904815,1
upi | card | bank | crypto | gift_card | unknown | none,phone,clicked_link,none,none,unknown,-0.025238341382082814,-0.03189456999097699,4.965048731720985e-05,-0.07429329358941006,-0.004481123945773741,191.8277911298851,0
bank,social_media,none,none,bank,unknown,0.004504721722581386,1.0586173036697972,-0.06197511255099383,0.9421903001151797,-0.0010104931137644314,-202.92780342977085,0
unknown,website,none,payment,boost_mobile,unknown,-0.002514076367736925,0.9033719821045495,1.3745551615689309,0.9831249220948372,0.002313524954979204,-1829.9804007704508,1
crypto,sms | email | phone | social_media | website | app | unknown | none,sent_money | shared_credentials | clicked_link | installed_app | none | unknown,payment,bank,unknown,0.002136240455044616,0.029503263447853714,1.3232837236050854,0.9182104005996771,0.004224240775216421,617.0949027188866,0
crypto,sms,sent_money,none,none,unknown,0.005517094460586006,-0.003997950223758167,0.9256433992243321,0.12041263709833401,-0.004544893072489712,-2272.9272895295167,0
upi,sms,none,none,unknown,unknown,-0.000529131823639551,0.01909590567820691,0.012123181285044112,-0.10120320583258054,-0.009074831641285117,1721.4992475599984,1
unknown,email,clicked_link,transaction,post_office,USD,0.005791550374669575,0.0647254132376047,1.137369848647103,-0.09012351801754281,0.003462716467261518,-669.430479216765,0
unknown,sms,clicked_link,payment,amazon,unknown,0.013634540758871381,-0.04860626551152544,0.05905133431716202,0.8634880228636566,-0.0017631960711040242,-894.3050800150371,0
unknown,website,none,none,unknown,unknown,0.01807831087409288,0.0039457098062332515,0.013620938882473116,1.039923238094531,-0.002275597037390718,-372.22036417251826,0
upi,social_media,clicked_link,unknown,unknown,unknown,0.001011807073211683,1.0656573925717938,0.0012596106685191161,-0.11022134853846581,-0.011780265452278177,583.8773078980269,0
upi,website,shared_credentials,none,bank,USD,0.003583373606469425,-0.06271333219860313,0.011248547140524458,0.04222821455474779,-0.006977826427550421,-2110.4276226892675,0
upi,unknown,none,none,company,USD,-0.021164337006206263,0.9250662116833318,1.0761267732295074,-0.030166741700442118,0.010259660177390937,-474.7724680755029,0
unknown,website,unknown,none,bank_|_government_|_company_|_individual_|_none_|_unknown,INR,0.028097460835133002,0.05717261167027103,0.054268010256490834,-0.08388148196760606,-0.0017139194056510596,-1405.538698080525,0
upi,phone,installed_app,none,bank,unknown,-0.017430944196036642,1.1226715177811242,-0.04863172828809178,0.9056075991829835,-0.006682087078439679,-484.3690541865871,0
upi,sms,shared_credentials,verification,none,unknown,0.0038532646206741066,0.8319720812482033,-0.03370698490487294,0.019662317335421862,0.0006300051173018502,84.32100834652327,1
unknown,sms | email | phone | social_media | website | app | unknown | none,abuse,none,bank_|_government_|_company_|_individual_|_none_|_unknown,unknown,-0.011804633669985238,0.02389796227671099,-0.0539134077402307,0.9242754707706846,-0.012792443714434443,1159.613214436994,1
unknown,sms | email | phone | social_media | website | app | unknown | none,unknown,none,government,unknown,-0.0021052692621299587,0.01048726051237137,0.012340868902121951,0.7939808766180159,-0.009485820488713832,1527.6723645339064,0
bank,unknown,none,commerce,company,unknown,-0.0030859558619867494,0.8006610326912208,0.01381242697732126,0.03802460062830153,-0.004522865408466917,2184.859149479103,1
bank,sms,none,payment,unknown,USD,0.013274721469885634,-0.11522086399508925,1.0833111358557903,-0.1100683913812629,-0.01250515686533624,1978.6120678128755,0
unknown,website,unknown,none,unknown,unknown,0.00323597442274125,-0.06780247872104252,0.9620713358000679,0.10649361379812078,-0.004402147106095123,-662.1515650380703,0
unknown,sms,sent_money,payment,cyber_police,unknown,0.008976291142583194,-0.021368515610327394,0.055851618668140195,-0.10432571152915655,-0.00576860519752927,1700.3598616439908,0
upi | card | bank | crypto | gift_card | unknown | none,social_media,sent_money,credential,none,unknown,0.03636621251605593,0.8483888771568755,1.2638516644022504,-0.1431894774532661,-0.008308591892927913,635.5877456210878,1
unknown,sms,clicked_link,none,individual,unknown,0.011942750433139419,1.0903554824469601,-0.045740199891958176,-0.12186471345410062,-0.014377547985470278,-1960.746884018008,1
bank,sms,none,payment,bank,unknown,0.002757788992839569,-0.019792782218415534,-0.019140763106919728,0.024968890713188904,-0.001651731533376903,3257.8951127032733,0
unknown,website,sent_money,phishing,none,USD,-0.005640812820061262,0.934028236985822,-0.027542553040594657,0.9067593218862396,-0.003276919919280726,-707.1950123926028,0
crypto,sms,sent_money,transaction,company,unknown,-0.01675601407808085,1.124722127870459,0.07089091279277325,-0.14458337560339926,-0.0014095431312263933,493.55960889199196,1
upi | card | bank | crypto | gift_card | unknown | none,phone,clicked_link,verification,bank_|_government_|_company_|_individual_|_none_|_unknown,unknown,0.03358630858549058,0.09591108818454999,-0.08540073917020144,1.1953236094990654,-0.007435081096233687,-1016.1241889581345,0
unknown,sms,sent_money | shared_credentials | clicked_link | installed_app | none | unknown,payment,individual,unknown,-0.0014740348499900746,1.1151546953768223,1.272412988131167,-0.1547918561803396,-0.004999957087062255,-508.1997674864977,0
unknown,email,shared_credentials,payment,none,USD,-0.004198167612469888,-0.055758871401325086,0.8309846537219818,-0.027684427899789164,-0.007671221705910741,979.1805416327065,0
crypto,email,none,transaction,bank,unknown,-0.0015320974751907982,1.1623649746873943,1.3088003872441265,0.8086006898006709,-0.0016361237754399136,2163.8730514792123,1
unknown,sms | email | phone | social_media | website | app | unknown | none,clicked_link,payment,none,unknown,-0.004593539962371957,0.12298298920807349,0.9937417918307395,-0.013329597609689497,0.0010339516721977282,-17.674542320759016,0
gift_card,phone,none,payment,company,USD,0.0012913724262555092,1.0172622712268242,1.2457690709849358,0.9150528329145371,-0.0034717761486463806,266.06412077245074,0
unknown,email,unknown,none,post_office,INR,0.034168557709339284,0.9200051853393462,0.006683033570908962,-0.07493649147346919,-0.002641441494696873,993.515934489558,0
unknown,phone,sent_money,none,bank,unknown,0.021183062232594533,0.07625960909331257,1.2024776582962193,0.044181346291968286,0.004920438326202888,-1806.438427103429,0
unknown,email,sent_money,payment,company,unknown,-0.018187383881838173,0.9422060187884898,0.66459945598736,-0.1005028635290156,0.0018887667292101114,-2780.353719145505,1
upi,unknown,clicked_link,payment,instagram,unknown,-0.008018057437521304,0.8999504656414332,-0.05406633379560142,-0.0390717294293838,0.001121900874574956,-420.90750148254716,0
unknown,sms,none,transaction,cowboy1113,INR,-0.002529057039237833,0.9830544733768088,0.034645939573205345,0.004888161276880278,-0.006744873647711327,3115.59610485259,1
crypto,phone,none,none,unknown,unknown,0.02019910697606387,0.9346938228441553,0.04852551368140203,0.8472084813963825,-0.0027179919604528057,-1054.9913352978813,0
unknown,sms | email | phone | social_media | website | app | unknown | none,sent_money,none,unknown,USD,0.025079843314640807,-0.11130063275519363,-0.06517081467445086,0.05153126866071295,-0.004863903683833864,1315.7550516973763,0
upi,phone,unknown,payment,dropbox,unknown,-0.006447089683355277,0.1131149896116417,0.01568401443332655,-0.08433859274922226,-0.003152306888675853,917.1495361272875,0
upi,sms | email | phone | social_media | website | app | unknown | none,unknown,none,netflix,INR,-0.0060486299264387484,0.11735326318349529,0.0509675787247664,0.04791054062837452,-0.006427901242670383,622.9608150907081,0
unknown,telegram,sent_money,unknown,ice_agent,unknown,0.013351482833924925,1.0287321413482522,-0.024675176624771592,0.07496041379644514,-0.005919555153126888,-338.35830740246837,1
unknown,sms,shared_credentials,none,bank_|_government_|_company_|_individual_|_none_|_unknown,unknown,-0.012389770146734346,1.0316509259454598,0.020444334768327396,0.021907410197447248,0.0005100881448223813,2418.603446641205,0
unknown,website,installed_app,payment,security_company,unknown,-0.014279377014434793,1.0883774648531968,-0.004411952207887707,-0.02619491202509097,-0.000294231773700177,1121.170259446907,0
unknown,phone,clicked_link,none,unknown,unknown,0.029132195072094327,-0.097789767787514,-0.016141526279265267,0.05119128833803307,-0.010752462334014728,-1386.9634596922153,0
card,website,shared_credentials,payment,individual,unknown,0.024130943354050752,-0.155361916025512,-0.041753597142496136,-0.10679092267812532,-0.000980778778077207,-1902.2071852867175,0
unknown,phone,none,payment,none,unknown,0.016647195167504115,0.8940171152842431,-0.037080733031941565,1.024738196933372,-0.0013643199067924128,-886.4703355806408,1
unknown,social_media,none,transaction,none,unknown,-0.00512280476991663,0.1241634415638411,-0.07782645664971508,-0.006528965247722059,-0.007246526129925559,519.4641034854109,1
unknown,sms | email | phone | social_media | website | app | unknown | none,none,payment,unknown,unknown,-0.021843861099836347,0.8661114794674911,0.02673460890236023,0.0444104978657802,0.000498701644487006,1357.155843078983,1
crypto,phone,installed_app,commerce,none,USD,-0.002082006887577522,0.9648644858747499,0.7775840785616235,1.028779205736372,-0.0030101746291228172,884.8032008701261,0
unknown,unknown,installed_app,none,none,USD,0.005383622021770532,-0.035156297936033074,0.007149383778835347,0.02364089446514328,-0.0051820904505195985,-2086.0843125298957,1
upi | card | bank | crypto | gift_card | unknown | none,phone,sent_money,none,unknown,unknown,0.027637319938673233,0.012540723699249584,0.6841178399611694,0.08428453210657777,-0.0020529262617747213,-592.3965804811493,0
upi,sms | email | phone | social_media | website | app | unknown | none,unknown,payment,bank,unknown,-0.0019051064298886374,0.899848284614636,0.07260269647005359,0.8576903014789911,-0.006313496994353663,1168.698560790741,0
unknown,phone,sent_money,none,linkedin,unknown,0.025848453117067665,0.08073430296413074,0.9043826576424583,0.011188127544773819,-0.013917134723514876,1627.2333830433297,0
upi,email,none,none,none,INR,-0.007916587968211217,1.0299657953536745,1.3824711830581569,-0.10934101468578668,0.0015098002746639836,594.6459778769939,0
unknown,email,sent_money | shared_credentials | clicked_link | installed_app | none | unknown,none,bank,unknown,0.012727965043073662,-0.08740711260287999,-0.0896449973833016,0.0479510364982037,0.010745653346116837,-641.4292618415486,0
unknown,email,none,payment,company,unknown,-0.0291521861635379,-0.10468373485216437,-0.10367373298866545,-0.057795851231148616,-0.006658405460121657,1506.151697544926,0
upi,phone,none,none,company,unknown,0.015116220537837802,-0.104088802762834,0.008105299327988476,8.914526974231713e-05,0.0019161260203640399,346.1148575300312,1
unknown,sms,none,none,none,USD,0.020487446582454244,0.12137773519204684,-0.029817927996798426,0.9869438711138415,-0.008363629206011412,1397.0733864628148,0
unknown,telegram,none,payment,unknown,unknown,-0.026363243453096055,0.9134959426110641,0.02714182936199235,1.0488038871572731,-0.0031929365787453914,-1010.5362240261193,0
unknown,email,unknown,trade,none,CROWNS,0.005254853224944635,0.061573459992260465,-0.017341896656234965,-0.12573742909801858,-0.0011739045029429197,403.0020582414929,0
crypto,website,sent_money,payment,company,unknown,0.031869597774764856,-0.09226816732359233,0.07180876531030661,0.7582428788383677,-0.007726443835856776,1939.9956622465413,0
crypto,phone,sent_money,none,none,unknown,-0.0032933437133454363,-0.08219303862187732,1.0771075411998572,0.6805732691096898,-0.007980119075887204,-189.68237360631394,0
bank,sms,unknown,payment,none,unknown,0.013851027753986162,1.0783455826071024,-0.03621718115440258,0.10089200087396373,0.00015935915519808431,-859.6179374654649,0
unknown,email,unknown,payment,none,USD,0.0057322667240823875,0.8329332055426946,0.7940272468663845,-0.10979930668980296,-0.012368592866368981,672.1799364334001,0
upi,website,none,payment,unknown,unknown,0.025798379540716874,-0.10409851819291724,-0.10482641753087645,0.7858183702476658,-0.013788995032157397,-2808.19938676773,0
card,website,shared_credentials,activation,none,unknown,-0.02029752686520507,-0.04398326987858789,0.019075132326382305,1.120494533717274,0.006615401603732765,-1947.3836932733266,1
bank,sms | email | phone | social_media | website | app | unknown | none,received_credit,payment | verification | login | download | none | unknown,unknown,unknown,0.03211706060530815,0.7682564398890388,1.2662423581957007,-0.15092886890581103,-0.008830268812324413,2156.4898989326016,0
unknown,email,clicked_link,payment | verification | login | download | none | unknown,company,unknown,-0.01498695672230252,-0.09398490037969347,0.7751965433965683,-0.15204212644345705,-0.004265334596318354,220.46217742590136,0
unknown,unknown,clicked_link,none,individual,unknown,0.020541211520656695,1.1702836703959343,0.024449901962650712,1.0490437344542642,-0.004533433382849487,-1718.7766092662928,0
unknown,unknown,sent_money,unknown,bank,unknown,0.03003808813878249,0.114760492280847,0.9683239359521393,0.9551735039552872,-0.005672673760079979,1095.9005655280325,1
crypto,social_media,sent_money | shared_credentials | clicked_link | installed_app | none | unknown,payment,unknown,INR,0.01645895973220472,0.031005710204173156,1.2641296514082965,0.0219870911702678,0.005961240230464618,-1082.6766063738155,0
unknown,phone,sent_money,payment,bank_|_government_|_company_|_individual_|_none_|_unknown,USD,-0.03712560866968763,0.019478526639532107,0.7928481779888014,-0.010517969311730983,0.003132318996650937,519.4037124408866,0
unknown,phone,none,replacement,cowboy1113,unknown,-0.004424595685242547,-0.05204961265773282,-0.03925764354304566,-0.13018279244660969,-0.01118885462465593,3307.8132062638088,0
upi,email,none,payment,unknown,USD,0.021786612536991348,0.9017059708897336,0.01660902905503624,-0.08218183665718028,-0.0010391551941227322,-63.0055499218103,0
unknown,email,installed_app,none,individual,USD,0.00911204729550313,-0.06118286905379259,0.8881464833998343,0.1017077352336875,0.006775872238158589,2320.6126599133236,0
upi,sms,none,payment,none,unknown,-0.01889072484440158,1.0602906599860047,1.2420927046055634,-0.07255926467789513,-0.004731928259456488,163.26655102276223,0
unknown,unknown,shared_credentials,payment,none,unknown,0.01816253966089168,1.1608023845814288,1.3471192876207645,-0.1095102192227945,-0.009796615625061239,-1286.1780765711744,0
crypto,website,sent_money,payment,bank_|_government_|_company_|_individual_|_none_|_unknown,unknown,-0.00015426681791222047,0.8013750771405532,0.06806285390359275,0.7085510864006284,-0.0024066992804048465,36.486050390566405,0
crypto,sms,sent_money,payment,unknown,USD,0.034741330652215366,0.9609085135585161,1.0816528005337653,-0.0874519774030203,-0.006320581118669299,1623.5225488446436,0
upi,youtube,sent_money,payment,boost_mobile,unknown,-0.012045124630455959,1.1109013266693264,0.89858368605468,-0.10626572445439125,-0.008349857739344905,1211.4620119528065,0
upi,email,clicked_link,none,verizon,unknown,0.022007166350968044,1.1557967890380276,0.06799945307729102,0.017392049670994746,-0.010476121446328687,566.2101647024992,0
upi,sms | email | phone | social_media | website | app | unknown | none,clicked_link,transaction,none,unknown,0.018715412118059247,0.019211250534832622,-0.043924815744617415,0.7940289104083833,-0.007087335117336098,-415.5081737457874,1
unknown,website,unknown,payment,company,USD,-0.0016884359728256636,0.9095690276720297,-0.0545159302171327,0.7875723970113655,-0.010961192619068043,-1230.0394146170424,0
upi | card | bank | crypto | gift_card | unknown | none,email,clicked_link,payment | verification | login | download | none | unknown,none,unknown,0.0003173003723280088,-0.061130683117912206,0.008038113553914806,-0.04594778381666206,-0.0061015167517600105,2009.090513555934,0
upi | card | bank | crypto | gift_card | unknown | none,phone,sent_money | shared_credentials | clicked_link | installed_app | none | unknown,none,none,unknown,-0.005116298112570568,-0.0006313234069607976,1.1625756616800762,1.0481919977824123,0.010280477656421202,-1236.4851327154254,0
upi,social_media,none,payment,company,unknown,0.002462061448065174,0.8550557924158566,0.6873018482126199,0.9918600327264402,0.006779031353512256,582.560595718057,0
unknown,website,sent_money,payment,none,unknown,0.018168391480758578,-0.09021111130787784,0.9772961870182196,1.1969324412651854,0.0007034608142530063,342.7780019024119,0
bank,phone,changed_password,credential,bank,unknown,0.03308391929413954,0.9888536471810468,1.2699789047581822,1.0860459108323177,-0.0011521641142834293,-751.4040358125208,0
unknown,email,shared_credentials,none,bank_|_government_|_company_|_individual_|_none_|_unknown,USD,0.022186662613500132,-0.04506237263416894,0.7382645718117324,-0.03792251704198437,-0.0060349936449596575,768.9486850104485,0
unknown,email,clicked_link,credential,individual,unknown,0.01765218865825921,0.13887602519092224,-0.09414782966375204,0.05113958757081444,-0.011600330052073013,-2476.7198258205485,0
upi,sms | email | phone | social_media | website | app | unknown | none,sent_credentials,none,bank,unknown,-0.02329788094821566,0.9696268995931522,-0.10685879819624057,0.7645446548107017,-0.0005045287928026816,721.8751421260229,1
unknown,email,reported,none,bank_|_government_|_company_|_individual_|_none_|_unknown,unknown,6.960340706570507e-05,-0.06659459821571462,0.01085584619984736,1.047459498562051,-0.0030186070289963517,1402.9005244882323,1
unknown,phone,sent_money,verification,netflix,unknown,-0.007321896932258389,-0.07769522920363098,0.027625278905841072,0.03743669732489525,0.0058308754276152645,1590.2370989175768,0
upi | card | bank | crypto | gift_card | unknown | none,phone,none,none,none,unknown,0.007823735461807934,0.9689772201719234,0.05451692181470062,0.977345640244345,-0.0013723218504423317,-1057.6097669105447,0
upi,sms | email | phone | social_media | website | app | unknown | none,none,verification,company,unknown,-0.032724885901648584,-0.03113113591114038,-0.07617350224287922,-0.05427368562166976,0.011699895176439164,-498.1976663359381,1
unknown,website,shared_credentials,unknown,company,unknown,0.025434479527054014,0.9636735474929164,1.1427355132189536,-0.06341907161034112,0.0024150604155992552,-145.61400412797656,0
upi,email,clicked_link,none,unknown,unknown,0.016781285150930733,0.00605043560087535,0.017440352536916906,-0.01752147313853495,-0.0006614044064252266,-2601.828614936474,0
upi,sms | email | phone | social_media | website | app | unknown | none,clicked_link,payment,unknown,INR,-0.0134133241082792,0.9505725358765021,0.0040824608278305875,-0.12857430184592597,0.004382043834051506,-3576.5557125444284,0
upi | card | bank | crypto | gift_card | unknown | none,email,installed_app,payment,unknown,unknown,-0.001804830174334625,1.154815407179368,0.06066195139496511,0.09014791394383954,0.004537424695616167,167.8503492407906,0
unknown,website,none,verification,company,unknown,-0.004074197586051151,0.9242224529168618,0.022269031582740708,0.1281772019603297,-0.00022957783299181085,81.4337634799279,1
upi,sms | email | phone | social_media | website | app | unknown | none,sent_money,none,none,unknown,-0.002897606967877017,-0.012787382689793719,0.8648621900877379,0.8784804088546774,-0.012585086503811824,-86.13477067136152,0
venmo,email,sent_money,payment,none,unknown,0.021194724154882744,-0.05186654097218343,1.0350107342384838,-0.0770122335386377,-0.007480802386449753,2362.514803593934,1
crypto,sms,none,credits,bank,INR,0.002354565862136376,0.16361387003874425,1.0135027970823047,0.014328708172792587,0.0013696696757068754,-2290.853962350309,0
card,sms | email | phone | social_media | website | app | unknown | none,sent_money | shared_credentials | clicked_link | installed_app | none | unknown,download,cloud_storage_provider,unknown,-0.012291309390166366,1.1051721735995839,0.8991492952687411,-0.050971143801549344,0.008042668097511599,-3143.635740517621,0
unknown,phone,none,commerce,unknown,unknown,0.01762859175403897,0.06635791599894295,1.1147823307492695,0.08587425130034698,-0.0033854857298185564,-1302.0277369029243,1
bank,unknown,clicked_link,unknown,none,unknown,0.002961935051031011,1.06695709829035,0.5862664415401817,1.1658883204908053,-0.010121071546790244,74.23571602795495,0
bank,phone,sent_money,investment,bank,unknown,0.015716572504739856,1.1407937387013358,0.05334604977749704,0.868063434389065,-2.982210908980924e-05,1512.15797305073,0
unknown,sms,clicked_link,payment,individual,unknown,-0.015646113853332564,1.2085676569781416,0.004224513072728912,-0.09033336329127793,-0.0021566307101218932,1683.469110111293,0
upi | card | bank | crypto | gift_card | unknown | none,website,shared_credentials,none,health_department,unknown,0.0005370415652292708,0.8953082488272083,-0.041078590823147895,1.1087190285650343,-0.00447231747448211,267.34774551015585,0
upi,email,sent_money,payment,cyber_police,unknown,-0.00889631838525275,0.8942678633441465,0.9713247004640627,-0.14986692768092322,-0.005330213856699805,-984.4951144855368,0
upi,sms,clicked_link,payment,unknown,unknown,-0.013234994670058443,0.07539719906950293,1.2637308053052332,0.7948979574718753,0.0009146181258309225,-1161.5281172210302,0
unknown,email,clicked_link,payment,landlord,USD,0.013085341965245228,1.0480291015364844,1.182075925101513,0.8214192680100307,-0.007230543125887024,1912.315948826925,0
unknown,sms | email | phone | social_media | website | app | unknown | none,sent_money,payment,none,unknown,-0.012757261653212467,0.9530349139107926,0.8264436405266841,1.0166277423585102,-0.006727966559360117,1724.2170707472776,0
unknown,none,shared_credentials,login,bank_|_government_|_company_|_individual_|_none_|_unknown,USD,0.003669673727649713,1.0576265171329093,-0.008247749953657863,0.9667719729606296,0.0004866106277535042,604.0593552013191,1
upi,sms | email | phone | social_media | website | app | unknown | none,sent_money,verification,individual,unknown,0.0006426092204957748,0.07096929520677742,0.10601797963497081,0.7358070458857008,-0.0038403884211975314,1239.0857610657797,0
unknown,phone,none,payment,unknown,unknown,0.023994813008285577,-0.07875975191392376,0.11232634038928953,-0.1076260246277674,-0.00023552488004452594,2189.1930874245018,0
card,unknown,clicked_link,credits,none,INR,0.0058094876121056105,0.04426836766874068,-0.12419836186693095,0.8878230239684616,0.0005361595587257117,-3506.263250922437,1
unknown,unknown,shared_credentials,payment | verification | login | download | none | unknown,bank,unknown,-0.0077817470707640885,0.0741011758767579,-0.046139543539385576,-0.05821439955884519,-0.0009126603206336594,1009.9906372853408,0
venmo,phone,shared_credentials,payment,none,unknown,0.01291190484564294,-0.059465376979716204,0.9244794169534262,-0.09318881243296774,-0.01128651519614114,-1698.5570800948099,0
upi,website,abuse,payment,company,unknown,0.0004322277276123008,-0.07825915885875395,1.1087263396294633,-0.1063048608040996,0.004603045645528214,1122.374784517948,0
unknown,phone,sent_money,credential,company,unknown,-0.022434092161606755,-0.04901850197421234,-0.08046570813572146,0.0525160626905464,0.004119823946618038,-1619.0897033788779,1
unknown,sms,shared_credentials,payment,company,unknown,-0.0071621747389330435,1.0875214526885373,0.024827222729960234,0.08940253475036965,-0.00753868974261963,-1932.217753916501,1
unknown,sms,sent_credentials,none,none,unknown,0.011413103215676894,0.1390506131255573,0.055123530790359504,-0.0200988140525529,-0.0011111350318414642,-747.5991091998943,0
unknown,phone,sent_money | shared_credentials | clicked_link | installed_app | none | unknown,none,cowboy1113,unknown,0.02320868440704354,0.9626447108159684,1.231856061000181,0.8009294147114538,-0.012348001970723858,-1922.327452131406,0
unknown,sms,none,credits,mechanic_shop,INR,-0.0011142346024899067,0.14693780351197053,0.0661204620616944,0.01914257947938628,-0.0014073543044010339,1146.7085949624507,0
crypto,sms | email | phone | social_media | website | app | unknown | none,clicked_link,unknown,company,unknown,-0.006188118526573421,0.83474400284114,-0.011701528209742698,0.8444362133296901,0.006116980284123697,83.96450448480202,0
upi,phone,clicked_link,payment,individual,unknown,0.030848154968799547,1.1428336996944384,0.09117263108474297,0.07079303888174475,-0.004992857300300642,-564.1157354444493,1
unknown,sms | email | phone | social_media | website | app | unknown | none,shared_credentials,none,company,unknown,0.008573336646946261,1.1505569827527324,1.3159320437224724,-0.08825148667015428,-0.010408651805709759,3140.8994678289255,1
upi,sms,sent_money | shared_credentials | clicked_link | installed_app | none | unknown,debt_collection,none,unknown,0.02530033392036662,1.0891020716797368,1.1791848103655527,-0.10523710261607178,-0.010873429669277566,-265.75844904988435,0
upi,email,shared_credentials,payment,company,USD,-0.001852955356351897,0.8410154013003932,0.8073620339039473,0.7489221362541258,-0.004979534301670624,2874.1498007686146,1
unknown,phone,none,none,bank_|_government_|_company_|_individual_|_none_|_unknown,unknown,0.007936115307303213,0.9339274694791273,0.6994011405241183,1.0287814546398384,-0.006625387457756431,-1492.7115714095064,0
unknown,website,none,none,bank_|_government_|_company_|_individual_|_none_|_unknown,unknown,-0.003225497241010911,0.9789888134182028,0.09352486612864785,0.04076331490912297,-0.0048606046506294645,1498.0742257020406,0
unknown,sms,sent_money,investment,bank,INR,0.017669108242856005,-0.06126016468432701,-0.008101123201780564,0.15014614448101854,0.00687502178617473,259.928355105635,1
unknown,social_media,unknown,none,company,USD,0.01540268412334192,1.1054525882378352,0.05710749588904406,-0.0836349185070005,-0.012890339222609315,1761.8699338054719,0
unknown,sms | email | phone | social_media | website | app | unknown | none,sent_money,verification,none,unknown,-0.012908918473724936,0.830467853045857,0.8374491884881701,1.0121181440950935,-0.009980732898342401,3495.7863262132855,1
upi,website,installed_app,payment | verification | login | download | none | unknown,bank_|_government_|_company_|_individual_|_none_|_unknown,unknown,0.014072926639541683,0.8034815516255961,-0.02596561952975093,-0.03771343789126817,-0.007584946688488128,-2018.3057210330978,1
unknown,email,sent_money,unknown,bank,USD,-0.0030819449824268665,-0.07552914370585306,0.08059997453728505,-0.06273121571903366,-0.00817887969199429,1213.3459281967566,0
unknown,website,none | unknown,payment,bank,unknown,0.0027631814467431624,0.041090387007008684,-0.050653901291645105,0.04044492254016533,-0.002238915327870582,-1444.5198409986997,0
bank,phone,sent_money,phishing,bank,INR,0.03215822181828421,1.0079438166409993,0.0383145165664695,0.9351873112171922,-0.008669282361344396,-3503.6095346545458,0
unknown,sms,shared_credentials,transaction,company,USD,0.0034008740038965544,-0.16234630283150528,0.007976278968405007,0.7275781499550928,-0.0013272099598951746,-1086.4705469216276,0
card,sms,unknown,credential,verizon,unknown,0.007124405694845667,1.1071959528226785,0.9138557305405625,-0.09224825852509959,-0.0035382339952551604,-551.2563527073775,0
unknown,website,sent_money,verification,unknown,USD,0.014591067427013174,-0.16278341438329025,0.015098164184546145,-0.10202324162481781,-0.004752140123908955,-2004.9249525847133,1
upi,sms,none,none,unknown,unknown,-0.005158611295919,-0.010328581909859358,-0.05559761184344276,0.02514490260145756,-0.00025797539747861824,-2396.673289617162,0
card,email,sent_money,none,unknown,unknown,5.364389901118626e-05,-0.11631273205298139,-0.00646390793202925,0.7777626961735706,-0.004114672568685957,-402.437600068635,0
unknown,social_media,none,none,none,unknown,0.003083771798982392,1.0105973494214233,-0.008372288364171442,-0.13988032747386978,-0.0025394891519730537,-1900.9017822911155,0
upi,phone,unknown,payment,amazon,unknown,0.02867549270448268,0.058858425094125706,1.0361015104475588,-0.010698076475773501,-0.00437267716982534,-2586.135085972911,0
crypto,phone,sent_money | shared_credentials | clicked_link | installed_app | none | unknown,payment | verification | login | download | none | unknown,company,INR,0.0035150843603374525,0.9414289382801071,0.023398330363158085,-0.13173872979409731,0.0020142141766244367,159.8573893170883,1
unknown,website,sent_money,payment,unknown,unknown,0.012135315633624409,0.8621568491281645,-0.0062319663969528875,1.0251018089738138,0.0013124003335511952,-2152.6598653055976,0
unknown,sms | email | phone | social_media | website | app | unknown | none,shared_credentials,none,bank,INR,0.013615479678734617,0.9940482754966967,0.905373864325509,1.2278611201152607,0.003257502662370924,-831.1248675061137,0
unknown,phone,none,payment,microsoft,unknown,-0.00871050761845729,0.954581760177825,0.9460767013859492,1.0031446372989357,-0.005549985122004212,980.905870799864,1
unknown,website,sent_money,verification,company,unknown,0.014810395000922709,-0.13841105739104295,1.261119755620316,0.00974074286431247,0.0039017144668318463,2076.7468366137373,0
upi,email,sent_money,credits,unknown,USD,0.005190573910248782,0.8060045202424405,1.2035484748830998,-0.11251592876866064,0.002146732304754934,1104.9879152230108,1
card,email,sent_money,payment | verification | login | download | none | unknown,company,unknown,0.003160164658919026,-0.08945962831106978,1.0337530806259363,0.7447507875465272,0.005024779975060579,-1166.2831445683767,0
unknown,social_media,sent_money,payment,bank,unknown,0.003075703265756971,0.05661554077757897,-0.017923087352073562,0.08205709768366302,-0.0044419396384271625,-2094.4325585585025,1
upi,email,clicked_link,verification,none,USD,0.036839928016475676,1.1371075644467552,0.11181843838728049,-0.12513564085960754,0.0017118868111743978,-1440.7973744960923,0
unknown,unknown,clicked_link,payment,none,USD,0.017896190204984064,0.9791390617164002,0.017065436665540733,0.019910227779589777,-0.003109255262376657,2083.529116038907,0
unknown,website,none,none,bank,unknown,0.018188166814130338,0.8094101844678427,0.7739397140752027,0.0016886771064329484,0.002439839971380302,2007.7327651926867,0
card,sms,sent_money,replacement,bank,unknown,-0.012464596074131551,1.1295795466163652,0.09980466431707546,0.02626465407640214,-0.008175232430407657,-993.0906762202906,0
upi,unknown,sent_money,payment,none,unknown,-0.008139269371912691,0.8742380666939307,-0.02940792167824486,1.0935610761028405,0.011041451168359228,-160.92386093387182,0
bank,sms,unknown,payment,wise_security,unknown,-0.016844375420322487,0.8237961942562251,0.8778538572622364,-0.07523223167418377,-0.00889850800112237,590.9794110571191,0
unknown,sms,shared_credentials,payment,none,unknown,0.024392933968977366,0.14221802273694306,0.07465462536581569,0.8362497007859846,-0.009051507126735383,-2430.9593761770952,0
bank,sms | email | phone | social_media | website | app | unknown | none,sent_money,unknown,law_enforcement,unknown,0.0031778752947756402,0.008823281793111624,-0.022836823092086178,1.0713046729452183,-0.004914873981778532,-375.7289901547074,0
upi,sms | email | phone | social_media | website | app | unknown | none,none,none,none,unknown,-0.004651036715706636,0.7983456000442746,1.0583009222715545,0.903897081598148,-0.0018296945095519627,844.2690161306492,0
venmo,sms,sent_money,payment,bank,unknown,0.0017273426455976296,0.8835225436818928,-0.0392299995808667,0.8881223345246888,0.0002591375014750792,-2521.4734349357113,0
unknown,phone,none,unknown,company,unknown,-0.009194169569236242,-0.02938887225041709,-0.09038961583536041,1.0369481612863884,-0.010883959009626725,1675.7521104421437,0
unknown,phone,shared_credentials,phishing,company,unknown,0.007921980046157887,0.9842735249824603,0.9870159094626598,0.7852946303834092,-0.003369785955011449,-1179.7922561033586,0
unknown,phone,abuse,commerce,unknown,unknown,0.015457795397288214,1.0286810053073656,0.8390288351729807,0.8587899429017315,-0.010022034768385143,102.36265518239188,0
crypto,website,shared_credentials,payment,microsoft,unknown,0.02249184469042122,-0.018629059308838854,1.052564693789048,0.9221090020804313,-0.002276527386681783,1074.9381845033593,0
unknown,sms,clicked_link,none,security_company,unknown,0.008775790778282149,0.05884930307809584,-0.0049875926485869575,-0.05020358325725529,-0.006213293363723235,-914.9433075037728,0
unknown,phone,unknown,transaction,none,unknown,-0.021557714819751668,0.02182735434005653,1.084397454658347,-0.09714695497234814,-0.005141272027976031,-1547.6857104933044,0
upi,email,none,payment,bank,unknown,0.02360499761176003,0.04486046034082727,-0.02891714905994314,0.823708474828684,-0.0010930685309267693,841.4667941160307,0
unknown,unknown,installed_app,none,company,unknown,-0.010983806267337585,1.0089170555832403,0.04919619741225428,-0.038738284832530785,-0.009056329071770331,2970.899549915925,1
card,sms,clicked_link,commerce,unknown,unknown,-0.0034984816670138854,-0.04582012097935456,-0.007442833645663791,-0.12280268204501767,-0.006483424091579186,-740.9029734476521,0
crypto,phone,sent_money,payment,unknown,unknown,0.023545763895691043,1.1903839609413243,1.0159628612128628,-0.017166851508488033,-0.011027759058635601,-62.585704530143104,0
unknown,email,none,commerce,none,unknown,0.002227642114153801,-0.11955890012954477,0.8028225446083139,0.05203006767816596,-0.0053080206928311805,48.75816990275995,0
unknown,sms,sent_money,none,company,unknown,0.012601389256512207,1.0370124120302548,0.019178978544398425,-0.14870898427701,-0.008908975735850685,-2607.569544665053,0
upi,phone,installed_app,none,unknown,unknown,0.00796468417253804,0.02833904890163397,0.027058429588517986,0.7088099971081715,-0.0023446934840651787,-1669.0118036218748,1
unknown,sms | email | phone | social_media | website | app | unknown | none,none,none,unknown,USD,0.027247547523758284,0.05299825431209718,0.04653253424722434,0.01962883775949504,-0.004284444607696301,-905.8093639691991,1
unknown,sms | email | phone | social_media | website | app | unknown | none,sent_money,none,bank,unknown,0.01861195032468128,0.8937444186391896,0.07347567047445326,0.8029887562551767,0.0059746874844993905,-1315.7915958937806,1
unknown,sms | email | phone | social_media | website | app | unknown | none,unknown,payment | verification | login | download | none | unknown,none,unknown,0.00800183608616049,1.1583791948743976,1.1803123575808472,0.879192402578593,-0.012469181271088925,1717.9396333122882,0
unknown,email,sent_money,none,bank_|_government_|_company_|_individual_|_none_|_unknown,unknown,-0.008589585809937465,0.9664010190817705,1.0109006275763408,1.0162992443054464,0.010163962632468245,-1884.0697092693092,0
card,phone,sent_money,payment,unknown,unknown,0.031376441944703036,-0.11608319121693796,0.0900032485591661,-0.041514965384268035,0.004663020805746896,-1887.240287574766,0
bank,social_media,sent_money | shared_credentials | clicked_link | installed_app | none | unknown,mining,bank,unknown,-0.012871195789596999,0.09703015668660984,-0.01534889468621854,-0.06742399501420773,-0.008531851707033048,947.3910059899068,0
unknown,email,none,payment,bank,unknown,-0.0017480392991416998,1.0129029470469813,0.08297955306551914,1.1109934821480747,0.0012458197977822578,-1615.4230719350924,0
unknown,unknown,none,none,company,unknown,-0.003247735799919644,-0.004769422131448623,0.07699150169905657,-0.1174536612731496,0.002680952102451389,-2718.786777942631,0
venmo,website,clicked_link,payment,bank,unknown,-0.007356022434828483,-0.10462394493620464,-0.03959620481400505,-0.02576622858632955,-0.0018559007836411788,-189.79213731859267,1
unknown,email,utilize,none,marketplace,unknown,-0.023238857083539607,-0.05167355375181186,-0.04035892491024222,-0.10000906799135162,0.004771230034597971,203.9262596307334,0
unknown,sms,shared_credentials,payment,none,unknown,0.02627813774992119,0.8403674194040728,0.09203279614766095,0.8217129174409648,-0.006049175989792309,1204.927371353337,0
upi,phone,none,payment,company,unknown,0.030179168954756946,0.11534827580088318,-0.025141700680596773,-0.05494148859119472,-0.009028733930284057,-695.6209992388242,0
upi,website,shared_credentials,payment,none,unknown,-0.021455170810176543,-0.06737463408871903,1.216791661697201,1.0259579952043716,0.0017472964690403922,112.03635377488712,0
bank,unknown,sent_money,payment,company,unknown,0.02169147147775983,0.9794309265178746,1.1054100153262463,-0.06586008441551955,-0.0019229215646624678,-881.9194551671117,0
upi,email,none,payment,company,unknown,0.004130995986318516,0.09535069831325706,-0.011664186324962376,0.8737927719534261,-0.008580821910626386,-2608.231293510348,0
unknown,sms | email | phone | social_media | website | app | unknown | none,sent_money,payment,none,INR,-0.01288177305830003,-0.11185489528137724,0.02911982353654788,-0.0002630113594912246,0.002095773884165132,2806.698464755467,0
unknown,website,none,none,company,unknown,0.0077665617026352754,-0.030303261205204764,-0.028539407623643938,0.02922178863696684,-0.005102368600493983,2019.815239275643,1
unknown,phone,clicked_link,payment,none,unknown,-0.01670337171841411,-0.017592337356930582,0.01008778403669532,1.196461023922579,0.012667780041370981,377.1680360226632,0
card,email,none,none,none,unknown,0.008437815628719616,-0.02699016844371427,1.1526397804539055,1.1010427678257009,-0.0006125348993074859,1149.1471136077996,1
upi,phone,sent_money,phishing,bank,unknown,0.00626779862970227,0.06934150525704914,0.05997515775882441,1.0188281322327535,0.008863153683348904,2637.1677164339553,1
unknown,unknown,none,payment,company,unknown,0.012707504532262314,0.9463926008391174,-0.10212416013231375,0.09919188753202092,-0.011989580468647986,880.3190769563226,0
bank,email,sent_money,verification,none,unknown,-9.806079681318346e-05,0.9471734102655619,0.07068327830604061,1.0484107016341793,0.00785851323436009,-1299.372857404641,0
unknown,social_media,paid_upfront,unknown,unknown,unknown,-0.0024868870225776547,-0.14168042381699544,0.713927450855612,-0.0330171037852863,-0.007412649341104673,-833.015052269399,1
card,email,none,payment,individual,unknown,0.02337610789365667,-0.019957608146864352,-0.056035322219745234,0.8885211758121618,-0.009360121006439652,1746.4380024323145,0
unknown,unknown,sent_money,none | unknown,boost_mobile,USD,0.0013880584531592757,0.08693741186770554,1.0504221601291222,0.012590697511005684,-0.003622822167245994,1875.1755533803705,0
upi,website,sent_money,verification,unknown,unknown,-0.010354714140840807,-0.027114154029971898,-0.01258598368740916,-0.06489897612352923,-0.010409735646971405,88.507878427207,0
unknown,website,shared_credentials,payment,none,unknown,-0.009748313144329097,0.9249693335248946,1.0252992368476654,1.044289461390706,0.012027770732206598,1951.676692596395,0
upi,website,sent_money,none,bank_|_government_|_company_|_individual_|_none_|_unknown,INR,0.019682493299933754,0.09974650951595618,0.02336017396877785,0.05683715809956674,-0.0009933875691706493,1577.5149773667752,0
unknown,email,sent_money,payment,none,unknown,0.012703647564793334,1.0641260993618404,0.8137877092286944,0.045900852296946376,-0.013045354627101168,-185.13485363613984,0
card,sms | email | phone | social_media | website | app | unknown | none,clicked_link,payment,unknown,unknown,-0.00272491096501635,1.011193566563928,0.04424707396662004,1.063413691513297,0.009259830187643354,-122.7974984821738,0
unknown,sms,clicked_link,verification,crypto_project,unknown,0.02770774657180887,-0.003953011184500612,-0.031368833687040895,1.0372020380955884,-0.0009721699146456587,902.4320220866244,0
bank,email,clicked_link,payment,unknown,USD,0.011350211006046704,-0.15979569882746403,0.060017859953817615,-0.047120191623172505,0.0049106472091408025,142.44580945430732,0
upi,phone,sent_money | shared_credentials | clicked_link | installed_app | none | unknown,commerce,none,USD,0.03016914159783661,-0.01278881447370158,0.06432338989302684,1.165557369819539,-1.6520165029097922e-05,1545.8859675180881,0
unknown,sms | email | phone | social_media | website | app | unknown | none,sent_money,payment,company,USD,0.020914693905153662,1.1858047108109298,0.08210272435956098,0.8031114568571779,-0.010441979402423808,-1360.5299537660242,0
unknown,email,sent_money,none,company,unknown,-0.006095759262463334,0.1525524940804753,0.9393655580931674,-0.10112442052721665,0.0011710964868699872,766.2779726540502,1
crypto,email,sent_money,none,none,unknown,0.01667938586551463,1.0113171205783489,0.04644854210313186,0.08936526495492558,0.011877939597333307,-1708.5993773178084,0
unknown,sms | email | phone | social_media | website | app | unknown | none,sent_money,none,doctor,unknown,-0.02894299972140029,0.9815598178708009,0.07923389921124795,1.015953320601089,-0.00952779479977054,1433.8314668538258,0
upi,website,sent_money,transaction,unknown,unknown,-0.021123909008940463,1.03331003432591,1.2370863894282027,0.9810431344037629,-0.009341579802891454,1660.3016966305338,1
unknown,telegram,none | unknown,payment | verification | login | download | none | unknown,unknown,unknown,0.015476497454559954,1.1288652940413735,-0.015381458973187498,-0.016738737786662503,0.005454806003493447,-2404.711470122358,0
crypto,website,none,transaction,law_enforcement,unknown,0.014060705956315653,-0.0023313421109784666,0.865579808293319,-0.02875147289693391,-0.006450062559565519,-39.77467576076988,0
unknown,email,none,payment,none,unknown,-0.008165704326597653,0.9223486195593661,0.9656552482258259,0.9693917337429053,-0.001147936428552945,-500.2736448424093,0
upi | card | bank | crypto | gift_card | unknown | none,phone,sent_money,verification,unknown,unknown,0.017426721034858744,-0.09852182682431901,1.0055007947496297,1.038733887135182,-0.004709476143147703,107.91258894297593,0
upi,email,none,none,bank,USD,0.01955629549871259,0.9366037269799725,1.1281382722849003,0.7253042646289476,-0.011195072615709008,-417.1841302451905,0
upi,sms,sent_money,transaction,bank,unknown,0.0011496429356063502,0.9660750661156766,-0.03377229161925037,0.9445684981079512,0.0021477306551656184,-2812.1445472665177,0
unknown,sms | email | phone | social_media | website | app | unknown | none,none,verification,bank,unknown,0.027336832970627854,-0.14139003733999034,-0.07550109291066115,1.2545183083822837,0.004198966547183251,-1192.5403564662508,0
upi,website,sent_money,payment,unknown,CROWNS,0.01458597537032191,-0.008310792999078262,-0.06538497811560495,0.02533715629772732,-0.010302175365465332,-2251.0148723940347,0
unknown,telegram,sent_money,none,wise_security,unknown,0.033632311550484406,0.8274426945570081,0.05688719840721392,-0.08456134232049789,-0.013134893698265497,-2421.702647212242,0
gift_card,unknown,sent_money,payment,company,unknown,0.017292972375986905,0.056219695653075843,-0.00332530464854259,0.004796988458775922,-0.0137618112909188,265.5941433820787,0
upi,unknown,clicked_link,none,none,unknown,0.016398714684121577,0.06555626881413402,1.2462264625423773,0.019704883130353075,0.008269182567890863,-648.863144158038,0
bank,sms,none,none,unknown,unknown,0.022310631691795105,-0.04088919520393844,0.786535132702884,-0.045559874837918526,0.001781905775916935,2288.7807309851223,0
unknown,social_media,sent_money,payment,company,unknown,0.011988817870549142,0.8776764760230574,0.8153197548294436,-0.06369338265374103,-0.010866461969143697,953.5471443445624,0
unknown,phone,none,none,unknown,unknown,0.005147534464097686,0.052108240184560256,1.093089605173449,1.0681643674034915,0.005492226719422956,441.6164927785515,0
unknown,sms,sent_money,none,none,unknown,0.011643010586619495,0.9392412731081943,0.0989808999993869,0.023436306188268897,-0.0036388265766273643,-242.2616151844677,1
crypto,website,clicked_link,payment,ice_agent,unknown,0.00025351927691717583,-0.1046460806604284,-0.06192286803800004,-0.09376446891167885,-0.0075946756778478355,506.1721929142022,0
upi,phone,sent_money,none,unknown,unknown,0.016495966898932644,-0.09217990043323379,0.06649634268159538,-0.15183570225723914,-0.004661780340575403,-1353.668186930726,1
unknown,sms | email | phone | social_media | website | app | unknown | none,sent_money | shared_credentials | clicked_link | installed_app | none | unknown,none,none,unknown,-0.0054443110097111775,0.023032052145010917,0.7508246636744671,0.8233897792070585,-0.00827101664086476,-1755.119933398602,0
upi,social_media,sent_money,payment,bank,INR,0.014642067636321933,0.005739595745738242,0.9673276224735088,-0.08557782319839388,-0.009095122862130536,-56.52952320932158,1
unknown,phone,none,none,none,USD,-0.0036045552253184073,0.028504716650018976,0.013167656241606247,0.9219210591537904,-0.008803744982143003,1750.3257768984242,0
crypto,website,sent_money,none,unknown,USD,0.03725850569548376,-0.051603658546536146,0.06581223617593977,0.02412801080303323,-0.0018755271336548525,-195.5523734404855,0
unknown,website,sent_credentials,none,bank,unknown,0.002817248836426097,0.05241594952180966,0.06897231021149536,0.8570616378039004,-0.009112604240167587,852.5378393730384,1
upi | card | bank | crypto | gift_card | unknown | none,phone,sent_money | shared_credentials | clicked_link | installed_app | none | unknown,credential,bank,unknown,-0.014545372504137457,0.8553505156931824,-0.10558050532774377,0.05444357248811232,0.004859131335994584,-323.58793100287437,0
upi,youtube,none | unknown,none,company,unknown,0.013330959114862692,1.0470589974869862,0.06049089794017176,0.7486622605820441,-0.007289428701947202,-182.2840667526503,0
upi,unknown,none,phishing,none,USD,0.019823019147465443,0.026861359931634608,0.08370263154829007,0.8333423269620555,-0.006417155238485201,-552.155077433112,0
unknown,youtube,sent_money | shared_credentials | clicked_link | installed_app | none | unknown,payment,boost_mobile,unknown,-0.009740420330041136,0.04512821773192469,0.0034394659966928615,-0.10279180509379117,-0.002340573738691556,1045.0478163474286,0
upi,social_media,none,transaction,instagram,USD,0.0004106404309660414,0.927168220138603,0.8930599515267353,0.7619033967628709,0.005427705273218531,-1993.5912111308182,0
upi,sms,sent_money,none,none,unknown,0.014724803444234838,-0.032567467026692706,-0.05374709325038232,0.11296251141051834,-0.0014775095324235756,1839.7426509016277,0
upi | card | bank | crypto | gift_card | unknown | none,sms | email | phone | social_media | website | app | unknown | none,received,payment,bank,unknown,0.02307021535599564,-0.12707860161299397,0.026205246343066466,0.906509814222034,0.003140608085143777,-1072.3329032314364,0
upi | card | bank | crypto | gift_card | unknown | none,phone,clicked_link,payment,company,unknown,-0.0043051573743709826,-0.1118091471979597,0.9308251048628359,0.01562832583126646,0.0032431877088289966,1209.7665390323803,0
unknown,website,none,none,bank,unknown,-0.002706371352949384,0.8329684308105254,0.8033695968805531,-0.05681992194111954,0.0010073316484939393,238.21958406866202,0
crypto,unknown,clicked_link,payment,company,INR,-0.021796786122907523,0.8685085060447721,-0.0013454995583745996,0.07753201853847778,0.010353501200383763,684.6231411857354,1
card,phone,none,none,none,unknown,-0.00860549090210756,0.16562486746368768,0.7982655720274402,1.0240718594344191,0.008073162357748312,-762.5978664998079,1
unknown,website,none,payment,doctor,unknown,0.022266749995700972,1.1822458487565028,1.326025274515805,-0.033221419043775756,0.005544487602916173,847.9373277961122,0
upi,email,sent_money,none,amazon,USD,0.01917547590045294,1.0050617629706886,0.06529903288615263,0.9750653915131587,-0.0044438034694984875,528.7786062264059,1
unknown,phone,none,unknown,none,unknown,0.0031188245665929627,0.04915819607087854,1.2863103712175454,0.889013918871072,-0.002063505460910242,2210.3045558110985,1
unknown,social_media,none,payment,verizon,USD,-0.025165692346846076,0.051673077928939,0.8689259040545244,0.04527970204042083,0.0033678819231121857,-2937.818407857371,0
unknown,unknown,sent_money | shared_credentials | clicked_link | installed_app | none | unknown,payment,bank,unknown,0.019053526957856236,-0.05609617898952766,0.03712553430000613,0.8058649510026799,-0.012138245273377483,152.5571896378156,0
unknown,app,sent_money,commerce,bank,unknown,-0.0055991491014906695,0.08069377140425221,0.04421005509552822,-0.09656646216796123,-0.008198537105859152,-753.5494850229659,0
upi,none,sent_money,unknown,bank,unknown,-0.007946398875575926,-0.03156607046136906,0.7661762765032792,-0.09934713770300442,-0.007419239576290483,-1437.0719352935942,0
venmo,sms,none,none,none,INR,-0.0020178501968883852,-0.000671071367031918,-0.04118042276643537,0.8257443355686335,-0.007037002280942715,438.49140970620886,0
upi,sms | email | phone | social_media | website | app | unknown | none,sent_money,payment,unknown,unknown,0.007669803776346128,-0.05210343048225999,0.05180930732533057,-0.09762024627212394,-0.0019749856234179,270.8207152496309,0
upi | card | bank | crypto | gift_card | unknown | none,social_media,none,commerce,unknown,unknown,0.009196418932948928,0.008691711202224018,0.016709952052828155,-0.02875637887015689,0.003273884797741119,-704.5518944460621,0
upi,sms,sent_money,payment,bank,INR,0.008611443005157067,0.9830118780758669,0.6438205853329907,0.13549303603358523,-0.008233843913663228,-629.2824223435614,0
unknown,mail,sent_money,credits,bank,unknown,-0.015494592298476988,-0.03899602151932627,-0.01532514405846448,0.9911384083716306,-0.0012906673851034722,1122.9246047499569,0
bank,unknown,sent_money,none,company,unknown,0.007679557441540133,0.8656247515975898,0.07528858211834448,0.8991500672122861,0.006490351068803586,-871.8573184035365,0
unknown,sms,sent_money | shared_credentials | clicked_link | installed_app | none | unknown,none,company,unknown,-0.022214443489782725,0.014904692083339454,0.10145028706437689,0.904557878592375,0.004359853541631311,2051.9312549151646,1
bank,sms,none,payment | verification | login | download | none | unknown,none,unknown,-0.009308908978737044,0.04918634873759702,-0.025920809697268617,0.8183924208543908,-0.001691329068256522,-1318.7512417547994,0
crypto,sms | email | phone | social_media | website | app | unknown | none,none,commerce,bank,USD,-0.006603767135235511,1.0407785975929698,1.0544066451669951,-0.054222341449892665,-0.008550912381706166,460.1213880400933,0
crypto,sms,installed_app,payment,company,unknown,0.009993541345267325,-0.034001514188155856,-0.012453127406132808,-0.06577131443779272,-0.0007477540162468077,-2153.6442167129744,0
bank,none,sent_money,unknown,company,unknown,0.024673118446838605,1.0891118362419174,1.2781362565397099,-0.09926723803688574,-0.013824602036842708,317.8811717921451,0
upi | card | bank | crypto | gift_card | unknown | none,phone,none,verification,none,unknown,-0.019918852554980444,0.025973810887476405,0.02470667745544308,0.8091813840163633,-0.0012572609540780037,3276.6148501558487,0
upi,website,sent_money,credential,none,unknown,0.001912144608708972,0.9027197076165068,0.6157666176809591,0.8529933365871996,-0.009955846315847176,507.6552793522006,0
unknown,sms,sent_money,none,unknown,unknown,0.028198204673722933,-0.10504134272112327,-0.055649822016110864,0.01642608137316258,-0.008689767274438405,-2154.013089995098,0
unknown,website,sent_credentials,none,unknown,unknown,-0.0037816328241303955,0.16758011156826705,1.1192337802052028,0.8719141253804762,-0.007703874773284691,-904.4884512350355,0
upi,social_media,reported,payment,unknown,unknown,-0.02226391026692502,1.0273155253765545,0.7655686977070982,0.03395815336716278,-0.00235982131855334,-1227.4893551018713,1
upi,sms,sent_money,none,none,unknown,0.025481246047718523,0.8611534319653299,0.9096899568571637,-0.01875253671632489,0.0020085050845452448,1591.9785840624027,0
unknown,email,shared_credentials,payment,bank,unknown,0.033883197739895614,0.9424271262857526,1.2711101647472043,1.1465245593651554,-0.009357934528981189,1306.9151469563665,0
upi | card | bank | crypto | gift_card | unknown | none,email,unknown,payment,bank,INR,0.015901158295633173,0.865088229663709,1.0897459199444401,-0.07437042964085686,-0.006685838756332829,634.2744585083836,1
bank,social_media,sent_money,payment,bank,unknown,-0.022792265507739464,0.8434783776959541,-0.05061892137739102,-0.036252471939107786,-0.005877455020420827,2007.7565467918143,1
unknown,unknown,sent_money | shared_credentials | clicked_link | installed_app | none | unknown,none,none,unknown,-0.013440043500093143,0.05436611510611824,0.896679275570944,0.13251083949964523,0.00067945250341597,-883.7933547049073,0
crypto,image,shared_credentials,payment,ice_agent,unknown,0.01797073169525229,1.0485845498975048,1.033807483843954,0.9464483723302307,-0.0011739676748083623,-709.11608738519,1
crypto,website,unknown,transaction,unknown,unknown,-0.006079772631649598,1.0878424518303456,0.7407233977738132,0.7796458351925393,-0.008450509838011823,1074.3857793149234,0
bank,website,shared_credentials,payment,bank,unknown,0.020380408466241225,-0.01294853083114426,0.03251899852851821,-0.12760032825902157,-0.012142207872209798,-1813.0573372824165,0
unknown,website,none,unknown,company,unknown,0.006184189915844648,0.9796235988469402,-0.00348137338028136,0.8254070482968969,-0.0037422245631149095,2038.547772262532,0
unknown,sms,clicked_link,payment,company,unknown,-0.01575934511396726,1.0296326078529454,0.03066001933771636,-0.10363505302055079,-0.008022053186665903,508.5119985359974,1
unknown,social_media,sent_money,none,bank,USD,0.019543326429796084,0.007113973312841151,0.7949653872070321,0.9477905629506704,-0.006255016031481237,-231.8444992795637,0
unknown,website,none,none,company,USD,0.00036544262057301973,-0.025908233171052838,1.1361775911106065,0.9821192977031871,0.0011474069068085934,338.3964684468023,1
upi,website,none,none,unknown,unknown,0.005248594659983295,1.1218548153503587,-0.006030625311470191,-0.039478487820294665,-0.005005427979442206,-136.48897869307592,0
unknown,social_media,received_money,payment,health_department,unknown,-0.00842948436710681,0.9539149429093411,0.02053936088831755,0.04563353386728279,-0.013105460829784527,-593.580555148596,0
upi | card | bank | crypto | gift_card | unknown | none,email,sent_money,payment | verification | login | download | none | unknown,netflix,unknown,-0.011102632722340586,0.9727522944346695,-0.017464543129430164,-0.007161755698806888,-0.008188104350593521,1772.7401925720173,1
unknown,social_media,installed_app,none,bank_|_government_|_company_|_individual_|_none_|_unknown,unknown,0.015168698556052244,-0.024563336120864896,0.07595973802867494,1.0187756086768243,-0.008099683055990453,795.9511398462079,0
unknown,sms | email | phone | social_media | website | app | unknown | none,paid_upfront,payment,individual,unknown,0.0006034466919178432,0.9874984288208265,1.0485671863358614,-0.09385998077197218,0.001179277243444816,-1811.7511587998863,0
unknown,sms | email | phone | social_media | website | app | unknown | none,sent_money,none,unknown,unknown,0.01484640600561669,0.9566144454447556,-0.026362894172555617,-0.07008181784783873,-0.006068286262211023,-1443.1807043217261,0
unknown,social_media,none,payment,bank_|_government_|_company_|_individual_|_none_|_unknown,USD,-0.02729188643344261,1.1542127793329626,-0.02171843595015621,0.13357408452661615,-0.010138893321986541,-572.0889689194186,0
upi | card | bank | crypto | gift_card | unknown | none,email,clicked_link,none,unknown,unknown,0.012942182861981686,0.8977163234082354,0.9784248546461083,-0.018175693443409927,-0.002326000876872532,1842.819136793144,0
upi,sms,clicked_link,none,company,unknown,0.0008284385152097763,0.9673864398790054,0.03263684808746885,0.8861568196996056,-0.009571800007989002,-1659.230716245818,1
unknown,phone,shared_credentials,unknown,bank,USD,0.005486430241834354,-0.03312557984405988,-0.05273569768567447,0.06315268066947832,0.007244828320231667,-1139.5006695245493,0
upi | card | bank | crypto | gift_card | unknown | none,unknown,changed_password,payment | verification | login | download | none | unknown,none,unknown,-0.0246889883603245,-0.036577058832847585,-0.049292504834983,-0.005747923724196894,0.0006299558458572125,2621.8050618930397,0
unknown,email,sent_money,none,company,unknown,-0.006529562544944502,1.1001973979975592,0.0460194468560364,0.8260851824873348,-0.004724808633596637,1109.3827935161744,0
unknown,email,unknown,payment,unknown,unknown,0.018404346617145823,0.9470130277653411,1.1940760253984946,0.757652792301166,0.0030299651732285603,-563.4792545482273,0
unknown,sms,sent_money,none,none,CROWNS,0.02305219847616349,-0.03486218192070412,0.043137340586763474,0.9371705974725286,-0.008089005966567574,1940.157609766689,0
crypto,sms,paid_upfront,none,none,unknown,0.0009743788605225547,1.1498089791333297,-0.052910708863003364,0.7783818388652134,-0.012935026269309332,2336.6021663877705,1
upi | card | bank | crypto | gift_card | unknown | none,social_media,none,none,bank,INR,0.0006313763242104431,-0.12583393633651996,1.151241131488321,0.879527545484688,-0.00616927144889573,2357.86550096445,0
upi,email,clicked_link,none,bank,unknown,0.02951511065595331,0.9709524237333355,1.3680143902586246,1.0599490774728784,0.0021075720131588545,1074.5609101128482,1
upi | card | bank | crypto | gift_card | unknown | none,website,sent_money,none,none,unknown,0.003199416350635862,1.0580708263918814,-0.045318835510683254,-0.08991974600992131,-0.013799666378683418,-1145.137425509123,0
crypto,sms | email | phone | social_media | website | app | unknown | none,none,transaction,post_office,unknown,-0.011429555909235944,0.9447373471193148,0.07727228537204565,-0.1409397948178819,-0.003702101292131978,-324.5705052527076,0
unknown,sms,clicked_link,none,bank,unknown,-0.004771580538886173,0.029143428551153792,0.9736357410610794,0.03390038769153618,-0.0002938666102982301,-451.868429342693,0
upi | card | bank | crypto | gift_card | unknown | none,phone,sent_money,none,twitter,unknown,-0.015337622192395158,0.05779572747705524,-0.030137022595633344,-0.019948298738353916,-0.0019311930329035834,865.9015471090053,0
unknown,email,none,credential,bank,unknown,0.021566013213074012,0.7731859134725634,0.025140640443704836,-0.09936000856972228,-0.011962845717527412,128.9004681394042,0
gift_card,social_media,installed_app,none,unknown,unknown,0.009850326618743004,0.05571256814315546,-0.05944758731461382,0.9129614652699598,-0.00854348263941596,153.2830292465212,0
unknown,website,none,payment,unknown,CROWNS,0.005160421678329296,1.1353098790648435,1.0209783613491095,0.10292879603075221,0.006692769388127958,-512.8196016127152,0
unknown,website,sent_money,payment,landlord,unknown,0.011981177257182209,-0.012923017476930632,0.006715701951990163,-0.0717876534322574,-0.002718683196401947,-1149.7174513063658,0
unknown,unknown,sent_money,payment,cloud_storage_provider,INR,-0.009466112955347146,1.052448927411881,1.204469256621207,-0.07769491879604293,-0.0020353630474574374,-320.1828648375394,0
upi,email,unknown,unknown,unknown,unknown,-0.020978428898704438,0.9284678911695493,0.09742717196362694,-0.051918216719833044,0.005740094846566449,2047.1196170220685,0
upi,social_media,unknown,none,none,INR,0.03340818014950764,0.9728148231874252,0.020968400332383768,-0.15318063539580667,-0.012103091435462454,1206.3227308325963,0
upi,email,sent_money,payment,unknown,unknown,0.013382147684759087,0.8568014810705616,-0.0643006093588098,0.7866369603876155,-0.010169029956373435,-2306.34483073,0
card,email,clicked_link,transaction,bank,INR,0.01315080801485144,-0.061322266155029566,1.0186955561884876,0.7742758718660212,0.003457076159424244,233.5120714516383,0
upi,email,sent_money,transaction,company,unknown,0.002188510360093019,0.8224398913662022,0.03898040982188825,0.9324571424089547,0.004493783900307449,-928.0631246008583,0
unknown,phone,sent_money,none,unknown,unknown,0.026395335960381405,0.11327969651227167,1.0528843248168311,-0.029441749736981167,-0.002109069343544234,-2384.6196377983656,0
unknown,discord,clicked_link,none,bank,CROWNS,-0.031410429871222494,0.031763831158182994,-0.10850768327448237,-0.07600324116501392,0.004678454057931619,934.4950461193938,0
unknown,phone,clicked_link,none,company,INR,0.018356786200850204,0.09136620585151113,0.038578069981044565,1.1674319528195984,-0.011733353294086285,121.91338342432726,0
card,sms | email | phone | social_media | website | app | unknown | none,sent_money,none,bank,unknown,0.004677376324037724,0.11602279437500057,0.03201779718255907,-0.0982888627249999,0.004085763347432241,-1394.9748858983926,1
upi | card | bank | crypto | gift_card | unknown | none,sms,shared_credentials,none,unknown,USD,-0.004936784783810741,0.049424952938281315,-0.038430380804677616,1.017640708522025,-0.008173882849645925,83.97860865330648,1
upi | card | bank | crypto | gift_card | unknown | none,sms,shared_credentials,transaction,none,unknown,-0.006000849545430053,0.7862012076690186,-0.0443934667543649,1.1570876616274015,-0.013085050574349678,1949.3410552168382,0
unknown,website,clicked_link,none,company,USD,-0.021034741129417542,-0.06274505224980531,0.029802569306798088,0.7749768649941964,-0.001595434698596044,1788.9182716178093,0
unknown,email,sent_money,unknown,none,unknown,0.00628203565613152,0.1307143049030233,-0.04057648804363944,-0.01948857338781678,-0.0016563262424247938,-1978.240447389467,0
unknown,website,sent_money | shared_credentials | clicked_link | installed_app | none | unknown,none,company,unknown,0.014996290466774356,1.192232394296487,1.1933967401962888,0.881225497086865,-0.011813655698776135,1862.3057015697696,0
bank,sms | email | phone | social_media | website | app | unknown | none,none,payment,bank,INR,-0.01108505197943954,1.0573471864824666,-0.004957819586215339,-0.11073060025979879,0.003012505983656644,-1590.3371037942622,0
unknown,mail,clicked_link,payment,unknown,unknown,0.010873132826679894,0.8266433532749865,-0.008038320111772843,-0.10290505757730081,0.0034073189179205355,-2651.5944545634625,0
upi,social_media,shared_credentials,none,none,unknown,0.027291421634862312,0.09288172324237261,0.04182351835880158,-0.021723461491230153,-0.0011639424041789133,187.79709280733238,0
upi,telegram,sent_credentials,credential,unknown,unknown,-0.0022393251131010983,0.9257040734694704,1.2446739412715924,0.9857521573316017,0.00010718558984119261,3730.198705363929,0
bank,unknown,none,payment,none,USD,0.006366134233933497,0.041235383590854005,1.2682250070735686,0.8030300138501173,-0.010730649767583358,1011.987645372969,0
unknown,email,sent_money,verification,company,unknown,-0.011484784750528885,1.1131592992905102,-0.03781260693062937,0.08785255366111637,-0.011026232492234325,50.62094049631358,0
upi,app,none,unknown,none,unknown,0.012053203059065225,0.9702508451438029,1.1474444463036306,-0.09762967376410948,-0.005986343999427326,-2161.123012647382,0
unknown,sms | email | phone | social_media | website | app | unknown | none,none,phishing,none,INR,-0.025266481695376642,0.0330003352663822,-0.00596766929969964,0.12714832381903662,-0.00012884169551319436,1680.315851013897,0
unknown,email,installed_app,payment | verification | login | download | none | unknown,none,unknown,0.021271801560176457,1.0335186976431294,0.01803740417068271,1.0176498944483414,-0.001667293348139025,1423.6214059587192,0
unknown,sms,sent_money | shared_credentials | clicked_link | installed_app | none | unknown,payment,company,unknown,-0.02401207603162097,-0.06331860073272377,0.01049196323123368,-0.08413920575117087,-0.006580991210470064,-86.90586317351612,1
upi,social_media,none,phishing,none,unknown,-0.021476949845101345,0.8096215013872177,0.044650607133781384,-0.13922878302775724,-0.005739119076731977,568.2779359723149,0
unknown,email,none,none,unknown,USD,-0.010356128109413096,1.0982440259506139,1.0066592857866314,-0.1023663421576111,-0.0025691828001795495,8494.7389707994,1
unknown,website,sent_money,payment,bank,INR,0.003044440464869442,-0.05593573638988593,0.9906435877889134,0.022063853910861735,0.008525899454930127,1558.6120957513515,0
unknown,sms,sent_money,payment,unknown,USD,0.011394862578636611,1.049760117332211,0.10021293644918178,-0.12502353616767536,0.0012412916541297715,376.31374023551666,1
unknown,email,sent_money,payment,company,unknown,0.026834216129573624,1.0587831017731102,0.012839524771439455,0.13816838219008537,0.0035541183253341084,827.4315147003463,0
crypto,phone,installed_app,payment,company,unknown,0.014041815538456277,1.003349828612358,0.11370309555661565,0.02801029462698202,0.009421336109748293,-1364.5627442876848,0
unknown,website,clicked_link,payment,company,USD,0.000522502403360792,-0.016067854928756852,0.020919355908490037,1.1338303865284816,-0.0027298471268539628,1383.7629288292428,1
crypto,sms | email | phone | social_media | website | app | unknown | none,sent_money,credential,none,USD,0.02986281671573953,0.8807496508358794,0.8758910744945387,-0.09015732772284324,0.001762047621702794,-1119.5622543644956,0
bank,email,sent_money | shared_credentials | clicked_link | installed_app | none | unknown,transaction,bank,unknown,-0.018613337963724493,0.008443961266198138,0.7312888241226841,-0.03451511944664168,0.004043528778731539,-345.9096759885619,0
bank,email,sent_money,none,company,unknown,-0.0020619346334472314,0.1203972909729219,1.0330208918615187,0.0314653144291808,-0.009159449571923307,207.67489881716335,0
unknown,email,sent_money,verification,none,unknown,-0.015892524898581138,0.9963939017433135,-0.015264567723950599,0.7813230507789638,-0.0009199509934556239,311.3147200726467,0
upi | card | bank | crypto | gift_card | unknown | none,unknown,changed_password,none,none,USD,-0.017706218656969166,0.9811122501444759,-0.0837066107128655,0.8370569365098631,0.0013728982279043766,1120.6790531018787,0
unknown,phone,none,none,company,USD,0.0014004679710348245,0.10177667559485647,0.07500803024255377,-0.010924933859381486,0.0037335253790282963,-1368.5992829961647,1
upi,sms,clicked_link,verification,company,unknown,-0.011848966672990686,0.05092589718401793,-0.012814051741061419,0.9862266592101604,0.008771493394917684,-953.361446912161,1
unknown,social_media,clicked_link,commerce,google,unknown,0.024400149822898353,0.07306255637991148,-0.06894166574269572,-0.09814266973757857,-0.011368255413371726,790.0672620272193,1
unknown,sms,none,payment,unknown,unknown,-0.002770017320971373,-0.01717421850493547,1.2356315916868033,-0.09740690190561876,-0.005852725062385376,2586.3728056534037,0
bank,sms,none,none,none,unknown,-0.00975521990990326,0.8789969466120767,0.08503270962792459,0.7660894987060823,-0.0018866699198047982,-628.7865630769646,0
unknown,website,clicked_link,none,none,unknown,-0.01728582437283066,0.9629755959265917,-0.069794889767284,0.8832521048890718,-0.0020001426441470047,-786.1917977910114,0
unknown,sms,none,transaction,none,unknown,-0.017113868854629104,0.9802343500979837,-0.10154768908498692,-0.07537201708726504,-0.0008512504803634365,1888.9904652606588,0
unknown,sms,unknown,activation,none,unknown,-0.025718311971010103,0.0875051435128682,-0.0598801208868188,1.04637962282961,-0.0011970917100495842,1540.5560458613916,0
crypto,mail,none | unknown,none,unknown,unknown,0.009046708926563705,0.12183636145334854,0.9157053568313647,1.2044824310337245,0.007446598736374101,1197.1379929042337,1
unknown,website,clicked_link,payment,company,unknown,-0.004188540047736398,-0.027374231539192447,0.033331524974625326,0.7689976016143295,-0.012298845906104921,187.47058857664405,0
upi,sms,clicked_link,phishing,company,unknown,0.009727987681238346,0.961319878260007,1.1193285252034262,1.21704689119275,-0.00042417352735765816,248.3297525538452,0
upi,sms | email | phone | social_media | website | app | unknown | none,sent_money,none,bank,unknown,-0.0023364602346274,0.001993030513956908,0.8421215618345359,0.9566647279878046,-0.009923941913390952,-1739.1088425379899,1
unknown,unknown,none,payment,unknown,unknown,0.017269352716796343,1.1507279232942096,-0.028625520282847663,0.055143162598167754,-0.011974714719089181,-1043.5279582791754,0
upi,telegram,clicked_link,none,company,USD,0.011686233652739412,-0.1383884938566877,0.06984537006670924,0.6826489292759438,-0.00039173513338388807,1516.1108884187986,0
unknown,email,shared_credentials,verification,company,unknown,0.020493149230849054,1.0281003932533546,0.7693579296370666,-0.04461851859030691,-0.009710954575520944,152.13557516659375,0
unknown,email,clicked_link,none,none,unknown,0.002546668852286773,-0.10197890529571506,0.016530297419585113,-0.040048956949692203,0.013311947207860868,-953.712031627564,0
upi,phone,none,payment,verizon,INR,-0.015938670714221958,0.8371750666356135,0.08108747838583534,-0.029784181653321584,0.0024300869662700953,39.43812515655041,0
unknown,email,clicked_link,investment,cowboy1113,unknown,0.008964251234954692,0.8631280935328376,-0.00574037604964572,0.9165273362559656,-0.004550702795784309,-2285.5728963700813,0
unknown,phone,sent_money | shared_credentials | clicked_link | installed_app | none | unknown,payment,bank,unknown,0.0332712230398209,-0.16515341351020169,1.0448915888331378,-0.029427639143923594,0.0032096095129793075,-508.1825775262586,0
unknown,email,clicked_link,none,bank_|_government_|_company_|_individual_|_none_|_unknown,CROWNS,0.010505046530560948,0.9717394552498018,0.9915639656070243,1.045477423873302,0.00439664279994716,990.5200346146515,0
unknown,sms,sent_money | shared_credentials | clicked_link | installed_app | none | unknown,unknown,landlord,unknown,0.00436357011336594,-0.11129407069978939,-0.0036543981843962397,-0.08444711477132781,-0.005025496271473212,-887.5142702336584,1
unknown,email,clicked_link,none,none,USD,-0.02709478035221407,-0.13636230227191237,-0.03237294695643251,0.10434224006852445,0.008576013539161357,1612.652677821562,0
crypto,phone,sent_money | shared_credentials | clicked_link | installed_app | none | unknown,payment | verification | login | download | none | unknown,unknown,unknown,0.006187400894989587,0.835479709702841,0.05174574338248182,0.8318511565386792,-0.012310726393460408,1501.1849622662137,0
unknown,none,unknown,verification,none,unknown,-0.013789078197312957,0.9173028124042142,0.0922144478854698,0.8975870819835792,0.005012378450335572,285.8367756016273,0
unknown,sms,sent_money | shared_credentials | clicked_link | installed_app | none | unknown,transaction,bank,unknown,0.018130403321976928,0.8775795154815468,1.330340598170811,1.0316895843526561,-0.00867282259621685,1104.1036016293565,0
unknown,sms,sent_money,none,bank,unknown,0.00534695870792742,0.9886471372056095,1.2632440163379028,0.7132523936328437,-0.003235515721257599,1138.400868125836,1
unknown,email,none,transaction,bank_|_government_|_company_|_individual_|_none_|_unknown,INR,0.034169928064218466,-0.0948709227626969,0.0024411342430713996,-0.04483787493308419,-0.00971919197794206,245.8039916290873,0
unknown,website,sent_money,payment | verification | login | download | none | unknown,unknown,unknown,-0.0025920225704390487,0.876416890861276,0.08261500475309524,0.7907689599856944,0.0012410017683588041,1870.2341506746423,0
gift_card,unknown,none,none,company,unknown,-0.007707490649707356,0.060120996294652305,0.7700324907503129,0.03953452880612565,0.0032926361391061813,-124.33011914770334,0
unknown,mail,sent_money,payment,none,unknown,-0.017784958439261145,1.0481695993643427,-0.005133110315258047,-0.02180328593799788,0.0038390965298952234,1049.4715815286631,1
unknown,social_media,none,payment,none,unknown,-0.0072250410331803705,-0.01386289391031914,1.1789052301916756,0.8234199718752895,-0.008698386318459837,1378.0893372155854,0
upi | card | bank | crypto | gift_card | unknown | none,website,shared_credentials,none,company,unknown,0.012351899969445553,0.1127672558765245,0.02985634411055536,0.8742188252408885,-0.007438902210970671,-1880.976421161018,0
unknown,website,shared_credentials,verification,doctor,unknown,-0.012551458116662204,0.07217611308693996,1.2501034018248462,0.07046829744238667,0.0025402720126812355,1358.086168897037,0
crypto,sms | email | phone | social_media | website | app | unknown | none,unknown,credential,bank,USD,0.02460996834754481,1.1677824335666784,1.2852874743482927,0.8817366066374938,-0.0005872355461005603,3567.816912536748,1
upi,phone,clicked_link,verification,none,unknown,0.021402983964062382,1.0009663388748318,0.026721192566367947,-0.08559773682508204,-0.011957175912083546,-1629.1176540937067,0
bank,sms,sent_money,none,none,unknown,0.006977954705876054,1.085385155530902,0.01066461887684741,0.7904117944444621,-0.001023226421303395,1104.13849854112,0
unknown,phone,clicked_link,payment,none,unknown,-0.012880894463612735,-0.04991468484783906,0.0516582699878727,0.8440393770240918,0.006805084266151276,850.5388925680899,0
unknown,sms,none,transaction,company,unknown,-0.0030786224407191166,0.09497006459899435,0.012791837863545583,-0.02540664387207097,0.0036273462642166746,1162.838335323059,0
bank,sms | email | phone | social_media | website | app | unknown | none,utilize,payment,none,unknown,0.0034632526464883065,-0.07693850208263024,1.1315426918423506,0.7946860298155353,0.00582717334746771,-1804.4159571949951,0
upi,unknown,unknown,unknown,none,unknown,-0.006098367866977342,-0.09178724663430843,0.07364942393735384,1.0460619993908054,0.003929736671011774,-1059.4119985314037,0
unknown,sms,sent_money,none | unknown,unknown,unknown,-0.009179530538331366,1.0069439842258479,0.01709723580712795,0.916380275660278,0.007882024132016956,134.57693551708672,0
unknown,sms | email | phone | social_media | website | app | unknown | none,sent_money,none,none,unknown,0.009707345762746957,1.0353973439064956,0.09127494808513079,-0.11942285930655233,0.0002303940579729347,194.4002105181491,0
upi,website,sent_money,credential,none,unknown,-0.009488561365648816,0.963085380043879,0.006878361879990701,-0.10881440122389403,-0.011953658126716993,2137.4239065666384,1
venmo,sms,installed_app,none,company,unknown,0.01476483449368508,-0.07138173148580071,-0.0567862721693528,0.7709059154859282,-0.0070684462074872,2458.583933714033,0
crypto,sms,none,verification,company,unknown,0.025428634028012206,1.075498111399852,0.9635534875404426,0.1448276349066167,0.0016733407485014034,-1448.8244396886525,0
upi,none,sent_money,payment,microsoft,unknown,0.0334720634645117,0.9618629214645448,-0.016504215921561285,-0.007329325607882509,-0.006116342301040806,-167.66206685196238,1
unknown,sms,paid_upfront,unknown,none,unknown,0.032095488893446246,0.09481545263743525,0.9771772475152684,0.08365769861020278,-0.00015661545414380305,-839.1509633400137,1
unknown,email,sent_money,transaction,unknown,unknown,0.023740298665273597,0.868100701159245,0.023811270633287633,0.009398196725994682,-0.0076314511010030705,2460.248387157336,0
unknown,email,none,unknown,company,unknown,0.005072477510543499,1.0849456635137515,1.1507339222654882,-0.1121940456646386,-0.011232894290255542,1182.6489243878007,1
unknown,sms,none,transaction,none,unknown,-0.010805835851981851,1.0270548306445186,-0.09857135296202574,-0.07374244835290443,-0.014445778820963715,-1278.1879762555195,0
upi,social_media,none | unknown,payment,none,unknown,-0.0024627800277727723,1.0164502234397093,0.04467665856335655,-0.044241101318069756,-0.000506634641294456,1993.5794825161126,0
unknown,phone,clicked_link,transaction,verizon,unknown,0.01644087079496656,0.07908326636386949,0.05141226447972427,0.8027761638454879,-0.010577732086689431,1916.9435378224234,1
upi | card | bank | crypto | gift_card | unknown | none,website,paid_upfront,unknown,individual,unknown,0.018116342014485136,0.1278606181213,0.06808307177034165,1.039792683753368,0.005661522620075584,1509.4994746134491,1
gift_card,email,clicked_link,verification,dropbox,unknown,0.027816836427845604,0.06060875159579521,0.05979703878202073,0.03808695468433599,-0.010381567259962353,331.06685681018445,0
card,phone,none,commerce,company,unknown,0.02899980918311156,1.0034584891762817,1.0774739490205196,0.08364156823827715,-0.007333073673908181,192.37145593440243,0
gift_card,social_media,paid_upfront,mining,none,unknown,-0.00758447538391823,-0.044740997523283275,-0.0715922109033128,-0.04925015848266926,-0.010829189524369441,-1930.789048499334,1
unknown,phone,sent_money,verification,unknown,unknown,0.00555844024165465,-0.1736264829715495,0.1028070905024782,0.6981111565008247,-0.006657623381985845,2975.837075187013,0
unknown,email,unknown,none,none,unknown,0.005722184375983783,1.0377099842008466,-0.03697576324139434,0.01754870789885453,-0.015441421716819972,755.8459932496914,0
unknown,unknown,received,phishing,boost_mobile,USD,-0.007793242123269965,0.8328239569153848,0.8146890543192643,-0.09096826475951762,0.007146985020210052,902.3204165928915,0
upi,sms,installed_app,payment,wise_security,unknown,0.0008472064670830627,0.7938882942064053,4.147677793861319e-06,-0.13632994067827578,-0.0011830240926337182,233.84110409283176,0
unknown,email,none,verification,bank,unknown,0.007834670489210972,1.0092621333462426,0.06274794589380984,0.9838404694346891,-0.009502733842043433,1696.8289404126194,1
unknown,website,shared_credentials,payment,unknown,unknown,0.024911026718178183,0.03805903481776881,0.03308959523388201,0.827660304825572,-0.012394370119958796,-1579.0454971301263,0
unknown,youtube,sent_money,unknown,landlord,USD,-0.006118285418913592,1.0127048818785676,0.03169283038803148,1.0037159646574607,0.006623264151613483,124.4563262313354,0
gift_card,email,unknown,none,company,unknown,-0.019340761269874936,-0.10307336781504987,-0.07345629821756076,-0.05335214270827837,0.0086267927552651,752.8631474047409,0
crypto,social_media,sent_money,payment,company,unknown,0.006562646157603724,-0.03517959288770994,0.917134407595253,-0.03868188982063259,0.007865252784864218,-1702.728295033133,0
crypto,email,sent_money | shared_credentials | clicked_link | installed_app | none | unknown,login,company,unknown,-0.003972376046783637,0.8830286181329416,0.037649460356489396,0.005008497960650779,-0.0009765563131620484,-1504.5414952495516,0
unknown,unknown,sent_money,none,boost_mobile,unknown,-0.00522936692800049,-0.052896138505369436,0.07398034448584762,-0.035460348097876196,-0.011144321069926492,1234.0564698415358,0
crypto,unknown,unknown,unknown,none,unknown,-0.008665255567483978,1.1213589299514497,-0.037782679336792156,0.04621157229210727,-0.012844293719761516,1863.7151490615558,0
unknown,sms,sent_money | shared_credentials | clicked_link | installed_app | none | unknown,none,dropbox,unknown,0.02701447089111633,1.0606440573554388,1.1953640531020797,0.056536247264949914,-0.0017144002427425696,1275.1487466735878,0
upi,phone,sent_money,none,bank_|_government_|_company_|_individual_|_none_|_unknown,unknown,0.002174580367742441,-0.046280127273338544,0.013673672745107968,0.018400964039365697,0.0025999394058364585,-1164.361358712772,0
card,website,sent_money,none,company,unknown,0.00679287399437831,1.01281867024682,-0.008155369111880873,0.7417456949803194,-0.014422256959594664,2880.262188735744,0
unknown,website,sent_money,payment | verification | login | download | none | unknown,instagram,unknown,0.006764444819377938,0.12463226626666483,0.9856753670726796,0.9105527743977676,-0.0031744744705493808,-818.0453111053777,0
upi | card | bank | crypto | gift_card | unknown | none,website,shared_credentials,none | unknown,bank,unknown,0.03504418919383393,1.0394299216411687,0.007632761422627161,-0.04890520811102301,0.002159645469381873,-2852.073852202092,0
upi,website,sent_money | shared_credentials | clicked_link | installed_app | none | unknown,unknown,bank,unknown,0.02314676307614694,0.0860063935190964,0.062072201257459304,1.0255654503105132,-0.003841264735049974,779.7004235248191,0
unknown,unknown,sent_money,payment,none,INR,-0.0011587902565590974,0.9066332591538357,1.2169464760494668,-0.03430259692119317,0.006577484388265768,-1033.3171218971409,1
unknown,social_media,shared_credentials,none,unknown,USD,-0.01825204718665815,0.13061059544695006,-0.019135927559808766,0.04589062246521737,0.005794486866875675,-725.3501953615356,1
unknown,unknown,clicked_link,none,company,unknown,0.03357560869278084,-0.11749753151169817,-0.03423761161740611,0.12153245822082577,-0.003733796600934402,-24.64570128084941,1
bank,phone,none,verification,none,unknown,0.010237933518982644,0.8748031885621557,-0.03749410470241257,-0.1251585966911563,-0.00694031852400497,2074.1118612799414,0
unknown,email,shared_credentials,none,unknown,unknown,0.0018932496082514074,0.8910152495254272,1.0779318185283104,-0.0914541650512339,-0.015448593028751548,-195.16590629868114,0
unknown,image,installed_app,none,unknown,unknown,0.029377311612364784,-0.1368546289313153,0.9755914506831191,0.7168948131113334,-0.010716436619940284,2140.093132573091,0
unknown,sms,sent_money,verification,none,unknown,-0.00864696878842055,0.8720677756786153,0.05074899396667996,1.0496800695974369,0.008209322787690883,2340.8549367013634,0
unknown,sms,installed_app,none,company,unknown,-0.0069227368279220595,1.0030816624943508,0.8499636464827738,-0.04467257065871816,-0.011909393966058371,-971.5787980831617,1
crypto,phone,sent_money,payment,bank,unknown,0.010323297525967333,0.7801331306350636,-0.05268687003508664,-0.13932780512442816,-0.010840474838777783,942.4893469892427,0
unknown,website,sent_money,verification,wise_security,unknown,-0.022494739214165522,0.9991526879784801,0.00939101346280704,0.8505730446968873,0.005181660254786821,-771.6414011833494,0
upi,phone,sent_money,none,bank_|_government_|_company_|_individual_|_none_|_unknown,unknown,-0.0037023254317454716,-0.03587762721873336,-0.010331795639019797,-0.00042983447274226724,0.009238464523003876,1038.4088081322216,0
card,social_media,received_money,payment | verification | login | download | none | unknown,none,INR,0.013929251756950924,0.018377640068061283,-0.042609319425778225,-0.03728315813072551,-0.0038263611345800575,-360.39092501180323,1
bank,phone,none,payment,individual,USD,0.018538828491727923,0.9438028022058923,0.0034601944075025714,-0.03741229582679473,-0.004571651839360785,-2135.341949723349,0
unknown,sms | email | phone | social_media | website | app | unknown | none,installed_app,payment | verification | login | download | none | unknown,unknown,INR,-0.012676326016284756,0.0009916579913901527,0.9349410885881099,1.054980635890885,-0.006523010923787387,2358.3571596768525,0
upi,website,installed_app,transaction,individual,unknown,0.009404386720009482,1.0244000577820414,0.016515662002030897,0.15689482464812204,0.005867047324518832,-925.8605478533779,0
unknown,sms | email | phone | social_media | website | app | unknown | none,clicked_link,none,bank_|_government_|_company_|_individual_|_none_|_unknown,unknown,0.02977141252830031,1.0194256637437253,1.2678600469575871,1.0708087883906434,-0.00027195563149796784,-1807.4691784786692,1
unknown,unknown,sent_money,verification,unknown,INR,-0.023304115810082918,-0.16674590222391725,-0.00995456286879485,-0.06376807825513482,0.00953179812041247,-918.5813105551299,0
upi | card | bank | crypto | gift_card | unknown | none,phone,clicked_link,replacement,company,unknown,0.000490700199062276,1.0063558503804324,0.01895901266133821,-0.014197290432556445,0.004411254817881128,2027.6099168854219,1
unknown,email,clicked_link,none,unknown,unknown,0.02749980406804867,-0.04249988309865157,0.09581391497328658,0.7548393845796433,0.005571793511233394,979.2344379742082,1
unknown,unknown,sent_money | shared_credentials | clicked_link | installed_app | none | unknown,none,company,unknown,-0.02170086380969507,0.0677178485052043,-0.012930728363262768,-0.03164708638612836,0.0004363653379071167,957.478669198198,0
unknown,unknown,sent_money,payment,none,unknown,0.003184210657761805,0.9208933789340695,0.07127212474823731,1.0250917331357563,0.006314957255850373,-2642.4886870539426,0
unknown,unknown,none,none,unknown,unknown,-0.01018749418479553,-0.0918119975204651,-0.050076803533374466,0.9193573199238965,-0.0074731471049374705,2098.229892486706,0
crypto,social_media,sent_money,payment,none,unknown,0.006625406894072073,1.0423186147368073,0.025310901924736996,0.01023642445755395,-0.005485390584385225,-32243.551346346187,0
upi,unknown,sent_money,payment,none,unknown,-0.022772359965370883,0.9464217167516584,0.9819889416567442,0.804839300916396,-0.009392760499693753,-101.91528341869086,0
unknown,email,clicked_link,none,bank,unknown,0.004333683672141423,-0.10350868532434788,1.125849541232629,-0.12273305678505818,0.0031090649631081014,800.8632679204012,0
card,social_media,shared_credentials,payment,individual,TON,-0.013134570665217987,-0.061772267212067015,0.044107493420319874,0.11685222105594688,-0.008860665443314535,-96.40614350171937,1
unknown,sms,unknown,payment,bank,unknown,-0.005029308389373129,0.08163761715664312,1.185680571221227,-0.06456630043559701,-0.006308620752839326,166.0186006487317,0
unknown,sms,clicked_link,commerce,marketplace,unknown,0.006292607236091972,-0.009273169140310473,0.026441501344989814,0.794734749802908,-0.010765515416492401,-1293.4107846537377,1
unknown,website,sent_money,none,unknown,unknown,0.013704179817200995,1.0188952381572804,-0.012339487756484501,0.022319574630969806,-0.0008115330625118979,-1651.7097855216516,0
unknown,website,received_credit,none,bank,unknown,0.006619160654719656,0.8807548539773611,0.06894503540781755,1.1187544882175562,0.00809687947761055,1189.7167122503256,0
unknown,none,none | unknown,commerce,company,unknown,0.019758684525550067,-0.06377028542963362,1.036069525871649,-0.03900282014620927,-0.005251317939658738,-2791.9356164163855,0
unknown,email,received,none,google,USD,0.009076516673515871,1.0435838799947061,0.8064032100887644,0.8560284502723872,-0.001777045588959653,1982.0576854821581,1
unknown,unknown,sent_money | shared_credentials | clicked_link | installed_app | none | unknown,payment,company,unknown,0.011331452061349168,0.9929600600678156,-0.10169867491195625,0.011311836214540778,-0.006721003035878509,-1270.6161218897425,0
upi,sms,unknown,phishing,unknown,unknown,-0.0073264782662825064,0.9650169661038454,0.09200727270059324,0.7141262011880596,-0.010361665511940241,2115.7591282568565,0
upi,phone,sent_money,none,none,unknown,0.02326912413653941,1.0369411940312248,-0.07163442374866495,-0.017417138326965544,0.00612731854263193,-223.29307567579986,0
unknown,phone,clicked_link,unknown,unknown,unknown,0.010893312692857315,0.8771683285540566,0.06699155164072193,1.045494364361869,0.0026362441724900685,-715.730538514341,0
upi | card | bank | crypto | gift_card | unknown | none,unknown,none,investment,individual,unknown,0.03109754691515984,0.05488968225536627,0.06112012002029629,0.02832244936161471,-0.0002564505278423228,1209.6171285509033,0
crypto,email,none,payment,unknown,unknown,-0.013723742356703568,0.0907091101900075,-0.07441395546510739,0.09339726732513368,0.00889842029087497,2980.5851231520064,0
unknown,sms,clicked_link,none,unknown,USD,0.019780415522204196,1.0108997971958738,1.1659778508025633,0.749829567462599,-0.010481135517367627,1784.1261501457366,0
upi,social_media,sent_money,payment,none,unknown,0.027841750592014283,-0.13540446298812314,0.10425389134912671,0.9711027445318384,0.0004783582807485196,662.2500201910626,0
upi,sms,sent_money,unknown,bank,CROWNS,0.023417870849181153,0.07268241257725097,0.057747020066875036,0.9977092976249252,0.0013430818905377235,567.8295752800631,1
upi,email,clicked_link,credential,bank_|_government_|_company_|_individual_|_none_|_unknown,unknown,0.008028736885654471,0.9863446197314097,0.9735803144059008,1.1523458794937045,-0.00929023621665099,2626.4983087817823,0
upi,sms,none,payment,unknown,unknown,0.008801242844665855,0.8823206179996305,1.2413385128080376,-0.10411807268971593,0.002343307096005473,312.26191273138625,1
upi,unknown,clicked_link,verification,none,unknown,-0.004658338848890081,0.19112646379886322,-0.053019773737388906,0.06402415535415686,-0.000809450218237653,1836.5866775999832,0
upi,unknown,unknown,activation,bank,unknown,0.014869968777381457,1.1085137004343222,1.142130746710335,-0.05315837766023492,-8.336235177453713e-06,1485.8720681365169,0
unknown,website,sent_money,unknown,bank,unknown,-0.0013785739570090793,1.043821884693931,0.7727545495989621,1.0137569286285384,-0.0036407410496073506,989.7322691435431,0
upi,email,sent_money,payment,unknown,unknown,0.023846569433320877,1.0999042616783852,0.9619797442351272,-0.06560939782012125,-0.003399028785814558,-2424.176967504104,0
upi | card | bank | crypto | gift_card | unknown | none,email,unknown,verification,bank_|_government_|_company_|_individual_|_none_|_unknown,unknown,0.012583259865993483,0.8176805778529328,-0.07273326266019695,0.08310198918900248,0.005301002350238723,2803.6621749363894,0
card,email,sent_money,none,bank,unknown,0.022733145980668282,0.8652489286883699,1.1541121168950783,1.0540014702907927,0.001546023205037361,1430.2983484094914,1
unknown,phone,none,payment,unknown,USD,0.016341150930040963,-0.01647633080238454,0.06741229360359376,1.2065076557200927,-0.00012976269628181664,1161.3959296368294,1
upi,website,clicked_link,payment | verification | login | download | none | unknown,company,unknown,0.0022153640694400926,0.9589625408123529,0.03972535879958182,0.817122366694128,-0.0009056860292204411,2467.0843044283647,0
crypto,email,unknown,unknown,unknown,USD,0.0311530488160966,-0.1223366575130891,-0.0048649381268779275,0.8706918905740166,-0.006453094287025236,3004.508119396359,0
unknown,sms,shared_credentials,none,none,TON,0.006047706235957031,0.7606710227362037,0.7876376186955163,-0.01651609129375669,-0.00798356690232839,286.7775543372325,0
gift_card,sms,none,payment,none,unknown,0.0018961375932343254,0.9112751984671816,-0.004839773643527175,-0.09930044598737858,-0.0031616362246223674,1879.3810189913506,0
unknown,social_media,shared_credentials,payment,bank_|_government_|_company_|_individual_|_none_|_unknown,unknown,-0.021501618761256593,0.9863152767234228,0.06357259876742559,0.8261963464021851,-0.006762808714600193,-670.9045506192244,0
unknown,youtube,installed_app,verification,security_company,unknown,0.00429163627948796,0.01637647020085653,-0.0015966088974284235,0.7774745363186787,-0.009196204111817239,67.40019962712213,0
bank,social_media,installed_app,none,none,unknown,-0.002137426301746878,-0.06857531772360885,0.5970892600782776,-0.04854013238414519,-0.008702739956360058,141.63776823122524,1
upi | card | bank | crypto | gift_card | unknown | none,website,none,none,bank,INR,-0.004966165242986927,0.009078086714965442,0.991174208353266,-0.07318932424865525,-0.0015029326842139154,-69.06917914833693,1
card,phone,sent_money,none,company,unknown,0.014560652880852516,1.1588848535073897,-0.026657660796910846,0.9179721722987453,0.001227758648203272,-571.9637277805336,0
unknown,sms | email | phone | social_media | website | app | unknown | none,sent_money | shared_credentials | clicked_link | installed_app | none | unknown,none,linkedin,unknown,0.0014660244084398007,0.8854854374777494,0.016712599477311678,1.0529931037915787,-0.00040873325970234095,435.50591428092065,0
unknown,email,clicked_link,verification,bank,unknown,0.01564377429803103,-0.15522097328767087,1.0089650273689061,-0.07437733867753657,-0.000809888114123108,1954.3151576213672,0
unknown,email,none,payment,none,unknown,0.02142458095922464,0.9838030601816525,0.09240909743655161,0.7959629566676789,-0.009602685307293623,-951.7256218612861,0
unknown,unknown,none,investment,unknown,unknown,0.0136994000092691,1.0240956805092913,-0.04505262501340807,1.1022806457795147,-0.005293117875483563,-12.150353110589478,0
unknown,website,none,payment,none,unknown,0.0250033739727206,-0.006138374876329539,0.9470410216301489,-0.04376302662475401,-0.011642574801363601,1287.9455734651278,0
unknown,social_media,clicked_link,none,company,unknown,0.010744481281159388,-0.03667660749038377,1.250322427767515,-0.03888984625288833,-0.0019977340209964274,2823.705151583913,0
card,sms,none,payment,none,unknown,0.0174824871462842,1.0556988486048835,-0.025031287948427974,0.04140182412030631,-0.0016582938372007208,-36.988286604266335,0
unknown,sms,clicked_link,payment,bank,unknown,0.017158211120935893,0.9243071167006708,1.240005627039787,-0.031259751303173544,-0.010128920520551116,1972.6109622199253,0
upi,sms | email | phone | social_media | website | app | unknown | none,received_credit,none,unknown,unknown,0.02042932785993086,0.13822856905770434,1.2373702226675067,0.9093290760617578,-0.010228909575671652,-2312.1250517962685,0
unknown,email,sent_money,download,bank_|_government_|_company_|_individual_|_none_|_unknown,unknown,0.01065923294527382,0.17146399274731144,1.0722993606861302,-0.06628835554080169,0.0020924884250805797,318.0760613507583,1
unknown,image,sent_money | shared_credentials | clicked_link | installed_app | none | unknown,commerce,none,unknown,0.026354119124144565,-0.009217057873969444,0.07165153383660273,-0.02642273193780091,0.002137959768762921,603.2725590888709,0
unknown,phone,sent_money,none,bank_|_government_|_company_|_individual_|_none_|_unknown,unknown,0.007806501732204245,-0.03751011962982649,1.111017176433998,0.9051096024282519,0.01399652244080971,-1641.76507040377,0
crypto,social_media,sent_money,payment,unknown,unknown,0.0023227224934644713,-0.0004365287750356579,-0.008071038930207398,-0.04709409329429525,-0.005021757123536844,-1284.7801321354882,0
unknown,telegram,none,none,bank,unknown,0.004326762684710812,0.7911193557479181,1.271491278199628,-0.14802832158437473,-0.010690478726140196,1409.3901868458731,1
unknown,website,clicked_link,none,unknown,unknown,0.020988639973698552,-0.07870227355270684,1.0729921116199157,-0.10656796137830628,-0.0007231791816867258,-40.703062861503454,0
upi,email,changed_password,payment,marketplace,unknown,0.024381693013640047,0.13304523530469942,-0.019135092660640472,0.06777396257862486,0.0042552453701512356,-2864.6680184097604,0
unknown,sms | email | phone | social_media | website | app | unknown | none,sent_money,payment,none,unknown,-0.004738625653122462,0.018254532527597754,-0.034538400676378894,0.03966463599605154,-0.014558425220760222,931.6124319598977,1
bank,email,none,unknown,unknown,unknown,-0.002565844557293932,-0.14029057910234569,-0.05968174970294054,-0.0828836777759604,0.0038118744156639814,342.1693415997348,0
unknown,none,none,none,unknown,unknown,0.013293375488886702,1.1440781176988006,0.005021286967561772,0.8803578438610399,-0.009508907978247773,-80.3978960931771,1
upi,sms | email | phone | social_media | website | app | unknown | none,clicked_link,payment,bank,unknown,-0.018170101481881303,-0.1644675648677628,0.9422706580719564,-0.006920564849990377,0.002937392286278383,-377.8537920256923,0
unknown,unknown,clicked_link,transaction,none,unknown,-0.009147407473149296,-0.11145941931561662,-0.0680249164081251,1.0259504818832554,-0.00905387633273025,1171.600820619082,0
unknown,website,installed_app,none,unknown,unknown,0.006304044137007033,0.0723932474291697,0.08349531900211075,0.07203486579147504,0.0015212128464458922,1236.987939677501,0
unknown,sms | email | phone | social_media | website | app | unknown | none,sent_money,payment | verification | login | download | none | unknown,government,INR,0.012217124808579345,-0.1138511953582544,1.2463958647705211,0.024443845714058623,0.014709664931058498,-3195.5832833689424,0
unknown,email,abuse,none,none,unknown,0.02204715694713772,0.11694257235741254,1.0882081389394995,0.08459388979571593,-0.0005114118504680809,-238.10930274001657,0
bank,sms,none,none,unknown,unknown,0.009187358662267128,0.19044754292048938,0.031773839216329806,1.0202929189173693,-0.0022062857541655986,-336.760158091516,1
unknown,email,installed_app,none,mechanic_shop,unknown,0.01158421427164663,0.050106002517067594,1.142351518210801,0.05119495458491634,0.0018734835754660062,1.9978040820692229,0
upi,website,unknown,none,bank,unknown,-0.018310401043874824,0.057355345247813265,-0.012421344361573255,-0.08730789055742554,-0.0006783069265630249,1554.7692995270704,1
upi | card | bank | crypto | gift_card | unknown | none,website,unknown,payment,unknown,unknown,0.0026413330052653676,0.022300215638475934,0.0616680628420577,-0.10097772607745567,-0.0018723086315268536,-984.8268936429338,1
unknown,sms,received_money,unknown,bank,unknown,0.020296359190874937,0.9411140658373935,0.1063128685967363,-0.06126571431860125,0.009375046272743243,2444.434140728635,0
unknown,app,clicked_link,payment,none,unknown,0.016886975667234894,0.03462419902312938,-0.018698558440492816,0.8891448860026208,-0.004634134557180468,728.6907674891002,1
unknown,sms | email | phone | social_media | website | app | unknown | none,shared_credentials,payment,none,unknown,-0.013148891126538404,-0.17232616097699918,0.9454863322657506,0.8577861760668182,0.0040576354217419655,-507.5234782613009,1
card,phone,reported,payment | verification | login | download | none | unknown,unknown,INR,0.007431334847821205,-0.07212427187082761,0.7851129325606685,-0.09462336246343576,-0.012563332410512103,814.4748083538003,0
upi,email,none,payment,bank,unknown,-0.004861925039999313,0.02792123883195152,0.009927865969073944,-0.08777973318822009,0.004756565808510744,-1800.0949440317313,0
upi,sms,sent_money,payment,government,TON,0.008577123453256758,-0.10473368513509945,-0.11711234726724143,0.046677770685678806,-0.0014311493449320097,-31.04513250321253,0
card,email,sent_money,investment,none,unknown,0.010000113739194308,0.8617008111211024,0.7324158448999127,-0.024731079379888873,0.004233150096569971,-2019.0530319361249,0
upi,sms,sent_money,none | unknown,crypto_project,CROWNS,0.029641517044402394,-0.13406111157453937,0.00033574014305080857,0.7920906611924305,-0.005865143815800958,1995.4623647774918,0
unknown,sms | email | phone | social_media | website | app | unknown | none,unknown,investment,bank,unknown,0.011615239409510833,0.034864983675451676,1.04643935138088,0.7544809967499952,-0.011710088296831267,-321.9372101405893,0
card,social_media,sent_money,payment | verification | login | download | none | unknown,post_office,unknown,-0.004275898275036495,1.1119204920070456,1.24747642046162,1.0587138263669755,-0.0019451012849316276,-1355.0197313985489,0
upi,social_media,sent_money | shared_credentials | clicked_link | installed_app | none | unknown,none,none,unknown,0.014586927286580231,0.8441380319729983,1.0381839643632174,0.9326357412623132,-6.767007125726095e-05,-1454.0949073475297,1
upi,website,received_money,commerce,company,USD,0.006797496413765502,0.005484400317761361,1.3170090805907098,-0.014576772058091858,-0.008820675042081646,344.29456352613914,0
upi,phone,sent_money,payment,unknown,INR,0.012082127154670025,-0.13425042445789437,-0.10715896698308061,0.008795476603402477,0.0007058464658161501,576.8628993857183,0
unknown,sms,none,payment,none,unknown,-0.011736337154904413,-0.08215704736952349,-0.02470077304503139,1.13340002306608,0.007561502616717505,-2238.989913591577,0
upi,phone,clicked_link,none,bank,unknown,-0.006079839632395535,-0.09350918931378516,0.8002183109109864,0.014104962641592363,-0.004469286791185458,-961.9497061450087,1
unknown,sms | email | phone | social_media | website | app | unknown | none,clicked_link,none,none,unknown,-0.010714826084028151,0.020758137793603148,-0.05595806936456905,0.025624144587663954,-0.011718391481525486,-2252.020678939755,1
unknown,email,none,mining,government,unknown,0.006695072499867058,-0.09368910417457384,0.04530422801530734,-0.09223731550248751,-0.0049898704718527274,-1705.1723713347997,0
upi,social_media,clicked_link,payment,none,INR,-0.018170029424475296,0.7662526927606487,0.005509468232693009,0.005985089772972351,0.001052256046510707,2843.8440301148753,0
bank,sms,none,transaction,unknown,USD,0.019536024612653892,-0.005200422726012382,1.022701822601336,-0.04621738668587297,-0.005157591252521549,-3065.006018931837,0
crypto,email,none,investment,instagram,unknown,0.004128142133791075,0.9735408110144337,-0.07928486452644617,0.8873644620978755,-0.0027834729925141203,-1314.3321294951334,0
unknown,sms | email | phone | social_media | website | app | unknown | none,none,transaction,company,unknown,0.0244133148373926,0.7882898180349746,0.08727633480675931,0.7909850477113788,-0.002073921640087214,2674.148620068968,0
upi,phone,none,commerce,bank_|_government_|_company_|_individual_|_none_|_unknown,unknown,0.010816575347953359,0.9600826340869624,-0.10143500130624128,0.9250977170540531,-0.011460113570703796,-464.30475164854164,0
upi,sms,none,payment | verification | login | download | none | unknown,landlord,USD,0.03077789773377628,1.0059050686302546,1.295052013837656,0.8031412635395934,-0.00021357211840660907,1683.1643437485575,0
upi | card | bank | crypto | gift_card | unknown | none,email,shared_credentials,transaction,company,unknown,-0.01705146714102578,-0.10708166584056511,0.9586570645776282,-0.004539272727087738,0.0011619338254527502,-85.10124046796237,0
upi,website,clicked_link,payment,none,unknown,0.006464851616000068,0.018641038280923568,0.04082999264107369,0.7305883246678709,0.004871592378014305,-64.64042984799163,0
unknown,social_media,none,none,verizon,unknown,0.01853896754987987,0.9450851684554609,0.8808943210921206,-0.084497667746969,-0.005933052526988789,-773.0045779550935,0
unknown,sms,clicked_link,verification,bank,unknown,0.014939946631935812,0.9536912425132399,0.809092823728196,-0.011055751454288554,-0.008320059935872658,2540.4763873018937,1
upi | card | bank | crypto | gift_card | unknown | none,social_media,paid_upfront,transaction,none,unknown,0.005789765373664594,0.010719542869590185,1.065321860512468,0.8583651119026846,-0.010702386361735377,-3391.837052736462,0
unknown,sms,sent_money,none,none,unknown,0.010210357655369215,0.1681651626235923,1.2603563095957375,-0.026676441236746576,0.0015968525409682315,1799.670785619108,1
upi | card | bank | crypto | gift_card | unknown | none,website,shared_credentials,download,none,unknown,0.0023448640277080966,1.0651389472186106,-0.03115122762823656,-0.046689496763248683,-0.011505609843779317,1538.0265367498146,1
crypto,sms,sent_money,payment,none,USD,-0.008072144737803266,0.0010536486282179012,0.08934677313806733,0.8312257415775354,-0.01156808629662061,-2906.9822041448247,0
crypto,website,sent_money,none,unknown,unknown,-0.006143995374960908,1.1111634869528795,0.008416024009004503,-0.03728116342497443,-0.005024280865665356,-943.4834236700942,0
unknown,email,clicked_link,unknown,doctor,unknown,-0.007462709113166586,-0.14925433298420454,-0.01585218328009841,0.7442308003221431,-0.005938019088608263,-1888.0678613748491,0
unknown,unknown,sent_money,none,unknown,unknown,-0.028817212773809876,0.00042888001666655483,-0.03659848325322157,0.035278339339268244,-0.006173061760822292,943.0261778152063,0
card,phone,none | unknown,investment,none,TON,0.02581270000203729,0.8692897577382426,0.05388579813904111,0.0005404422223581173,-0.0013389296461386259,944.6263950913002,0
upi | card | bank | crypto | gift_card | unknown | none,email,none,transaction,unknown,unknown,-0.004469013703345436,-0.035356330223247676,0.018327792403512705,0.9330483815426887,-0.012134173037423325,1233.1834008083385,0
upi,unknown,sent_money,mining,unknown,unknown,-0.013889408653942104,0.981389498454338,0.017172295174000807,1.0049871633728846,-0.00047083547797505793,-1904.0175595203214,0
unknown,phone,none,payment | verification | login | download | none | unknown,bank_|_government_|_company_|_individual_|_none_|_unknown,unknown,0.01653674127741329,1.0918492783506357,-0.022988057886416755,-0.1255555208484061,-0.0037663254129035964,-1284.0801259350744,0
crypto,unknown,sent_money | shared_credentials | clicked_link | installed_app | none | unknown,commerce,unknown,unknown,0.006617633543378284,1.0022151990612342,-0.04673647712828183,0.8554973873994651,-0.007038859324954117,-1279.6412387587422,0
bank,email,none,none,none,unknown,-0.024051212052238688,-0.014884990965876962,-0.030181016845380566,-0.0630307503181183,0.0050858332336440465,19.08335227650862,0
bank,email,none,payment | verification | login | download | none | unknown,none,unknown,0.009357900211896393,-0.012623738414329101,0.04338144020683621,0.8789358613950835,-0.0037275104782413214,80.94723630993184,1
unknown,sms | email | phone | social_media | website | app | unknown | none,none,unknown,none,INR,0.017841526445454035,0.9707220134526985,0.6698487084784865,0.05064970343939977,-0.007291464297842748,-2152.021122572502,0
unknown,sms | email | phone | social_media | website | app | unknown | none,installed_app,payment | verification | login | download | none | unknown,bank_|_government_|_company_|_individual_|_none_|_unknown,INR,-0.0019063634839781053,-0.020062514781289478,1.0854593217981074,-0.08064179009405598,0.00871965748579199,607.8074773964638,0
upi | card | bank | crypto | gift_card | unknown | none,sms | email | phone | social_media | website | app | unknown | none,received_credit,transaction,none,unknown,0.0043933775442768505,0.053642405267041025,-0.0775857309666412,0.8673269520095246,-0.009502115697508851,956.8522050081303,0
upi | card | bank | crypto | gift_card | unknown | none,website,clicked_link,none,bank_|_government_|_company_|_individual_|_none_|_unknown,unknown,-0.010540612767104999,1.002075289838756,0.996262074241898,0.8342350907095415,-0.005732549724807469,745.5711145721795,0
venmo,sms | email | phone | social_media | website | app | unknown | none,installed_app,commerce,company,unknown,0.009640052362607673,0.022974175299357,-0.03059873900586219,0.9067694969012081,0.0045756363650675405,-3044.3082728213712,1
unknown,sms,received,none | unknown,none,unknown,-0.0074776325812004425,-0.14112283541204754,-0.043963130963003964,0.07076826664216569,0.0004971059349127581,-1405.6663949280155,0
unknown,sms,sent_money,none,unknown,unknown,0.005859295081720176,0.014673803127869527,0.0002692907409219227,1.0383421597807245,0.004542305113782764,-584.3083810690921,0
crypto,sms,none,transaction,bank,unknown,0.006348614170953301,0.8337849944908513,0.04262450645547748,0.006700538629519442,-0.0018630179296137506,-175.20175466620174,0
unknown,unknown,unknown,commerce,unknown,unknown,0.023410675221900448,0.06759292794680444,-0.04173838437821629,0.9547078174298574,-0.012496067425853949,-2418.2535398517834,0
upi,unknown,sent_money,credits,unknown,unknown,0.0036885733107054667,0.8977064374394202,0.6938913288976525,0.9050789701650644,-0.000620335515266402,2124.3405373551727,0
upi,sms | email | phone | social_media | website | app | unknown | none,shared_credentials,payment,bank,unknown,0.019565889247031856,-0.06719017892040566,1.0835762805437559,0.0966262279046151,0.00897507021316286,-553.0715737342816,0
gift_card,sms | email | phone | social_media | website | app | unknown | none,sent_money,unknown,unknown,USD,0.011453653836949408,0.8727210994668567,1.133509755382742,0.0007715838007116764,-0.011124180208562456,1344.633667907805,0
unknown,email,clicked_link,commerce,none,INR,0.03309213131009447,0.06952803047438595,1.117438903473251,-0.050028773485650865,-0.000903580604919912,-2731.7746330141217,0
crypto,email,none,unknown,none,unknown,-0.004887768365455996,-0.09586683024802678,0.02531106718755437,0.843006886411412,-0.0010017137254523028,1440.109938271386,1
upi,website,none,trade,none,unknown,0.017370937225123038,-0.025493579926131098,0.024317908482057272,0.06233476216267517,0.004511798845670802,-1075.1976811915868,0
crypto,phone,sent_money,payment | verification | login | download | none | unknown,bank,USD,-0.014106829867004959,1.0282863491939578,-0.05803382186127729,1.0008380436956164,-0.002301939444239555,-2451.6196404193706,0
unknown,unknown,none,verification,none,unknown,-0.005235917199039663,-0.11075783830059974,1.0438294376938946,0.11434690406341311,-0.0014414789890949554,1009.6145907491324,0
unknown,app,sent_money,payment,law_enforcement,INR,0.005612942820144924,0.884948351870208,0.012577168975722764,-0.08350087205180642,-0.009143987605254292,2133.6188507061906,0
unknown,email,shared_credentials,payment,security_company,unknown,0.00709071443295915,1.169600844795492,1.2338543090691583,-0.005762863819541313,0.001512152513009042,-3125.830560648895,0
unknown,email,shared_credentials,unknown,none,unknown,-0.013300054922693974,-0.02719177741826837,0.09047998671561315,0.6971810807911782,-0.0001621723757712946,279.82352071347054,0
upi,social_media,none,none,bank_|_government_|_company_|_individual_|_none_|_unknown,USD,0.006070955494797409,1.1216036857267466,0.08993139142766367,0.7340068080424289,-0.004214855577095848,1858.783310694607,0
unknown,email,installed_app,payment,bank_|_government_|_company_|_individual_|_none_|_unknown,unknown,0.01319105902901476,0.9894295346741937,0.9099121414282276,0.7027039802752413,-0.002304467101979562,671.1115739421481,0
upi,website,unknown,none,none,unknown,-0.01016192202273514,0.8904059616579254,0.9810422601182335,0.023653765331861143,-0.005260086821080023,-643.3458131603887,0
unknown,website,none,payment,unknown,unknown,-0.00887304889977209,0.8796521001717392,0.11270380066417215,1.0267928101508557,0.008682835075298824,1565.5320241062554,0
upi | card | bank | crypto | gift_card | unknown | none,email,none,payment,none,unknown,-0.019065847095972453,-0.0023147381615095876,-0.027692233935187844,0.7796686512429638,-0.009852573367886685,1342.7338541818292,0
unknown,email,none,unknown,microsoft,unknown,0.01449662924353149,-0.09879663273234117,-0.07647816961238442,-0.13511526516833602,0.0016429086159670673,-1594.4953939504508,0
unknown,youtube,shared_credentials,payment,unknown,unknown,0.006333899922229871,0.9414680745759516,0.03506180950237016,1.0139857418240759,-0.005954846820566519,639.8429070193756,0
crypto,sms | email | phone | social_media | website | app | unknown | none,shared_credentials,none,company,unknown,0.0012744560020712602,-0.029692393188475778,-0.08313371105941024,-0.09387903634087914,-0.012247469950809435,1987.6887545625925,1
crypto,sms,sent_money,payment,mechanic_shop,unknown,-0.007614969572475003,0.00790455737940053,-0.0656542534869478,-0.04011070089321341,-0.013081111991267862,1361.0646849399723,0
bank,email,none,commerce,unknown,unknown,0.032571115811372744,-0.03262706028799521,0.8728576067494772,-0.05058444390422476,-0.008519737849232495,-1153.8664356194174,0
card,phone,sent_money,none,none,unknown,0.004088440715369196,0.10824287392898088,0.9425807231659373,-0.03622502801961911,-0.0034910532261147554,-1477.5520944437483,0
card,social_media,changed_password,none,bank,unknown,-0.009370978216940716,1.0403071843028293,0.03673782773044631,0.9095088703989613,-0.007340792127285906,-867.8839818796953,1
unknown,sms | email | phone | social_media | website | app | unknown | none,clicked_link,payment,unknown,unknown,0.017898896782286945,0.0802946659525372,-0.020119297126214387,0.1161630000727148,0.000926531895884112,-998.812735766953,0
upi,sms,sent_money,none,none,unknown,-0.012517386341105361,1.071423600680788,-0.04828934236335888,0.8390402924570828,0.008138088939222023,-1340.7996275983387,0
unknown,phone,unknown,payment,boost_mobile,unknown,0.0021602347811422963,0.820788691760804,0.011590678732220234,1.1161916388994033,-0.006110054873143894,-159.50431595604294,1
unknown,social_media,shared_credentials,payment,company,USD,0.001493300980985292,-0.07676988278934602,0.0926754667578331,-0.13135437562616156,-0.002378542901271045,3047.43338883075,0
unknown,unknown,shared_credentials,payment,none,USD,0.029950023875320014,0.09317952049488154,1.5504130812447415e-05,0.044431018819079716,-0.009913194342961172,719.93816965141,0
unknown,website,none,verification,company,unknown,0.019891621590480548,-0.09994083162954531,-0.03854654983393989,1.1801694203985722,-0.011085467862921335,2463.74402373348,0
unknown,social_media,sent_money | shared_credentials | clicked_link | installed_app | none | unknown,none,law_enforcement,USD,0.017743040405585702,0.7834583196055496,0.020345726523113897,0.02131591725945959,0.009916544017524306,-412.17645571906667,0
upi,phone,sent_money,none,company,unknown,0.01791863545487319,-0.09658479225098231,1.0666568728134318,-0.10821831851254757,0.009169232335130943,2715.2690729260735,0
upi,social_media,sent_money,none,health_department,unknown,0.0036942348737372017,1.1560083834582815,0.06667382636237383,0.7528521580524408,0.0038943426755917564,-2625.146214385638,0
unknown,website,shared_credentials,payment,company,unknown,0.014174895454033758,0.03986441082313441,1.2443644511033938,0.009532849811324653,0.0009352228566366589,-730.2672994768508,0
bank,website,unknown,payment,bank,unknown,0.03033523771118116,-0.026730222037598533,0.009941396593962662,-0.1499420355957963,-0.013595674505619838,1142.6259147817502,0
unknown,website,sent_money,none,none,unknown,0.0029602552917637522,-0.018456753603252087,-0.026890670638056665,1.0543163382197485,0.0012569621923710541,60.99382335385884,0
upi,unknown,clicked_link,none,company,unknown,0.005257480791933908,0.03568400547173047,0.07678302158180386,0.9480944919343979,-0.0020026032144100743,-617.2511950217687,0
unknown,email,sent_money,payment,bank,unknown,0.011924871347294197,1.0575247827090892,0.11336103157243607,-0.056252082703103314,0.0017417437403802092,2149.5869020422942,0
unknown,sms | email | phone | social_media | website | app | unknown | none,sent_money,transaction,bank_|_government_|_company_|_individual_|_none_|_unknown,unknown,0.008534576715421308,0.8474969719878952,0.06427852425751529,0.07718534090766159,0.0010814475175430483,2387.8840829591563,1
unknown,social_media,shared_credentials,verification,none,unknown,0.0026215821650908255,0.15566511639437458,0.06824235507850537,0.8729263624596729,-0.0054414642104781835,-1514.850301480167,0
upi | card | bank | crypto | gift_card | unknown | none,email,none,payment | verification | login | download | none | unknown,unknown,unknown,0.008323281646034188,-0.038652848792224005,-0.05968668612475821,0.0024828576397325987,-6.666678554458899e-05,2727.445510175149,1
unknown,sms | email | phone | social_media | website | app | unknown | none,none,payment,none,unknown,0.006791708434231998,0.9243440416613855,0.8297719759299829,0.9360491692948715,-0.0031594299080656666,-184.16203759681832,0
unknown,phone,received_credit,none,none,unknown,0.012988365338408019,0.024013705617773707,0.04909630569736819,-0.09998894263612006,0.0019686932351965004,-2056.8852909703483,1
unknown,sms,none,commerce,unknown,unknown,-0.010113673900669898,0.06018194198798344,-0.06858062872857346,0.8008418602623153,0.00036658082040280556,-2577.720794307596,0
unknown,app,changed_password,payment | verification | login | download | none | unknown,none,unknown,0.021103265608347764,0.0017966406505030969,1.215449784920931,0.9080093047840989,-0.0018254827473082225,168.0638585636666,1
gift_card,website,sent_money,login,none,unknown,-0.004633528978335362,-0.13251257690175436,0.7839831272031441,0.941765839019206,-0.0025764091917128145,-1172.7339033317921,0
unknown,phone,clicked_link,payment,individual,unknown,0.015253835013333746,0.9872355092038133,0.12341038448181381,1.065470567036532,0.00718143979095295,-645.1523745832626,1
crypto,website,shared_credentials,none,bank,unknown,0.02017369473087822,0.8713731736346193,0.07606105057453637,0.7701640936359408,-0.010935506207664899,2260.9875379783634,1
unknown,website,clicked_link,none,bank,USD,-0.00242994365747947,0.10157221685281345,0.06443782902838258,0.023662988060057996,0.008719080063616953,655.3069564761375,0
upi,website,none,transaction,bank,USD,-0.0020408666913448808,0.015132073168235114,0.9497082547249645,-0.05972290971260884,-0.0024964769428295675,-27.050704350525237,0
unknown,website,none,payment,bank,USD,-0.024443497627208807,0.9809236330138025,-0.08743592715719056,-0.09136502733445799,-0.009477421241017617,2161.8797915784035,0
unknown,website,none,payment,company,unknown,0.019892088067372075,1.1363384447448395,1.1997946944007778,-0.05154755247376993,-0.005416032052781407,2317.6164369188637,0
unknown,email,none,payment,bank,USD,0.015641247232160663,0.9660378333024241,0.12735232763771842,0.02666650927999191,-0.001933238026266716,2098.027102655013,0
unknown,social_media,unknown,unknown,none,unknown,0.0006429204816262247,1.0038857088254562,-0.022700828963550072,1.2192607128372794,-0.0038529400443631555,2223.0216366968675,0
unknown,sms | email | phone | social_media | website | app | unknown | none,sent_money | shared_credentials | clicked_link | installed_app | none | unknown,verification,bank,unknown,-0.008078796142043855,-0.01081368582321143,0.009464688485300592,0.8313581347122356,0.007780788346196608,-608.2887633461222,0
bank,sms,installed_app,payment,microsoft,unknown,0.01038421321359236,0.08446048090840774,0.11999451794528869,-0.02877398855598451,-0.0024044940080112107,1529.3739121019362,0
unknown,website,none,unknown,individual,USD,0.011791467805472185,-0.014164519028480545,-0.05219180702234426,-0.042866751841477556,-0.008999316724249065,-2013.3559172189819,1
unknown,social_media,none,credential,bank,USD,-0.013277593238659617,1.0006586039498446,0.010345469548118423,-0.06226199183601284,-0.009554660071274262,318951.835193441,0
unknown,social_media,sent_money,payment,amazon,unknown,0.01546433871541979,0.9306388065618425,0.0557419871783808,0.7996951392919178,-0.005241009961879394,-130.99820812271332,0
unknown,social_media,sent_money,none,company,unknown,-0.01694711411131034,0.0024550948355858615,0.11996450450063725,0.77214452252406,-0.0010103494760827791,920.4824496963558,0
unknown,email,none,none,company,unknown,-0.015924724445746778,0.130364439017412,0.030713706144389057,0.9054780526936722,8.611925738541223e-05,-986.0613395846165,0
bank,none,none,none,individual,unknown,0.02077282172187813,0.02175829232951274,0.10531028561810817,0.9676233504512364,-0.007796596453471654,60.2094834548905,0
upi,phone,unknown,payment,none,unknown,0.015467471316333631,-0.08449318739457522,0.09146280683680776,0.03168870754379232,-0.0016314884745528642,2920.7984414403627,0
unknown,sms | email | phone | social_media | website | app | unknown | none,sent_credentials,replacement,company,unknown,-0.00898909861631373,1.1038732180005912,0.029918802724171023,0.9927972659265291,-0.0037433326811678195,374.98251998760065,0
crypto,email,unknown,payment,none,USD,0.010076287898582881,-0.13513134071997335,-0.027037887614281726,1.0138566148262933,0.004217898267717821,535.5529045986075,0
unknown,unknown,none,none,google,USD,0.012104075587707198,0.9217664313870813,-0.01733337381665324,0.7942445692609393,-0.004115396173690118,631.7124435697381,0
unknown,mail,shared_credentials,none,none,unknown,0.004862863464588656,0.060129038435108285,0.9146409821839747,0.09319712813357281,0.006200675174612279,1294.863692350533,0
bank,discord,none,commerce,company,unknown,-0.0028668036909734185,0.9915039626856548,0.8633167480235756,-0.05207616064141367,-0.010015560957381098,767.339485010771,0
unknown,social_media,sent_money | shared_credentials | clicked_link | installed_app | none | unknown,unknown,bank_|_government_|_company_|_individual_|_none_|_unknown,unknown,-0.02785376985885629,1.0264236527272084,0.8034145519206517,0.7819066398882721,0.004453400893762057,1177.7496564718315,0
unknown,sms,none,none,company,unknown,-0.030770297159543703,0.9501221432779476,0.003925434591229466,1.0976084268672248,0.006507118239304063,527.4776945925956,0
upi,sms,sent_money,none,bank_|_government_|_company_|_individual_|_none_|_unknown,unknown,0.007533777724194914,-0.04358563761176121,0.013114328935218097,-0.11909910407646224,-0.002622853825892276,1526.8056286439553,0
unknown,email,none,none,none,unknown,0.01824047543423241,1.1092114677227196,-0.06520843450124222,0.894565306252681,-0.008534826527605713,-1944.5880628975967,0
upi | card | bank | crypto | gift_card | unknown | none,website,clicked_link,payment,none,unknown,-0.0025145447408759804,1.1134083216418222,0.0058043848276893295,1.10835876441545,-0.0020041450516961787,-1460.0615037721802,1
upi,website,sent_money,none,none,unknown,-0.0019431035958460408,-0.08825719203467347,0.05966317589994764,1.038507919244805,0.0064806126819762925,-461.66997018647777,0
upi,sms,clicked_link,payment,none,unknown,0.021129595637336258,-0.059093333968900666,0.1026227688043471,-0.12492490409726861,-0.002963167713132762,1432.011399033621,0
bank,phone,installed_app,none,bank_|_government_|_company_|_individual_|_none_|_unknown,unknown,0.03135499159268283,-0.10926611957334416,-0.014967509955990865,-0.026341102226610416,-0.003553840839549468,-2187.041336757685,0
upi,sms,sent_money,transaction,unknown,unknown,0.0057943309056259894,0.8534768210861263,0.1230548676750459,0.9389155803741356,0.002044685856834866,2346.0183871641657,0
upi | card | bank | crypto | gift_card | unknown | none,website,installed_app,commerce,none,unknown,0.02310076011115312,1.0372749798932241,-0.045549031591393,-0.1114245461326312,-0.0051126494300336315,-382.94631774653027,1
upi,website,installed_app,unknown,unknown,unknown,0.013194706145090803,-0.11130567677464735,1.1654030912636992,0.10724888294328946,0.010029788722757156,-1164.353086852206,0
upi,email,sent_money,none,bank,unknown,0.025834964476328888,0.07501105902483791,-0.0817106222076494,0.013649238542640411,0.004552984291531776,-2982.8418864235055,1
unknown,app,sent_money,none,bank,INR,-0.004600795637491002,0.025092527191695746,0.03553070733320853,-0.0629101486254308,-0.008483379047140263,2517.474669528101,0
crypto,email,none,payment,none,unknown,-0.016712281553458806,0.022968855273366815,0.10622675164499187,0.8803920893803332,0.0054036916110457855,707.0586242542081,0
unknown,sms,sent_money,none,bank,unknown,0.01145602920301765,0.02203069008050433,0.07191397119059294,1.2404042009488412,-0.003277524489695458,-559.6613385295555,1
upi,sms,clicked_link,none,company,unknown,0.007997845117199635,-0.0571613434150177,0.09515235718398596,1.0544837649281151,-0.005110208176787268,-1500.4117688618808,0
upi | card | bank | crypto | gift_card | unknown | none,website,none,debt_collection,bank,unknown,0.025849224257728457,-0.08994895339938877,1.0408726948335252,1.1507060723658944,0.002394841242005332,2127.3160806982173,0
unknown,website,sent_money,none,none,unknown,0.036691472061788,0.0681492812225017,-0.025691577291948493,-0.07356365474160162,-0.013292777418697367,-2275.5742849106978,0
unknown,youtube,clicked_link,verification,none,unknown,0.02473702198848295,-0.0866986797255956,1.0990440491610756,0.9946075214754462,-0.008493693289897996,901.6573106454721,0
unknown,email,none,verification,unknown,unknown,0.006636498677937305,0.8181858375784112,0.027156572093064338,0.040054548038251814,0.000961243726521616,1080.5461182237727,0
unknown,none,sent_money,unknown,unknown,unknown,0.002089291262535052,1.022465412708479,0.0011579491273604548,-0.08011339365495566,-0.002237264767105317,266.0582884645125,0
