title,body,is_fraud,amount_numeric,annotation.fraud_type,annotation.fraud_labels.transaction_upi_fraud,annotation.fraud_labels.transaction_card_fraud,annotation.fraud_labels.transaction_bank_transfer,annotation.fraud_labels.commerce_nondelivery,annotation.fraud_labels.commerce_fake_seller,annotation.fraud_labels.credential_phishing,annotation.fraud_labels.social_authority_scam,annotation.fraud_labels.social_urgency_scam,annotation.fraud_labels.meta_victim_story,annotation.fraud_labels.meta_fraud_question,annotation.key_features.payment_method,annotation.key_features.fraud_channel,annotation.key_features.victim_action,annotation.key_features.request_type,annotation.key_features.impersonated_entity,annotation.key_features.currency,annotation.key_features.urgency_level,annotation.psychological_tactics.urgency,annotation.psychological_tactics.fear,annotation.psychological_tactics.authority,annotation.psychological_tactics.reward
,,1,,transaction,1.0,0.0,0.0,0.0,0.0,0.0,0.0,0.0,1.0,0.0,upi,email,sent_money,payment,bank,unknown,0.9,1.0,0.0,1.0,0.0
,,1,2000.0,transaction,0.0,1.0,0.0,0.0,0.0,0.0,0.0,0.0,0.0,0.0,card,email,sent_money,payment,company,unknown,1.0,1.0,1.0,1.0,0.0
,,1,,social_engineering,0.0,0.0,0.0,0.0,0.0,0.0,1.0,1.0,0.0,0.0,unknown,social_media,none,none,individual,unknown,1.0,1.0,1.0,1.0,0.0
,,1,,social_engineering,0.0,0.0,0.0,0.0,0.0,1.0,0.0,1.0,0.0,0.0,unknown,social_media,shared_credentials,none,individual,unknown,1.0,1.0,1.0,1.0,0.0
,,1,,commerce,0.0,0.0,0.0,1.0,1.0,0.0,0.0,0.0,0.0,0.0,upi,website,clicked_link,commerce,company,unknown,0.8,1.0,0.0,0.0,0.0
,,1,,commerce,0.0,0.0,0.0,0.0,1.0,0.0,0.0,0.0,0.0,0.0,bank,phone,installed_app,verification,insurance_company,unknown,0.8,1.0,0.0,0.0,0.0
,,1,,transaction,0.0,1.0,0.0,0.0,0.0,0.0,0.0,0.0,0.0,0.0,unknown,unknown,sent_money,payment,unknown,unknown,0.0,1.0,1.0,0.0,0.0
,,1,,transaction,1.0,0.0,0.0,0.0,0.0,0.0,1.0,1.0,0.0,1.0,upi,sms,sent_money,payment,bank,unknown,1.0,1.0,1.0,1.0,0.0
,,1,,transaction,0.0,1.0,0.0,0.0,0.0,0.0,0.0,0.0,0.0,0.0,card,website,clicked_link,payment,company,unknown,0.0,1.0,1.0,0.0,0.0
,,1,50000.0,transaction,0.0,0.0,1.0,0.0,0.0,0.0,0.0,0.0,0.0,0.0,bank,unknown,sent_money,payment,company,INR,1.0,1.0,0.0,1.0,0.0
,,1,,social_engineering,0.0,0.0,0.0,0.0,0.0,1.0,0.0,0.0,0.0,0.0,crypto,direct_message,seed_phrase,verification,none,unknown,0.9,1.0,1.0,0.0,0.0
,,1,2.0,transaction,0.0,0.0,0.0,0.0,0.0,0.0,0.0,0.0,1.0,0.0,crypto,private,sent_money,payment,unknown,USD,0.9,1.0,0.0,0.0,0.0
,,1,,transaction,0.0,0.0,0.0,0.0,0.0,0.0,1.0,1.0,0.0,0.0,crypto,website,clicked_link,payment,elon_musk,unknown,1.0,1.0,1.0,1.0,0.0
,,1,,transaction,0.0,0.0,1.0,0.0,0.0,0.0,0.0,0.0,0.0,0.0,bank,phone,none,verification,bank,unknown,0.9,1.0,1.0,1.0,0.0
,,1,,commerce,0.0,0.0,0.0,1.0,0.0,0.0,0.0,0.0,0.0,0.0,upi,phone,shared_credentials,cancellation,meesho,unknown,0.8,1.0,0.0,0.0,0.0
,,1,,transaction,0.0,0.0,1.0,0.0,0.0,0.0,0.0,0.0,0.0,0.0,bank,phone,sent_money,payment,company,unknown,0.9,1.0,0.0,1.0,0.0
,,1,60.0,transaction,0.0,0.0,0.0,0.0,0.0,0.0,0.0,0.0,0.0,0.0,unknown,whatsapp,deposited_money,payment,unknown,EUR,0.9,1.0,0.0,0.0,0.0
,,1,250.0,transaction,0.0,0.0,1.0,0.0,0.0,0.0,0.0,0.0,1.0,0.0,bank,email,sent_money,payment,company,USD,1.0,1.0,1.0,0.0,0.0
,,0,,none,0.0,0.0,0.0,0.0,0.0,1.0,0.0,0.0,0.0,0.0,upi,email,shared_credentials,phishing,bank,unknown,0.0,0.0,1.0,1.0,0.0
,,1,20.0,transaction,0.0,1.0,0.0,0.0,0.0,0.0,0.0,0.0,0.0,0.0,bank,social_media,clicked_link,payment,tiktok,CAD,1.0,1.0,0.0,1.0,1.0
,,1,,social_engineering,0.0,0.0,0.0,0.0,0.0,1.0,1.0,1.0,0.0,0.0,unknown,sms,clicked_link,evidence,police,unknown,1.0,1.0,1.0,1.0,0.0
,,1,2000.0,transaction,0.0,0.0,1.0,0.0,0.0,0.0,0.0,0.0,0.0,0.0,crypto,telegram,sent_money,transaction,unknown,USD,1.0,1.0,0.0,0.0,0.0
,,1,800.0,commerce,0.0,0.0,1.0,1.0,0.0,0.0,0.0,0.0,1.0,0.0,bank,email,paid,payment,company,INR,1.0,1.0,1.0,1.0,0.0
,,1,10.0,transaction,0.0,0.0,1.0,0.0,0.0,0.0,0.0,0.0,0.0,0.0,bank,email,sent_money,payment,company,unknown,0.8,1.0,1.0,1.0,0.0
,,1,,transaction,0.0,0.0,1.0,0.0,0.0,0.0,0.0,0.0,0.0,0.0,bank,email,sent_money,payment,company,unknown,0.9,1.0,1.0,1.0,0.0
,,1,,transaction,0.0,1.0,0.0,0.0,0.0,0.0,0.0,1.0,0.0,0.0,card,phone,sent_money,transaction,company,unknown,1.0,1.0,0.0,1.0,0.0
,,1,19.45,transaction,0.0,0.0,1.0,0.0,0.0,0.0,0.0,1.0,1.0,0.0,bank,social_media,sent_money,payment,unknown,SOL,0.8,1.0,0.0,0.0,0.0
,,1,2550.0,transaction,1.0,0.0,0.0,0.0,0.0,0.0,0.0,0.0,0.0,0.0,upi,email,sent_money,payment,company,EUR,1.0,1.0,0.0,1.0,0.0
,,1,1000.0,transaction,0.0,0.0,1.0,0.0,0.0,0.0,0.0,0.0,0.0,0.0,bank,email,sent_money,payment,company,unknown,0.8,1.0,0.0,1.0,0.0
,,1,,commerce,0.0,0.0,0.0,0.0,0.0,0.0,0.0,0.0,0.0,0.0,unknown,unknown,sent_money,payment,unknown,unknown,0.0,1.0,1.0,0.0,0.0
,,1,109.0,transaction,0.0,0.0,0.0,0.0,0.0,0.0,0.0,0.0,1.0,0.0,crypto,website,sent_money,transaction,none,BTC,0.8,1.0,1.0,0.0,0.0
,,1,,transaction,0.0,0.0,0.0,0.0,0.0,0.0,0.0,0.0,0.0,0.0,crypto,website,clicked_link,none,unknown,unknown,0.9,1.0,1.0,0.0,0.0
,,1,,social_engineering,0.0,0.0,0.0,0.0,0.0,1.0,1.0,1.0,0.0,0.0,unknown,social_media,clicked_link,none,company,unknown,1.0,1.0,1.0,1.0,0.0
,,1,,transaction,0.0,0.0,1.0,0.0,0.0,0.0,0.0,0.0,1.0,0.0,bank,website,deposit_money,payment,none,unknown,0.9,1.0,0.0,0.0,0.0
,,1,22000.0,transaction,0.0,0.0,1.0,0.0,0.0,0.0,0.0,0.0,0.0,0.0,bank,email,sent_money,payment,company,unknown,1.0,1.0,0.0,1.0,0.0
,,1,65.0,transaction,0.0,1.0,1.0,0.0,0.0,0.0,0.0,0.0,0.0,0.0,bank,phone,sent_money,payment,bank,USD,1.0,1.0,1.0,1.0,0.0
,,1,850.0,transaction,0.0,1.0,0.0,0.0,0.0,0.0,0.0,0.0,0.0,0.0,bank,email,shared_credentials,payment,ebay,GBP,1.0,1.0,1.0,1.0,0.0
,,1,,transaction,0.0,0.0,1.0,0.0,0.0,0.0,0.0,0.0,0.0,0.0,bank,website,clicked_link,payment,company,unknown,0.8,1.0,0.0,1.0,0.0
,,1,500.0,transaction,0.0,0.0,1.0,0.0,0.0,0.0,0.0,0.0,0.0,0.0,bank,unknown,sent_money,payment,none,USD,0.0,1.0,1.0,0.0,0.0
,,1,,transaction,0.0,0.0,0.0,0.0,0.0,0.0,0.0,0.0,0.0,0.0,crypto,sms,sent_money,payment,unknown,unknown,0.0,1.0,0.0,0.0,0.0
,,1,,social_engineering,0.0,0.0,0.0,0.0,0.0,0.0,1.0,1.0,0.0,0.0,unknown,email,clicked_link,none,google_forms,unknown,1.0,1.0,0.0,1.0,0.0
,,1,,transaction,0.0,0.0,1.0,0.0,0.0,0.0,0.0,0.0,0.0,0.0,bank,phone,shared_credentials,verification,none,unknown,0.8,1.0,0.0,0.0,0.0
,,1,,commerce,0.0,0.0,0.0,0.0,0.0,0.0,0.0,0.0,0.0,0.0,upi,social_media,sent_money,payment,company,unknown,0.8,1.0,0.0,1.0,0.0
,,1,,social_engineering,0.0,0.0,0.0,0.0,0.0,1.0,1.0,1.0,1.0,0.0,unknown,phone,none,none,united_healthcare,unknown,1.0,1.0,1.0,1.0,0.0
,,1,870.0,transaction,1.0,0.0,0.0,0.0,0.0,0.0,0.0,0.0,0.0,0.0,upi,sms,sent_money,payment,bank,INR,1.0,1.0,0.0,1.0,0.0
,,1,,transaction,1.0,0.0,0.0,0.0,0.0,0.0,0.0,0.0,1.0,0.0,upi,sms,sent_money,payment,bank,unknown,0.5,1.0,1.0,1.0,0.0
,,1,,transaction,1.0,0.0,0.0,0.0,0.0,0.0,0.0,0.0,0.0,0.0,upi,sms,sent_money,payment,bank,unknown,0.8,1.0,0.0,1.0,0.0
,,0,,none,0.0,0.0,0.0,0.0,0.0,0.0,0.0,0.0,0.0,0.0,unknown,social_media,none,none,individual,unknown,0.0,0.0,0.0,1.0,0.0
,,1,,transaction,0.0,0.0,1.0,0.0,0.0,0.0,0.0,0.0,0.0,0.0,bank,email,sent_money,payment,company,unknown,0.9,1.0,1.0,1.0,0.0
,,1,100.0,transaction,0.0,0.0,1.0,0.0,0.0,0.0,0.0,0.0,0.0,0.0,bank,website,sent_money,payment,company,EUR,0.8,1.0,0.0,1.0,0.0
,,1,,transaction,1.0,0.0,0.0,0.0,0.0,0.0,0.0,0.0,0.0,0.0,upi,sms,sent_money,payment,bank,unknown,0.9,1.0,0.0,1.0,0.0
,,0,,none,0.0,0.0,0.0,0.0,0.0,0.0,0.0,0.0,0.0,0.0,upi,sms,sent_money,payment,bank,unknown,0.0,0.0,0.0,1.0,0.0
,,1,,transaction,0.0,0.0,1.0,0.0,0.0,0.0,0.0,0.0,0.0,0.0,bank,telegram,sent_money,payment,unknown,unknown,0.5,1.0,0.0,0.0,0.0
,,1,,transaction,0.0,0.0,1.0,0.0,0.0,0.0,0.0,0.0,1.0,0.0,bank,sms,sent_money,transaction,company,unknown,0.9,1.0,0.0,1.0,0.0
,,1,,transaction,0.0,0.0,0.0,0.0,0.0,0.0,0.0,0.0,1.0,0.0,crypto,email,shared_credentials,recovery,none,unknown,0.8,1.0,1.0,0.0,0.0
,,0,,none,0.0,1.0,0.0,0.0,0.0,0.0,0.0,0.0,0.0,0.0,card,app,clicked_link,payment,none,unknown,0.0,0.0,0.0,1.0,0.0
,,1,,transaction,0.0,1.0,0.0,0.0,0.0,0.0,0.0,0.0,0.0,0.0,card,sms,none,payment,bank,unknown,0.8,1.0,1.0,1.0,0.0
,,1,,social_engineering,0.0,0.0,1.0,0.0,0.0,0.0,0.0,0.0,1.0,0.0,bank,phone,sent_money,payment,individual,unknown,0.8,1.0,1.0,0.0,0.0
,,1,70.0,transaction,0.0,0.0,1.0,0.0,0.0,0.0,0.0,0.0,1.0,0.0,bank,email,sent_money,payment,none,USD,1.0,1.0,0.0,0.0,0.0
,,1,,social_engineering,0.0,0.0,0.0,0.0,0.0,1.0,0.0,0.0,0.0,0.0,unknown,email,shared_credentials,none,individual,unknown,0.9,1.0,0.0,1.0,0.0
,,1,150.0,transaction,0.0,0.0,0.0,0.0,0.0,0.0,0.0,0.0,1.0,0.0,crypto,website,clicked_link,payment,company,USD,0.8,1.0,0.0,1.0,0.0
,,1,,social_engineering,0.0,0.0,0.0,0.0,0.0,1.0,1.0,1.0,0.0,0.0,unknown,phone,none,none,compliance_officer,unknown,0.8,1.0,1.0,1.0,0.0
,,1,,social_engineering,0.0,0.0,0.0,0.0,0.0,0.0,1.0,1.0,0.0,0.0,unknown,phone,none,none,real_estate_agent,unknown,0.8,1.0,1.0,1.0,0.0
,,1,,transaction,1.0,0.0,0.0,0.0,0.0,0.0,1.0,1.0,0.0,0.0,upi,sms,sent_money,payment,bank,unknown,1.0,1.0,1.0,1.0,0.0
,,1,8.0,transaction,0.0,0.0,1.0,0.0,0.0,0.0,0.0,0.0,0.0,0.0,bank,website,clicked_link,payment,company,USD,0.5,1.0,0.0,1.0,0.0
,,1,50.0,transaction,0.0,0.0,1.0,0.0,0.0,0.0,1.0,0.0,0.0,0.0,bank,unknown,sent_money,transaction,government,unknown,0.0,1.0,1.0,1.0,0.0
,,1,,transaction,0.0,0.0,1.0,0.0,0.0,0.0,0.0,0.0,1.0,0.0,bank,website,deposited_money,payment,none,unknown,0.9,1.0,0.0,0.0,0.0
,,1,,social_engineering,0.0,0.0,0.0,0.0,0.0,1.0,0.0,0.0,0.0,0.0,unknown,discord,none,none,unknown,unknown,0.8,1.0,1.0,0.0,0.0
,,1,9000.0,transaction,0.0,0.0,1.0,0.0,0.0,0.0,0.0,0.0,0.0,0.0,bank,website,withdrew_money,transaction,none,USD,1.0,1.0,1.0,0.0,0.0
,,1,,transaction,0.0,0.0,1.0,0.0,0.0,0.0,0.0,0.0,1.0,0.0,bank,website,installed_app,none,none,unknown,0.8,1.0,0.0,0.0,0.0
,,1,32.0,transaction,0.0,0.0,1.0,0.0,0.0,0.0,0.0,0.0,1.0,0.0,bank,sms,sent_money,payment,none,unknown,0.9,1.0,1.0,0.0,0.0
,,1,,transaction,1.0,0.0,0.0,0.0,0.0,0.0,0.0,1.0,0.0,0.0,upi,sms,sent_money,payment,bank,unknown,1.0,1.0,0.0,1.0,0.0
,,1,,transaction,0.0,0.0,0.0,0.0,0.0,0.0,0.0,0.0,0.0,0.0,crypto,website,withdrew_funds,transaction,exchange,unknown,0.9,1.0,1.0,0.0,0.0
,,0,,none,0.0,0.0,0.0,0.0,0.0,0.0,0.0,0.0,0.0,0.0,unknown,social_media,none,none,individual,unknown,0.0,0.0,0.0,0.0,0.0
,,1,,transaction,0.0,0.0,0.0,0.0,0.0,0.0,0.0,0.0,0.0,0.0,unknown,sms,none,none,unknown,unknown,0.8,1.0,0.0,0.0,0.0
,,1,1000.0,transaction,1.0,0.0,0.0,0.0,0.0,0.0,0.0,0.0,0.0,0.0,upi,email,sent_money,payment,bank,INR,0.5,1.0,0.0,1.0,0.0
,,1,976.0,transaction,0.0,0.0,1.0,0.0,0.0,0.0,0.0,0.0,0.0,0.0,bank,email,deposited_check,payment,unknown,USD,0.8,1.0,0.0,0.0,0.0
,,1,,pig_butchering,0.0,0.0,0.0,0.0,0.0,0.0,1.0,1.0,1.0,0.0,crypto,website,invested,transaction,ark_invest,unknown,1.0,1.0,1.0,1.0,0.0
,,1,,social_engineering,0.0,0.0,0.0,0.0,0.0,1.0,0.0,0.0,0.0,0.0,unknown,app,installed_app,none,unknown,unknown,0.8,1.0,0.0,0.0,0.0
,,1,,transaction,1.0,0.0,0.0,0.0,0.0,0.0,0.0,0.0,0.0,0.0,upi,sms,sent_money,payment,bank,unknown,0.9,1.0,1.0,1.0,0.0
,,1,200.0,transaction,0.0,1.0,0.0,0.0,0.0,0.0,0.0,0.0,1.0,0.0,card,email,shared_credentials,verification,none,USD,0.8,1.0,1.0,0.0,0.0
,,1,45000.0,transaction,0.0,0.0,1.0,0.0,0.0,0.0,0.0,0.0,0.0,0.0,bank,email,sent_money,payment,company,INR,1.0,1.0,0.0,1.0,0.0
,,1,,transaction,0.0,0.0,1.0,0.0,0.0,0.0,0.0,0.0,1.0,0.0,bank,website,clicked_link,donation,none,unknown,0.8,1.0,1.0,0.0,0.0
,,1,,none,0.0,0.0,0.0,0.0,0.0,0.0,0.0,0.0,1.0,0.0,unknown,none,none,none,none,unknown,0.8,1.0,1.0,0.0,0.0
,,1,,commerce,0.0,0.0,0.0,1.0,1.0,0.0,0.0,0.0,0.0,0.0,crypto,website,deposit,commission,e_commerce_brands,unknown,0.9,1.0,1.0,1.0,0.0
,,1,,transaction,1.0,0.0,0.0,0.0,0.0,0.0,0.0,0.0,0.0,0.0,upi,sms,sent_money,payment,unknown,unknown,0.0,1.0,0.5,0.0,0.0
,,1,600.0,transaction,0.0,0.0,1.0,0.0,0.0,0.0,0.0,0.0,0.0,0.0,bank,email,sent_money,payment,individual,USD,0.5,1.0,0.0,0.0,0.0
,,1,200.0,transaction,0.0,0.0,1.0,0.0,0.0,0.0,0.0,0.0,1.0,0.0,bank,none,sent_money,payment,none,unknown,1.0,1.0,1.0,0.0,0.0
,,1,2500.0,transaction,0.0,0.0,0.0,0.0,0.0,0.0,0.0,0.0,1.0,0.0,crypto,website,deposited_money,transaction,crypto_casino,unknown,1.0,1.0,1.0,0.0,0.0
,,1,2500.0,transaction,0.0,1.0,0.0,0.0,0.0,0.0,0.0,0.0,0.0,0.0,unknown,website,sent_money,payment,none,USD,0.0,1.0,0.0,0.0,1.0
,,1,,transaction,1.0,0.0,0.0,0.0,0.0,0.0,1.0,1.0,0.0,0.0,upi,sms,sent_money,payment,bank,unknown,1.0,1.0,1.0,1.0,0.0
,,1,,transaction,0.0,0.0,0.0,0.0,0.0,0.0,0.0,0.0,0.0,0.0,bank,sms,sent_money,payment,company,EUR,0.9,1.0,0.0,1.0,0.0
,,1,30000.0,transaction,0.0,0.0,1.0,0.0,0.0,0.0,0.0,0.0,0.0,0.0,bank,phone,sent_money,payment,broker,INR,0.5,1.0,0.0,1.0,0.0
,,1,,credential,0.0,0.0,0.0,0.0,0.0,1.0,0.0,0.0,0.0,0.0,upi,email,clicked_link,phishing,paypal,unknown,0.9,1.0,1.0,1.0,0.0
,,1,5000.0,transaction,0.0,0.0,0.0,0.0,0.0,0.0,0.0,0.0,0.0,0.0,unknown,sms,none,payment,company,USD,1.0,1.0,1.0,1.0,0.0
,,0,240000.0,none,0.0,0.0,0.0,0.0,0.0,0.0,0.0,0.0,0.0,0.0,unknown,phone,none,none,company,USD,0.0,1.0,1.0,1.0,0.0
,,1,,transaction,0.0,0.0,0.0,0.0,0.0,0.0,0.0,0.0,1.0,0.0,crypto,website,clicked_link,transaction,company,unknown,0.8,1.0,0.0,1.0,0.0
,,1,,transaction,0.0,0.0,1.0,0.0,0.0,0.0,0.0,0.0,1.0,0.0,bank,website,withdrew_money,payment,none,unknown,1.0,1.0,1.0,0.0,0.0
,,1,,transaction,1.0,0.0,0.0,0.0,0.0,0.0,0.0,0.0,0.0,0.0,upi,phone,sent_money,payment,bank,unknown,0.8,1.0,1.0,1.0,0.0
,,1,10000.0,transaction,0.0,0.0,1.0,0.0,0.0,0.0,0.0,0.0,0.0,0.0,bank,phone,paid_money,payment,government,USD,0.9,1.0,1.0,1.0,0.0
,,1,,transaction,0.0,0.0,1.0,0.0,0.0,0.0,0.0,0.0,1.0,0.0,bank,website,sent_money,payment,company,unknown,0.9,1.0,0.0,0.0,0.0
,,1,,social_engineering,0.0,0.0,0.0,1.0,0.0,0.0,1.0,1.0,0.0,0.0,none,phone,none,none,fire_dept,unknown,1.0,1.0,1.0,1.0,0.0
,,1,,pig_butchering,0.0,0.0,0.0,0.0,0.0,0.0,0.0,0.0,0.0,0.0,crypto,whatsapp,sent_money,investment,individual,unknown,0.9,1.0,1.0,0.0,0.0
,,1,,crypto,0.0,0.0,0.0,0.0,0.0,0.0,0.0,0.0,1.0,0.0,crypto,website,clicked_link,transaction,none,unknown,0.9,1.0,1.0,0.0,0.0
,,1,0.5,transaction,0.0,0.0,0.0,0.0,0.0,0.0,0.0,0.0,0.0,0.0,crypto,social_media,sent_money,payment,unknown,unknown,0.8,1.0,0.0,0.0,0.0
,,1,,transaction,1.0,0.0,0.0,1.0,0.0,0.0,0.0,0.0,0.0,0.0,unknown,sms,clicked_link,none,ups,unknown,0.8,1.0,1.0,1.0,0.0
,,1,,transaction,1.0,0.0,0.0,0.0,0.0,0.0,1.0,1.0,0.0,0.0,upi,sms,sent_money,payment,bank,unknown,1.0,1.0,1.0,1.0,0.0
,,1,,transaction,0.0,0.0,1.0,0.0,0.0,0.0,0.0,0.0,0.0,0.0,bank,email,sent_money,payment,company,unknown,0.8,1.0,1.0,1.0,0.0
,,1,16000.0,commerce,0.0,0.0,0.0,1.0,1.0,0.0,0.0,0.0,0.0,0.0,bank,email,shared_credentials,payment,seller,USD,0.5,1.0,1.0,0.0,0.0
,,1,,social_engineering,0.0,0.0,0.0,0.0,0.0,0.0,1.0,1.0,0.0,0.0,unknown,social_media,none,none,individual,unknown,0.8,1.0,1.0,1.0,0.0
,,1,200000.0,transaction,0.0,0.0,1.0,0.0,0.0,0.0,0.0,0.0,0.0,0.0,bank,email,sent_money,payment,seller,USD,0.8,1.0,1.0,0.0,0.0
,,1,,identity_theft,0.0,1.0,0.0,0.0,0.0,0.0,0.0,0.0,1.0,0.0,card,phone,shared_credentials,transaction,bank,unknown,0.8,1.0,1.0,1.0,0.0
,,1,500.0,transaction,0.0,0.0,0.0,0.0,0.0,0.0,1.0,1.0,0.0,0.0,crypto,website,invested,transaction,none,USD,1.0,1.0,1.0,1.0,0.0
,,1,,transaction,0.0,1.0,0.0,0.0,0.0,0.0,0.0,0.0,0.0,0.0,card,website,clicked_link,none,company,unknown,0.8,1.0,1.0,1.0,0.0
,,1,,transaction,0.0,0.0,1.0,0.0,0.0,0.0,0.0,0.0,0.0,0.0,bank,email,none,transaction,company,unknown,0.8,1.0,0.0,1.0,0.0
,,1,10000.0,transaction,0.0,0.0,1.0,0.0,0.0,0.0,0.0,0.0,1.0,0.0,bank,website,paid,payment,company,unknown,0.8,1.0,1.0,1.0,0.0
,,1,235.0,commerce,0.0,0.0,0.0,1.0,0.0,0.0,0.0,0.0,0.0,0.0,bank,website,sent_money,commerce,ebay,USD,0.8,1.0,0.0,1.0,0.0
,,1,,transaction,0.0,0.0,0.0,0.0,0.0,0.0,1.0,1.0,0.0,0.0,unknown,social_media,none,none,individual,unknown,0.95,1.0,1.0,1.0,0.0
,,1,,transaction,0.0,0.0,1.0,0.0,0.0,0.0,0.0,0.0,1.0,0.0,bank,website,clicked_link,transaction,none,unknown,0.9,1.0,1.0,0.0,0.0
,,1,,social_engineering,0.0,0.0,0.0,0.0,0.0,0.0,1.0,1.0,0.0,0.0,unknown,social_media,none,none,discord_staff,unknown,1.0,1.0,1.0,1.0,0.0
,,1,,social_engineering,0.0,0.0,0.0,0.0,0.0,0.0,0.0,0.0,1.0,0.0,unknown,social_media,clicked_link,none,individual,unknown,0.8,1.0,1.0,0.0,0.0
,,1,,transaction,0.0,0.0,1.0,0.0,0.0,0.0,0.0,0.0,1.0,0.0,bank,email,sent_money,payment,company,unknown,0.8,1.0,1.0,1.0,0.0
,,1,,social_engineering,0.0,0.0,0.0,0.0,0.0,1.0,0.0,0.0,0.0,0.0,unknown,social_media,none,verification,discord,unknown,0.5,1.0,0.0,1.0,0.0
,,1,200.0,commerce,0.0,0.0,0.0,1.0,1.0,0.0,0.0,0.0,0.0,0.0,unknown,none,sent_money,payment,none,USD,0.5,1.0,0.0,0.0,0.0
,,1,,social_engineering,0.0,0.0,0.0,0.0,0.0,0.0,0.0,1.0,0.0,0.0,unknown,social_media,none,none,individual,unknown,1.0,1.0,0.0,0.0,0.0
,,1,,transaction,0.0,0.0,1.0,0.0,0.0,0.0,0.0,0.0,1.0,0.0,bank,email,sent_money,payment,individual,unknown,0.9,1.0,1.0,0.0,0.0
,,1,,transaction,0.0,0.0,1.0,0.0,0.0,0.0,0.0,0.0,0.0,0.0,bank,website,clicked_link,payment,company,unknown,0.8,1.0,0.0,1.0,0.0
,,1,,commerce,0.0,0.0,1.0,0.0,1.0,0.0,0.0,0.0,0.0,0.0,bank,social_media,sent_money,payment,individual,unknown,0.8,1.0,0.0,0.0,0.0
,,1,,transaction,0.0,0.0,1.0,0.0,0.0,0.0,0.0,0.0,0.0,0.0,bank,sms,sent_money,transaction,none,unknown,0.8,1.0,1.0,0.0,0.0
,,1,,transaction,1.0,0.0,0.0,0.0,0.0,0.0,0.0,1.0,0.0,0.0,upi,sms,sent_money,payment,unknown,unknown,1.0,1.0,1.0,0.0,0.0
,,1,500000.0,transaction,0.0,0.0,1.0,0.0,0.0,0.0,0.0,0.0,1.0,0.0,bank,email,clicked_link,transaction,company,unknown,1.0,1.0,1.0,0.0,0.0
,,1,550.0,commerce,0.0,1.0,0.0,0.0,0.0,0.0,0.0,0.0,0.0,0.0,card,email,none,payment,amazon,USD,0.8,1.0,1.0,1.0,0.0
,,1,499.0,transaction,1.0,0.0,0.0,0.0,0.0,0.0,0.0,0.0,0.0,0.0,upi,app,installed_app,payment,bank,unknown,0.8,1.0,0.0,1.0,0.0
,,1,,transaction,0.0,0.0,1.0,0.0,0.0,0.0,0.0,0.0,0.0,0.0,bank,website,installed_app,transaction,company,unknown,0.9,1.0,0.0,1.0,0.0
,,1,23400.0,transaction,1.0,0.0,0.0,0.0,0.0,0.0,0.0,1.0,1.0,0.0,upi,phone,sent_money,payment,unknown,INR,1.0,1.0,1.0,0.0,0.0
,,1,,social_engineering,0.0,0.0,0.0,0.0,0.0,0.0,1.0,1.0,0.0,0.0,unknown,email,none,none,bank,unknown,1.0,1.0,1.0,1.0,0.0
,,1,200.0,transaction,0.0,0.0,1.0,0.0,0.0,0.0,0.0,0.0,0.0,0.0,bank,website,sent_money,payment,company,unknown,1.0,1.0,0.0,0.0,0.0
,,1,500.0,transaction,0.0,0.0,1.0,0.0,0.0,0.0,1.0,1.0,0.0,0.0,bank,phone,sent_money,payment,company,USD,1.0,1.0,1.0,1.0,0.0
,,1,40000.0,transaction,0.0,0.0,1.0,0.0,0.0,0.0,0.0,0.0,1.0,0.0,bank,none,sent_money,payment,company,INR,1.0,1.0,1.0,0.0,0.0
,,1,,transaction,0.0,0.0,0.0,0.0,0.0,0.0,0.0,0.0,0.0,0.0,bank,email,sent_money,payment,company,unknown,0.5,1.0,0.0,1.0,0.0
,,1,360.0,transaction,0.0,0.0,1.0,0.0,0.0,0.0,0.0,0.0,0.0,0.0,bank,website,sent_money,verification,none,unknown,1.0,1.0,0.0,0.0,0.0
,,1,,commerce,0.0,1.0,0.0,0.0,0.0,0.0,0.0,0.0,0.0,0.0,card,website,clicked_link,transaction,company,unknown,0.5,1.0,1.0,0.0,0.0
,,1,400.0,transaction,0.0,1.0,1.0,0.0,0.0,0.0,0.0,0.0,0.0,0.0,bank,email,shared_credentials,payment,individual,USD,0.5,1.0,0.0,0.0,0.0
,,1,25.0,transaction,0.0,1.0,0.0,0.0,0.0,0.0,0.0,0.0,0.0,0.0,card,unknown,swiped/tapped/inserted_a_card,payment,none,USD,0.8,1.0,0.0,0.0,0.0
,,1,15000.0,transaction,1.0,0.0,0.0,0.0,0.0,0.0,0.0,0.0,0.0,0.0,upi,unknown,sent_money,payment,none,INR,0.8,1.0,1.0,0.0,0.0
,,1,,transaction,0.0,0.0,0.0,0.0,0.0,0.0,0.0,0.0,0.0,0.0,card,phone,shared_credentials,verification,bank,unknown,0.8,1.0,0.0,1.0,0.0
,,1,,transaction,0.0,0.0,0.0,0.0,0.0,0.0,0.0,0.0,0.0,0.0,unknown,none,sent_money,payment,none,unknown,0.0,0.0,0.0,0.0,0.0
,,1,9000.0,transaction,0.0,1.0,0.0,0.0,0.0,0.0,0.0,0.0,0.0,0.0,unknown,sms,sent_money,payment,none,unknown,1.0,1.0,1.0,0.0,0.0
,,1,1000000.0,transaction,0.0,0.0,1.0,0.0,0.0,0.0,0.0,0.0,1.0,0.0,bank,website,sent_money,payment,company,USD,0.8,1.0,1.0,1.0,0.0
,,1,200.0,commerce,0.0,0.0,1.0,1.0,1.0,0.0,0.0,0.0,0.0,0.0,bank,social_media,sent_money,payment,company,unknown,0.8,1.0,1.0,1.0,0.0
,,1,25000.0,transaction,1.0,0.0,0.0,0.0,0.0,0.0,0.0,0.0,0.0,0.0,upi,sms,sent_money,payment,bank,INR,1.0,1.0,0.0,1.0,0.0
,,1,,social_engineering,0.0,0.0,0.0,0.0,0.0,1.0,1.0,1.0,0.0,0.0,unknown,email,sent_money,payment,tumblr_support_person,unknown,1.0,1.0,1.0,1.0,0.0
,,1,18.0,transaction,0.0,0.0,1.0,0.0,0.0,0.0,0.0,1.0,0.0,0.0,bank,social_media,sent_money,payment,none,unknown,0.9,1.0,0.0,0.0,0.0
,,1,,transaction,0.0,0.0,1.0,0.0,0.0,0.0,0.0,0.0,1.0,0.0,bank,wechat,sent_money,payment,none,unknown,0.9,1.0,1.0,0.0,0.0
,,1,,transaction,0.0,0.0,0.0,0.0,0.0,0.0,0.0,0.0,1.0,0.0,crypto,website,swapping,transaction,unknown,unknown,0.8,1.0,1.0,0.0,0.0
,,1,,transaction,0.0,1.0,0.0,0.0,0.0,0.0,0.0,0.0,0.0,0.0,crypto,social_media,clicked_link,payment,company,unknown,0.8,1.0,1.0,1.0,0.0
,,1,,transaction,0.0,0.0,0.0,0.0,0.0,0.0,0.0,0.0,0.0,0.0,unknown,door_to_door,signed_contract,authorization,gas_company,unknown,0.5,1.0,1.0,1.0,0.0
,,0,,none,0.0,0.0,0.0,0.0,0.0,0.0,1.0,1.0,0.0,0.0,unknown,sms | email | phone | social_media | website | app | unknown | none,none | unknown,none | unknown,bank_|_government_|_company_|_individual_|_none_|_unknown,unknown,1.0,1.0,1.0,1.0,0.0
,,1,,commerce,0.0,1.0,0.0,0.0,0.0,0.0,0.0,0.0,0.0,0.0,bank,phone,none,cancellation,company,unknown,0.5,1.0,0.0,1.0,0.0
,,1,,commerce,0.0,0.0,0.0,1.0,1.0,0.0,0.0,0.0,0.0,0.0,upi,website,sent_money,payment,e_commerce_platform,unknown,0.9,1.0,1.0,1.0,0.0
,,1,,commerce,0.0,0.0,0.0,1.0,0.0,0.0,0.0,0.0,0.0,0.0,bank,website,clicked_link,nondelivery,company,unknown,0.8,1.0,0.0,1.0,0.0
,,1,,transaction,1.0,0.0,0.0,0.0,0.0,0.0,0.0,0.0,0.0,0.0,upi,sms,sent_money,payment,bank,unknown,0.5,1.0,0.0,1.0,0.0
,,1,,transaction,0.0,0.0,0.0,0.0,0.0,1.0,0.0,0.0,0.0,0.0,upi,sms,clicked_link,verification,nj_india_invest_pvt_ltd,unknown,0.9,1.0,0.0,1.0,0.0
,,1,,transaction,0.0,1.0,0.0,0.0,0.0,0.0,0.0,0.0,0.0,0.0,card,email,locked_card,payment,none,unknown,0.8,1.0,1.0,0.0,0.0
,,1,,social_engineering,0.0,0.0,0.0,0.0,0.0,1.0,0.0,0.0,0.0,0.0,unknown,email,shared_credentials,none,tumblr,unknown,0.8,1.0,1.0,0.0,0.0
,,1,,commerce,0.0,0.0,1.0,1.0,0.0,0.0,0.0,0.0,0.0,0.0,bank,website,sent_money,commerce,company,unknown,0.9,1.0,1.0,0.0,0.0
,,1,,transaction,0.0,0.0,0.0,0.0,0.0,0.0,0.0,0.0,0.0,0.0,crypto,website,clicked_link,transaction,unknown,unknown,0.9,1.0,0.0,0.0,0.0
,,1,,transaction,1.0,0.0,0.0,0.0,0.0,0.0,0.0,0.0,0.0,0.0,upi,email,sent_money,payment,bank,unknown,0.8,1.0,0.0,1.0,0.0
,,1,,social_engineering,0.0,0.0,0.0,0.0,0.0,0.0,1.0,1.0,0.0,0.0,unknown,social_media,none,none,individual,unknown,1.0,1.0,0.0,1.0,0.0
,,1,,transaction,0.0,0.0,0.0,0.0,0.0,1.0,0.0,0.0,0.0,0.0,unknown,email,changed_password,verification,none,unknown,0.5,1.0,1.0,0.0,0.0
,,1,,social_engineering,0.0,0.0,0.0,0.0,0.0,1.0,1.0,1.0,0.0,0.0,upi,email,sent_money,payment,bank,unknown,1.0,1.0,1.0,1.0,0.0
,,1,,social_engineering,0.0,0.0,0.0,0.0,0.0,1.0,0.0,0.0,0.0,0.0,unknown,email,clicked_link,credential,company,unknown,0.8,1.0,0.0,1.0,0.0
,,1,7000000.0,advanced,0.0,0.0,0.0,0.0,0.0,0.0,0.0,0.0,1.0,0.0,crypto,social_media,clicked_link,withdrawal,unknown,GBP,1.0,1.0,0.0,0.0,0.0
,,1,,commerce,0.0,0.0,0.0,1.0,0.0,0.0,0.0,0.0,0.0,0.0,upi,phone,sent_money,payment,company,unknown,0.8,1.0,0.0,1.0,0.0
,,1,,commerce,0.0,0.0,0.0,1.0,0.0,0.0,0.0,0.0,0.0,0.0,unknown,phone,inspected_item,none,delivery_guy,unknown,0.8,1.0,0.0,0.0,0.0
,,1,,transaction,0.0,1.0,0.0,0.0,0.0,0.0,0.0,1.0,0.0,0.0,upi,email,sent_money,payment,bank,unknown,1.0,1.0,1.0,1.0,0.0
,,0,,none,0.0,0.0,0.0,0.0,0.0,0.0,0.0,0.0,1.0,0.0,unknown,website,none,none,none,unknown,0.0,0.0,0.0,0.0,0.0
,,1,100.0,transaction,0.0,1.0,0.0,0.0,0.0,0.0,0.0,0.0,0.0,0.0,card,street,sent_money,payment,fundraiser,unknown,0.5,1.0,1.0,0.0,0.0
,,1,,commerce,0.0,0.0,0.0,0.0,0.0,0.0,0.0,0.0,0.0,0.0,crypto,website,invested,investment,company,unknown,0.0,1.0,1.0,1.0,0.0
,,1,,pig_butchering,0.0,0.0,0.0,0.0,0.0,0.0,1.0,1.0,0.0,0.0,unknown,telegram,none,none,none,unknown,1.0,1.0,1.0,1.0,0.0
,,1,30000.0,transaction,1.0,0.0,0.0,0.0,0.0,0.0,0.0,1.0,0.0,0.0,upi,sms,sent_money,payment,none,INR,1.0,1.0,1.0,0.0,0.0
,,1,,social_engineering,0.0,0.0,0.0,0.0,0.0,0.0,0.0,1.0,1.0,0.0,unknown,sms,none,none,unknown,unknown,1.0,1.0,0.0,0.0,0.0
,,1,50.0,transaction,0.0,1.0,0.0,0.0,0.0,0.0,0.0,0.0,0.0,0.0,card,website,sent_money,payment,unknown,USD,1.0,1.0,0.0,0.0,0.0
,,1,,transaction,0.0,1.0,0.0,0.0,0.0,0.0,0.0,0.0,0.0,0.0,card,phone,deposited_money,payment,ticketmaster,unknown,0.8,1.0,1.0,1.0,0.0
,,1,,transaction,1.0,0.0,0.0,0.0,0.0,0.0,0.0,0.0,0.0,0.0,upi,sms,sent_money,payment,bank,unknown,0.8,1.0,0.0,1.0,0.0
,,1,,social_engineering,0.0,0.0,0.0,0.0,0.0,0.0,1.0,1.0,0.0,0.0,unknown,email,none,none,discord,unknown,0.8,1.0,1.0,1.0,0.0
,,1,400.0,transaction,0.0,0.0,1.0,0.0,0.0,0.0,0.0,0.0,1.0,0.0,bank,website,clicked_link,payment,irs,USD,1.0,1.0,1.0,1.0,0.0
,,1,,commerce,0.0,0.0,0.0,0.0,1.0,0.0,0.0,0.0,0.0,0.0,unknown,none,installed_app,none,company,unknown,0.9,1.0,0.0,0.0,0.0
,,1,,social_engineering,0.0,0.0,0.0,0.0,0.0,1.0,0.0,0.0,0.0,0.0,unknown,sms,none,credential,apple,unknown,0.8,1.0,1.0,1.0,0.0
,,1,,social_engineering,0.0,0.0,0.0,0.0,0.0,0.0,1.0,1.0,0.0,0.0,unknown,phone,none,none,bank,unknown,1.0,1.0,1.0,1.0,0.0
,,1,799.0,commerce,0.0,0.0,0.0,1.0,1.0,0.0,0.0,0.0,0.0,0.0,upi,phone,sent_money,payment,company,INR,0.8,1.0,1.0,0.0,0.0
,,1,1000.0,transaction,0.0,0.0,1.0,0.0,0.0,0.0,0.0,0.0,1.0,0.0,bank,sms,sent_money,payment,unknown,USD,0.8,1.0,1.0,0.0,0.0
,,1,500.0,commerce,0.0,0.0,0.0,1.0,1.0,0.0,0.0,0.0,0.0,0.0,bank,phone,booked_property,commerce,property_owner,GBP,1.0,1.0,1.0,0.0,0.0
,,1,,commerce,0.0,1.0,0.0,0.0,0.0,0.0,0.0,0.0,0.0,0.0,card,mail,received,none,unknown,unknown,0.0,0.0,0.0,0.0,0.0
,,1,,commerce,0.0,1.0,0.0,0.0,0.0,0.0,0.0,0.0,0.0,0.0,card,phone,sent_money,payment,none,unknown,0.8,1.0,1.0,1.0,0.0
,,1,749.0,commerce,0.0,0.0,0.0,1.0,0.0,0.0,0.0,0.0,0.0,0.0,upi,phone,paid,payment,none,INR,0.8,1.0,1.0,0.0,0.0
,,1,,transaction,0.0,0.0,1.0,0.0,0.0,0.0,0.0,0.0,0.0,0.0,bank,phone,none,payment,none,unknown,0.8,1.0,1.0,0.0,0.0
,,1,,social_engineering,0.0,0.0,0.0,0.0,0.0,1.0,0.0,0.0,0.0,0.0,unknown,email,clicked_link,credential,microsoft,unknown,0.8,1.0,1.0,1.0,0.0
,,1,,social_engineering,0.0,0.0,0.0,0.0,0.0,1.0,0.0,0.0,0.0,0.0,none,email,clicked_link,credential,individual,unknown,0.8,1.0,1.0,0.0,0.0
,,1,,transaction,0.0,1.0,0.0,0.0,0.0,0.0,0.0,0.0,0.0,0.0,card,phone,sent_money,transaction,bank,unknown,0.9,1.0,1.0,1.0,0.0
,,0,,none,0.0,0.0,0.0,0.0,0.0,0.0,0.0,0.0,0.0,0.0,unknown,unknown,unknown,unknown,unknown,unknown,0.0,0.0,0.0,0.0,0.0
,,1,,commerce,0.0,1.0,0.0,0.0,0.0,0.0,0.0,0.0,0.0,0.0,crypto,website,clicked_link,presale,company,unknown,0.9,1.0,1.0,1.0,0.0
,,1,2000.0,transaction,0.0,1.0,1.0,0.0,0.0,0.0,0.0,0.0,0.0,0.0,crypto,unknown,sent_money,transaction,unknown,USD,1.0,1.0,0.0,0.0,0.0
,,1,,transaction,0.0,0.0,0.0,0.0,0.0,0.0,0.0,1.0,0.0,0.0,crypto,phone,installed_app,payment,none,USDC,1.0,1.0,0.0,0.0,0.0
,,1,,transaction,0.0,0.0,1.0,0.0,0.0,0.0,0.0,0.0,1.0,0.0,bank,website,sent_money,transaction,company,unknown,0.9,1.0,1.0,1.0,0.0
,,1,451.0,commerce,0.0,0.0,1.0,1.0,1.0,0.0,0.0,0.0,0.0,0.0,bank,website,sent_money,payment,company,USD,0.8,1.0,1.0,1.0,0.0
,,1,,commerce,0.0,0.0,0.0,0.0,0.0,0.0,0.0,0.0,0.0,0.0,unknown,website,clicked_link,payment,company,unknown,0.9,1.0,1.0,1.0,0.0
,,1,,transaction,1.0,0.0,0.0,0.0,0.0,0.0,0.0,0.0,0.0,0.0,upi,website,sent_money,payment,bank,unknown,0.8,1.0,0.0,1.0,0.0
,,1,,transaction,1.0,0.0,0.0,0.0,0.0,0.0,0.0,0.0,0.0,0.0,upi,sms,sent_money,payment,bank,unknown,0.8,1.0,0.0,1.0,0.0
,,1,,transaction,0.0,0.0,0.0,0.0,0.0,0.0,0.0,0.0,0.0,0.0,unknown,email,none,none,company,unknown,0.9,1.0,0.0,0.0,0.0
,,1,,transaction,0.0,0.0,1.0,0.0,0.0,0.0,0.0,0.0,0.0,0.0,bank,phone,shared_credentials,login,company,unknown,0.8,1.0,1.0,1.0,0.0
,,1,,transaction,0.0,0.0,0.0,0.0,0.0,0.0,0.0,0.0,0.0,0.0,upi | card | bank | crypto | gift_card | unknown | none,sms | email | phone | social_media | website | app | unknown | none,sent_money,payment,bank_|_government_|_company_|_individual_|_none_|_unknown,USD,0.9,1.0,0.0,0.0,0.0
,,1,,social_engineering,0.0,0.0,0.0,0.0,0.0,0.0,1.0,1.0,0.0,0.0,unknown,email,none,none,individual,unknown,0.5,1.0,1.0,1.0,0.0
,,1,,transaction,0.0,0.0,1.0,0.0,0.0,0.0,0.0,0.0,0.0,0.0,bank,unknown,sent_money,payment,none,unknown,0.8,1.0,0.0,0.0,0.0
,,1,,social_engineering,0.0,0.0,1.0,0.0,0.0,0.0,0.0,1.0,0.0,0.0,bank,phone,installed_app,payment,scammer,unknown,1.0,1.0,1.0,0.0,0.0
,,1,100.0,transaction,0.0,1.0,0.0,0.0,0.0,0.0,0.0,0.0,0.0,0.0,card,website,clicked_link,transaction,company,USD,0.5,1.0,0.0,1.0,1.0
,,1,1500000.0,transaction,0.0,0.0,1.0,0.0,0.0,0.0,0.0,0.0,1.0,0.0,bank,email,sent_money,payment,individual,USD,0.8,1.0,1.0,0.0,0.0
,,1,,transaction,0.0,0.0,0.0,0.0,0.0,0.0,0.0,0.0,0.0,0.0,unknown,sms,sent_money,payment,none,unknown,0.8,1.0,0.0,0.0,0.0
,,1,,transaction,0.0,0.0,0.0,0.0,0.0,0.0,0.0,0.0,0.0,0.0,upi,sms,sent_money,payment,unknown,unknown,0.0,1.0,0.0,0.0,0.0
,,1,400.0,transaction,0.0,0.0,1.0,0.0,0.0,0.0,0.0,0.0,1.0,0.0,bank,email,sent_money,payment,none,unknown,1.0,1.0,1.0,0.0,0.0
,,1,,commerce,0.0,1.0,0.0,0.0,0.0,0.0,0.0,0.0,0.0,0.0,card,social_media,sent_money,payment,company,unknown,0.9,1.0,1.0,1.0,0.0
,,1,,social_engineering,0.0,0.0,0.0,0.0,0.0,1.0,0.0,0.0,0.0,0.0,crypto,phone,none,verification,bank,unknown,0.9,1.0,1.0,1.0,0.0
,,1,100.0,transaction,0.0,0.0,1.0,0.0,0.0,0.0,0.0,0.0,1.0,0.0,bank,email,sent_money,payment,company,USD,1.0,1.0,1.0,1.0,0.0
,,1,,social_engineering,0.0,0.0,0.0,0.0,0.0,0.0,1.0,1.0,0.0,0.0,none,sms,none,none,chief_of_police,unknown,1.0,1.0,1.0,1.0,0.0
,,0,,none,0.0,0.0,0.0,0.0,0.0,0.0,0.0,0.0,0.0,0.0,unknown,phone,clicked_link,verification,google,unknown,0.0,1.0,1.0,1.0,0.0
,,1,71.6,transaction,0.0,1.0,0.0,0.0,0.0,0.0,0.0,0.0,0.0,0.0,card,email,none,payment,unknown,EUR,0.8,1.0,1.0,0.0,0.0
,,1,,commerce,0.0,0.0,0.0,0.0,0.0,0.0,0.0,0.0,1.0,0.0,unknown,website,sent_money,paternity_test,none,unknown,0.8,1.0,0.0,0.0,0.0
,,1,1000.0,transaction,0.0,0.0,1.0,0.0,0.0,0.0,0.0,1.0,0.0,0.0,bank,email,sent_money,payment,scammer,USD,1.0,1.0,1.0,0.0,0.0
,,1,50.0,transaction,0.0,0.0,1.0,0.0,0.0,0.0,0.0,0.0,0.0,0.0,bank,unknown,withdrew_money,transaction,none,USD,1.0,1.0,0.0,0.0,0.0
,,1,,transaction,1.0,0.0,0.0,0.0,0.0,0.0,0.0,0.0,0.0,0.0,upi,social_media,sent_money,payment,bank,unknown,0.8,1.0,0.0,1.0,0.0
,,1,800.0,transaction,0.0,1.0,1.0,0.0,0.0,0.0,0.0,0.0,1.0,0.0,bank,email,sent_money,payment,none,USD,1.0,1.0,1.0,0.0,0.0
,,1,3000.0,advanced,0.0,0.0,1.0,0.0,0.0,0.0,0.0,0.0,0.0,0.0,bank,website,sent_money,transaction,bank,unknown,1.0,1.0,0.0,1.0,0.0
,,0,,none,0.0,0.0,0.0,0.0,0.0,0.0,0.0,0.0,0.0,0.0,crypto,website,clicked_link,mining,company,unknown,0.0,0.0,0.0,1.0,0.0
,,1,1598.0,commerce,0.0,0.0,0.0,0.0,0.0,0.0,0.0,0.0,0.0,0.0,bank,phone,sent_money,payment,company,INR,0.9,1.0,1.0,1.0,0.0
,,1,4112.0,transaction,0.0,1.0,0.0,0.0,0.0,0.0,0.0,0.0,0.0,0.0,crypto,website,sent_money,payment,company,USD,0.7,1.0,1.0,1.0,0.0
,,1,,commerce,0.0,0.0,0.0,1.0,0.0,0.0,0.0,0.0,0.0,0.0,upi,app,exchange_request,commerce,meesho_mall,unknown,0.8,1.0,1.0,1.0,0.0
,,1,,social_engineering,0.0,0.0,0.0,0.0,0.0,0.0,0.0,1.0,0.0,0.0,none,email,sent_money,payment,individual,unknown,1.0,1.0,0.0,0.0,0.0
,,1,,commerce,0.0,0.0,0.0,1.0,0.0,0.0,0.0,0.0,0.0,0.0,upi,none,sent_money,payment,company,unknown,0.8,1.0,0.0,0.0,0.0
,,1,100.0,transaction,0.0,0.0,1.0,0.0,0.0,0.0,0.0,0.0,0.0,0.0,bank,website,deposited,withdrawal,broker,USD,0.8,1.0,1.0,1.0,0.0
,,1,850.0,commerce,0.0,0.0,0.0,1.0,0.0,0.0,0.0,0.0,0.0,0.0,bank,website,sent_money,payment,individual,USD,0.7,1.0,0.0,0.0,0.0
,,1,,transaction,0.0,0.0,0.0,0.0,0.0,0.0,0.0,0.0,0.0,0.0,unknown,none,none,none,none,unknown,0.0,0.0,0.0,0.0,0.0
,,1,,social_engineering,0.0,0.0,0.0,0.0,0.0,0.0,1.0,1.0,0.0,0.0,crypto,social_media,installed_app,download,individual,unknown,1.0,1.0,1.0,1.0,0.0
,,1,,meta,0.0,0.0,0.0,0.0,0.0,0.0,1.0,1.0,0.0,0.0,unknown,website,none,none,individual,unknown,1.0,1.0,1.0,1.0,0.0
,,1,,transaction,0.0,0.0,1.0,0.0,0.0,0.0,0.0,0.0,1.0,0.0,bank,phone,sent_money,payment,individual,unknown,0.8,1.0,0.0,0.0,0.0
,,1,,transaction,0.0,1.0,0.0,0.0,0.0,0.0,0.0,0.0,0.0,0.0,unknown,sms,none,payment,unknown,unknown,0.8,1.0,1.0,0.0,0.0
,,1,1.0,commerce,0.0,0.0,0.0,1.0,1.0,0.0,0.0,0.0,0.0,0.0,unknown,social_media,sent_money,commerce,none,unknown,0.5,1.0,0.0,0.0,0.0
,,1,10000.0,transaction,0.0,0.0,1.0,0.0,0.0,0.0,0.0,0.0,0.0,0.0,bank,email,sent_money,payment,company,USD,0.9,1.0,0.0,1.0,0.0
,,1,108.0,transaction,0.0,0.0,1.0,0.0,0.0,0.0,0.0,0.0,0.0,0.0,bank,website,sent_money,payment,company,USD,0.9,1.0,1.0,1.0,0.0
,,1,60.0,transaction,0.0,0.0,0.0,0.0,0.0,0.0,0.0,0.0,0.0,0.0,unknown,sms,sent_money,payment,company,USD,0.8,1.0,0.0,1.0,0.0
,,1,8000.0,transaction,0.0,1.0,0.0,0.0,0.0,0.0,0.0,0.0,0.0,0.0,card,website,sent_money,payment,company,CAD,0.0,1.0,1.0,1.0,0.0
,,1,10000.0,transaction,1.0,0.0,0.0,0.0,0.0,0.0,0.0,0.0,0.0,0.0,upi,sms,sent_money,payment,bank,INR,0.8,1.0,0.0,1.0,0.0
,,1,70000.0,transaction,0.0,0.0,1.0,0.0,0.0,0.0,0.0,0.0,1.0,0.0,bank,email,deposit_money,payment,valbury_capital_management,USD,1.0,1.0,1.0,1.0,0.0
,,1,,transaction,0.0,0.0,1.0,0.0,0.0,0.0,0.0,0.0,0.0,0.0,bank,email,sent_money,payment,company,unknown,0.8,1.0,0.0,1.0,0.0
,,1,100.0,transaction,0.0,0.0,1.0,0.0,0.0,0.0,0.0,0.0,0.0,0.0,bank,social_media,sent_money,payment,individual,USD,0.5,1.0,0.0,0.0,0.0
,,1,800.0,commerce,0.0,0.0,0.0,1.0,0.0,0.0,0.0,0.0,0.0,0.0,unknown,email,sent_money,payment,seller,USD,0.5,1.0,1.0,0.0,0.0
,,1,,transaction,0.0,0.0,0.0,0.0,0.0,0.0,0.0,0.0,0.0,0.0,crypto,email,clicked_link,transaction,unknown,unknown,0.9,1.0,1.0,0.0,0.0
,,1,500.0,transaction,0.0,0.0,0.0,0.0,0.0,0.0,0.0,0.0,0.0,0.0,unknown,none,sent_money,payment,individual,USD,0.0,1.0,1.0,0.0,1.0
,,1,100.0,transaction,0.0,0.0,1.0,0.0,0.0,0.0,0.0,1.0,0.0,0.0,bank,social_media,sent_money,payment,none,unknown,1.0,1.0,0.0,0.0,0.0
,,1,,transaction,0.0,0.0,1.0,0.0,0.0,0.0,0.0,0.0,1.0,0.0,bank,website,sent_money,payment,company,unknown,0.9,1.0,1.0,1.0,0.0
,,1,50000.0,transaction,0.0,0.0,1.0,0.0,0.0,0.0,0.0,0.0,1.0,0.0,bank,website,sent_money,payment,company,USD,1.0,1.0,1.0,0.0,0.0
,,0,,none,0.0,0.0,0.0,0.0,0.0,0.0,0.0,0.0,0.0,0.0,unknown,social_media,none,none,none,unknown,0.0,1.0,1.0,0.0,0.0
,,1,,commerce,0.0,0.0,0.0,1.0,1.0,0.0,0.0,0.0,0.0,0.0,crypto,website,clicked_link,commerce,individual,unknown,0.8,1.0,0.0,0.0,0.0
,,1,,social_engineering,0.0,0.0,0.0,0.0,0.0,1.0,0.0,0.0,0.0,0.0,unknown,email,shared_credentials,credential,company,unknown,0.5,1.0,1.0,1.0,0.0
,,1,,transaction,0.0,1.0,0.0,0.0,0.0,0.0,0.0,0.0,0.0,0.0,card,website,sent_money,payment,company,unknown,0.5,1.0,1.0,1.0,0.0
,,1,300.0,transaction,0.0,0.0,1.0,0.0,0.0,0.0,0.0,0.0,1.0,0.0,bank,sms,sent_money,payment,none,unknown,1.0,1.0,1.0,0.0,0.0
,,1,,transaction,1.0,0.0,0.0,0.0,0.0,0.0,0.0,0.0,0.0,0.0,upi,phone,sent_money,payment,bank,unknown,0.8,1.0,1.0,1.0,0.0
,,1,35000.0,transaction,1.0,0.0,0.0,0.0,0.0,0.0,0.0,1.0,0.0,0.0,upi,website,sent_money,payment,company,unknown,1.0,1.0,1.0,0.0,0.0
,,1,1.0,advanced,1.0,1.0,1.0,0.0,0.0,0.0,0.0,0.0,0.0,0.0,upi | card | bank | crypto | gift_card | unknown | none,sms | email | phone | social_media | website | app | unknown | none,sent_money | shared_credentials | clicked_link | installed_app | none | unknown,payment | verification | login | download | none | unknown,bank_|_government_|_company_|_individual_|_none_|_unknown,unknown,0.9,1.0,1.0,0.0,0.0
,,0,,none,0.0,0.0,0.0,0.0,0.0,0.0,0.0,0.0,1.0,0.0,unknown,none,none,none,none,unknown,0.0,1.0,0.0,0.0,0.0
,,1,5.06,transaction,0.0,0.0,1.0,0.0,0.0,0.0,0.0,0.0,1.0,0.0,bank,website,clicked_link,payment,company,USD,0.8,1.0,0.0,1.0,0.0
,,1,,transaction,0.0,1.0,0.0,0.0,0.0,0.0,0.0,0.0,0.0,0.0,crypto,website,sent_money,payment,crypto_exchange,unknown,0.0,0.0,1.0,0.0,0.0
,,1,,social_engineering,0.0,0.0,0.0,0.0,0.0,0.0,1.0,1.0,0.0,0.0,unknown,sms,none,verification,individual,unknown,1.0,1.0,1.0,1.0,0.0
,,1,350.0,transaction,1.0,0.0,0.0,0.0,0.0,0.0,0.0,1.0,0.0,0.0,upi,sms,sent_money,payment,unknown,USD,1.0,1.0,0.0,0.0,0.0
,,1,,credential,0.0,0.0,0.0,0.0,0.0,1.0,0.0,0.0,0.0,0.0,unknown,unknown,sent_credentials,verification,unknown,unknown,0.0,0.0,1.0,0.0,0.0
,,1,,transaction,1.0,0.0,1.0,0.0,0.0,0.0,0.0,0.0,1.0,0.0,upi,sms,sent_money,payment,bank,unknown,1.0,1.0,1.0,1.0,0.0
,,1,1.9,transaction,0.0,0.0,1.0,0.0,0.0,0.0,0.0,0.0,1.0,0.0,bank,email,sent_money,payment,individual,USD,0.8,1.0,1.0,0.0,0.0
,,1,,social_engineering,0.0,0.0,0.0,0.0,0.0,0.0,0.0,1.0,0.0,0.0,unknown,email,clicked_link,none,individual,unknown,1.0,1.0,0.0,0.0,0.0
,,1,,transaction,1.0,0.0,0.0,0.0,0.0,0.0,0.0,0.0,0.0,0.0,upi,sms,sent_money,payment,bank,unknown,0.5,1.0,0.0,1.0,0.0
,,1,40000.0,transaction,0.0,0.0,1.0,0.0,0.0,0.0,0.0,0.0,0.0,0.0,bank,app,sent_money,payment,wallet_provider,USD,1.0,1.0,1.0,1.0,0.0
,,1,100.0,transaction,0.0,0.0,0.0,0.0,0.0,0.0,0.0,0.0,1.0,0.0,crypto,website,sent_money,payment,company,unknown,0.8,1.0,0.0,0.0,0.0
,,1,5000.0,commerce,0.0,0.0,1.0,1.0,0.0,0.0,0.0,0.0,1.0,0.0,bank,website,none,payment,company,INR,0.8,1.0,0.0,0.0,0.0
,,1,,transaction,1.0,0.0,0.0,0.0,0.0,0.0,0.0,0.0,0.0,0.0,upi,sms,sent_money,payment,bank,unknown,0.5,1.0,0.0,1.0,0.0
,,1,,transaction,0.0,1.0,0.0,0.0,0.0,0.0,0.0,0.0,0.0,0.0,upi,sms,sent_money,payment,company,unknown,0.8,1.0,0.0,1.0,0.0
,,1,,social_engineering,0.0,0.0,0.0,0.0,0.0,0.0,1.0,1.0,0.0,0.0,unknown,phone,none,none,bank,unknown,1.0,1.0,1.0,1.0,0.0
,,1,5250.0,transaction,0.0,0.0,1.0,0.0,0.0,0.0,0.0,1.0,0.0,0.0,bank,sms,sent_money,transaction,company,unknown,1.0,1.0,0.0,1.0,0.0
,,1,,meta,0.0,0.0,0.0,0.0,0.0,0.0,0.0,0.0,1.0,0.0,unknown,website,none,none,none,unknown,0.8,1.0,1.0,0.0,0.0
,,1,,transaction,0.0,1.0,0.0,0.0,0.0,0.0,0.0,0.0,1.0,0.0,card,social_media,sent_money,payment,company,unknown,0.9,1.0,1.0,0.0,0.0
,,1,,social_engineering,0.0,0.0,0.0,0.0,0.0,0.0,1.0,1.0,0.0,0.0,unknown,sms,none,none,government,unknown,1.0,1.0,1.0,1.0,0.0
,,1,,transaction,0.0,0.0,0.0,0.0,0.0,0.0,0.0,0.0,0.0,0.0,unknown,website,clicked_link,none,company,unknown,0.9,1.0,0.0,1.0,0.0
,,1,3000.0,transaction,0.0,0.0,1.0,0.0,0.0,0.0,0.0,0.0,0.0,0.0,bank,email,sent_money,payment,company,USD,1.0,1.0,0.0,1.0,0.0
,,1,32000.0,transaction,1.0,0.0,0.0,0.0,0.0,0.0,0.0,1.0,0.0,0.0,upi,phone,sent_money,payment,company,INR,1.0,1.0,0.0,1.0,0.0
,,1,,transaction,0.0,0.0,1.0,0.0,0.0,0.0,0.0,0.0,0.0,0.0,bank,email,clicked_link,transaction,company,unknown,0.9,1.0,0.0,0.0,0.0
,,1,,social_engineering,0.0,0.0,1.0,0.0,0.0,0.0,1.0,1.0,1.0,0.0,bank,sms,sent_money,transaction,binance,unknown,1.0,1.0,1.0,1.0,0.0
,,1,,transaction,0.0,1.0,0.0,0.0,0.0,0.0,0.0,0.0,0.0,0.0,card,phone,shared_credentials,none,unknown,unknown,0.8,1.0,0.0,0.0,0.0
,,1,250.0,transaction,0.0,1.0,0.0,0.0,0.0,0.0,0.0,0.0,0.0,0.0,bank,sms,sent_money,payment,company,unknown,1.0,1.0,0.0,1.0,0.0
,,1,20000.0,transaction,0.0,1.0,0.0,0.0,0.0,0.0,0.0,0.0,0.0,0.0,crypto,social_media,sent_money,payment,individual,USD,1.0,1.0,1.0,0.0,0.0
,,1,2000.0,transaction,0.0,0.0,0.0,0.0,0.0,0.0,0.0,0.0,1.0,0.0,upi,sms,sent_money,payment,company,USD,1.0,1.0,1.0,1.0,1.0
,,1,,transaction,0.0,0.0,0.0,0.0,0.0,0.0,0.0,0.0,0.0,0.0,crypto,telegram,sent_money,payment,unknown,unknown,0.9,1.0,1.0,0.0,0.0
,,1,20000.0,transaction,0.0,0.0,1.0,0.0,0.0,0.0,0.0,0.0,1.0,0.0,bank,website,sent_money,payment,exchange,USD,1.0,1.0,1.0,1.0,0.0
,,1,,transaction,0.0,0.0,1.0,0.0,0.0,0.0,0.0,0.0,0.0,0.0,bank,social_media,sent_money,payment,unknown,unknown,0.9,1.0,1.0,0.0,0.0
,,1,,transaction,1.0,1.0,1.0,0.0,0.0,0.0,0.0,0.0,0.0,0.0,upi | card | bank | crypto | gift_card | unknown | none,sms | email | phone | social_media | website | app | unknown | none,sent_money | shared_credentials | clicked_link | installed_app | none | unknown,payment | verification | login | download | none | unknown,bank_|_government_|_company_|_individual_|_none_|_unknown,unknown,0.9,1.0,1.0,0.0,0.0
,,1,,transaction,0.0,0.0,0.0,0.0,0.0,0.0,1.0,1.0,0.0,0.0,unknown,sms | email | phone | social_media | website | app | unknown | none,sent_money,payment,company,unknown,1.0,1.0,1.0,1.0,0.0
,,1,,none,0.0,0.0,0.0,0.0,0.0,0.0,0.0,0.0,1.0,0.0,unknown,none,none,none,none,unknown,0.0,1.0,1.0,0.0,0.0
,,1,,transaction,0.0,1.0,0.0,0.0,0.0,0.0,0.0,0.0,0.0,0.0,card,phone,shared_credentials,verification,bank,unknown,0.8,1.0,1.0,1.0,0.0
,,1,150.0,commerce,0.0,0.0,1.0,1.0,1.0,0.0,0.0,0.0,0.0,0.0,bank,telegram,sent_money,commerce,individual,USD,0.8,1.0,1.0,0.0,0.0
,,1,,transaction,0.0,0.0,0.0,0.0,0.0,0.0,0.0,0.0,0.0,0.0,crypto,social_media,sent_money,payment,unknown,unknown,0.0,0.0,0.0,1.0,1.0
,,1,,social_engineering,0.0,0.0,0.0,0.0,0.0,1.0,1.0,1.0,0.0,0.0,unknown,email,clicked_link,credential,company,unknown,1.0,1.0,1.0,1.0,0.0
,,1,,transaction,0.0,0.0,1.0,0.0,0.0,0.0,0.0,0.0,0.0,0.0,bank,email,sent_money,payment,company,unknown,0.9,1.0,0.0,1.0,0.0
,,1,2500.0,transaction,0.0,0.0,1.0,0.0,0.0,0.0,0.0,0.0,0.0,0.0,bank,email,sent_money,payment,bank,USD,1.0,1.0,0.0,1.0,0.0
,,1,,transaction,0.0,0.0,1.0,0.0,0.0,0.0,0.0,0.0,1.0,0.0,bank,telegram,sent_money,withdrawal,unknown,unknown,0.9,1.0,0.0,0.0,0.0
,,1,,transaction,0.0,0.0,1.0,0.0,0.0,0.0,0.0,0.0,1.0,0.0,bank,sms,sent_money,payment,company,unknown,0.9,1.0,0.0,1.0,0.0
,,1,,transaction,0.0,0.0,0.0,0.0,0.0,0.0,0.0,0.0,1.0,0.0,upi,sms,sent_money,payment,toll_authority,unknown,0.8,1.0,0.0,1.0,0.0
,,1,150.0,transaction,1.0,0.0,1.0,0.0,0.0,0.0,0.0,0.0,1.0,0.0,upi,telegram,sent_money,payment,unknown,INR,0.8,1.0,0.0,0.0,0.0
,,1,,transaction,0.0,0.0,0.0,0.0,0.0,0.0,0.0,0.0,0.0,0.0,unknown,sms | email | phone | social_media | website | app | unknown | none,sent_money,payment,unknown,unknown,0.8,1.0,1.0,0.0,0.0
,,1,,transaction,1.0,0.0,0.0,0.0,0.0,0.0,0.0,0.0,0.0,0.0,upi,social_media,sent_money,payment,unknown,unknown,0.8,1.0,0.0,0.0,0.0
,,1,160.0,transaction,1.0,0.0,0.0,0.0,0.0,0.0,0.0,1.0,0.0,0.0,upi,website,sent_money,withdrawal,online_casino,unknown,1.0,1.0,1.0,0.0,0.0
,,1,5000.0,transaction,1.0,0.0,0.0,0.0,0.0,0.0,0.0,1.0,0.0,0.0,upi,sms,sent_money,payment,company,INR,1.0,1.0,0.0,0.0,0.0
,,1,,transaction,0.0,0.0,1.0,0.0,0.0,0.0,0.0,0.0,0.0,0.0,bank,sms,sent_money,transaction,company,unknown,0.9,1.0,0.0,1.0,0.0
,,1,,transaction,0.0,0.0,0.0,1.0,0.0,0.0,0.0,0.0,0.0,0.0,upi,email,sent_money,payment,unknown,unknown,0.8,1.0,0.0,0.0,0.0
,,1,200.0,transaction,0.0,0.0,0.0,0.0,0.0,0.0,0.0,0.0,0.0,0.0,bank,phone,sent_money,payment,individual,EUR,0.0,1.0,1.0,0.0,0.0
,,1,,transaction,0.0,0.0,0.0,0.0,0.0,0.0,0.0,0.0,0.0,0.0,unknown,sms,sent_money,payment,none,unknown,0.9,1.0,0.0,0.0,0.0
,,1,,social_engineering,0.0,0.0,0.0,0.0,0.0,0.0,1.0,1.0,0.0,0.0,unknown,sms,none,none,government,unknown,0.8,1.0,1.0,1.0,0.0
,,1,20.0,transaction,0.0,0.0,0.0,0.0,0.0,0.0,1.0,1.0,0.0,0.0,unknown,telegram,sent_money,payment,none,USD,1.0,1.0,1.0,1.0,0.0
,,1,,commerce,0.0,1.0,0.0,0.0,0.0,0.0,0.0,0.0,0.0,0.0,card,website,sent_money,payment,unknown,unknown,0.8,1.0,1.0,0.0,0.0
,,1,,transaction,0.0,0.0,0.0,1.0,0.0,0.0,0.0,0.0,1.0,0.0,gift_card,email,sent_money,payment,none,unknown,0.8,1.0,1.0,0.0,0.0
,,1,,social_engineering,0.0,0.0,0.0,0.0,0.0,0.0,1.0,1.0,0.0,0.0,unknown,phone,none,none,service_provider,unknown,1.0,1.0,1.0,1.0,0.0
,,1,,transaction,0.0,0.0,1.0,0.0,0.0,0.0,0.0,0.0,1.0,0.0,bank,sms,sent_money,payment,company,unknown,0.8,1.0,0.0,1.0,0.0
,,1,140000.0,transaction,0.0,0.0,1.0,0.0,0.0,0.0,0.0,0.0,1.0,0.0,bank,social_media,sent_money,payment,none,USD,0.95,1.0,1.0,0.0,0.0
,,1,650.0,transaction,0.0,0.0,0.0,0.0,0.0,0.0,0.0,0.0,0.0,0.0,bank,app,sent_money,payment,company,GBP,0.0,1.0,1.0,1.0,0.0
,,1,,commerce,0.0,0.0,0.0,1.0,0.0,0.0,0.0,0.0,0.0,0.0,upi,phone,none,delivery,company,unknown,0.9,1.0,1.0,0.0,0.0
,,1,200.0,transaction,0.0,0.0,1.0,0.0,0.0,0.0,0.0,0.0,0.0,0.0,bank,phone,sent_money,payment,individual,USD,1.0,1.0,1.0,0.0,0.0
,,1,3000.0,transaction,1.0,0.0,0.0,0.0,0.0,0.0,1.0,1.0,0.0,0.0,upi,website,sent_money,payment,company,USD,1.0,1.0,1.0,1.0,0.0
,,1,,transaction,0.0,1.0,0.0,0.0,0.0,0.0,0.0,0.0,0.0,0.0,card,website,clicked_link,transaction,unknown,unknown,0.8,1.0,0.0,0.0,0.0
,,1,,advanced,0.0,0.0,1.0,0.0,0.0,0.0,0.0,1.0,1.0,0.0,bank,phone,sent_money,transaction,company,unknown,1.0,1.0,1.0,0.0,0.0
,,1,,transaction,0.0,0.0,1.0,0.0,0.0,0.0,0.0,0.0,0.0,0.0,bank,website,sent_money,payment,unknown,unknown,0.8,1.0,0.0,0.0,0.0
,,1,40000.0,transaction,0.0,0.0,0.0,0.0,0.0,0.0,0.0,0.0,0.0,0.0,bank,phone,sent_money,payment,company,INR,1.0,1.0,0.0,1.0,0.0
,,1,45.0,transaction,0.0,0.0,1.0,0.0,0.0,0.0,0.0,0.0,0.0,0.0,bank,telegram,sent_money,payment,unknown,USD,0.9,1.0,1.0,0.0,0.0
,,1,250.0,transaction,0.0,0.0,1.0,0.0,0.0,0.0,0.0,0.0,1.0,0.0,bank,website,sent_money,payment,none,EUR,1.0,1.0,1.0,0.0,0.0
,,1,100.0,transaction,1.0,0.0,0.0,0.0,0.0,0.0,0.0,0.0,1.0,0.0,upi,website,sent_money,payment,company,USD,0.8,1.0,1.0,1.0,0.0
,,1,,commerce,0.0,0.0,0.0,1.0,1.0,0.0,0.0,0.0,0.0,0.0,unknown,website,clicked_link,payment,company,unknown,0.8,1.0,0.0,1.0,0.0
,,1,,transaction,0.0,0.0,1.0,0.0,0.0,0.0,0.0,1.0,0.0,0.0,bank,phone,transfer_money,payment,crypto_exchange,unknown,1.0,1.0,1.0,0.0,0.0
,,1,,social_engineering,0.0,1.0,0.0,0.0,0.0,0.0,1.0,1.0,0.0,0.0,card,phone,clicked_link,verification,law_enforcement_/_fbi,unknown,1.0,1.0,1.0,1.0,0.0
,,0,,none,0.0,0.0,0.0,0.0,0.0,0.0,0.0,0.0,1.0,0.0,unknown,sms,none,none,individual,unknown,0.0,1.0,0.0,0.0,0.0
,,1,100000.0,transaction,0.0,1.0,1.0,0.0,0.0,0.0,0.0,1.0,0.0,0.0,bank,website,sent_money,payment,company,USD,1.0,1.0,1.0,0.0,0.0
,,1,,transaction,0.0,0.0,1.0,0.0,0.0,0.0,0.0,0.0,0.0,0.0,bank,email,sent_money,payment,company,unknown,0.5,1.0,0.0,1.0,0.0
,,1,,transaction,0.0,1.0,0.0,0.0,0.0,0.0,0.0,0.0,0.0,0.0,crypto,website,sent_money,payment,unknown,unknown,0.0,1.0,1.0,0.0,0.0
,,1,,transaction,0.0,0.0,1.0,0.0,0.0,0.0,0.0,0.0,0.0,0.0,bank,email,clicked_link,transaction,bank,unknown,0.8,1.0,1.0,1.0,0.0
,,1,,transaction,0.0,0.0,0.0,0.0,1.0,0.0,1.0,1.0,0.0,0.0,unknown,phone,sent_money,payment,none,unknown,0.95,1.0,1.0,1.0,0.0
,,1,,transaction,0.0,0.0,1.0,0.0,0.0,0.0,0.0,0.0,0.0,0.0,bank,website,sent_money,payment,company,unknown,0.5,1.0,0.0,0.0,0.0
,,1,,social_engineering,0.0,0.0,0.0,0.0,0.0,0.0,1.0,1.0,0.0,0.0,unknown,social_media,none,romance,mark_owen,unknown,0.8,1.0,1.0,1.0,0.0
,,1,,transaction,0.0,1.0,0.0,0.0,0.0,0.0,0.0,0.0,0.0,0.0,card,email,sent_money,payment,company,unknown,0.0,1.0,1.0,1.0,0.0
,,0,,none,0.0,0.0,0.0,0.0,0.0,0.0,0.0,0.0,0.0,0.0,upi,unknown,sent_money,payment,bank,unknown,0.0,0.0,0.0,1.0,0.0
,,1,,transaction,0.0,0.0,1.0,0.0,0.0,0.0,0.0,0.0,0.0,0.0,bank,website,sent_money,verification,blockchain,unknown,0.8,1.0,0.0,1.0,0.0
,,1,,transaction,0.0,0.0,1.0,0.0,0.0,0.0,0.0,0.0,0.0,0.0,bank,sms,sent_money,payment,company,unknown,0.8,1.0,0.0,1.0,0.0
,,1,,transaction,0.0,0.0,0.0,0.0,0.0,0.0,0.0,0.0,0.0,0.0,unknown,email,sent_money,payment,company,unknown,0.5,1.0,0.0,1.0,0.0
,,1,,transaction,0.0,1.0,0.0,0.0,0.0,0.0,0.0,0.0,0.0,0.0,gift_card,phone,none,payment,unknown,unknown,0.8,1.0,1.0,0.0,0.0
,,1,,commerce,0.0,1.0,0.0,0.0,0.0,0.0,0.0,0.0,0.0,0.0,bank,email,sent_money,payment,individual,unknown,0.9,1.0,1.0,0.0,0.0
,,1,,commerce,0.0,0.0,0.0,1.0,0.0,0.0,0.0,0.0,0.0,0.0,gift_card,email,clicked_link,payment,target,unknown,0.5,1.0,0.0,1.0,0.0
,,1,320.0,transaction,0.0,1.0,0.0,0.0,0.0,0.0,0.0,0.0,0.0,0.0,card,social_media,sent_money,payment,individual,unknown,0.0,1.0,1.0,0.0,0.0
,,1,,transaction,0.0,0.0,0.0,0.0,0.0,0.0,0.0,0.0,0.0,0.0,upi,sms,sent_money,payment,unknown,unknown,0.0,1.0,0.0,0.0,0.0
,,0,,none,0.0,1.0,0.0,0.0,0.0,0.0,0.0,0.0,0.0,0.0,card,email,shared_credentials,transaction,company,unknown,0.0,1.0,0.0,1.0,0.0
,,1,,meta,0.0,0.0,0.0,0.0,0.0,0.0,0.0,0.0,0.0,0.0,unknown,social_media,none,donation,ice,unknown,1.0,1.0,1.0,1.0,0.0
,,1,,transaction,0.0,1.0,0.0,0.0,0.0,0.0,0.0,0.0,0.0,0.0,bank,phone,sent_money,payment,company,unknown,0.9,1.0,0.0,1.0,0.0
,,1,5500.0,transaction,0.0,0.0,1.0,0.0,0.0,0.0,0.0,0.0,0.0,0.0,bank,phone,sent_money,payment,company,unknown,1.0,1.0,1.0,1.0,0.0
,,0,,none,0.0,0.0,0.0,0.0,0.0,0.0,0.0,0.0,0.0,0.0,unknown,social_media,none,none,none,unknown,0.0,0.0,0.0,0.0,0.0
,,1,20000.0,transaction,0.0,1.0,0.0,0.0,0.0,0.0,0.0,0.0,1.0,0.0,card,email,reported_fraud,dispute,none,USD,0.5,1.0,1.0,0.0,0.0
,,1,,transaction,0.0,0.0,0.0,0.0,0.0,0.0,0.0,0.0,0.0,0.0,crypto,website,deposited_money,payment,gambling_website,unknown,0.0,1.0,1.0,0.0,0.0
,,1,,credential,0.0,0.0,0.0,0.0,0.0,1.0,0.0,0.0,0.0,0.0,unknown,unknown,none,none,bank,unknown,0.8,1.0,1.0,1.0,0.0
,,1,,transaction,0.0,0.0,1.0,0.0,0.0,0.0,0.0,0.0,0.0,0.0,bank,phone,none,none,company,unknown,0.9,1.0,0.0,0.0,0.0
,,1,,transaction,0.0,0.0,1.0,0.0,0.0,0.0,1.0,1.0,0.0,0.0,bank,sms,sent_money,payment,police_officer,unknown,1.0,1.0,1.0,1.0,0.0
,,1,,transaction,1.0,0.0,0.0,0.0,0.0,0.0,0.0,0.0,0.0,0.0,upi,sms,sent_money,payment,bank,unknown,0.9,1.0,0.0,1.0,0.0
,,1,950.0,commerce,0.0,0.0,0.0,0.0,0.0,0.0,0.0,0.0,1.0,0.0,bank,social_media,none,commerce,company,INR,0.8,1.0,0.0,1.0,0.0
,,1,,transaction,0.0,0.0,0.0,0.0,0.0,0.0,0.0,0.0,0.0,0.0,unknown,sms,sent_money,payment,company,unknown,0.8,1.0,0.0,1.0,0.0
,,1,,social_engineering,0.0,0.0,0.0,0.0,0.0,1.0,0.0,0.0,0.0,0.0,upi,sms,none,credential,individual,unknown,0.8,1.0,0.0,1.0,0.0
,,1,,transaction,0.0,0.0,1.0,0.0,0.0,0.0,0.0,0.0,0.0,0.0,bank,website,deposited_funds,withdrawal,none,unknown,0.9,1.0,0.0,0.0,0.0
,,0,,meta,0.0,0.0,0.0,0.0,0.0,0.0,0.0,0.0,1.0,0.0,unknown,email,none,none,none,unknown,0.0,1.0,0.0,0.0,0.0
,,1,,transaction,0.0,0.0,1.0,0.0,0.0,0.0,0.0,1.0,1.0,0.0,bank,phone,sent_money,payment,unknown,unknown,1.0,1.0,1.0,0.0,0.0
,,1,,transaction,1.0,0.0,0.0,0.0,0.0,0.0,1.0,1.0,0.0,0.0,upi,website,sent_money,payment,bank,unknown,1.0,1.0,1.0,1.0,0.0
,,1,,transaction,0.0,0.0,0.0,0.0,0.0,0.0,0.0,0.0,0.0,0.0,unknown,sms,sent_money,payment,individual,unknown,0.9,1.0,0.0,0.0,0.0
,,1,18000.0,transaction,0.0,1.0,0.0,0.0,0.0,0.0,0.0,0.0,0.0,0.0,card,phone,cashed_a_check,transaction,bank,unknown,0.5,1.0,1.0,1.0,0.0
,,1,,social_engineering,0.0,0.0,0.0,0.0,0.0,0.0,0.0,1.0,0.0,0.0,unknown,sms,none,none,individual,unknown,1.0,1.0,0.0,0.0,0.0
,,1,2700.0,transaction,0.0,0.0,1.0,0.0,0.0,0.0,0.0,0.0,1.0,0.0,bank,email,sent_money,payment,draftkings,USD,1.0,1.0,1.0,1.0,0.0
,,1,60000.0,transaction,0.0,0.0,1.0,0.0,0.0,0.0,1.0,1.0,0.0,0.0,bank,phone,sent_money,payment,bank,INR,1.0,1.0,1.0,1.0,0.0
,,1,50000.0,transaction,1.0,0.0,1.0,0.0,0.0,0.0,1.0,1.0,1.0,0.0,upi,phone,sent_money,payment,bank,INR,1.0,1.0,1.0,1.0,0.0
,,1,900000.0,transaction,0.0,0.0,1.0,0.0,0.0,0.0,0.0,0.0,1.0,0.0,bank,none,sent_money,payment,individual,INR,0.85,1.0,1.0,0.0,0.0
,,1,13666.0,transaction,0.0,1.0,0.0,0.0,0.0,0.0,0.0,0.0,0.0,0.0,card,phone,clicked_link,payment,credit_union,USD,0.8,1.0,1.0,1.0,0.0
,,1,,transaction,0.0,0.0,1.0,0.0,0.0,0.0,0.0,1.0,0.0,0.0,bank,email,sent_money,payment,individual,unknown,1.0,1.0,1.0,0.0,0.0
,,1,,transaction,1.0,0.0,1.0,0.0,0.0,0.0,0.0,1.0,0.0,0.0,upi,sms,sent_money,payment,bank,unknown,1.0,1.0,1.0,0.0,0.0
,,1,3540.0,transaction,0.0,0.0,0.0,0.0,0.0,0.0,0.0,0.0,0.0,0.0,bank,email,paid,payment,company,INR,1.0,1.0,1.0,1.0,0.0
,,1,34400.0,transaction,1.0,0.0,0.0,0.0,0.0,0.0,0.0,0.0,0.0,0.0,upi,website,sent_money,payment,hotel,INR,1.0,1.0,1.0,1.0,0.0
,,1,,commerce,0.0,0.0,0.0,1.0,1.0,0.0,0.0,0.0,0.0,0.0,upi,phone,sent_money,payment,delivery_guy,unknown,0.8,1.0,1.0,0.0,0.0
,,1,17000.0,transaction,1.0,0.0,0.0,0.0,0.0,0.0,0.0,0.0,0.0,0.0,upi,phone,sent_money,payment,unknown,unknown,0.8,1.0,0.0,0.0,0.0
,,1,100.0,transaction,0.0,0.0,1.0,0.0,0.0,0.0,0.0,0.0,0.0,0.0,bank,email,sent_money,refund,company,EUR,0.8,1.0,0.0,1.0,0.0
,,1,,transaction,0.0,0.0,1.0,0.0,0.0,0.0,0.0,0.0,1.0,0.0,bank,email,sent_money,payment,bank,unknown,0.9,1.0,1.0,0.0,0.0
,,1,,transaction,0.0,0.0,1.0,0.0,0.0,0.0,0.0,0.0,0.0,0.0,bank,email,sent_money,payment,individual,unknown,0.8,1.0,0.0,0.0,0.0
,,1,500.0,transaction,0.0,0.0,1.0,0.0,0.0,0.0,0.0,0.0,1.0,0.0,bank,phone,sent_money,payment,individual,unknown,1.0,1.0,1.0,0.0,0.0
,,1,,transaction,1.0,0.0,0.0,0.0,0.0,0.0,0.0,0.0,0.0,0.0,upi,sms,sent_money,payment,bank,unknown,0.8,1.0,0.0,1.0,0.0
,,1,,transaction,1.0,0.0,0.0,0.0,0.0,0.0,0.0,0.0,0.0,0.0,upi,sms,sent_money,payment,bank,unknown,0.9,1.0,0.0,1.0,0.0
,,1,,transaction,0.0,1.0,0.0,0.0,0.0,0.0,0.0,0.0,0.0,0.0,crypto,email,clicked_link,transaction,company,unknown,0.8,1.0,0.0,1.0,0.0
,,1,,transaction,0.0,0.0,1.0,0.0,0.0,0.0,0.0,0.0,0.0,0.0,bank,instagram,sent_money,payment,individual,unknown,0.8,1.0,0.0,0.0,0.0
,,1,,social_engineering,0.0,0.0,0.0,0.0,0.0,1.0,0.0,0.0,0.0,0.0,unknown,email,clicked_link,credential,twitter,unknown,0.8,1.0,1.0,0.0,0.0
,,1,2500.0,transaction,1.0,0.0,1.0,0.0,0.0,0.0,0.0,0.0,0.0,0.0,upi,phone,none,transaction,bank,USD,1.0,1.0,0.0,1.0,0.0
,,1,,social_engineering,0.0,0.0,0.0,0.0,0.0,1.0,1.0,1.0,0.0,0.0,unknown,phone,shared_credentials,verification,company,unknown,1.0,1.0,1.0,1.0,0.0
,,1,,social_engineering,0.0,0.0,0.0,0.0,0.0,1.0,1.0,1.0,0.0,0.0,crypto,phone,clicked_link,none,google,unknown,1.0,1.0,1.0,1.0,0.0
,,1,,transaction,0.0,0.0,1.0,0.0,0.0,0.0,0.0,0.0,0.0,0.0,bank,website,sent_money,payment,bank,unknown,0.9,1.0,0.0,1.0,0.0
,,1,,commerce,0.0,0.0,1.0,0.0,1.0,0.0,0.0,0.0,0.0,0.0,bank,email,sent_money,payment,none,unknown,0.9,1.0,0.0,0.0,0.0
,,1,1000.0,commerce,0.0,0.0,1.0,1.0,1.0,0.0,0.0,0.0,0.0,0.0,bank,social_media,sent_money,payment,individual,EUR,0.5,1.0,1.0,0.0,0.0
,,1,1000000.0,transaction,1.0,0.0,1.0,0.0,0.0,0.0,0.0,0.0,1.0,0.0,upi,phone,sent_money,payment,bank,INR,1.0,1.0,1.0,1.0,0.0
,,1,,commerce,0.0,1.0,0.0,0.0,0.0,0.0,0.0,0.0,0.0,0.0,gift_card,none,sent_money,payment,lululemon,unknown,0.8,1.0,1.0,1.0,0.0
,,1,,transaction,0.0,0.0,1.0,0.0,0.0,0.0,0.0,0.0,1.0,0.0,bank,website,holded_coin,none,crypto_team,unknown,0.9,1.0,1.0,1.0,0.0
,,1,,social_engineering,0.0,0.0,0.0,0.0,0.0,0.0,1.0,1.0,0.0,0.0,unknown,email,none,none,law_firm,unknown,1.0,1.0,1.0,1.0,0.0
,,1,47.0,social_engineering,0.0,0.0,0.0,0.0,0.0,1.0,1.0,1.0,0.0,0.0,unknown,discord,none,none,unknown,unknown,1.0,1.0,1.0,1.0,0.0
,,1,,commerce,0.0,0.0,0.0,0.0,0.0,0.0,0.0,0.0,1.0,0.0,bank,website,clicked_link,payment,company,unknown,0.9,1.0,0.0,0.0,0.0
,,1,,commerce,0.0,0.0,1.0,0.0,0.0,0.0,0.0,1.0,0.0,0.0,bank,social_media,sent_money,payment,seller,unknown,1.0,1.0,1.0,0.0,0.0
,,1,,social_engineering,0.0,0.0,0.0,0.0,0.0,0.0,1.0,0.0,0.0,0.0,unknown,phone,none,none,government,unknown,0.5,1.0,0.0,1.0,0.0
,,1,10000000.0,commerce,0.0,0.0,1.0,0.0,0.0,0.0,0.0,0.0,1.0,0.0,bank,website,sent_money,payment,company,INR,0.9,1.0,0.0,1.0,0.0
,,1,,transaction,0.0,1.0,0.0,0.0,0.0,0.0,0.0,0.0,0.0,0.0,card,phone,shared_credentials,verification,front_desk,unknown,0.9,1.0,0.0,1.0,0.0
,,1,40.0,transaction,0.0,1.0,0.0,0.0,0.0,0.0,0.0,0.0,0.0,0.0,bank,email,sent_money,payment,company,USD,1.0,1.0,1.0,1.0,0.0
,,1,,commerce,0.0,0.0,0.0,1.0,1.0,0.0,0.0,0.0,0.0,0.0,crypto,website,deposit,commission,e_commerce_brands,unknown,0.9,1.0,1.0,1.0,0.0
,,1,,commerce,0.0,0.0,0.0,0.0,0.0,0.0,0.0,0.0,0.0,0.0,unknown,website,sent_money,payment,none,unknown,0.0,1.0,1.0,0.0,0.0
,,1,,transaction,0.0,0.0,0.0,0.0,0.0,0.0,0.0,0.0,0.0,0.0,crypto,website,sent_money,payment,crypto_trading_platform,unknown,0.0,1.0,1.0,0.0,0.0
,,1,,transaction,1.0,0.0,0.0,0.0,0.0,0.0,0.0,0.0,0.0,0.0,upi,sms,sent_money,payment,unknown,unknown,0.8,1.0,1.0,0.0,0.0
,,1,,social_engineering,0.0,0.0,0.0,0.0,0.0,0.0,1.0,1.0,0.0,0.0,unknown,phone,sent_money,payment,individual,unknown,1.0,1.0,1.0,1.0,0.0
,,1,,transaction,0.0,0.0,0.0,0.0,0.0,0.0,0.0,0.0,1.0,0.0,crypto,website,deposited_money,transaction,none,unknown,0.9,1.0,1.0,0.0,0.0
,,1,,commerce,0.0,0.0,0.0,1.0,0.0,0.0,0.0,0.0,0.0,0.0,unknown,website,clicked_link,none,none,unknown,0.0,1.0,0.0,0.0,0.0
,,1,,transaction,1.0,0.0,0.0,0.0,0.0,0.0,0.0,0.0,0.0,0.0,upi,app,scanned_qr_code,transaction,bank,unknown,0.8,1.0,0.0,1.0,0.0
,,1,,transaction,1.0,0.0,0.0,0.0,0.0,0.0,0.0,0.0,0.0,0.0,upi,sms,sent_money,payment,bank,unknown,0.8,1.0,0.0,1.0,0.0
,,1,,transaction,0.0,0.0,1.0,0.0,0.0,0.0,0.0,0.0,0.0,0.0,bank,website,paid,tax,crypto_exchange,unknown,0.9,1.0,1.0,1.0,0.0
,,1,989.96,transaction,0.0,0.0,1.0,0.0,0.0,0.0,0.0,0.0,0.0,0.0,bank,email,sent_money,transaction,company,USD,0.5,1.0,1.0,1.0,0.0
,,1,40.0,transaction,0.0,0.0,1.0,0.0,0.0,0.0,0.0,0.0,1.0,0.0,bank,sms,sent_money,payment,friend,USD,1.0,1.0,1.0,0.0,0.0
,,1,,commerce,0.0,0.0,0.0,1.0,0.0,0.0,0.0,0.0,0.0,0.0,unknown,email,sent_money,payment,none,unknown,0.8,1.0,1.0,0.0,0.0
,,1,,transaction,0.0,1.0,0.0,0.0,0.0,0.0,0.0,1.0,0.0,0.0,card,sms,sent_money,payment,bank,unknown,1.0,1.0,1.0,1.0,0.0
,,1,,commerce,0.0,0.0,0.0,0.0,0.0,0.0,0.0,0.0,0.0,0.0,unknown,website,sent_money,payment,company,unknown,0.8,1.0,0.0,1.0,0.0
,,1,,transaction,0.0,0.0,0.0,0.0,0.0,0.0,0.0,0.0,0.0,0.0,crypto,website,staked_money,payment,none,unknown,0.5,1.0,0.0,0.0,0.0
,,1,2500.0,transaction,0.0,0.0,0.0,0.0,0.0,0.0,0.0,0.0,1.0,0.0,crypto,unknown,sent_money,payment,none,USD,1.0,1.0,0.0,0.0,0.0
,,1,,transaction,0.0,0.0,0.0,0.0,0.0,0.0,0.0,0.0,0.0,0.0,card,phone,shared_credentials,transaction,bank,unknown,0.9,1.0,1.0,1.0,0.0
,,1,4500.0,transaction,0.0,0.0,1.0,0.0,0.0,0.0,0.0,0.0,0.0,0.0,bank,phone,sent_money,payment,none,USD,1.0,1.0,1.0,0.0,0.0
,,1,,social_engineering,0.0,0.0,0.0,0.0,0.0,1.0,1.0,1.0,0.0,0.0,unknown,phone,none,credential,google,unknown,1.0,1.0,1.0,1.0,0.0
,,1,,transaction,1.0,0.0,0.0,0.0,0.0,0.0,0.0,1.0,0.0,0.0,upi,website,clicked_link,transaction,company,unknown,1.0,1.0,0.0,1.0,0.0
,,1,10000.0,transaction,0.0,0.0,1.0,0.0,0.0,0.0,0.0,0.0,1.0,0.0,bank,website,deposited_money,payment,none,USD,0.8,1.0,1.0,0.0,0.0
,,1,99.0,commerce,0.0,0.0,0.0,1.0,0.0,0.0,0.0,0.0,0.0,0.0,bank,website,clicked_link,commerce,company,USD,0.5,1.0,0.0,1.0,0.0
,,1,,transaction,1.0,0.0,0.0,0.0,0.0,0.0,0.0,0.0,0.0,0.0,upi,sms,sent_money,payment,company,unknown,0.5,1.0,0.0,1.0,0.0
,,1,,commerce,0.0,0.0,0.0,1.0,1.0,0.0,0.0,0.0,0.0,0.0,bank,email,sent_money,payment,company,unknown,0.95,1.0,1.0,1.0,0.0
,,1,,transaction,0.0,1.0,0.0,0.0,0.0,0.0,0.0,0.0,0.0,0.0,card,phone,shared_credentials,verification,bank,unknown,0.9,1.0,1.0,1.0,0.0
,,1,,transaction,0.0,1.0,0.0,0.0,0.0,0.0,0.0,0.0,0.0,0.0,card,phone,sent_money,payment,military,unknown,0.8,1.0,1.0,1.0,0.0
,,1,,transaction,0.0,0.0,0.0,0.0,0.0,0.0,0.0,0.0,0.0,0.0,unknown,phone,none,none,tax_authority,unknown,0.9,1.0,1.0,1.0,0.0
,,1,,social_engineering,0.0,0.0,0.0,0.0,0.0,1.0,0.0,0.0,0.0,0.0,unknown,social_media,none,credential,individual,unknown,0.5,1.0,0.0,1.0,0.0
,,1,400.0,transaction,0.0,0.0,1.0,0.0,0.0,0.0,0.0,0.0,0.0,0.0,bank,phone,none,payment,company,unknown,0.5,1.0,0.0,0.0,0.0
,,1,10.0,transaction,0.0,0.0,0.0,0.0,0.0,0.0,0.0,0.0,0.0,0.0,bank,email,deposited_check,payment,company,USD,0.9,1.0,1.0,1.0,0.0
,,1,,transaction,0.0,0.0,1.0,0.0,0.0,0.0,0.0,0.0,1.0,0.0,bank,website,sent_money,transaction,none,unknown,0.9,1.0,1.0,0.0,0.0
,,1,,transaction,0.0,0.0,0.0,0.0,0.0,0.0,0.0,0.0,0.0,0.0,crypto,email,sent_money,payment,unknown,unknown,0.8,1.0,0.0,0.0,0.0
,,0,,none,0.0,0.0,0.0,0.0,0.0,0.0,0.0,0.0,0.0,0.0,unknown,unknown,none,none,unknown,unknown,0.0,0.0,0.0,0.0,0.0
,,1,,multi_level_marketing,0.0,0.0,0.0,0.0,1.0,0.0,1.0,1.0,0.0,0.0,unknown,social_media,none,none,individual,unknown,0.8,1.0,1.0,1.0,0.0
,,1,,social_engineering,0.0,0.0,0.0,0.0,0.0,1.0,1.0,1.0,0.0,0.0,unknown,phone,none,none,county_sheriff,unknown,1.0,1.0,1.0,1.0,0.0
,,1,,transaction,0.0,1.0,0.0,0.0,0.0,0.0,0.0,0.0,0.0,0.0,unknown,phone,none,payment,unknown,unknown,0.5,1.0,0.0,0.0,0.0
,,1,6000.0,transaction,0.0,0.0,1.0,0.0,0.0,0.0,0.0,0.0,1.0,0.0,bank,website,sent_money,transaction,company,USD,1.0,1.0,1.0,1.0,0.0
,,1,,transaction,0.0,0.0,0.0,0.0,0.0,0.0,0.0,0.0,0.0,0.0,unknown,website,uploaded_documents,tender,government,unknown,0.9,1.0,0.0,1.0,0.0
,,1,,transaction,0.0,0.0,1.0,0.0,0.0,0.0,0.0,0.0,1.0,0.0,bank,social_media,none,none,bank,INR,0.9,1.0,1.0,0.0,0.0
,,1,,transaction,1.0,0.0,0.0,0.0,0.0,0.0,0.0,0.0,0.0,0.0,upi,sms,sent_money,payment,company,unknown,0.8,1.0,1.0,0.0,0.0
,,1,1.0,transaction,0.0,1.0,0.0,0.0,0.0,0.0,0.0,0.0,0.0,0.0,card,website,clicked_link,payment,unknown,USD,0.0,0.0,0.0,0.0,0.0
,,1,,credential,0.0,0.0,0.0,0.0,0.0,1.0,0.0,0.0,0.0,0.0,unknown,email,clicked_link,phishing,google,unknown,0.9,1.0,1.0,1.0,0.0
,,1,,social_engineering,0.0,0.0,1.0,0.0,0.0,0.0,0.0,1.0,0.0,0.0,bank,phone,sent_money,payment,none,unknown,1.0,1.0,1.0,0.0,0.0
,,1,1000.0,transaction,0.0,0.0,1.0,0.0,0.0,0.0,0.0,0.0,0.0,0.0,bank,sms,sent_money,payment,individual,unknown,0.5,1.0,1.0,0.0,0.0
,,1,,transaction,1.0,0.0,0.0,0.0,0.0,0.0,0.0,0.0,0.0,0.0,upi,sms,sent_money,payment,none,unknown,0.9,1.0,0.0,0.0,0.0
,,1,340.0,transaction,1.0,0.0,0.0,0.0,0.0,0.0,0.0,1.0,0.0,0.0,upi,telegram,sent_money,payment,unknown,USD,1.0,1.0,1.0,0.0,0.0
,,1,,commerce,0.0,1.0,0.0,1.0,0.0,0.0,0.0,0.0,0.0,0.0,card,phone,shared_credentials,transaction,company,unknown,0.8,1.0,0.0,1.0,0.0
,,1,,transaction,0.0,1.0,0.0,0.0,0.0,0.0,0.0,0.0,0.0,0.0,card,phone,sent_money,payment,airline,unknown,0.8,1.0,1.0,1.0,0.0
,,1,,transaction,1.0,0.0,0.0,0.0,0.0,0.0,0.0,0.0,0.0,0.0,upi,email,sent_money,payment,bank,unknown,0.0,1.0,1.0,1.0,0.0
,,1,,transaction,0.0,1.0,0.0,0.0,0.0,0.0,0.0,0.0,0.0,0.0,card,sms,sent_money,payment,individual,unknown,0.5,1.0,0.0,0.0,0.0
,,1,,transaction,0.0,0.0,1.0,0.0,0.0,0.0,0.0,0.0,0.0,0.0,bank,sms,sent_money,transaction,company,unknown,0.9,1.0,0.0,1.0,0.0
,,1,,commerce,0.0,0.0,0.0,1.0,0.0,0.0,0.0,0.0,0.0,0.0,bank,email,sent_money,payment,individual,unknown,0.8,1.0,0.0,0.0,0.0
,,1,,transaction,0.0,1.0,0.0,0.0,0.0,0.0,0.0,0.0,0.0,0.0,card,phone,sent_money,payment,bank,unknown,0.8,1.0,1.0,1.0,0.0
,,1,80000.0,transaction,0.0,1.0,0.0,0.0,0.0,0.0,0.0,0.0,0.0,0.0,card,social_media,sent_money,payment,amazon_employee,unknown,1.0,1.0,1.0,1.0,0.0
,,1,,transaction,0.0,0.0,1.0,0.0,0.0,0.0,0.0,0.0,0.0,0.0,bank,website,clicked_link,transaction,bank,unknown,0.8,1.0,0.0,1.0,0.0
,,1,,transaction,0.0,0.0,1.0,0.0,0.0,0.0,0.0,0.0,0.0,0.0,bank,telegram,clicked_link,transaction,unknown,unknown,0.9,1.0,1.0,0.0,0.0
,,1,,transaction,0.0,0.0,0.0,0.0,0.0,0.0,0.0,0.0,1.0,0.0,unknown,website,clicked_link,none,company,unknown,0.9,1.0,1.0,1.0,0.0
,,1,30000.0,transaction,0.0,0.0,1.0,0.0,0.0,0.0,0.0,0.0,0.0,0.0,bank,website,sent_money,transaction,none,unknown,1.0,1.0,1.0,0.0,0.0
,,1,,commerce,0.0,0.0,0.0,1.0,0.0,0.0,0.0,0.0,1.0,0.0,upi,website,sent_money,payment,company,unknown,0.9,1.0,1.0,0.0,0.0
,,1,,commerce,0.0,0.0,0.0,1.0,0.0,0.0,0.0,0.0,0.0,0.0,unknown,email,sent_money,commerce,company,unknown,0.8,1.0,0.0,0.0,0.0
,,1,,credential,0.0,0.0,0.0,0.0,0.0,1.0,0.0,0.0,0.0,0.0,unknown,email,shared_credentials,login,company,unknown,0.8,1.0,1.0,1.0,0.0
,,1,,transaction,1.0,0.0,0.0,0.0,0.0,0.0,0.0,0.0,0.0,0.0,upi,sms,sent_money,payment,unknown,unknown,0.5,1.0,0.0,0.0,0.0
,,1,5000.0,transaction,0.0,0.0,1.0,0.0,0.0,0.0,0.0,0.0,0.0,0.0,bank,social_media,sent_money,payment,individual,unknown,1.0,1.0,0.0,0.0,1.0
,,1,,social_engineering,0.0,0.0,0.0,0.0,0.0,1.0,0.0,0.0,0.0,0.0,crypto,website,clicked_link,login,coinbase,unknown,0.9,1.0,1.0,1.0,0.0
,,1,,commerce,0.0,0.0,0.0,0.0,0.0,0.0,0.0,0.0,0.0,0.0,unknown,phone,none,none,unknown,unknown,0.8,1.0,0.0,0.0,0.0
,,1,200000.0,transaction,1.0,0.0,0.0,0.0,0.0,0.0,0.0,0.0,0.0,0.0,upi,sms,sent_money,payment,bank,INR,1.0,1.0,1.0,1.0,0.0
,,1,,transaction,0.0,0.0,0.0,0.0,0.0,0.0,0.0,0.0,1.0,0.0,unknown,website,sent_money,transaction,none,unknown,0.9,1.0,0.0,0.0,0.0
,,1,,transaction,0.0,1.0,0.0,0.0,0.0,0.0,0.0,0.0,1.0,0.0,bank,website,deposited_money,transaction,exchange,unknown,0.9,1.0,1.0,0.0,0.0
,,1,,transaction,0.0,0.0,1.0,0.0,0.0,0.0,0.0,0.0,0.0,0.0,bank,sms,sent_money,payment,unknown,unknown,0.99999,1.0,1.0,0.0,0.0
,,1,250.0,transaction,0.0,0.0,1.0,0.0,0.0,0.0,0.0,0.0,0.0,0.0,bank,phone,received_money,none,individual,USD,0.0,1.0,1.0,0.0,0.0
,,0,,none,0.0,0.0,0.0,0.0,0.0,0.0,0.0,0.0,0.0,0.0,unknown,email,clicked_link,verification,google,unknown,0.0,1.0,1.0,1.0,0.0
,,1,3000.0,transaction,0.0,1.0,0.0,0.0,0.0,0.0,0.0,0.0,1.0,0.0,bank,email,sent_money,payment,company,unknown,0.8,1.0,0.0,1.0,0.0
,,1,,transaction,0.0,1.0,0.0,0.0,0.0,0.0,0.0,0.0,0.0,0.0,card,phone,none,payment,pc_app_store,unknown,0.8,1.0,1.0,1.0,0.0
,,1,,social_engineering,0.0,0.0,0.0,0.0,0.0,0.0,1.0,1.0,0.0,0.0,unknown,phone,none,none,bank,unknown,1.0,1.0,1.0,1.0,0.0
,,1,693273.92,transaction,0.0,0.0,0.0,0.0,0.0,0.0,0.0,0.0,0.0,0.0,crypto,website,sent_money,payment,none,AUD,0.0,1.0,1.0,0.0,0.0
,,1,5.0,transaction,0.0,0.0,0.0,0.0,0.0,0.0,0.0,0.0,0.0,0.0,crypto,unknown,received,unknown,unknown,unknown,0.0,0.0,0.0,0.0,0.0
,,1,,transaction,0.0,0.0,1.0,0.0,0.0,0.0,0.0,1.0,0.0,0.0,bank,website,clicked_link,transaction,none,unknown,1.0,1.0,1.0,0.0,0.0
,,1,30000.0,transaction,0.0,0.0,1.0,0.0,0.0,0.0,0.0,0.0,1.0,0.0,bank,website,sent_money,payment,company,unknown,1.0,1.0,1.0,1.0,0.0
,,0,,none,0.0,0.0,0.0,0.0,0.0,0.0,0.0,0.0,0.0,0.0,upi,social_media,clicked_link,none,company,unknown,0.0,0.0,0.0,1.0,0.0
,,1,,transaction,0.0,0.0,0.0,0.0,0.0,0.0,0.0,1.0,0.0,0.0,crypto,telegram,sent_money,payment,unknown,unknown,1.0,1.0,0.0,0.0,0.0
,,0,,none,0.0,0.0,0.0,0.0,0.0,0.0,0.0,0.0,0.0,0.0,unknown,website,clicked_link,commerce,company,unknown,0.0,1.0,0.0,0.0,0.0
,,1,,transaction,0.0,0.0,0.0,0.0,0.0,0.0,0.0,0.0,1.0,0.0,crypto,email,none,account_lock,bank,unknown,0.8,1.0,1.0,1.0,0.0
,,1,,transaction,0.0,0.0,1.0,0.0,0.0,0.0,0.0,0.0,0.0,0.0,bank,email,opened_attachment,invoice,paypal,unknown,0.5,1.0,1.0,1.0,0.0
,,1,,identity_theft,0.0,0.0,0.0,0.0,0.0,0.0,0.0,0.0,1.0,0.0,unknown,email,none,none,company,unknown,0.8,1.0,0.0,1.0,0.0
,,1,50000.0,transaction,0.0,0.0,1.0,0.0,0.0,0.0,0.0,1.0,0.0,0.0,bank,website,sent_money,withdrawal,none,unknown,1.0,1.0,0.0,0.0,0.0
,,1,,social_engineering,0.0,0.0,0.0,0.0,0.0,1.0,0.0,0.0,0.0,0.0,unknown,sms,shared_credentials,none,individual,unknown,0.9,1.0,1.0,0.0,0.0
,,1,,social_engineering,0.0,0.0,0.0,0.0,0.0,0.0,1.0,1.0,0.0,0.0,unknown,email,none,none,victorian_nobleman,unknown,1.0,1.0,1.0,1.0,0.0
,,1,27000.0,commerce,0.0,0.0,0.0,1.0,0.0,0.0,0.0,0.0,0.0,0.0,bank,website,clicked_link,commerce,company,USD,1.0,1.0,0.0,1.0,0.0
,,1,,transaction,0.0,1.0,0.0,0.0,0.0,0.0,0.0,0.0,0.0,0.0,card,email,shared_credentials,verification,unknown,unknown,0.9,1.0,1.0,1.0,0.0
,,1,,transaction,0.0,0.0,1.0,0.0,0.0,0.0,0.0,0.0,1.0,0.0,bank,sms,sent_money,payment,individual,unknown,0.9,1.0,1.0,0.0,0.0
,,1,,meta,0.0,0.0,0.0,0.0,0.0,0.0,0.0,0.0,1.0,0.0,unknown,none,none,none,none,unknown,0.0,1.0,1.0,0.0,0.0
,,1,50000.0,transaction,1.0,0.0,0.0,0.0,0.0,0.0,0.0,0.0,0.0,0.0,upi,sms,sent_money,payment,bank,unknown,1.0,1.0,1.0,1.0,0.0
,,1,70.0,transaction,0.0,0.0,1.0,0.0,0.0,0.0,0.0,0.0,0.0,0.0,bank,telegram,sent_money,transaction,crypto_exchange,USD,0.8,1.0,0.0,0.0,0.0
,,1,,commerce,0.0,0.0,0.0,1.0,1.0,0.0,0.0,0.0,0.0,0.0,crypto,website,installed_app,commerce,company,unknown,0.9,1.0,1.0,1.0,0.0
,,1,,transaction,0.0,0.0,1.0,0.0,0.0,0.0,0.0,0.0,1.0,0.0,bank,email,shared_credentials,transaction,company,unknown,0.8,1.0,0.0,0.0,0.0
,,1,,transaction,0.0,1.0,0.0,0.0,0.0,0.0,0.0,0.0,0.0,0.0,unknown,website,clicked_link,none,unknown,unknown,0.0,0.0,0.0,0.0,0.0
,,1,,transaction,1.0,0.0,0.0,0.0,0.0,0.0,0.0,0.0,0.0,0.0,upi,email,sent_money,payment,bank,unknown,0.8,1.0,0.0,1.0,0.0
,,1,,commerce,0.0,0.0,0.0,1.0,0.0,0.0,0.0,0.0,0.0,0.0,upi,email,sent_money,payment,none,unknown,0.8,1.0,0.0,0.0,0.0
,,0,,none,0.0,0.0,0.0,0.0,0.0,0.0,0.0,0.0,0.0,0.0,unknown,website,clicked_link,none,none,unknown,0.0,0.0,1.0,0.0,0.0
,,1,,commerce,0.0,0.0,1.0,0.0,0.0,0.0,0.0,0.0,1.0,0.0,bank,phone,none,payment,company,unknown,0.8,1.0,0.0,1.0,0.0
,,1,,commerce,0.0,1.0,0.0,0.0,0.0,0.0,0.0,0.0,0.0,0.0,crypto,website,sent_money,payment,company,unknown,0.0,0.0,0.0,1.0,0.0
,,1,5000.0,commerce,0.0,1.0,0.0,0.0,0.0,0.0,0.0,0.0,0.0,0.0,bank,email,sent_money,payment,individual,unknown,0.8,1.0,1.0,1.0,0.0
,,1,8000.0,transaction,0.0,0.0,1.0,0.0,0.0,0.0,0.0,1.0,0.0,0.0,bank,email,paid,payment,government_agency,USD,1.0,1.0,1.0,1.0,0.0
,,1,,social_engineering,0.0,0.0,0.0,0.0,0.0,0.0,0.0,1.0,0.0,0.0,unknown,direct_messages,none,none,individual,unknown,1.0,1.0,0.0,0.0,0.0
,,1,10000.0,transaction,1.0,0.0,0.0,0.0,0.0,0.0,0.0,1.0,0.0,0.0,upi,telegram,sent_money,payment,unknown,INR,0.8,1.0,0.0,0.0,0.0
,,1,,transaction,0.0,0.0,1.0,0.0,0.0,0.0,0.0,0.0,0.0,1.0,bank,sms,sent_money,transaction,none,unknown,0.9,1.0,0.0,0.0,0.0
,,1,,transaction,0.0,1.0,1.0,0.0,0.0,0.0,0.0,0.0,1.0,0.0,bank,website,sent_money,transaction,company,unknown,0.9,1.0,1.0,1.0,0.0
,,1,,transaction,0.0,1.0,0.0,0.0,0.0,0.0,0.0,0.0,0.0,0.0,card,phone,sent_money,payment,none,unknown,0.8,1.0,1.0,0.0,0.0
,,1,2000.0,commerce,0.0,0.0,0.0,0.0,0.0,0.0,0.0,0.0,0.0,0.0,upi,email,sent_money,payment,ebay,USD,1.0,1.0,1.0,1.0,0.0
,,1,6000.0,commerce,0.0,0.0,0.0,1.0,1.0,0.0,0.0,0.0,1.0,0.0,upi,sms,sent_money,payment,company,INR,0.95,1.0,1.0,1.0,0.0
,,1,,commerce,0.0,0.0,1.0,0.0,0.0,0.0,0.0,0.0,1.0,0.0,bank,none,sent_money,payment,company,unknown,0.9,1.0,1.0,0.0,0.0
,,1,,social_engineering,0.0,0.0,0.0,0.0,0.0,1.0,1.0,1.0,0.0,0.0,unknown,phone,none,none,government,unknown,1.0,1.0,1.0,1.0,0.0
,,1,,social_engineering,0.0,0.0,0.0,0.0,0.0,0.0,1.0,1.0,0.0,0.0,unknown,sms,sent_money,payment,individual,unknown,1.0,1.0,1.0,1.0,0.0
,,1,400.0,transaction,0.0,1.0,1.0,0.0,0.0,0.0,0.0,0.0,0.0,0.0,bank,phone,sent_money,payment,individual,USD,1.0,1.0,0.0,0.0,0.0
,,1,,transaction,0.0,0.0,0.0,0.0,0.0,0.0,0.0,0.0,1.0,0.0,crypto,website,added_money,payment,none,unknown,0.8,1.0,0.0,0.0,0.0
,,1,,commerce,0.0,1.0,0.0,0.0,0.0,0.0,0.0,0.0,1.0,0.0,card,website,clicked_link,commerce,company,unknown,0.8,1.0,0.0,1.0,0.0
,,1,,social_engineering,0.0,0.0,0.0,0.0,0.0,1.0,0.0,1.0,0.0,0.0,unknown,phone,none,none,unknown,unknown,0.8,1.0,1.0,0.0,0.0
,,1,,transaction,1.0,0.0,0.0,0.0,0.0,0.0,0.0,0.0,0.0,0.0,upi,sms,sent_money,payment,bank,unknown,0.8,1.0,0.0,1.0,0.0
,,1,,transaction,0.0,0.0,1.0,0.0,0.0,0.0,0.0,0.0,0.0,0.0,bank,none,none,none,none,unknown,0.0,0.0,0.0,1.0,0.0
,,1,300.0,transaction,0.0,0.0,0.0,0.0,0.0,0.0,0.0,1.0,0.0,0.0,crypto,website,sent_money,payment,unknown,USD,1.0,1.0,0.0,0.0,0.0
,,1,350.0,commerce,0.0,0.0,1.0,0.0,0.0,0.0,0.0,0.0,1.0,0.0,bank,website,clicked_link,payment,company,unknown,1.0,1.0,0.0,1.0,0.0
,,1,7.0,transaction,0.0,0.0,1.0,0.0,0.0,0.0,0.0,0.0,1.0,0.0,bank,telegram,sent_money,payment,none,USD,0.9,1.0,1.0,0.0,0.0
,,1,,transaction,0.0,1.0,0.0,0.0,0.0,0.0,0.0,0.0,0.0,0.0,card,phone,none,payment,comcast/xfinity,unknown,0.8,1.0,0.0,1.0,0.0
,,1,,transaction,0.0,0.0,0.0,0.0,0.0,0.0,0.0,0.0,0.0,0.0,unknown,website,clicked_link,none,none,unknown,0.5,1.0,1.0,0.0,0.0
,,1,,commerce,0.0,0.0,0.0,1.0,0.0,0.0,0.0,0.0,0.0,0.0,crypto,website,clicked_link,commerce,none,unknown,0.0,1.0,0.0,0.0,0.0
,,1,,transaction,0.0,1.0,0.0,0.0,0.0,0.0,0.0,0.0,0.0,0.0,card,email,sent_money,payment,company,unknown,0.5,1.0,0.0,1.0,0.0
,,1,100000.0,transaction,0.0,0.0,0.0,0.0,0.0,0.0,0.0,0.0,0.0,0.0,unknown,none,sent_money,payment,individual,INR,0.9,1.0,1.0,0.0,0.0
,,1,,social_engineering,0.0,0.0,0.0,0.0,0.0,1.0,0.0,0.0,0.0,0.0,unknown,sms | email | phone | social_media | website | app | unknown | none,clicked_link,none,company,unknown,0.8,1.0,0.0,1.0,0.0
,,1,,transaction,1.0,0.0,0.0,0.0,0.0,0.0,1.0,1.0,0.0,0.0,upi,sms,sent_money,payment,bank,unknown,1.0,1.0,1.0,1.0,0.0
,,1,,transaction,0.0,1.0,0.0,0.0,0.0,0.0,0.0,0.0,0.0,0.0,card,youtube,clicked_link,payment,unknown,unknown,0.8,1.0,0.0,0.0,0.0
,,1,,transaction,0.0,0.0,1.0,0.0,0.0,0.0,0.0,0.0,0.0,0.0,bank,none,none,transaction,company,unknown,0.0,0.0,0.0,1.0,0.0
,,1,,commerce,0.0,1.0,0.0,0.0,0.0,0.0,0.0,0.0,1.0,0.0,card,website,opened_box,commerce,exotic_pet_store,unknown,0.8,1.0,1.0,0.0,0.0
,,1,,transaction,0.0,0.0,1.0,0.0,0.0,0.0,0.0,0.0,1.0,0.0,bank,sms,sent_money,payment,company,unknown,0.8,1.0,1.0,1.0,0.0
,,1,,commerce,0.0,0.0,1.0,0.0,0.0,0.0,0.0,0.0,1.0,0.0,bank,sms,sent_money,payment,company,unknown,0.9,1.0,0.0,0.0,0.0
,,1,,transaction,0.0,0.0,1.0,0.0,0.0,0.0,0.0,0.0,0.0,0.0,bank,email,clicked_link,transaction,company,unknown,0.9,1.0,1.0,1.0,0.0
,,1,2000.0,transaction,0.0,0.0,1.0,0.0,0.0,0.0,0.0,0.0,0.0,0.0,bank,sms,sent_money,payment,none,unknown,1.0,1.0,0.0,0.0,0.0
,,1,,transaction,0.0,1.0,0.0,0.0,0.0,0.0,0.0,0.0,0.0,0.0,unknown,website,sent_money,payment,company,unknown,0.8,1.0,1.0,1.0,0.0
,,1,4.0,transaction,0.0,0.0,0.0,0.0,0.0,0.0,0.0,0.0,0.0,0.0,unknown,social_media,clicked_link,payment,none,USD,0.9,1.0,0.0,0.0,0.0
,,1,,transaction,0.0,0.0,1.0,0.0,0.0,0.0,0.0,0.0,1.0,0.0,bank,unknown,sent_money,transaction,company,unknown,0.9,1.0,1.0,1.0,0.0
,,1,,commerce,0.0,0.0,0.0,1.0,0.0,0.0,0.0,0.0,0.0,0.0,upi | card | bank | crypto | gift_card | unknown | none,sms | email | phone | social_media | website | app | unknown | none,sent_money | shared_credentials | clicked_link | installed_app | none | unknown,payment | verification | login | download | none | unknown,bank_|_government_|_company_|_individual_|_none_|_unknown,unknown,0.5,1.0,0.0,0.0,0.0
,,1,,transaction,0.0,0.0,0.0,0.0,0.0,0.0,0.0,0.0,0.0,0.0,bank,phone,sent_money,payment,individual,unknown,0.8,1.0,0.0,0.0,0.0
,,1,15000.0,transaction,0.0,0.0,1.0,0.0,0.0,0.0,0.0,0.0,1.0,0.0,bank,telegram,clicked_link,payment,individual,unknown,0.8,1.0,0.0,0.0,0.0
,,1,,transaction,0.0,0.0,1.0,0.0,0.0,0.0,0.0,0.0,1.0,0.0,bank,phone,shared_credentials,transaction,none,unknown,0.8,1.0,0.0,0.0,0.0
,,1,,social_engineering,0.0,0.0,0.0,0.0,0.0,1.0,0.0,1.0,0.0,0.0,unknown,email,shared_credentials,none,moonpay,unknown,1.0,1.0,1.0,1.0,0.0
,,1,,transaction,0.0,0.0,1.0,0.0,0.0,0.0,0.0,0.0,1.0,0.0,bank,phone,sent_money,payment,company,unknown,0.8,1.0,1.0,1.0,0.0
,,1,,transaction,0.0,0.0,1.0,0.0,0.0,0.0,0.0,1.0,0.0,0.0,bank,sms,sent_money,none,unknown,unknown,0.8,1.0,1.0,0.0,0.0
,,1,,transaction,0.0,0.0,0.0,0.0,0.0,0.0,0.0,0.0,0.0,0.0,crypto,email,clicked_link,payment,unknown,unknown,0.0,1.0,0.0,0.0,0.0
,,1,,social_engineering,0.0,0.0,0.0,0.0,0.0,0.0,0.0,1.0,0.0,0.0,unknown,sms,sent_money,none,none,unknown,1.0,1.0,1.0,0.0,0.0
,,1,,social_engineering,0.0,0.0,0.0,0.0,0.0,1.0,0.0,0.0,0.0,0.0,unknown,website,clicked_link,none,none,unknown,0.9,1.0,1.0,0.0,0.0
,,1,59.99,transaction,0.0,1.0,0.0,0.0,0.0,0.0,0.0,0.0,0.0,0.0,card,website,clicked_link,payment,company,unknown,0.0,1.0,0.0,1.0,0.0
,,1,125.0,commerce,0.0,0.0,0.0,1.0,0.0,0.0,0.0,0.0,0.0,0.0,bank,email,sent_money,payment,individual,USD,0.8,1.0,0.0,0.0,0.0
,,1,,transaction,0.0,0.0,1.0,0.0,0.0,0.0,0.0,0.0,1.0,0.0,bank,website,sent_money,payment,company,unknown,0.8,1.0,1.0,1.0,0.0
,,1,,transaction,1.0,0.0,0.0,0.0,0.0,0.0,0.0,0.0,0.0,0.0,upi,sms,sent_money,payment,bank,unknown,0.9,1.0,0.0,1.0,0.0
,,1,,transaction,0.0,1.0,0.0,0.0,0.0,0.0,0.0,0.0,0.0,0.0,bank,email,deposited_check,payment,unknown,unknown,0.9,1.0,1.0,0.0,0.0
,,1,100.0,transaction,0.0,0.0,1.0,0.0,0.0,0.0,0.0,0.0,1.0,0.0,bank,email,sent_money,payment,title_company,USD,0.8,1.0,1.0,1.0,0.0
,,1,200.0,transaction,1.0,0.0,0.0,0.0,0.0,1.0,0.0,0.0,0.0,0.0,upi,email,shared_credentials,transaction,bank,INR,1.0,1.0,1.0,1.0,0.0
,,1,1600.0,muse,0.0,0.0,0.0,0.0,0.0,0.0,0.0,0.0,0.0,0.0,unknown,none,none,none,none,unknown,0.0,0.0,0.0,0.0,0.0
,,1,,transaction,1.0,0.0,0.0,0.0,0.0,0.0,0.0,0.0,0.0,0.0,upi,sms,sent_money,payment,bank,unknown,0.8,1.0,0.0,1.0,0.0
,,1,,transaction,0.0,0.0,1.0,0.0,0.0,0.0,0.0,0.0,0.0,0.0,bank,social_media,sent_money,payment,individual,unknown,0.8,1.0,0.0,0.0,0.0
,,1,,commerce,0.0,0.0,0.0,0.0,0.0,0.0,0.0,0.0,0.0,0.0,paypal,email,sent_money,payment,unknown,unknown,0.8,1.0,0.0,0.0,0.0
,,1,,commerce,0.0,0.0,0.0,1.0,0.0,0.0,0.0,0.0,1.0,0.0,upi,website,clicked_link,commerce,company,unknown,0.8,1.0,0.0,0.0,0.0
,,1,,transaction,0.0,0.0,1.0,0.0,0.0,0.0,0.0,0.0,1.0,0.0,bank,sms,sent_money,payment,none,unknown,0.9,1.0,1.0,0.0,0.0
,,1,41.99,commerce,0.0,0.0,0.0,0.0,0.0,0.0,0.0,0.0,0.0,0.0,unknown,website,clicked_link,payment,none,USD,0.0,0.0,0.0,0.0,0.0
,,1,,transaction,0.0,1.0,0.0,0.0,0.0,0.0,0.0,0.0,0.0,0.0,card,app,clicked_link,redeem,verizon,unknown,0.8,1.0,1.0,1.0,0.0
,,1,,transaction,0.0,0.0,0.0,0.0,0.0,0.0,0.0,0.0,0.0,0.0,bank,website,transfer_money,payment,company,unknown,0.0,1.0,1.0,1.0,0.0
,,1,,social_engineering,0.0,0.0,0.0,0.0,0.0,1.0,0.0,0.0,0.0,0.0,unknown,social_media,clicked_link,none,individual,unknown,0.8,1.0,0.0,1.0,0.0
,,1,,transaction,0.0,0.0,1.0,0.0,0.0,0.0,0.0,0.0,1.0,0.0,bank,email,sent_money,payment,individual,unknown,0.8,1.0,0.0,0.0,0.0
,,1,,transaction,1.0,0.0,0.0,0.0,0.0,0.0,0.0,0.0,0.0,0.0,upi,sms,sent_money,payment,unknown,unknown,0.8,1.0,0.0,0.0,0.0
,,1,560.0,transaction,0.0,1.0,0.0,0.0,0.0,0.0,0.0,0.0,0.0,0.0,crypto,website,clicked_link,investment,unknown,USD,1.0,1.0,1.0,0.0,0.0
,,1,,transaction,0.0,0.0,0.0,0.0,0.0,0.0,0.0,0.0,0.0,0.0,unknown,website,downloaded_file,none,unknown,unknown,0.95,1.0,0.0,0.0,0.0
,,1,400.0,transaction,0.0,0.0,1.0,0.0,0.0,0.0,0.0,0.0,0.0,0.0,bank,email,sent_money,payment,company,USD,0.8,1.0,0.0,1.0,0.0
,,1,1.0,transaction,0.0,0.0,0.0,0.0,0.0,0.0,0.0,0.0,1.0,0.0,upi,email,sent_money,payment,unknown,PHP,0.8,1.0,1.0,0.0,0.0
,,1,130000.0,transaction,0.0,0.0,0.0,1.0,0.0,0.0,0.0,0.0,0.0,0.0,bank,phone,sent_money,payment,merchant,INR,0.9,1.0,0.0,0.0,0.0
,,1,,transaction,0.0,0.0,1.0,0.0,0.0,0.0,0.0,0.0,0.0,0.0,bank,sms,sent_money,transaction,company,unknown,0.9,1.0,0.0,1.0,0.0
,,1,,transaction,1.0,0.0,0.0,0.0,0.0,0.0,0.0,1.0,0.0,0.0,upi,phone,sent_money,payment,company,unknown,1.0,1.0,0.0,0.0,0.0
,,1,12000.0,transaction,0.0,0.0,1.0,0.0,0.0,0.0,0.0,0.0,1.0,0.0,bank,email,sent_money,payment,company,unknown,0.9,1.0,1.0,1.0,0.0
,,1,150.0,transaction,1.0,0.0,0.0,0.0,0.0,0.0,0.0,1.0,0.0,0.0,upi,website,clicked_link,transaction,unknown,INR,1.0,1.0,0.0,0.0,0.0
,,1,,transaction,0.0,1.0,0.0,0.0,0.0,0.0,0.0,0.0,0.0,0.0,card,email,sent_money,payment,unknown,unknown,0.8,1.0,1.0,0.0,0.0
,,1,1900.0,transaction,0.0,0.0,0.0,0.0,0.0,0.0,0.0,0.0,0.0,0.0,crypto,social_media,sent_money,payment,trading_platform,USD,0.8,1.0,1.0,1.0,0.0
,,1,20000.0,transaction,0.0,0.0,1.0,0.0,0.0,1.0,0.0,0.0,0.0,0.0,bank,email,sent_money,payment,company,USD,0.5,1.0,1.0,1.0,0.0
,,1,,social_engineering,0.0,0.0,0.0,0.0,0.0,1.0,1.0,1.0,0.0,0.0,unknown,phone,none,none,police,unknown,1.0,1.0,1.0,1.0,0.0
,,1,1000.0,transaction,0.0,1.0,0.0,0.0,0.0,0.0,0.0,0.0,1.0,0.0,card,phone,none,payment,company,USD,0.9,1.0,1.0,1.0,0.0
,,1,,transaction,0.0,0.0,1.0,0.0,0.0,0.0,0.0,0.0,0.0,0.0,bank,unknown,none,transaction,bank,unknown,0.0,1.0,1.0,1.0,0.0
,,1,25.0,transaction,0.0,0.0,0.0,0.0,0.0,0.0,0.0,0.0,1.0,0.0,upi,telegram,sent_money,payment,unknown,USD,0.9,1.0,0.0,0.0,0.0
,,1,,transaction,1.0,0.0,0.0,0.0,0.0,0.0,0.0,0.0,0.0,0.0,upi,phone,sent_money,payment,individual,unknown,0.8,1.0,1.0,0.0,0.0
,,1,1000.0,transaction,0.0,1.0,0.0,0.0,0.0,0.0,0.0,0.0,1.0,0.0,bank,whatsapp,sent_money,payment,unknown,USD,0.8,1.0,0.0,0.0,0.0
,,1,,transaction,0.0,1.0,0.0,0.0,0.0,0.0,0.0,0.0,0.0,0.0,card,phone,shared_credentials,none,apple_/_goldman_sachs,unknown,0.8,1.0,1.0,1.0,0.0
,,1,9800.0,transaction,0.0,0.0,1.0,0.0,0.0,0.0,0.0,0.0,1.0,0.0,bank,telegram,sent_money,payment,company,EUR,1.0,1.0,1.0,1.0,0.0
,,0,,none,0.0,0.0,0.0,0.0,0.0,0.0,0.0,0.0,0.0,0.0,unknown,unknown,none,none,unknown,unknown,0.0,0.0,0.0,0.0,0.0
,,1,,social_engineering,0.0,0.0,0.0,0.0,0.0,0.0,1.0,1.0,0.0,0.0,unknown,phone,reported,none,police,unknown,1.0,1.0,1.0,1.0,0.0
,,1,1000.0,transaction,0.0,0.0,0.0,0.0,0.0,0.0,0.0,1.0,0.0,0.0,crypto,website,clicked_link,transaction,company,unknown,1.0,1.0,1.0,0.0,0.0
,,1,,transaction,1.0,0.0,0.0,0.0,0.0,0.0,0.0,0.0,0.0,0.0,upi,sms,sent_money,payment,bank,unknown,0.8,1.0,0.0,1.0,0.0
,,1,,commerce,0.0,0.0,0.0,1.0,1.0,0.0,0.0,0.0,0.0,0.0,upi,social_media,sent_money,payment,company,unknown,0.5,1.0,1.0,1.0,0.0
,,1,150.0,transaction,0.0,1.0,0.0,0.0,0.0,0.0,0.0,1.0,0.0,0.0,card,phone,sent_money,payment,none,unknown,1.0,1.0,0.0,0.0,0.0
,,1,,transaction,0.0,0.0,0.0,0.0,0.0,0.0,0.0,1.0,0.0,0.0,unknown,phone,none,none,none,unknown,0.8,1.0,0.0,0.0,0.0
,,1,96.0,commerce,0.0,0.0,0.0,1.0,0.0,0.0,0.0,0.0,0.0,0.0,bank,website,clicked_link,commerce,company,USD,0.8,1.0,0.0,0.0,0.0
,,1,5000.0,social_engineering,0.0,0.0,0.0,0.0,0.0,0.0,1.0,1.0,0.0,0.0,unknown,phone,none,none,police_officer,USD,1.0,1.0,1.0,1.0,0.0
,,1,,transaction,0.0,0.0,0.0,0.0,0.0,0.0,0.0,0.0,0.0,0.0,unknown,email,clicked_link,none,company,unknown,0.9,1.0,0.0,1.0,0.0
,,1,,transaction,0.0,0.0,1.0,0.0,0.0,0.0,0.0,0.0,0.0,0.0,bank,email,clicked_link,transaction,ups,unknown,0.9,1.0,1.0,1.0,0.0
,,1,,transaction,0.0,0.0,1.0,0.0,0.0,0.0,0.0,0.0,0.0,0.0,bank,website,sent_money,transaction,none,unknown,0.9,1.0,0.0,0.0,0.0
,,1,6000.0,transaction,0.0,0.0,1.0,0.0,0.0,0.0,0.0,0.0,0.0,0.0,bank,computer,sent_money,transaction,none,unknown,1.0,1.0,1.0,0.0,0.0
,,1,500.0,transaction,0.0,1.0,0.0,0.0,0.0,0.0,0.0,0.0,0.0,0.0,card,email,sent_money,payment,none,USD,1.0,1.0,1.0,0.0,0.0
,,1,,social_engineering,0.0,0.0,0.0,0.0,0.0,1.0,0.0,0.0,0.0,0.0,unknown,phone,none,none,individual,unknown,0.8,1.0,0.0,0.0,0.0
,,1,,transaction,1.0,0.0,0.0,0.0,0.0,0.0,0.0,0.0,0.0,0.0,upi,phone,sent_money,payment,blinkit_support,unknown,0.8,1.0,1.0,1.0,0.0
,,1,220.0,transaction,0.0,0.0,0.0,0.0,0.0,0.0,0.0,0.0,1.0,0.0,crypto,website,sent_money,payment,unknown,USDT,1.0,1.0,0.0,0.0,0.0
,,1,,transaction,0.0,1.0,0.0,0.0,0.0,0.0,0.0,0.0,0.0,0.0,card,unknown,none,payment,individual,unknown,0.5,1.0,1.0,0.0,0.0
,,1,,transaction,0.0,0.0,1.0,0.0,0.0,0.0,0.0,0.0,0.0,0.0,bank,website,sent_money,transaction,bank,unknown,0.9,1.0,0.0,1.0,0.0
,,1,,commerce,0.0,0.0,0.0,1.0,0.0,0.0,0.0,0.0,0.0,0.0,unknown,none,none,none,none,unknown,0.8,1.0,1.0,0.0,0.0
,,1,80.0,commerce,0.0,0.0,0.0,1.0,1.0,0.0,0.0,0.0,0.0,0.0,bank,email,paid,commerce,company,USD,0.5,1.0,1.0,0.0,0.0
,,1,499.0,commerce,1.0,0.0,0.0,1.0,0.0,0.0,0.0,0.0,0.0,0.0,upi,website,sent_money,payment,company,INR,0.5,1.0,1.0,1.0,0.0
,,1,150.0,commerce,0.0,0.0,0.0,0.0,0.0,0.0,0.0,0.0,0.0,0.0,unknown,social_media,sent_money,payment,individual,USD,0.0,0.0,0.0,0.0,0.0
,,1,,transaction,1.0,0.0,0.0,0.0,0.0,0.0,0.0,0.0,0.0,0.0,upi,sms,sent_money,payment,bank,unknown,0.8,1.0,1.0,1.0,0.0
,,1,,commerce,0.0,0.0,0.0,1.0,0.0,0.0,0.0,0.0,1.0,0.0,unknown,website,none,commerce,atlys_(visa_service),unknown,0.9,1.0,1.0,0.0,0.0
,,1,500000.0,social_engineering,0.0,0.0,0.0,0.0,0.0,0.0,1.0,1.0,0.0,0.0,unknown,sms,sent_money,none,elon_musk_tesla,USD,1.0,1.0,1.0,1.0,0.0
,,1,,transaction,0.0,0.0,0.0,0.0,0.0,0.0,0.0,0.0,0.0,0.0,upi | card | bank | crypto | gift_card | unknown | none,sms | email | phone | social_media | website | app | unknown | none,sent_money,payment,bank_|_government_|_company_|_individual_|_none_|_unknown,USD,0.9,1.0,0.0,0.0,0.0
,,1,,transaction,0.0,0.0,1.0,0.0,0.0,0.0,0.0,0.0,1.0,0.0,bank,website,sent_money,transaction,none,EUR,0.9,1.0,1.0,0.0,0.0
,,1,6000.0,transaction,0.0,0.0,1.0,0.0,0.0,0.0,0.0,0.0,1.0,0.0,bank,email,sent_money,refund,company,INR,1.0,1.0,0.0,1.0,0.0
,,1,,transaction,0.0,0.0,1.0,0.0,0.0,0.0,0.0,0.0,1.0,0.0,bank,website,deposited_money,transaction,none,unknown,0.95,1.0,0.0,0.0,0.0
,,1,12000000.0,transaction,0.0,1.0,1.0,0.0,0.0,0.0,0.0,0.0,1.0,0.0,bank,email,sent_money,transaction,bank_employee,INR,0.8,1.0,1.0,1.0,0.0
,,1,,transaction,0.0,1.0,0.0,0.0,0.0,0.0,0.0,0.0,0.0,0.0,card,website,shared_credentials,transaction,company,unknown,0.0,0.0,1.0,0.0,0.0
,,1,20.0,transaction,0.0,0.0,0.0,0.0,0.0,0.0,0.0,1.0,0.0,0.0,crypto,sms,sent_money,transaction,unknown,unknown,1.0,1.0,0.0,0.0,0.0
,,1,,transaction,0.0,1.0,0.0,0.0,0.0,0.0,0.0,0.0,0.0,0.0,card,email,sent_money,refund,paypal,unknown,0.8,1.0,1.0,1.0,0.0
,,1,,meta,0.0,0.0,0.0,0.0,0.0,0.0,1.0,0.0,0.0,0.0,unknown,website,none,none,company,unknown,0.9,1.0,0.0,1.0,0.0
,,1,5.0,transaction,1.0,0.0,0.0,0.0,0.0,0.0,0.0,0.0,1.0,0.0,upi,sms,sent_money,payment,bank,INR,0.8,1.0,0.0,1.0,0.0
,,1,,transaction,1.0,0.0,0.0,0.0,0.0,0.0,0.0,1.0,0.0,0.0,upi,website,clicked_link,transaction,bank,unknown,1.0,1.0,0.0,0.0,0.0
,,1,,transaction,0.0,0.0,0.0,0.0,0.0,0.0,0.0,0.0,1.0,0.0,unknown,none,none,none,insurance_company,unknown,0.0,1.0,0.0,1.0,0.0
,,1,10000.05,transaction,0.0,0.0,1.0,0.0,0.0,0.0,0.0,0.0,0.0,0.0,crypto,website,sent_money,transaction,none,XRP,0.9,1.0,1.0,0.0,0.0
,,1,1000.0,transaction,0.0,0.0,1.0,0.0,0.0,0.0,0.0,1.0,0.0,0.0,bank,social_media,sent_money,payment,company,USD,1.0,1.0,1.0,0.0,0.0
,,1,,transaction,0.0,0.0,0.0,0.0,0.0,0.0,0.0,0.0,0.0,0.0,unknown,sms,sent_money,payment,unknown,unknown,0.0,1.0,0.0,0.0,0.0
,,1,,social_engineering,0.0,0.0,0.0,0.0,0.0,0.0,1.0,1.0,1.0,0.0,unknown,social_media,none,none,individual,unknown,1.0,1.0,1.0,1.0,0.0
,,1,,commerce,0.0,0.0,0.0,1.0,0.0,0.0,0.0,0.0,0.0,0.0,upi,website,clicked_link,commerce,company,unknown,0.9,1.0,0.0,0.0,0.0
,,1,,transaction,0.0,1.0,0.0,0.0,0.0,0.0,0.0,0.0,0.0,0.0,crypto,website,clicked_link,payment,unknown,unknown,0.0,1.0,1.0,0.0,0.0
,,1,,transaction,1.0,1.0,1.0,0.0,0.0,0.0,0.0,0.0,0.0,0.0,upi | card | bank,phone,sent_money,verification,bank,unknown,1.0,1.0,1.0,1.0,0.0
,,1,,commerce,0.0,0.0,0.0,0.0,0.0,0.0,0.0,0.0,0.0,0.0,unknown,website,clicked_link,commerce,company,unknown,0.9,1.0,1.0,0.0,0.0
,,1,350000.0,transaction,0.0,0.0,1.0,0.0,0.0,0.0,1.0,1.0,1.0,0.0,bank,phone,shared_credentials,transaction,company,USD,1.0,1.0,1.0,1.0,0.0
,,1,,transaction,0.0,1.0,0.0,0.0,0.0,0.0,0.0,0.0,0.0,0.0,crypto,website,shared_credentials,payment,company,unknown,0.0,1.0,1.0,1.0,1.0
,,1,,transaction,1.0,0.0,0.0,0.0,0.0,0.0,0.0,1.0,0.0,0.0,upi,sms,sent_money,payment,bank,unknown,1.0,1.0,0.0,1.0,0.0
,,1,3297.29,transaction,0.0,1.0,0.0,0.0,0.0,0.0,0.0,0.0,0.0,0.0,card,sms,sent_money,payment,company,USD,0.8,1.0,0.0,0.0,0.0
,,1,,commerce,0.0,0.0,1.0,1.0,1.0,0.0,0.0,0.0,1.0,0.0,bank,sms,paid_money,payment,individual,unknown,0.8,1.0,1.0,0.0,0.0
,,1,,transaction,0.0,0.0,1.0,0.0,0.0,0.0,0.0,0.0,0.0,0.0,bank,sms,sent_money,payment,company,unknown,0.9,1.0,1.0,1.0,0.0
,,1,,transaction,0.0,0.0,1.0,0.0,0.0,0.0,0.0,0.0,0.0,0.0,bank,website,withdrew_funds,transaction,bank,unknown,0.9,1.0,1.0,1.0,0.0
,,1,,social_engineering,0.0,0.0,0.0,0.0,0.0,0.0,1.0,1.0,0.0,0.0,unknown,phone,none,none,police,unknown,1.0,1.0,1.0,1.0,0.0
,,1,,commerce,0.0,0.0,0.0,1.0,0.0,0.0,0.0,0.0,0.0,0.0,upi,sms,sent_money,payment,company,unknown,0.8,1.0,0.0,0.0,0.0
,,0,,none,0.0,0.0,0.0,0.0,0.0,0.0,0.0,0.0,0.0,0.0,upi,sms,sent_money,payment,company,unknown,0.0,1.0,0.0,0.0,0.0
,,1,,social_engineering,0.0,0.0,0.0,0.0,0.0,0.0,0.0,1.0,0.0,0.0,unknown,phone,none,none,individual,unknown,1.0,1.0,1.0,0.0,0.0
,,0,,none,0.0,0.0,0.0,0.0,0.0,0.0,0.0,0.0,0.0,0.0,unknown,discord,unknown,unknown,unknown,unknown,0.0,0.0,0.0,0.0,0.0
,,1,,transaction,1.0,0.0,0.0,0.0,0.0,0.0,1.0,1.0,0.0,0.0,upi,phone,sent_money,payment,bank,unknown,1.0,1.0,1.0,1.0,0.0
,,1,,social_engineering,0.0,0.0,0.0,0.0,0.0,1.0,0.0,0.0,0.0,0.0,unknown,phone,changed_email,login,none,unknown,0.8,1.0,1.0,0.0,0.0
,,1,2500.0,transaction,0.0,1.0,0.0,0.0,0.0,0.0,0.0,0.0,0.0,0.0,crypto,website,clicked_link,payment,none,USD,0.9,1.0,1.0,0.0,0.0
,,1,6000.0,transaction,0.0,0.0,1.0,0.0,0.0,0.0,0.0,0.0,0.0,0.0,bank,phone,none,payment,bank,USD,1.0,1.0,1.0,1.0,0.0
,,1,,transaction,0.0,0.0,0.0,0.0,0.0,0.0,0.0,0.0,1.0,0.0,crypto,website,clicked_link,transaction,none,unknown,0.9,1.0,1.0,0.0,0.0
,,1,5000.0,commerce,0.0,0.0,0.0,1.0,0.0,0.0,0.0,0.0,0.0,0.0,upi,website,sent_money,payment,company,unknown,0.8,1.0,1.0,1.0,0.0
,,1,,transaction,0.0,0.0,0.0,0.0,0.0,0.0,0.0,0.0,0.0,0.0,crypto,website,sent_money,payment,company,unknown,0.5,1.0,1.0,1.0,0.0
,,1,80.0,commerce,0.0,0.0,0.0,1.0,0.0,0.0,0.0,0.0,0.0,0.0,upi,email,sent_money,payment,company,USD,0.5,1.0,0.0,1.0,0.0
,,1,,transaction,1.0,0.0,0.0,0.0,0.0,0.0,0.0,1.0,0.0,0.0,upi,phone,sent_money,payment,bank,unknown,1.0,1.0,0.0,1.0,0.0
,,1,100.0,transaction,0.0,0.0,1.0,0.0,0.0,0.0,0.0,0.0,0.0,0.0,bank,sms,sent_money,payment,none,unknown,0.5,1.0,0.0,0.0,0.0
,,1,,transaction,1.0,0.0,0.0,0.0,0.0,0.0,0.0,1.0,0.0,0.0,upi,sms,sent_money,payment,bank,unknown,1.0,1.0,0.0,1.0,0.0
,,1,1775.0,transaction,0.0,1.0,0.0,0.0,0.0,0.0,0.0,0.0,0.0,0.0,crypto,website,sent_money,payment,unknown,ETH,0.0,0.0,1.0,0.0,0.0
,,1,,transaction,0.0,1.0,1.0,0.0,0.0,0.0,0.0,1.0,1.0,0.0,card,phone,clicked_link,transaction,bank,unknown,1.0,1.0,1.0,0.0,0.0
,,1,232.0,transaction,0.0,1.0,0.0,0.0,0.0,0.0,0.0,0.0,0.0,0.0,bank,email,sent_money,transaction,company,USD,0.8,1.0,1.0,1.0,0.0
,,1,,transaction,0.0,0.0,1.0,0.0,0.0,0.0,0.0,0.0,1.0,0.0,bank,app,installed_app,payment,none,unknown,0.9,1.0,1.0,0.0,0.0
,,1,,transaction,0.0,0.0,0.0,0.0,0.0,0.0,0.0,0.0,0.0,0.0,unknown,sms,sent_money,none,company,unknown,0.95,1.0,0.0,1.0,0.0
,,1,36950.0,commerce,0.0,0.0,1.0,1.0,0.0,0.0,0.0,0.0,0.0,0.0,bank,phone,sent_money,payment,company,INR,1.0,1.0,1.0,0.0,0.0
,,1,100.0,transaction,0.0,0.0,0.0,0.0,1.0,0.0,0.0,0.0,0.0,0.0,crypto,app,installed_app,transaction,unknown,unknown,0.8,1.0,0.0,0.0,0.0
,,1,1000.0,transaction,0.0,0.0,1.0,0.0,0.0,0.0,0.0,0.0,1.0,0.0,bank,email,deposited_money,payment,scammer,USD,0.9,1.0,1.0,0.0,0.0
,,1,976.0,transaction,0.0,0.0,1.0,0.0,0.0,0.0,0.0,0.0,0.0,0.0,bank,email,deposited_check,payment,unknown,USD,0.8,1.0,0.0,0.0,0.0
,,1,,commerce,0.0,0.0,0.0,1.0,1.0,0.0,0.0,0.0,0.0,0.0,bank,email,clicked_link,payment,company,unknown,0.8,1.0,1.0,0.0,0.0
,,1,,transaction,0.0,0.0,0.0,0.0,0.0,0.0,0.0,0.0,1.0,0.0,unknown,none,none,none,none,unknown,0.8,1.0,0.0,0.0,0.0
,,1,,social_engineering,0.0,0.0,0.0,0.0,0.0,0.0,1.0,1.0,0.0,0.0,unknown,phone,none,none,individual,unknown,0.8,1.0,0.0,1.0,0.0
,,1,,meta,0.0,0.0,0.0,0.0,0.0,0.0,1.0,1.0,1.0,0.0,unknown,sms | email | phone | social_media | website | app | unknown | none,installed_app,none,individual,unknown,1.0,1.0,1.0,1.0,0.0
,,1,,social_engineering,0.0,0.0,0.0,0.0,0.0,1.0,0.0,0.0,0.0,0.0,unknown,sms,none,none,individual,unknown,0.9,1.0,1.0,1.0,0.0
,,1,378.0,commerce,0.0,0.0,0.0,1.0,0.0,0.0,0.0,0.0,0.0,0.0,upi,website,sent_money,payment,company,INR,0.9,1.0,1.0,1.0,0.0
,,1,,commerce,0.0,0.0,0.0,1.0,0.0,0.0,0.0,0.0,0.0,0.0,upi,website,sent_money,payment,company,unknown,0.8,1.0,0.0,1.0,0.0
,,1,,transaction,0.0,0.0,0.0,0.0,0.0,0.0,0.0,0.0,0.0,0.0,crypto,phone,sent_money,payment,unknown,unknown,0.0,1.0,1.0,0.0,0.0
,,1,1000600600.0,transaction,0.0,0.0,1.0,0.0,0.0,0.0,0.0,1.0,0.0,0.0,bank,social_media,sent_money,transaction,none,USD,1.0,1.0,1.0,0.0,0.0
,,1,8000.0,transaction,0.0,0.0,1.0,0.0,0.0,0.0,0.0,0.0,1.0,0.0,bank,website,sent_money,payment,unknown,USD,1.0,1.0,1.0,0.0,0.0
,,1,36.9,transaction,0.0,1.0,0.0,0.0,0.0,0.0,0.0,0.0,0.0,0.0,crypto,website,sent_money,payment,company,USD,0.8,1.0,0.0,0.0,0.0
,,1,,transaction,0.0,0.0,0.0,0.0,0.0,0.0,0.0,0.0,0.0,0.0,unknown,sms,sent_money,payment,none,unknown,0.8,1.0,0.0,0.0,0.0
,,1,,social_engineering,0.0,0.0,0.0,0.0,0.0,0.0,1.0,1.0,0.0,0.0,unknown,phone,none,none,police,unknown,0.9,1.0,1.0,1.0,0.0
,,1,2500.0,transaction,0.0,0.0,1.0,0.0,0.0,0.0,0.0,0.0,0.0,0.0,bank,website,sent_money,verification,none,unknown,1.0,1.0,1.0,0.0,0.0
,,1,,transaction,1.0,0.0,0.0,0.0,0.0,0.0,1.0,1.0,0.0,0.0,upi,sms,sent_money,payment,bank,unknown,0.9,1.0,1.0,1.0,0.0
,,1,,commerce,0.0,0.0,0.0,1.0,1.0,0.0,0.0,0.0,0.0,0.0,upi,email,clicked_link,sale,ebay,unknown,0.8,1.0,1.0,1.0,0.0
,,1,,transaction,0.0,0.0,1.0,0.0,0.0,0.0,0.0,0.0,0.0,0.0,bank,email,sent_money,transaction,company,unknown,0.9,1.0,0.0,1.0,0.0
,,1,,transaction,0.0,0.0,0.0,0.0,0.0,0.0,0.0,0.0,1.0,0.0,crypto,website,clicked_link,none,company,unknown,0.8,1.0,0.0,1.0,0.0
,,1,200.0,commerce,0.0,0.0,0.0,0.0,0.0,0.0,0.0,0.0,0.0,0.0,bank,website,sent_money,payment,company,unknown,0.5,1.0,0.0,1.0,0.0
,,1,,social_engineering,0.0,0.0,0.0,0.0,0.0,1.0,1.0,1.0,0.0,0.0,unknown,sms,none,none,individual,unknown,1.0,1.0,1.0,1.0,0.0
,,1,,transaction,1.0,1.0,1.0,0.0,0.0,0.0,0.0,0.0,0.0,0.0,upi | card | bank | crypto | gift_card | unknown | none,sms | email | phone | social_media | website | app | unknown | none,sent_money | shared_credentials | clicked_link | installed_app | none | unknown,payment | verification | login | download | none | unknown,bank_|_government_|_company_|_individual_|_none_|_unknown,unknown,0.9,1.0,1.0,0.0,0.0
,,1,1700.0,transaction,0.0,0.0,1.0,0.0,0.0,0.0,0.0,0.0,0.0,0.0,bank,website,sent_money,transaction,none,unknown,0.9,1.0,1.0,0.0,0.0
,,1,,transaction,0.0,1.0,0.0,0.0,0.0,0.0,0.0,0.0,0.0,0.0,card,in_person,sent_money,payment,individual,unknown,0.8,1.0,0.0,0.0,0.0
,,1,5000000.0,transaction,0.0,0.0,1.0,0.0,0.0,0.0,1.0,1.0,1.0,0.0,bank,video_call,transfer_money,extortion,government_officials,INR,1.0,1.0,1.0,1.0,0.0
,,1,250.0,transaction,0.0,1.0,0.0,0.0,0.0,0.0,0.0,0.0,0.0,0.0,card,unknown,inserted_card,payment,none,USD,0.8,1.0,1.0,0.0,0.0
,,1,,social_engineering,0.0,0.0,0.0,0.0,0.0,1.0,1.0,1.0,0.0,0.0,unknown,email,clicked_link,none,company,unknown,1.0,1.0,1.0,1.0,0.0
,,1,,transaction,0.0,1.0,0.0,0.0,0.0,0.0,0.0,0.0,0.0,0.0,crypto,website,clicked_link,payment,company,unknown,0.8,1.0,0.0,1.0,0.0
,,1,25.0,transaction,0.0,1.0,1.0,0.0,0.0,0.0,0.0,0.0,0.0,0.0,bank,sms,sent_money,payment,company,EUR,0.99999,1.0,1.0,1.0,0.0
,,1,,transaction,0.0,0.0,1.0,0.0,0.0,0.0,0.0,0.0,0.0,0.0,bank,phone,none,transaction,bank,unknown,0.8,1.0,0.0,1.0,0.0
,,1,500.0,transaction,0.0,1.0,1.0,0.0,0.0,0.0,0.0,1.0,0.0,0.0,bank,email,sent_money,payment,company,USD,1.0,1.0,1.0,0.0,0.0
,,1,,transaction,0.0,1.0,0.0,0.0,0.0,0.0,0.0,0.0,0.0,0.0,bank,phone,none,transaction,company,unknown,0.8,1.0,0.0,1.0,0.0
,,1,5000.0,transaction,0.0,1.0,0.0,0.0,0.0,0.0,0.0,0.0,0.0,0.0,card,email,shared_credentials,payment,unknown,USD,1.0,1.0,1.0,0.0,0.0
,,1,3000.0,commerce,0.0,0.0,0.0,1.0,0.0,0.0,0.0,0.0,1.0,0.0,upi,email,sent_money,payment,company,INR,1.0,1.0,1.0,0.0,0.0
,,1,,transaction,0.0,1.0,0.0,0.0,0.0,0.0,0.0,0.0,0.0,0.0,bank,website,clicked_link,payment,company,EUR,0.9,1.0,1.0,1.0,0.0
,,1,1.0,transaction,1.0,0.0,1.0,0.0,0.0,0.0,0.0,0.0,0.0,0.0,upi,phone,none,transaction,bank,USD,0.8,1.0,1.0,1.0,0.0
,,1,,social_engineering,0.0,0.0,0.0,0.0,0.0,1.0,0.0,0.0,0.0,0.0,unknown,sms,none,credential,individual,unknown,0.8,1.0,1.0,1.0,0.0
,,1,140.0,transaction,0.0,0.0,1.0,0.0,0.0,0.0,0.0,1.0,0.0,0.0,bank,unknown,sent_money,transaction,scammer,USD,1.0,1.0,1.0,0.0,0.0
,,1,,transaction,0.0,1.0,0.0,0.0,0.0,0.0,0.0,0.0,0.0,0.0,unknown,website,sent_money,payment,unknown,unknown,0.9,1.0,1.0,0.0,0.0
,,1,,transaction,0.0,0.0,1.0,0.0,0.0,0.0,0.0,0.0,0.0,0.0,bank,sms,sent_money,transaction,government,unknown,0.8,1.0,0.0,1.0,0.0
,,1,,transaction,0.0,0.0,0.0,0.0,0.0,0.0,0.0,0.0,0.0,0.0,card,email,shared_credentials,payment,unknown,unknown,0.0,1.0,1.0,0.0,0.0
,,0,,none,0.0,0.0,0.0,0.0,0.0,0.0,0.0,0.0,0.0,0.0,unknown,website,none,none,company,unknown,0.0,0.0,0.0,1.0,0.0
,,1,230.0,commerce,0.0,0.0,0.0,1.0,0.0,0.0,0.0,0.0,0.0,0.0,bank,website,sent_money,commerce,government,USD,0.5,1.0,0.0,1.0,0.0
,,1,,transaction,0.0,0.0,0.0,0.0,0.0,1.0,0.0,0.0,0.0,0.0,upi,website,clicked_link,login,hacker,unknown,0.5,1.0,1.0,0.0,0.0
,,1,300.0,transaction,1.0,0.0,0.0,0.0,0.0,0.0,0.0,0.0,0.0,0.0,upi,sms,sent_money,payment,camgirl,INR,1.0,1.0,1.0,0.0,0.0
,,0,,none,0.0,0.0,0.0,0.0,0.0,0.0,1.0,1.0,0.0,0.0,unknown,phone,none,none,company,unknown,1.0,1.0,1.0,1.0,0.0
,,1,500.0,transaction,1.0,1.0,1.0,0.0,0.0,0.0,1.0,1.0,1.0,0.0,upi,email,sent_money,payment,bank,USD,1.0,1.0,1.0,1.0,0.0
,,1,,transaction,0.0,0.0,0.0,0.0,0.0,0.0,0.0,0.0,1.0,0.0,unknown,none,none,none,none,unknown,0.0,1.0,0.0,0.0,0.0
,,1,,transaction,0.0,0.0,1.0,0.0,0.0,0.0,0.0,0.0,1.0,0.0,bank,phone,shared_credentials,verification,bank,unknown,0.8,1.0,0.0,1.0,0.0
,,1,,transaction,0.0,1.0,0.0,0.0,0.0,0.0,0.0,0.0,0.0,0.0,unknown,phone,none,none,none,unknown,0.8,1.0,0.0,0.0,0.0
,,1,,transaction,0.0,0.0,1.0,0.0,0.0,0.0,0.0,0.0,0.0,0.0,bank,website,clicked_link,payment,company,unknown,0.8,1.0,0.0,1.0,0.0
,,1,,social_engineering,0.0,0.0,0.0,0.0,0.0,0.0,0.0,1.0,0.0,0.0,unknown,social_media,none,none,individual,unknown,1.0,1.0,0.0,0.0,0.0
,,1,,transaction,0.0,0.0,1.0,0.0,0.0,0.0,0.0,0.0,1.0,0.0,bank,sms,sent_money,payment,company,unknown,0.9,1.0,1.0,1.0,0.0
,,1,,transaction,1.0,0.0,0.0,0.0,0.0,0.0,1.0,1.0,0.0,0.0,upi,sms,sent_money,payment,bank,unknown,0.9,1.0,1.0,1.0,0.0
,,1,,transaction,0.0,0.0,0.0,0.0,0.0,0.0,0.0,0.0,0.0,0.0,upi,sms,sent_money,payment,unknown,unknown,0.0,1.0,1.0,0.0,0.0
,,1,,transaction,0.0,0.0,1.0,0.0,0.0,0.0,0.0,0.0,0.0,0.0,bank,telegram,sent_money,payment,unknown,unknown,0.8,1.0,0.0,0.0,0.0
,,1,1000.0,transaction,0.0,1.0,0.0,0.0,0.0,0.0,0.0,0.0,0.0,0.0,card,online,sent_money,payment,company,USD,0.8,1.0,1.0,0.0,0.0
,,1,,social_engineering,0.0,0.0,0.0,0.0,0.0,1.0,1.0,1.0,0.0,0.0,unknown,sms,none,none,court,unknown,1.0,1.0,1.0,1.0,0.0
,,1,62000000.0,transaction,1.0,0.0,1.0,0.0,0.0,0.0,0.0,1.0,0.0,0.0,upi,telegram | whatsapp,sent_money,payment,unknown,INR,1.0,1.0,1.0,0.0,0.0
,,1,4000.0,transaction,0.0,1.0,1.0,0.0,0.0,0.0,0.0,1.0,0.0,0.0,bank,email,sent_money,payment,company,USD,1.0,1.0,1.0,0.0,0.0
,,1,4799.0,commerce,0.0,0.0,0.0,0.0,0.0,0.0,0.0,0.0,0.0,0.0,bank,website,sent_money,payment,company,INR,0.8,1.0,1.0,1.0,0.0
,,1,,transaction,0.0,1.0,0.0,0.0,0.0,0.0,0.0,0.0,0.0,0.0,card,unknown,sent_money,payment,bank,unknown,0.0,1.0,1.0,1.0,0.0
,,1,,transaction,0.0,0.0,0.0,0.0,0.0,0.0,0.0,0.0,0.0,0.0,unknown,phone,none,none,company,unknown,0.8,1.0,0.0,1.0,0.0
,,1,,commerce,0.0,0.0,0.0,1.0,0.0,0.0,0.0,0.0,0.0,0.0,upi,email,clicked_link,payment,company,unknown,0.8,1.0,0.0,1.0,0.0
,,1,,transaction,0.0,0.0,0.0,0.0,0.0,0.0,0.0,0.0,0.0,0.0,unknown,social_media,sent_money,payment,individual,unknown,0.8,1.0,1.0,0.0,0.0
,,0,,none,0.0,0.0,0.0,0.0,0.0,0.0,0.0,0.0,0.0,0.0,unknown,social_media,clicked_link,none,unknown,unknown,0.0,0.0,0.0,0.0,0.0
,,1,,transaction,1.0,0.0,1.0,0.0,0.0,1.0,0.0,0.0,0.0,0.0,upi,website,sent_money,transaction,bank,unknown,0.8,1.0,1.0,1.0,0.0
,,1,14000.0,transaction,0.0,1.0,0.0,0.0,0.0,0.0,0.0,1.0,0.0,0.0,card,sms,shared_credentials,payment,none,INR,1.0,1.0,1.0,0.0,0.0
,,1,,commerce,0.0,0.0,0.0,1.0,0.0,0.0,0.0,0.0,0.0,0.0,upi,sms,sent_money,payment,company,unknown,0.8,1.0,1.0,1.0,0.0
,,1,,transaction,0.0,0.0,0.0,0.0,0.0,0.0,0.0,1.0,0.0,0.0,crypto,website,installed_app,payment,none,unknown,0.95,1.0,0.0,0.0,0.0
,,1,,transaction,1.0,0.0,0.0,0.0,0.0,0.0,0.0,1.0,0.0,0.0,upi,sms,sent_money,payment,bank,unknown,1.0,1.0,0.0,1.0,0.0
,,1,1500.0,transaction,0.0,0.0,1.0,0.0,0.0,0.0,0.0,1.0,0.0,0.0,bank,website,sent_money,verification,tax_service,USD,1.0,1.0,1.0,1.0,0.0
,,1,,transaction,0.0,1.0,0.0,0.0,0.0,0.0,0.0,0.0,0.0,0.0,crypto,social_media,sent_money,payment,company,unknown,0.8,1.0,0.0,0.0,0.0
,,0,,none,0.0,0.0,0.0,0.0,0.0,0.0,0.0,0.0,0.0,0.0,upi | card | bank | crypto | gift_card | unknown | none,sms | email | phone | social_media | website | app | unknown | none,sent_money | shared_credentials | clicked_link | installed_app | none | unknown,payment | verification | login | download | none | unknown,bank_|_government_|_company_|_individual_|_none_|_unknown,unknown,0.0,0.0,0.0,0.0,0.0
,,1,,commerce,0.0,0.0,0.0,1.0,1.0,0.0,0.0,0.0,0.0,0.0,upi,social_media,clicked_link,commerce,company,unknown,0.8,1.0,0.0,1.0,0.0
,,1,15000.0,transaction,0.0,0.0,1.0,0.0,0.0,0.0,0.0,0.0,0.0,0.0,bank,website,sent_money,payment,company,unknown,0.9,1.0,1.0,1.0,0.0
,,1,,transaction,1.0,0.0,1.0,0.0,0.0,0.0,0.0,1.0,0.0,0.0,upi,sms,sent_money,payment,bank,unknown,1.0,1.0,1.0,0.0,0.0
,,1,,transaction,1.0,0.0,0.0,0.0,0.0,0.0,0.0,0.0,0.0,0.0,upi,website,sent_money,payment,unknown,unknown,0.8,1.0,1.0,0.0,0.0
,,1,,social_engineering,0.0,0.0,0.0,0.0,0.0,1.0,0.0,0.0,0.0,0.0,unknown,sms,none,credential,healthcare_provider,unknown,0.8,1.0,1.0,1.0,0.0
,,1,,transaction,0.0,0.0,1.0,0.0,0.0,0.0,0.0,0.0,0.0,0.0,bank,unknown,sent_money,payment,company,unknown,0.0,1.0,0.0,1.0,0.0
,,1,,transaction,0.0,0.0,0.0,1.0,0.0,0.0,0.0,0.0,0.0,0.0,upi,sms,clicked_link,nondelivery,ups,unknown,0.8,1.0,0.0,1.0,0.0
,,1,,commerce,0.0,0.0,0.0,1.0,1.0,0.0,0.0,0.0,0.0,0.0,unknown,website,clicked_link,commerce,company,unknown,0.9,1.0,0.0,0.0,0.0
,,1,748.0,commerce,0.0,0.0,0.0,1.0,0.0,0.0,0.0,0.0,0.0,0.0,upi,social_media,sent_money,payment,company,INR,0.5,1.0,0.0,0.0,0.0
,,1,,social_engineering,0.0,0.0,0.0,0.0,0.0,1.0,1.0,1.0,1.0,0.0,crypto,website,clicked_link,verification,cdh_support,unknown,0.8,1.0,1.0,1.0,0.0
,,1,300.0,transaction,0.0,0.0,1.0,0.0,0.0,0.0,0.0,0.0,0.0,0.0,bank,app,sent_money,payment,none,USD,1.0,1.0,0.0,0.0,0.0
,,1,,commerce,0.0,0.0,0.0,1.0,1.0,0.0,0.0,0.0,0.0,0.0,upi,social_media,clicked_link,commerce,company,unknown,0.8,1.0,0.0,1.0,0.0
,,1,,transaction,1.0,0.0,0.0,0.0,0.0,0.0,0.0,0.0,0.0,0.0,upi,sms,sent_money,payment,bank,unknown,0.8,1.0,0.0,1.0,0.0
,,1,,commerce,0.0,1.0,0.0,0.0,0.0,0.0,0.0,0.0,0.0,0.0,card,website,clicked_link,transaction,bank,unknown,0.0,0.0,1.0,1.0,0.0
,,1,,wallet_drainer,0.0,0.0,0.0,0.0,0.0,1.0,0.0,0.0,0.0,0.0,crypto,website,entered_seed_phrase,wallet_confirmation,none,USD,0.9,1.0,1.0,0.0,0.0
,,1,0.7,transaction,0.0,1.0,0.0,0.0,0.0,0.0,0.0,0.0,0.0,0.0,card,website,sent_money,payment,company,EUR,0.5,1.0,1.0,1.0,0.0
,,1,54.0,transaction,0.0,0.0,1.0,0.0,0.0,0.0,0.0,0.0,0.0,0.0,bank,website,clicked_link,transaction,company,USD,0.8,1.0,1.0,1.0,0.0
,,1,,transaction,0.0,0.0,0.0,0.0,0.0,0.0,0.0,0.0,0.0,0.0,card,email,sent_money,payment,company,unknown,0.8,1.0,0.0,1.0,0.0
,,1,20.0,transaction,0.0,0.0,0.0,0.0,0.0,0.0,1.0,1.0,0.0,0.0,unknown,telegram,sent_money,payment,none,USD,1.0,1.0,1.0,1.0,0.0
,,1,3200.0,transaction,0.0,1.0,1.0,0.0,0.0,0.0,0.0,0.0,0.0,0.0,bank,sms,sent_money,payment,company,USD,0.5,1.0,1.0,1.0,0.0
,,1,1.2,transaction,0.0,0.0,0.0,0.0,0.0,0.0,0.0,0.0,1.0,0.0,unknown,website,installed_app,none,individual,USD,0.8,1.0,0.0,0.0,0.0
,,0,,none,0.0,0.0,0.0,0.0,0.0,0.0,0.0,0.0,0.0,0.0,unknown,phone,none,none,company,unknown,0.0,1.0,1.0,1.0,0.0
,,1,,transaction,0.0,0.0,1.0,0.0,0.0,0.0,0.0,0.0,1.0,0.0,bank,website,sent_money,payment,none,USD,0.9,1.0,1.0,0.0,0.0
,,1,28000.0,transaction,0.0,0.0,1.0,0.0,0.0,0.0,0.0,0.0,1.0,0.0,bank,website,clicked_link,payment,recovery_service,unknown,1.0,1.0,1.0,0.0,0.0
,,1,2000.0,transaction,0.0,0.0,0.0,0.0,0.0,0.0,0.0,0.0,0.0,0.0,crypto,social_media,installed_app,payment,unknown,EUR,0.9,1.0,1.0,0.0,0.0
,,1,,transaction,0.0,0.0,1.0,0.0,0.0,0.0,0.0,0.0,0.0,0.0,bank,sms,sent_money,payment,company,unknown,0.9,1.0,0.0,1.0,0.0
,,1,,social_engineering,0.0,0.0,0.0,0.0,0.0,0.0,0.0,1.0,0.0,0.0,unknown,email,none,none,unknown,unknown,1.0,1.0,0.0,0.0,0.0
,,1,,transaction,0.0,0.0,0.0,0.0,0.0,0.0,0.0,0.0,0.0,0.0,upi,website,clicked_link,transaction,crypto_exchange,unknown,0.95,1.0,1.0,1.0,0.0
,,1,10.0,transaction,0.0,0.0,1.0,0.0,0.0,0.0,0.0,0.0,0.0,0.0,bank,telegram,sent_money,transaction,unknown,USD,0.5,1.0,1.0,0.0,0.0
,,1,,transaction,0.0,0.0,1.0,0.0,0.0,0.0,0.0,0.0,1.0,0.0,bank,telegram,sent_money,transaction,unknown,unknown,0.8,1.0,0.0,0.0,0.0
,,1,,social_engineering,0.0,0.0,0.0,0.0,0.0,1.0,0.0,0.0,0.0,0.0,unknown,website,clicked_link,none,company,unknown,0.8,1.0,1.0,1.0,0.0
,,1,6800.0,transaction,0.0,0.0,1.0,0.0,0.0,0.0,0.0,0.0,0.0,0.0,bank,website,sent_money,payment,company,unknown,1.0,1.0,1.0,1.0,0.0
,,1,68.0,transaction,0.0,0.0,1.0,0.0,0.0,0.0,0.0,0.0,1.0,0.0,bank,postal,sent_money,payment,individual,USD,0.9,1.0,1.0,0.0,0.0
,,1,,transaction,0.0,0.0,0.0,0.0,0.0,0.0,0.0,0.0,0.0,0.0,unknown,social_media,clicked_link,none,unknown,unknown,0.0,1.0,1.0,0.0,0.0
,,1,,commerce,0.0,1.0,0.0,0.0,0.0,0.0,0.0,0.0,0.0,0.0,card,email,shared_credentials,payment,company,unknown,0.9,1.0,0.0,0.0,0.0
,,1,80000.0,transaction,1.0,0.0,1.0,0.0,0.0,0.0,0.0,0.0,1.0,0.0,upi,phone,none,transaction,bank,INR,1.0,1.0,1.0,1.0,0.0
,,1,3000.0,transaction,0.0,1.0,0.0,0.0,0.0,0.0,0.0,1.0,0.0,0.0,card,phone,sent_money,payment,government,GBP,1.0,1.0,1.0,1.0,0.0
,,1,,commerce,0.0,1.0,0.0,0.0,0.0,0.0,0.0,0.0,0.0,0.0,card,website,none,payment,ebay_seller,unknown,0.5,1.0,0.0,0.0,0.0
,,1,,transaction,0.0,0.0,1.0,0.0,0.0,0.0,0.0,0.0,1.0,0.0,bank,website,clicked_link,payment,none,unknown,0.8,1.0,0.0,0.0,0.0
,,0,,none,0.0,0.0,0.0,0.0,0.0,1.0,0.0,0.0,0.0,0.0,unknown,sms,clicked_link,credential,none,unknown,0.0,1.0,1.0,1.0,0.0
,,1,,transaction,0.0,0.0,1.0,0.0,0.0,0.0,0.0,0.0,1.0,0.0,bank,none,none,none,company,unknown,0.8,1.0,1.0,0.0,0.0
,,1,150.0,commerce,0.0,0.0,0.0,1.0,1.0,0.0,0.0,0.0,0.0,0.0,upi,sms,sent_money,payment,company,INR,0.8,1.0,1.0,1.0,0.0
,,1,500000000.0,transaction,0.0,0.0,1.0,0.0,0.0,0.0,0.0,0.0,0.0,0.0,bank,unknown,installed_app,none,company,USD,0.9,1.0,0.0,0.0,0.0
,,1,,transaction,1.0,0.0,0.0,0.0,0.0,0.0,0.0,0.0,0.0,0.0,upi,unknown,sent_money,payment,bank,unknown,0.5,1.0,0.0,1.0,0.0
,,1,,transaction,0.0,0.0,0.0,0.0,1.0,0.0,0.0,0.0,0.0,0.0,bank,phone,provided_proof_of_sale,none,company,unknown,0.8,1.0,0.0,1.0,0.0
,,1,,commerce,0.0,0.0,0.0,0.0,0.0,0.0,0.0,0.0,0.0,0.0,unknown,website,sent_money,payment,company,unknown,0.8,1.0,0.0,1.0,0.0
,,1,,transaction,1.0,0.0,0.0,0.0,0.0,0.0,0.0,0.0,0.0,0.0,upi,phone,sent_money,payment,unknown,unknown,0.9,1.0,1.0,0.0,0.0
,,1,,transaction,0.0,0.0,1.0,0.0,0.0,0.0,0.0,1.0,0.0,0.0,bank,website,withdrawal,verification,trading_platform,unknown,1.0,1.0,1.0,0.0,0.0
,,1,50000.0,social_engineering,0.0,0.0,1.0,0.0,0.0,0.0,1.0,1.0,0.0,0.0,bank,phone,sent_money,payment,government,unknown,1.0,1.0,1.0,1.0,0.0
,,1,800.0,transaction,0.0,0.0,1.0,0.0,0.0,0.0,0.0,0.0,0.0,0.0,bank,social_media,sent_money,payment,none,USD,0.5,1.0,1.0,0.0,0.0
,,1,,transaction,0.0,1.0,0.0,0.0,0.0,0.0,0.0,0.0,1.0,0.0,card,website,none,payment,company,unknown,0.9,1.0,1.0,1.0,0.0
,,1,,commerce,0.0,0.0,0.0,1.0,0.0,0.0,0.0,0.0,0.0,0.0,upi,phone,shared_credentials,cancellation,meesho,unknown,0.8,1.0,0.0,0.0,0.0
,,1,,transaction,0.0,0.0,1.0,0.0,0.0,0.0,0.0,0.0,1.0,0.0,bank,website,sent_money,payment,none,unknown,0.95,1.0,1.0,0.0,0.0
,,1,,transaction,0.0,0.0,0.0,0.0,0.0,0.0,0.0,0.0,0.0,0.0,upi,app,shared_credentials,transaction,uber_driver,unknown,0.8,1.0,0.0,0.0,0.0
,,1,35000.0,transaction,0.0,0.0,1.0,0.0,0.0,0.0,0.0,0.0,1.0,0.0,bank,social_media,sent_money,payment,none,unknown,1.0,1.0,0.0,0.0,0.0
,,1,,commerce,0.0,0.0,1.0,1.0,1.0,0.0,0.0,0.0,0.0,0.0,bank,website,sent_money,commerce,seller,unknown,0.8,1.0,1.0,0.0,0.0
,,1,,transaction,0.0,1.0,0.0,0.0,0.0,0.0,0.0,0.0,0.0,0.0,card,phone,shared_credentials,transaction,bank,unknown,0.9,1.0,1.0,1.0,0.0
,,1,,commerce,0.0,0.0,1.0,1.0,0.0,0.0,0.0,0.0,1.0,0.0,bank,email,sent_money,payment,company,unknown,0.8,1.0,1.0,1.0,0.0
,,1,50000.0,transaction,0.0,1.0,1.0,0.0,0.0,0.0,0.0,1.0,1.0,0.0,bank,social_media,none,transaction,unknown,unknown,1.0,1.0,1.0,0.0,0.0
,,1,200.0,transaction,0.0,1.0,0.0,0.0,0.0,0.0,0.0,0.0,0.0,0.0,card,sms,sent_money,payment,individual,USD,1.0,1.0,1.0,0.0,0.0
,,1,2000.0,transaction,0.0,1.0,0.0,0.0,0.0,0.0,0.0,0.0,0.0,0.0,card,email,shared_credentials,payment,none,USD,1.0,1.0,1.0,0.0,0.0
,,1,,transaction,0.0,1.0,0.0,0.0,0.0,0.0,0.0,0.0,0.0,0.0,crypto,website,shared_credentials,none,unknown,unknown,0.0,1.0,1.0,0.0,0.0
,,1,,transaction,0.0,0.0,0.0,0.0,0.0,0.0,0.0,0.0,0.0,0.0,bank,sms,sent_money,payment,unknown,unknown,0.0,1.0,0.0,1.0,0.0
,,1,,credential,0.0,0.0,0.0,0.0,0.0,1.0,0.0,0.0,0.0,0.0,upi,email,clicked_link,credential,binance,unknown,0.8,1.0,1.0,1.0,0.0
,,1,328.0,transaction,0.0,0.0,0.0,0.0,0.0,0.0,0.0,0.0,1.0,0.0,upi,app,sent_money,payment,none,unknown,0.5,1.0,0.0,0.0,0.0
,,1,40.0,transaction,0.0,1.0,0.0,0.0,0.0,0.0,0.0,1.0,0.0,0.0,card,website,sent_money,payment,company,unknown,1.0,1.0,1.0,0.0,0.0
,,1,,commerce,0.0,1.0,0.0,0.0,0.0,0.0,0.0,0.0,0.0,0.0,card,social_media,sent_money,payment,none,unknown,0.0,0.0,1.0,0.0,0.0
,,1,,transaction,1.0,0.0,0.0,0.0,0.0,0.0,0.0,1.0,0.0,0.0,upi,sms,sent_money,payment,bank,unknown,1.0,1.0,1.0,1.0,0.0
,,1,,transaction,0.0,0.0,0.0,0.0,0.0,0.0,0.0,0.0,0.0,0.0,crypto,website,sent_credentials,none,crypto_exchange,unknown,0.9,1.0,1.0,0.0,0.0
,,1,1200.0,transaction,0.0,0.0,1.0,0.0,0.0,0.0,0.0,0.0,0.0,0.0,bank,phone,sent_money,payment,company,unknown,0.8,1.0,0.0,1.0,0.0
,,1,2500.0,transaction,0.0,1.0,0.0,0.0,0.0,0.0,0.0,0.0,0.0,0.0,card,in_person,none,payment,individual,unknown,0.8,1.0,0.0,0.0,0.0
,,0,,none,0.0,0.0,0.0,0.0,0.0,0.0,0.0,0.0,0.0,0.0,upi,unknown,sent_money,payment,unknown,unknown,0.0,0.0,0.0,0.0,0.0
,,1,,transaction,1.0,0.0,0.0,0.0,0.0,0.0,0.0,0.0,0.0,0.0,upi,telegram,sent_money,payment,none,unknown,0.5,1.0,0.0,0.0,0.0
,,1,,transaction,0.0,0.0,1.0,0.0,0.0,0.0,0.0,0.0,1.0,0.0,bank,telegram,linked_wallet,withdrawal,unknown,unknown,0.8,1.0,1.0,0.0,0.0
,,0,,none,0.0,0.0,0.0,0.0,0.0,0.0,0.0,0.0,0.0,0.0,unknown,phone,installed_app,unknown,unknown,unknown,0.0,0.0,0.0,0.0,0.0
,,1,400000.0,commerce,0.0,0.0,1.0,0.0,0.0,0.0,0.0,0.0,0.0,0.0,bank,sms,sent_money,payment,company,INR,1.0,1.0,1.0,1.0,0.0
,,1,,commerce,0.0,0.0,0.0,0.0,0.0,0.0,0.0,0.0,0.0,0.0,bank,phone,sent_money,payment,company,unknown,0.8,1.0,0.0,0.0,0.0
,,1,,social_engineering,0.0,0.0,0.0,0.0,0.0,0.0,0.0,1.0,0.0,0.0,unknown,website,none,none,individual,unknown,0.8,1.0,0.0,0.0,0.0
,,1,,transaction,0.0,0.0,0.0,0.0,0.0,0.0,0.0,0.0,0.0,0.0,upi,sms,sent_money,payment,health_insurance_company,unknown,0.9,1.0,1.0,1.0,0.0
,,1,,transaction,0.0,1.0,0.0,0.0,0.0,0.0,0.0,0.0,0.0,0.0,crypto,website,clicked_link,none,unknown,unknown,0.0,0.0,0.0,0.0,0.0
,,1,,transaction,0.0,0.0,1.0,0.0,0.0,0.0,0.0,0.0,0.0,1.0,bank,website,clicked_link,transaction,wind_3,unknown,0.8,1.0,0.0,1.0,0.0
,,1,,call_forwarding,0.0,0.0,0.0,0.0,0.0,0.0,0.0,0.0,0.0,0.0,unknown,phone,none,none,unknown,unknown,0.9,1.0,0.0,0.0,0.0
,,1,,social_engineering,0.0,0.0,0.0,0.0,0.0,0.0,1.0,1.0,0.0,0.0,unknown,sms,none,none,individual,unknown,1.0,1.0,0.0,1.0,0.0
,,1,1500.0,transaction,0.0,0.0,1.0,0.0,0.0,0.0,0.0,0.0,1.0,0.0,crypto,website,none,transaction,unknown,USD,0.9,1.0,1.0,0.0,0.0
,,1,300.0,transaction,0.0,0.0,1.0,0.0,0.0,0.0,0.0,0.0,0.0,0.0,bank,sms,sent_money,payment,company,unknown,1.0,1.0,0.0,1.0,0.0
,,0,,none,0.0,0.0,0.0,0.0,0.0,0.0,0.0,0.0,0.0,0.0,unknown,phone,none,none,none,unknown,0.0,1.0,0.0,0.0,0.0
,,0,,none,0.0,0.0,0.0,0.0,0.0,0.0,0.0,0.0,0.0,0.0,unknown,email,clicked_link,payment,none,unknown,0.0,1.0,0.0,0.0,0.0
,,1,200.0,transaction,0.0,1.0,0.0,0.0,0.0,0.0,0.0,0.0,1.0,0.0,card,unknown,installed_app,none,individual,USD,0.5,1.0,0.0,0.0,0.0
,,1,,transaction,0.0,0.0,1.0,0.0,0.0,0.0,0.0,1.0,1.0,0.0,bank,email,sent_money,payment,none,unknown,0.8,1.0,0.0,0.0,0.0
,,1,,transaction,0.0,0.0,0.0,0.0,0.0,0.0,0.0,0.0,0.0,0.0,card,sms,typed_details,payment,unknown,unknown,0.9,1.0,1.0,0.0,0.0
,,1,,social_engineering,0.0,0.0,0.0,0.0,0.0,1.0,0.0,0.0,0.0,0.0,unknown,website,installed_app,piracy,none,unknown,0.9,1.0,0.0,0.0,0.0
,,1,,transaction,0.0,0.0,1.0,0.0,0.0,0.0,0.0,0.0,0.0,0.0,bank,website,clicked_link,transaction,company,unknown,0.9,1.0,1.0,1.0,0.0
,,1,5000.0,transaction,0.0,0.0,1.0,0.0,0.0,0.0,0.0,0.0,0.0,0.0,bank,email,sent_money,payment,company,unknown,1.0,1.0,0.0,1.0,0.0
,,1,,transaction,0.0,0.0,1.0,0.0,0.0,0.0,0.0,1.0,0.0,0.0,bank,phone,sent_money,payment,investment_company,unknown,1.0,1.0,0.0,1.0,0.0
,,1,,transaction,0.0,0.0,0.0,0.0,0.0,0.0,0.0,0.0,0.0,0.0,upi,sms,sent_money,payment,company,unknown,0.8,1.0,0.0,1.0,0.0
,,1,,transaction,0.0,1.0,0.0,0.0,0.0,0.0,0.0,0.0,0.0,0.0,card,email,none,payment,company,unknown,0.0,1.0,0.0,1.0,0.0
,,0,,none,0.0,0.0,0.0,0.0,0.0,0.0,0.0,0.0,0.0,0.0,unknown,phone,none,none,none,unknown,0.0,0.0,0.0,0.0,0.0
,,1,,transaction,0.0,0.0,1.0,0.0,0.0,0.0,0.0,0.0,0.0,0.0,bank,website,invested,transaction,broker,unknown,0.9,1.0,1.0,1.0,0.0
,,1,,transaction,0.0,1.0,0.0,0.0,0.0,0.0,0.0,0.0,1.0,0.0,bank,email,none,loan,bank,unknown,0.5,1.0,1.0,1.0,0.0
,,1,,social_engineering,0.0,0.0,0.0,0.0,0.0,0.0,1.0,1.0,0.0,0.0,unknown,phone,none,none,airports_authority_of_india,unknown,1.0,1.0,1.0,1.0,0.0
,,0,,none,0.0,0.0,0.0,0.0,0.0,0.0,0.0,0.0,1.0,0.0,unknown,unknown,none,none,none,unknown,0.0,0.0,0.0,0.0,0.0
,,1,2040.0,commerce,0.0,0.0,1.0,1.0,1.0,0.0,0.0,0.0,0.0,0.0,bank,email,sent_money,payment,company,EUR,1.0,1.0,1.0,0.0,0.0
,,1,,transaction,0.0,1.0,0.0,0.0,0.0,0.0,0.0,0.0,0.0,0.0,card,website,clicked_link,payment,unknown,unknown,0.8,1.0,0.0,0.0,0.0
,,1,,commerce,0.0,0.0,0.0,1.0,1.0,0.0,0.0,0.0,0.0,0.0,unknown,website,clicked_link,commerce,none,unknown,0.0,1.0,1.0,0.0,0.0
,,1,36.9,transaction,0.0,1.0,0.0,0.0,0.0,0.0,0.0,0.0,0.0,0.0,crypto,website,sent_money,payment,company,USD,0.8,1.0,0.0,0.0,0.0
,,1,600.0,transaction,0.0,0.0,1.0,0.0,0.0,0.0,0.0,0.0,0.0,0.0,bank,website,deposited_money,verification,none,USD,1.0,1.0,1.0,0.0,0.0
,,1,799.0,commerce,0.0,0.0,0.0,1.0,0.0,0.0,0.0,0.0,0.0,0.0,upi,website,sent_money,payment,company,INR,0.5,1.0,0.0,1.0,0.0
,,1,5000.0,transaction,1.0,0.0,0.0,0.0,0.0,0.0,0.0,0.0,0.0,0.0,upi,sms,sent_money,payment,bank,INR,1.0,1.0,1.0,1.0,0.0
,,1,1000.0,transaction,0.0,1.0,0.0,0.0,0.0,0.0,0.0,0.0,0.0,0.0,bank,email,sent_money,payment,individual,unknown,0.9,1.0,1.0,0.0,0.0
,,1,3940.0,transaction,1.0,0.0,0.0,0.0,0.0,0.0,0.0,0.0,0.0,0.0,upi,phone,sent_money,payment,unknown,INR,1.0,1.0,1.0,0.0,0.0
,,1,563.0,transaction,0.0,0.0,1.0,0.0,0.0,0.0,0.0,0.0,0.0,0.0,bank,telegram,sent_money,payment,none,USDT,0.9,1.0,1.0,0.0,0.0
,,1,32000.0,transaction,0.0,0.0,1.0,0.0,0.0,0.0,0.0,0.0,0.0,0.0,bank,whatsapp,sent_money,payment,company,unknown,1.0,1.0,1.0,1.0,0.0
,,1,300.0,transaction,0.0,1.0,0.0,0.0,0.0,0.0,0.0,0.0,0.0,0.0,card,email,sent_money,verification,bank,USD,1.0,1.0,1.0,1.0,0.0
,,1,,transaction,0.0,0.0,0.0,0.0,0.0,0.0,0.0,0.0,0.0,0.0,crypto,website,deposited,payment,trading_platform,unknown,0.0,1.0,1.0,0.0,0.0
,,1,,social_engineering,0.0,0.0,0.0,0.0,0.0,1.0,0.0,0.0,0.0,0.0,upi,sms,unknown,none,unknown,unknown,0.8,1.0,1.0,0.0,0.0
,,0,,none,0.0,0.0,0.0,0.0,0.0,0.0,0.0,0.0,1.0,0.0,unknown,social_media,none,none,individual,unknown,0.0,1.0,0.0,0.0,0.0
,,1,2500.0,transaction,0.0,0.0,0.0,0.0,0.0,0.0,1.0,1.0,0.0,0.0,unknown,email,sent_money,payment,elon_musk,unknown,1.0,1.0,1.0,1.0,0.0
,,1,,transaction,0.0,0.0,1.0,0.0,0.0,0.0,0.0,0.0,1.0,0.0,bank,app,installed_app,subscription,unknown,unknown,0.8,1.0,0.0,0.0,0.0
,,1,,transaction,0.0,1.0,0.0,0.0,0.0,0.0,0.0,0.0,0.0,0.0,card,email,shared_credentials,transaction,company,GBP,0.8,1.0,1.0,1.0,0.0
,,1,,commerce,0.0,0.0,0.0,1.0,0.0,0.0,0.0,0.0,1.0,0.0,upi,website,sent_money,commerce,company,unknown,0.8,1.0,0.0,1.0,0.0
,,1,,transaction,0.0,1.0,0.0,0.0,0.0,0.0,0.0,1.0,0.0,0.0,card,sms,sent_money,payment,delivery_company,unknown,1.0,1.0,1.0,1.0,0.0
,,1,180000.0,transaction,0.0,1.0,0.0,0.0,0.0,0.0,0.0,0.0,0.0,0.0,card,email,sent_money,payment,company,unknown,0.0,1.0,1.0,1.0,0.0
,,1,599.99,transaction,0.0,0.0,1.0,0.0,0.0,0.0,0.0,0.0,0.0,0.0,bank,email,sent_money,payment,company,USD,0.8,1.0,0.0,1.0,0.0
,,1,208.0,commerce,0.0,0.0,1.0,0.0,0.0,0.0,0.0,0.0,0.0,0.0,bank,website,sent_money,payment,none,CAD,0.5,1.0,0.0,0.0,0.0
,,1,19000.0,transaction,1.0,0.0,1.0,0.0,0.0,0.0,0.0,1.0,0.0,0.0,upi,sms,sent_money,payment,company,INR,1.0,1.0,0.0,1.0,0.0
,,1,,transaction,0.0,0.0,1.0,0.0,0.0,0.0,0.0,0.0,0.0,0.0,bank,unknown,sent_money,payment,company,unknown,0.95,1.0,0.0,1.0,0.0
,,1,,commerce,0.0,0.0,0.0,1.0,0.0,0.0,0.0,0.0,0.0,0.0,upi,email,clicked_link,commerce,company,unknown,0.8,1.0,0.0,1.0,0.0
,,1,200.0,transaction,1.0,0.0,0.0,0.0,0.0,0.0,0.0,0.0,0.0,0.0,upi,sms,sent_money,payment,bank,INR,0.5,1.0,0.0,1.0,0.0
,,1,,transaction,0.0,0.0,1.0,0.0,0.0,0.0,0.0,1.0,0.0,0.0,bank,social_media,sent_money,transaction,none,unknown,1.0,1.0,1.0,0.0,0.0
,,1,,recovery,0.0,0.0,0.0,0.0,0.0,0.0,1.0,1.0,0.0,0.0,unknown,phone,none,recovery,unknown,unknown,1.0,1.0,1.0,1.0,0.0
,,1,,transaction,0.0,0.0,1.0,0.0,0.0,0.0,0.0,0.0,0.0,0.0,bank,website,deposit_money,transaction,company,unknown,0.8,1.0,0.0,1.0,0.0
,,1,,transaction,0.0,0.0,0.0,0.0,0.0,0.0,0.0,0.0,0.0,0.0,unknown,sms,sent_money,payment,unknown,unknown,0.5,1.0,0.0,0.0,0.0
,,1,,transaction,0.0,1.0,0.0,0.0,0.0,0.0,0.0,0.0,0.0,0.0,card,website,clicked_link,payment,company,unknown,0.5,1.0,1.0,1.0,0.0
,,1,,social_engineering,0.0,0.0,0.0,0.0,0.0,0.0,0.0,1.0,0.0,0.0,unknown,sms,sent_money,payment,none,unknown,1.0,1.0,1.0,0.0,0.0
,,1,,transaction,0.0,1.0,0.0,0.0,0.0,0.0,0.0,0.0,0.0,0.0,cashapp | crypto | unknown | none,unknown | none,sent_money | shared_credentials | clicked_link | installed_app | none | unknown,payment,none_|_unknown,unknown,0.0,1.0,1.0,0.0,0.0
,,1,80000.0,transaction,0.0,1.0,0.0,0.0,0.0,0.0,0.0,0.0,0.0,0.0,card,phone,sent_money,payment,company,USD,0.0,1.0,1.0,0.0,0.0
,,1,,transaction,0.0,0.0,1.0,0.0,0.0,0.0,0.0,0.0,1.0,0.0,bank,telegram,sent_money,payment,unknown,unknown,1.0,1.0,1.0,0.0,0.0
,,1,,transaction,0.0,0.0,1.0,0.0,0.0,0.0,0.0,0.0,0.0,0.0,bank,website,clicked_link,transaction,bank,unknown,0.9,1.0,0.0,1.0,0.0
,,1,,commerce,0.0,0.0,0.0,1.0,0.0,0.0,0.0,0.0,0.0,0.0,upi,website,sent_money,payment,company,unknown,0.8,1.0,0.0,1.0,0.0
,,1,,transaction,0.0,0.0,1.0,0.0,0.0,0.0,0.0,0.0,0.0,0.0,bank,email,shared_credentials,transaction,bank,unknown,0.8,1.0,0.0,1.0,0.0
,,1,,transaction,0.0,0.0,1.0,0.0,0.0,0.0,0.0,0.0,1.0,0.0,bank,website,sent_money,transaction,company,unknown,0.95,1.0,1.0,1.0,0.0
,,1,300.0,transaction,0.0,0.0,1.0,0.0,0.0,0.0,0.0,0.0,0.0,0.0,bank,telegram,sent_money,transaction,none,USD,1.0,1.0,1.0,0.0,0.0
,,1,,transaction,0.0,1.0,0.0,0.0,0.0,0.0,0.0,0.0,0.0,0.0,card,phone,shared_credentials,verification,bank,unknown,0.8,1.0,1.0,1.0,0.0
,,1,,commerce,0.0,1.0,0.0,0.0,0.0,0.0,0.0,0.0,0.0,0.0,card,website,clicked_link,payment,company,unknown,0.0,0.0,1.0,1.0,0.0
,,1,3000.0,transaction,0.0,0.0,1.0,0.0,0.0,0.0,0.0,0.0,0.0,0.0,bank,phone,sent_money,payment,company,INR,1.0,1.0,0.0,1.0,0.0
,,1,,transaction,1.0,0.0,0.0,0.0,0.0,0.0,0.0,1.0,0.0,0.0,upi,sms,sent_money,payment,bank,unknown,1.0,1.0,0.0,1.0,0.0
,,1,,transaction,1.0,0.0,0.0,0.0,0.0,0.0,0.0,0.0,0.0,0.0,upi,sms,sent_money,payment,bank,unknown,0.5,1.0,0.0,1.0,0.0
,,1,,transaction,1.0,0.0,0.0,1.0,0.0,0.0,0.0,1.0,0.0,0.0,upi,phone,shared_credentials,transaction,company,unknown,1.0,1.0,1.0,0.0,0.0
,,1,68.0,transaction,0.0,0.0,0.0,0.0,0.0,0.0,0.0,0.0,1.0,0.0,unknown,website,clicked_link,none,crypto_youtuber,unknown,0.9,1.0,0.0,0.0,0.0
,,1,35.0,transaction,0.0,0.0,1.0,0.0,0.0,0.0,0.0,0.0,0.0,0.0,bank,email,sent_money,payment,unknown,USD,0.8,1.0,0.0,0.0,0.0
,,1,,transaction,0.0,1.0,0.0,0.0,0.0,0.0,0.0,0.0,0.0,0.0,crypto,social_media,clicked_link,payment,unknown,unknown,0.0,1.0,1.0,0.0,0.0
,,1,,social_engineering,0.0,0.0,0.0,0.0,0.0,0.0,1.0,1.0,0.0,0.0,crypto,email,none,none,unknown,unknown,1.0,1.0,1.0,1.0,0.0
,,1,5.04,transaction,0.0,1.0,0.0,0.0,0.0,0.0,0.0,0.0,0.0,0.0,card,social_media,none,payment,unknown,USD,0.8,1.0,1.0,0.0,0.0
,,1,,social_engineering,0.0,0.0,0.0,0.0,0.0,0.0,0.0,1.0,0.0,0.0,unknown,social_media,none,none,none,unknown,1.0,1.0,0.0,0.0,0.0
,,1,,transaction,1.0,0.0,1.0,0.0,0.0,0.0,1.0,1.0,0.0,0.0,upi,sms,sent_money,payment,bank,unknown,1.0,1.0,1.0,1.0,0.0
,,1,,transaction,1.0,0.0,0.0,0.0,0.0,0.0,0.0,0.0,1.0,0.0,upi,sms,sent_money,payment,company,unknown,0.8,1.0,0.0,1.0,0.0
,,1,,transaction,0.0,0.0,0.0,0.0,0.0,0.0,0.0,0.0,1.0,0.0,unknown,website,none,none,none,unknown,0.8,1.0,0.0,0.0,0.0
,,1,,transaction,0.0,0.0,0.0,0.0,0.0,0.0,0.0,0.0,0.0,0.0,unknown,phone,none,none,unknown,unknown,0.9,1.0,0.0,0.0,0.0
,,1,,social_engineering,0.0,0.0,0.0,0.0,0.0,0.0,1.0,1.0,0.0,0.0,unknown,social_media,clicked_link,none,individual,unknown,0.95,1.0,1.0,1.0,0.0
,,0,,none,0.0,0.0,0.0,0.0,0.0,0.0,0.0,0.0,0.0,0.0,unknown,email,none,none,none,unknown,0.0,0.0,0.0,0.0,0.0
,,1,,transaction,0.0,0.0,1.0,0.0,0.0,0.0,0.0,0.0,0.0,0.0,bank,telegram,sent_money,transaction,exchange,unknown,0.9,1.0,1.0,0.0,0.0
,,1,,transaction,0.0,1.0,0.0,0.0,0.0,0.0,0.0,0.0,0.0,0.0,card,phone,sent_money,payment,company,unknown,0.5,1.0,1.0,1.0,0.0
,,1,100.0,transaction,0.0,0.0,0.0,0.0,0.0,0.0,0.0,0.0,0.0,0.0,crypto,telegram,deposit,trading,unknown,USD,0.95,1.0,1.0,0.0,0.0
,,1,5000.0,transaction,0.0,0.0,0.0,0.0,0.0,0.0,0.0,0.0,1.0,0.0,crypto,social_media,installed_app,none,company,USD,1.0,1.0,0.0,1.0,0.0
,,1,,social_engineering,0.0,0.0,0.0,0.0,0.0,0.0,1.0,1.0,0.0,0.0,unknown,sms | email | phone | social_media | website | app | unknown | none,none | unknown,none | unknown,individual,unknown,1.0,1.0,1.0,1.0,0.0
,,1,200000000.0,transaction,0.0,0.0,1.0,0.0,0.0,0.0,1.0,1.0,0.0,0.0,bank,phone,sent_money,payment,government,INR,1.0,1.0,1.0,1.0,0.0
,,1,,social_engineering,0.0,0.0,0.0,0.0,0.0,1.0,0.0,0.0,0.0,0.0,unknown,email,none,credential,individual,unknown,0.8,1.0,1.0,0.0,0.0
,,1,,transaction,0.0,0.0,0.0,0.0,0.0,0.0,0.0,0.0,0.0,0.0,crypto,social_media,investment,payment,unknown,unknown,0.9,1.0,0.0,0.0,0.0
,,1,70.0,transaction,1.0,0.0,0.0,0.0,0.0,0.0,0.0,0.0,1.0,0.0,upi,unknown,sent_money,none,unknown,INR,1.0,1.0,1.0,0.0,0.0
,,1,,transaction,0.0,1.0,0.0,0.0,0.0,0.0,0.0,0.0,0.0,0.0,card,phone,none,verification,bank,unknown,0.8,1.0,1.0,1.0,0.0
,,1,,transaction,0.0,0.0,0.0,0.0,0.0,0.0,0.0,0.0,0.0,0.0,unknown,email,none,payment,paypal,USD,0.9,1.0,1.0,1.0,0.0
,,1,0.5,transaction,0.0,0.0,0.0,0.0,0.0,0.0,0.0,0.0,1.0,0.0,crypto,website,invested,transaction,unknown,unknown,0.9,1.0,0.0,0.0,0.0
,,1,215.0,transaction,0.0,0.0,1.0,0.0,0.0,0.0,0.0,0.0,0.0,0.0,bank,website,sent_money,payment,company,unknown,0.8,1.0,1.0,1.0,0.0
,,1,,social_engineering,0.0,0.0,0.0,0.0,0.0,1.0,1.0,1.0,0.0,0.0,unknown,sms,shared_credentials,verification,discord_moderator,unknown,1.0,1.0,1.0,1.0,0.0
,,1,10.0,transaction,1.0,0.0,0.0,0.0,0.0,0.0,0.0,1.0,0.0,0.0,upi,sms,sent_money,payment,bank,unknown,1.0,1.0,0.0,1.0,0.0
,,1,,transaction,0.0,0.0,1.0,0.0,0.0,0.0,0.0,0.0,0.0,0.0,bank,telegram,sent_money,payment,company,unknown,0.8,1.0,1.0,1.0,0.0
,,1,1000.0,transaction,0.0,0.0,1.0,0.0,0.0,0.0,0.0,0.0,0.0,0.0,bank,email,sent_money,payment,individual,USD,0.8,1.0,0.0,0.0,0.0
,,1,0.0,transaction,0.0,0.0,0.0,0.0,0.0,0.0,0.0,0.0,0.0,0.0,unknown,email,sent_money,payment,company,unknown,0.8,1.0,0.0,1.0,0.0
,,1,150.0,transaction,1.0,0.0,0.0,0.0,0.0,0.0,0.0,0.0,0.0,0.0,upi,sms,sent_money,payment,unknown,INR,0.8,1.0,0.0,0.0,0.0
,,1,,social_engineering,0.0,0.0,0.0,0.0,0.0,1.0,1.0,1.0,0.0,0.0,unknown,phone,shared_credentials,verification,microsoft_security_team,unknown,0.8,1.0,1.0,1.0,0.0
,,1,,transaction,0.0,0.0,1.0,0.0,0.0,0.0,0.0,0.0,0.0,0.0,bank,postal_service,none,transaction,check_maker,unknown,0.95,1.0,0.0,1.0,0.0
,,1,65000.0,transaction,0.0,0.0,1.0,0.0,0.0,0.0,0.0,0.0,1.0,0.0,bank,unknown,paid,payment,company,INR,1.0,1.0,1.0,1.0,0.0
,,1,,commerce,0.0,0.0,0.0,1.0,0.0,0.0,0.0,0.0,0.0,0.0,upi,website,installed_app,download,company,unknown,0.8,1.0,0.0,1.0,0.0
,,1,2500.0,transaction,0.0,0.0,0.0,0.0,0.0,0.0,0.0,0.0,0.0,0.0,unknown,website,clicked_link,none,unknown,USD,1.0,1.0,1.0,0.0,0.0
,,1,200.0,transaction,0.0,0.0,1.0,0.0,0.0,0.0,0.0,0.0,0.0,0.0,bank,website,sent_money,payment,company,unknown,0.8,1.0,0.0,1.0,0.0
,,1,,social_engineering,0.0,0.0,0.0,0.0,0.0,0.0,0.0,1.0,0.0,0.0,unknown,sms,none,none,individual,unknown,1.0,1.0,0.0,0.0,0.0
,,1,900.0,transaction,0.0,0.0,1.0,0.0,0.0,0.0,0.0,0.0,0.0,0.0,bank,email,sent_money,payment,company,USD,1.0,1.0,0.0,1.0,0.0
,,1,,transaction,0.0,0.0,1.0,0.0,0.0,0.0,0.0,0.0,0.0,0.0,bank,app,sent_money,payment,none,unknown,0.8,1.0,0.0,0.0,0.0
,,1,100.0,transaction,0.0,1.0,0.0,0.0,0.0,0.0,0.0,0.0,0.0,0.0,card,website,sent_money,payment,none,USD,0.9,1.0,1.0,0.0,0.0
,,1,4799.0,commerce,0.0,0.0,0.0,1.0,0.0,0.0,0.0,0.0,0.0,0.0,upi,website,sent_money,payment,company,INR,0.8,1.0,0.0,0.0,0.0
,,1,,transaction,0.0,0.0,1.0,0.0,0.0,0.0,0.0,0.0,0.0,0.0,bank,unknown,sent_money,payment,none,unknown,0.5,1.0,0.0,0.0,0.0
,,1,,transaction,0.0,0.0,1.0,0.0,0.0,0.0,0.0,0.0,1.0,0.0,bank,email,sent_money,payment,unknown,unknown,0.8,1.0,1.0,0.0,0.0
,,1,29000.0,transaction,0.0,0.0,1.0,0.0,0.0,1.0,1.0,1.0,1.0,0.0,bank,email,sent_money,payment,company,EUR,1.0,1.0,1.0,1.0,0.0
,,1,9500.0,transaction,0.0,0.0,0.0,0.0,0.0,0.0,1.0,1.0,0.0,0.0,bank,phone,sent_money,payment,government,USD,1.0,1.0,1.0,1.0,0.0
,,1,65.0,transaction,0.0,0.0,1.0,0.0,0.0,0.0,0.0,0.0,0.0,0.0,bank,website,clicked_link,payment,company,USD,0.8,1.0,0.0,1.0,0.0
,,1,100000.0,transaction,0.0,0.0,1.0,0.0,0.0,0.0,0.0,0.0,0.0,0.0,bank,sms,sent_money,transaction,bank,unknown,0.8,1.0,0.0,1.0,0.0
,,1,73.0,transaction,0.0,0.0,1.0,0.0,0.0,0.0,0.0,0.0,1.0,0.0,bank,phone,none,transaction,company,unknown,0.9,1.0,0.0,1.0,0.0
,,1,500.0,transaction,0.0,0.0,1.0,0.0,0.0,0.0,0.0,0.0,1.0,0.0,bank,phone,sent_money,payment,individual,USD,1.0,1.0,0.0,0.0,0.0
,,1,,social_engineering,0.0,0.0,0.0,0.0,0.0,0.0,1.0,1.0,0.0,0.0,none,phone,none,none,unknown,unknown,1.0,1.0,1.0,1.0,0.0
,,1,,credential,0.0,0.0,0.0,0.0,0.0,1.0,0.0,0.0,0.0,0.0,unknown,email,shared_credentials,credential,individual,unknown,0.9,1.0,1.0,0.0,0.0
,,1,1000.0,transaction,0.0,0.0,0.0,0.0,0.0,0.0,0.0,0.0,0.0,0.0,upi | card | bank | crypto | gift_card | unknown | none,sms | email | phone | social_media | website | app | unknown | none,sent_money,payment,bank,USD,0.9,1.0,0.0,1.0,0.0
,,1,250.0,transaction,0.0,0.0,1.0,0.0,0.0,0.0,0.0,0.0,1.0,0.0,bank,website,sent_money,payment,company,unknown,1.0,1.0,1.0,1.0,0.0
,,1,,transaction,0.0,1.0,0.0,0.0,0.0,0.0,0.0,0.0,0.0,0.0,card,postal,returned_mail,none,company,unknown,0.5,1.0,0.0,0.0,0.0
,,1,3850.0,commerce,0.0,0.0,1.0,1.0,0.0,0.0,0.0,0.0,1.0,0.0,bank,email,sent_money,payment,company,USD,1.0,1.0,0.0,1.0,0.0
,,1,,social_engineering,0.0,0.0,0.0,0.0,0.0,0.0,0.0,1.0,0.0,0.0,unknown,sms,none,none,individual,unknown,1.0,1.0,0.0,0.0,0.0
,,0,,none,0.0,0.0,0.0,0.0,0.0,0.0,0.0,0.0,0.0,0.0,unknown,none,none,none,none,unknown,0.0,0.0,0.0,0.0,0.0
,,1,1800.0,transaction,0.0,1.0,0.0,0.0,0.0,0.0,0.0,1.0,1.0,0.0,card,sms,sent_money,payment,none,USD,1.0,1.0,1.0,0.0,0.0
,,1,,commerce,0.0,0.0,0.0,0.0,0.0,0.0,0.0,0.0,0.0,0.0,bank,social_media,sent_money,payment,company,unknown,0.95,1.0,1.0,1.0,0.0
,,1,,commerce,0.0,0.0,0.0,1.0,1.0,0.0,0.0,0.0,0.0,0.0,upi,website,sent_money,payment,company,unknown,0.8,1.0,0.0,1.0,0.0
,,1,,social_engineering,0.0,0.0,0.0,0.0,0.0,0.0,1.0,1.0,0.0,0.0,unknown,sms,clicked_link,none,individual,unknown,1.0,1.0,1.0,1.0,0.0
,,1,,transaction,0.0,0.0,0.0,0.0,0.0,0.0,0.0,1.0,0.0,0.0,unknown,phone,none,none,unknown,unknown,1.0,1.0,0.0,0.0,0.0
,,1,,social_engineering,0.0,0.0,0.0,0.0,0.0,1.0,1.0,1.0,0.0,0.0,unknown,email,shared_credentials,verification,twitter,unknown,1.0,1.0,1.0,1.0,0.0
,,1,,social_engineering,0.0,0.0,0.0,0.0,0.0,0.0,1.0,1.0,0.0,0.0,unknown,phone,none,none,government,unknown,1.0,1.0,1.0,1.0,0.0
,,1,,social_engineering,0.0,0.0,0.0,0.0,0.0,0.0,1.0,1.0,0.0,0.0,unknown,phone,none,none,company,unknown,1.0,1.0,1.0,1.0,0.0
,,1,,commerce,0.0,0.0,1.0,1.0,0.0,0.0,0.0,0.0,0.0,0.0,bank,phone,sent_money,payment,company,unknown,0.9,1.0,0.0,1.0,0.0
,,1,,commerce,0.0,0.0,0.0,0.0,0.0,0.0,0.0,0.0,0.0,0.0,unknown,website,clicked_link,commerce,none,unknown,0.0,1.0,1.0,0.0,0.0
,,1,,transaction,0.0,0.0,0.0,0.0,0.0,0.0,0.0,0.0,1.0,0.0,unknown,phone,none,payment,insurance_company,unknown,0.9,1.0,1.0,1.0,0.0
,,1,,transaction,0.0,0.0,1.0,0.0,0.0,0.0,0.0,1.0,0.0,0.0,bank,website,investment,verification,company,unknown,1.0,1.0,1.0,0.0,0.0
,,1,,transaction,0.0,0.0,1.0,0.0,0.0,0.0,0.0,0.0,1.0,0.0,bank,website,sent_money,payment,company,unknown,0.9,1.0,1.0,1.0,0.0
,,1,,transaction,0.0,0.0,1.0,0.0,0.0,0.0,0.0,0.0,1.0,0.0,bank,sms,sent_money,transaction,none,unknown,0.8,1.0,0.0,0.0,0.0
,,1,280000.0,transaction,0.0,0.0,1.0,0.0,0.0,0.0,1.0,1.0,1.0,0.0,bank,phone,sent_money,transaction,google,USD,1.0,1.0,1.0,1.0,0.0
,,1,,social_engineering,0.0,0.0,0.0,0.0,0.0,0.0,0.0,1.0,1.0,0.0,crypto,telegram,installed_app,none,individual,unknown,1.0,1.0,0.0,0.0,0.0
,,1,50.0,transaction,1.0,0.0,0.0,0.0,0.0,0.0,0.0,1.0,0.0,0.0,upi,social_media,sent_money,payment,unknown,QAR,1.0,1.0,0.0,0.0,0.0
,,1,,transaction,1.0,0.0,0.0,0.0,0.0,0.0,1.0,1.0,1.0,0.0,upi,telegram,sent_money,payment,trading_group,unknown,1.0,1.0,1.0,1.0,0.0
,,1,,transaction,0.0,1.0,0.0,0.0,0.0,0.0,0.0,0.0,0.0,0.0,card,phone,sent_money,payment,none,unknown,0.8,1.0,0.0,0.0,0.0
,,1,,commerce,0.0,0.0,0.0,1.0,1.0,0.0,0.0,0.0,0.0,0.0,unknown,website,clicked_link,commerce,company,unknown,0.95,1.0,1.0,0.0,0.0
,,1,,commerce,0.0,0.0,0.0,1.0,0.0,0.0,0.0,0.0,0.0,0.0,unknown,website,clicked_link,commerce,courier_company,unknown,0.85,1.0,0.0,1.0,0.0
,,0,,none,0.0,0.0,0.0,0.0,0.0,0.0,0.0,0.0,0.0,0.0,upi,email,none,none,bank,unknown,0.0,0.0,0.0,1.0,0.0
,,1,21000000.0,transaction,0.0,0.0,0.0,0.0,0.0,0.0,0.0,0.0,0.0,0.0,crypto,app,sent_money,transaction,unknown,USD,0.9,1.0,1.0,0.0,0.0
,,1,200.0,advanced,0.0,0.0,0.0,0.0,0.0,0.0,0.0,0.0,0.0,0.0,upi,email,sent_money,payment,bank,unknown,1.0,1.0,0.0,1.0,0.0
,,1,,transaction,0.0,1.0,0.0,0.0,0.0,0.0,0.0,0.0,0.0,0.0,crypto,website,sent_money,payment,crypto_exchange,unknown,0.9,1.0,1.0,0.0,0.0
,,1,10000000.0,advanced,0.0,0.0,0.0,0.0,0.0,1.0,0.0,0.0,0.0,0.0,crypto,social_media,shared_credentials,login,individual,USDT,0.8,1.0,1.0,0.0,0.0
,,1,1000.0,transaction,0.0,0.0,1.0,0.0,0.0,0.0,0.0,0.0,1.0,0.0,bank,none,sent_money,payment,individual,unknown,0.5,1.0,0.0,0.0,0.0
,,1,,commerce,0.0,0.0,0.0,1.0,0.0,0.0,0.0,0.0,0.0,0.0,upi,website,clicked_link,commerce,company,unknown,0.8,1.0,0.0,1.0,0.0
,,1,2000.0,transaction,0.0,0.0,0.0,0.0,0.0,0.0,0.0,0.0,0.0,0.0,crypto,unknown,sent_money,none,unknown,unknown,1.0,1.0,1.0,0.0,0.0
,,1,2500.0,transaction,0.0,0.0,0.0,0.0,0.0,0.0,0.0,0.0,0.0,0.0,unknown,website,clicked_link,none,unknown,USD,1.0,1.0,1.0,0.0,0.0
,,1,,transaction,1.0,0.0,0.0,0.0,0.0,0.0,0.0,1.0,0.0,0.0,crypto,sms,sent_money,payment,unknown,unknown,1.0,1.0,1.0,0.0,0.0
,,1,,transaction,0.0,0.0,0.0,0.0,0.0,0.0,0.0,0.0,0.0,0.0,crypto,website,clicked_link,conversion,none,unknown,0.5,1.0,0.0,0.0,0.0
,,1,,social_engineering,0.0,0.0,0.0,0.0,0.0,0.0,1.0,1.0,0.0,0.0,unknown,email,clicked_link,none,company,unknown,1.0,1.0,1.0,1.0,0.0
,,1,300.0,transaction,0.0,1.0,1.0,0.0,0.0,0.0,0.0,1.0,1.0,0.0,bank,email,sent_money,payment,none,USD,1.0,1.0,1.0,0.0,0.0
,,1,500.0,transaction,0.0,0.0,1.0,0.0,0.0,0.0,0.0,0.0,0.0,0.0,bank,website,sent_money,payment,company,USD,0.8,1.0,1.0,1.0,0.0
,,1,,transaction,0.0,0.0,1.0,0.0,0.0,0.0,0.0,0.0,0.0,0.0,bank,sms,sent_money,payment,individual,unknown,0.8,1.0,0.0,0.0,0.0
,,1,500.0,commerce,1.0,0.0,0.0,1.0,0.0,0.0,0.0,0.0,0.0,0.0,upi,phone,sent_money,payment,individual,INR,1.0,1.0,1.0,0.0,0.0
,,1,,transaction,0.0,0.0,1.0,0.0,0.0,0.0,0.0,0.0,0.0,0.0,bank,email,deposit_check,payment,book_publisher,unknown,0.8,1.0,0.0,1.0,0.0
,,1,,transaction,1.0,0.0,0.0,0.0,0.0,0.0,0.0,0.0,0.0,0.0,upi,sms,sent_money,payment,businesswoman,unknown,0.9,1.0,0.0,1.0,0.0
,,1,,commerce,0.0,0.0,1.0,1.0,1.0,0.0,0.0,0.0,0.0,0.0,bank,website,sent_money,payment,company,unknown,0.8,1.0,0.0,0.0,0.0
,,1,,transaction,1.0,0.0,0.0,0.0,0.0,0.0,1.0,1.0,0.0,0.0,upi,sms,sent_money,payment,bank,unknown,0.9,1.0,1.0,1.0,0.0
,,1,2500.0,social_engineering,0.0,0.0,0.0,0.0,0.0,0.0,1.0,1.0,0.0,0.0,unknown,social_media,clicked_link,none,elon_musk,USD,1.0,1.0,0.0,1.0,0.0
,,1,2100.0,commerce,0.0,0.0,0.0,1.0,0.0,0.0,0.0,0.0,1.0,0.0,upi,website,clicked_link,commerce,company,INR,0.5,1.0,0.0,1.0,0.0
,,1,,transaction,0.0,0.0,1.0,0.0,0.0,0.0,0.0,0.0,0.0,0.0,bank,telegram,sent_money,transaction,crypto_coach,unknown,0.9,1.0,1.0,1.0,0.0
,,1,300000.0,transaction,0.0,0.0,0.0,0.0,0.0,0.0,0.0,0.0,0.0,0.0,crypto,social_media,sent_money,payment,unknown,USDT,1.0,1.0,0.0,0.0,0.0
,,1,1000.0,transaction,1.0,0.0,0.0,0.0,0.0,0.0,0.0,0.0,0.0,0.0,upi,sms,sent_money,payment,bank,INR,0.9,1.0,0.0,1.0,0.0
,,1,30.0,transaction,0.0,1.0,1.0,0.0,0.0,0.0,0.0,0.0,0.0,0.0,bank,phone,none,transaction,bank,INR,1.0,1.0,1.0,1.0,0.0
,,1,4.99,commerce,0.0,0.0,0.0,1.0,0.0,0.0,0.0,0.0,0.0,0.0,unknown,email,copied_tracking_number,commerce,individual,USD,0.5,1.0,0.0,0.0,0.0
,,1,,transaction,0.0,0.0,0.0,0.0,0.0,0.0,0.0,0.0,0.0,0.0,crypto,social_media,clicked_link,transaction,unknown,unknown,0.8,1.0,0.0,0.0,0.0
,,1,300.0,commerce,0.0,0.0,0.0,0.0,0.0,0.0,0.0,0.0,0.0,0.0,gift_card,unknown,sent_money,payment,individual,USD,1.0,1.0,0.0,0.0,0.0
,,1,2400.0,transaction,0.0,0.0,1.0,0.0,0.0,0.0,0.0,0.0,1.0,0.0,bank,unknown,sent_money,payment,none,unknown,1.0,1.0,1.0,0.0,0.0
,,1,1.3,transaction,0.0,1.0,0.0,0.0,0.0,0.0,0.0,0.0,0.0,0.0,card,email,clicked_link,payment,company,USD,0.8,1.0,0.0,1.0,0.0
,,1,,social_engineering,0.0,0.0,0.0,0.0,0.0,0.0,0.0,1.0,0.0,0.0,unknown,social_media,none,none,individual,unknown,1.0,1.0,1.0,0.0,0.0
,,1,,transaction,1.0,0.0,0.0,0.0,0.0,0.0,0.0,0.0,1.0,0.0,upi,website,sent_money,verification,company,unknown,0.9,1.0,1.0,1.0,0.0
,,1,,social_engineering,0.0,0.0,0.0,0.0,0.0,0.0,1.0,1.0,0.0,0.0,unknown,phone,none,none,government,unknown,1.0,1.0,1.0,1.0,0.0
,,1,,social_engineering,0.0,0.0,0.0,0.0,0.0,1.0,0.0,0.0,0.0,0.0,upi,email,shared_credentials,login,bank,unknown,0.8,1.0,1.0,1.0,0.0
,,1,20.0,social_engineering,0.0,0.0,0.0,0.0,0.0,0.0,0.0,1.0,0.0,0.0,unknown,social_media,none,none,individual,unknown,1.0,1.0,1.0,0.0,0.0
,,1,1000.0,transaction,0.0,0.0,1.0,0.0,0.0,0.0,0.0,1.0,0.0,0.0,bank,sms,sent_money,payment,none,USD,1.0,1.0,1.0,0.0,0.0
,,1,,transaction,0.0,0.0,1.0,0.0,0.0,0.0,0.0,0.0,0.0,0.0,bank,app,installed_app,transaction,none,unknown,0.9,1.0,1.0,0.0,1.0
,,1,,transaction,0.0,1.0,0.0,0.0,0.0,0.0,0.0,0.0,0.0,0.0,crypto,atm,withdrew_money,purchase,none,unknown,0.9,1.0,1.0,0.0,0.0
,,1,,transaction,0.0,1.0,0.0,0.0,0.0,0.0,0.0,0.0,0.0,0.0,crypto,website,clicked_link,verification,none,unknown,0.9,1.0,0.0,0.0,0.0
,,1,,commerce,0.0,0.0,0.0,1.0,1.0,0.0,0.0,0.0,0.0,0.0,crypto,website,deposited_money,transaction,none,USDT,1.0,1.0,1.0,0.0,0.0
,,1,,social_engineering,0.0,0.0,0.0,0.0,0.0,1.0,0.0,0.0,0.0,0.0,unknown,email,clicked_link,none,company,unknown,0.8,1.0,0.0,1.0,0.0
,,1,832.0,transaction,1.0,0.0,0.0,1.0,0.0,0.0,0.0,0.0,0.0,0.0,upi,phone,sent_money,payment,company,INR,0.7,1.0,0.0,1.0,0.0
,,1,,social_engineering,0.0,0.0,0.0,0.0,0.0,0.0,1.0,1.0,0.0,0.0,unknown,comment_section,clicked_link,none,unknown,unknown,1.0,1.0,1.0,1.0,0.0
,,1,,social_engineering,0.0,0.0,0.0,0.0,0.0,1.0,1.0,1.0,0.0,0.0,unknown,social_media,clicked_link,none,company,unknown,1.0,1.0,1.0,1.0,0.0
,,1,,social_engineering,0.0,0.0,0.0,0.0,0.0,0.0,0.0,1.0,0.0,0.0,unknown,phone,none,none,unknown,unknown,1.0,1.0,1.0,0.0,0.0
,,1,,transaction,0.0,0.0,0.0,0.0,0.0,0.0,0.0,0.0,0.0,0.0,unknown,email,sent_money,payment,none,unknown,0.9,1.0,0.0,0.0,0.0
,,1,90000.0,commerce,0.0,0.0,0.0,0.0,0.0,0.0,0.0,0.0,0.0,0.0,bank,website,sent_money,payment,company,INR,1.0,1.0,0.0,1.0,0.0
,,1,,commerce,0.0,0.0,0.0,0.0,1.0,0.0,0.0,0.0,0.0,0.0,card,social_media,none,sale,individual,unknown,0.5,1.0,0.0,0.0,0.0
,,1,,social_engineering,0.0,0.0,0.0,0.0,0.0,1.0,0.0,0.0,0.0,0.0,unknown,email,clicked_link,none,unknown,unknown,0.8,1.0,0.0,1.0,0.0
,,1,11000.0,transaction,0.0,0.0,1.0,0.0,0.0,0.0,0.0,0.0,0.0,0.0,bank,website,deposited_money,transaction,none,BTC,0.9,1.0,0.0,0.0,0.0
,,1,,transaction,0.0,1.0,0.0,0.0,0.0,0.0,0.0,1.0,1.0,0.0,card,phone,sent_money,payment,individual,unknown,1.0,1.0,1.0,0.0,0.0
,,1,,transaction,0.0,1.0,0.0,0.0,0.0,0.0,0.0,1.0,0.0,0.0,upi,email,sent_money,payment,company,unknown,1.0,1.0,1.0,1.0,0.0
,,1,180000.0,transaction,0.0,1.0,0.0,0.0,0.0,0.0,0.0,0.0,0.0,0.0,crypto,website,sent_money,payment,unknown,unknown,0.9,1.0,1.0,0.0,0.0
,,0,2999.0,none,0.0,0.0,0.0,0.0,0.0,0.0,0.0,0.0,0.0,0.0,unknown,phone,none,transaction,unknown,CROWNS,0.0,1.0,0.0,0.0,0.0
,,1,7000.0,commerce,1.0,0.0,0.0,1.0,0.0,0.0,0.0,0.0,0.0,0.0,upi,sms,sent_money,payment,individual,INR,1.0,1.0,1.0,0.0,0.0
,,1,1.0,transaction,0.0,1.0,0.0,0.0,0.0,0.0,0.0,0.0,0.0,0.0,card,email,sent_money,payment,company,USD,0.9,1.0,0.0,1.0,0.0
,,1,1200.0,transaction,1.0,0.0,0.0,0.0,0.0,0.0,0.0,0.0,0.0,0.0,upi,website,sent_money,transaction,unknown,INR,0.8,1.0,0.0,0.0,0.0
,,1,315.0,transaction,0.0,0.0,0.0,0.0,0.0,0.0,0.0,0.0,0.0,0.0,crypto,website,invested,investment,unknown,USD,0.9,1.0,1.0,0.0,0.0
,,1,12.0,transaction,0.0,1.0,0.0,0.0,0.0,0.0,0.0,0.0,0.0,0.0,card,phone,sent_money,payment,none,USD,0.9,1.0,1.0,1.0,0.0
,,1,,transaction,0.0,0.0,1.0,0.0,0.0,0.0,0.0,0.0,0.0,0.0,bank,phone,sent_money,verification,binance,unknown,0.9,1.0,0.0,1.0,0.0
,,1,,transaction,1.0,0.0,0.0,0.0,0.0,0.0,0.0,0.0,0.0,0.0,upi,website,withdrew_funds,transaction,trading_platform,unknown,0.8,1.0,1.0,0.0,0.0
,,1,,transaction,1.0,0.0,0.0,0.0,0.0,0.0,1.0,1.0,0.0,0.0,upi,phone,sent_money,payment,bank,unknown,1.0,1.0,1.0,1.0,0.0
,,1,,transaction,0.0,1.0,0.0,0.0,0.0,0.0,0.0,0.0,0.0,0.0,card,email,clicked_link,transaction,company,unknown,0.8,1.0,1.0,1.0,0.0
,,1,,transaction,0.0,0.0,1.0,0.0,0.0,1.0,0.0,0.0,0.0,0.0,bank,email,clicked_link,transaction,company,unknown,0.9,1.0,1.0,1.0,0.0
,,1,,transaction,0.0,0.0,0.0,1.0,0.0,0.0,0.0,0.0,0.0,0.0,unknown,website,clicked_link,commerce,none,unknown,0.8,1.0,0.0,0.0,0.0
,,1,,transaction,0.0,0.0,1.0,0.0,0.0,0.0,0.0,0.0,0.0,0.0,bank,website,withdrawal,payment,platform,unknown,0.9,1.0,1.0,1.0,0.0
,,1,90000.0,transaction,1.0,0.0,0.0,0.0,0.0,0.0,0.0,1.0,0.0,0.0,upi,sms,sent_money,payment,individual,unknown,1.0,1.0,1.0,0.0,0.0
,,1,,transaction,0.0,0.0,1.0,0.0,0.0,0.0,0.0,0.0,0.0,0.0,bank,app,opened_account,transaction,credit_union,unknown,0.8,1.0,0.0,1.0,0.0
,,1,,social_engineering,0.0,0.0,0.0,0.0,0.0,1.0,0.0,0.0,0.0,0.0,unknown,email,none,none,microsoft,unknown,0.8,1.0,1.0,1.0,0.0
,,1,75.0,advanced,0.0,0.0,0.0,0.0,0.0,0.0,0.0,0.0,1.0,0.0,crypto,app,presale_bought_a_shit_coin,none,unknown,USD,0.9,1.0,1.0,0.0,0.0
,,1,,transaction,0.0,0.0,0.0,0.0,0.0,0.0,1.0,1.0,0.0,0.0,unknown,whatsapp,sent_money,payment,goldman_sachs,unknown,1.0,1.0,1.0,1.0,0.0
,,1,1000.0,commerce,0.0,0.0,0.0,1.0,0.0,0.0,0.0,1.0,0.0,0.0,upi,phone,sent_money,payment,seller,USD,0.9,1.0,1.0,0.0,0.0
,,0,,none,0.0,0.0,0.0,0.0,0.0,0.0,0.0,0.0,0.0,0.0,upi | card | bank | crypto | gift_card | unknown | none,sms | email | phone | social_media | website | app | unknown | none,sent_money | shared_credentials | clicked_link | installed_app | none | unknown,payment | verification | login | download | none | unknown,bank_|_government_|_company_|_individual_|_none_|_unknown,unknown,0.0,0.0,0.0,0.0,0.0
,,0,,none,0.0,0.0,0.0,0.0,0.0,0.0,0.0,0.0,0.0,0.0,unknown,email,clicked_link,none,microsoft,unknown,0.0,0.0,1.0,1.0,0.0
,,1,500.0,transaction,0.0,1.0,0.0,0.0,0.0,0.0,0.0,0.0,0.0,0.0,card,website,entered_information,payment,unknown,USD,0.0,1.0,1.0,0.0,0.0
,,1,,commerce,0.0,0.0,0.0,0.0,0.0,0.0,0.0,0.0,0.0,0.0,unknown,email,sent_money,payment,none,unknown,0.0,1.0,0.0,0.0,0.0
,,1,,social_engineering,0.0,0.0,0.0,0.0,0.0,0.0,1.0,1.0,0.0,0.0,unknown,sms,sent_money,none,company,unknown,0.95,1.0,1.0,1.0,0.0
,,1,,social_engineering,0.0,0.0,0.0,0.0,0.0,0.0,1.0,1.0,0.0,0.0,unknown,sms,sent_money,payment,company,unknown,1.0,1.0,1.0,1.0,0.0
,,1,52.0,transaction,0.0,0.0,0.0,0.0,0.0,0.0,0.0,0.0,0.0,0.0,upi,app,sent_money,payment,none,INR,0.8,1.0,0.0,0.0,0.0
,,1,,social_engineering,0.0,0.0,0.0,0.0,0.0,1.0,0.0,0.0,0.0,0.0,unknown,email,none,credential,unknown,unknown,0.5,1.0,1.0,0.0,0.0
,,1,150.0,transaction,0.0,0.0,0.0,0.0,0.0,0.0,1.0,1.0,0.0,0.0,crypto,sms,sent_money,payment,none,BTC,1.0,1.0,1.0,1.0,0.0
,,1,,social_engineering,0.0,0.0,0.0,0.0,0.0,1.0,0.0,0.0,0.0,0.0,none,phone,none,none,individual,unknown,0.8,1.0,1.0,0.0,0.0
,,0,,none,0.0,0.0,0.0,0.0,0.0,0.0,0.0,0.0,0.0,0.0,upi,email,shared_credentials,payment,none,unknown,0.0,1.0,0.0,0.0,0.0
,,1,,transaction,0.0,1.0,0.0,0.0,0.0,0.0,0.0,0.0,0.0,0.0,card,email,sent_money,payment,none,unknown,0.8,1.0,1.0,0.0,0.0
,,1,,transaction,1.0,0.0,0.0,0.0,0.0,0.0,0.0,0.0,0.0,0.0,upi,sms,clicked_link,payment,bank,unknown,0.8,1.0,0.0,1.0,0.0
,,1,,transaction,0.0,0.0,1.0,0.0,0.0,0.0,0.0,0.0,0.0,0.0,bank,phone,none,none,unknown,unknown,0.9,1.0,0.0,0.0,0.0
,,1,,meta,0.0,0.0,0.0,0.0,0.0,0.0,0.0,0.0,1.0,0.0,crypto,website,clicked_link,none,unknown,unknown,0.5,1.0,0.0,0.0,0.0
,,1,10000.0,transaction,1.0,0.0,0.0,0.0,0.0,0.0,0.0,0.0,0.0,0.0,upi,sms,sent_money,payment,unknown,INR,0.8,1.0,1.0,0.0,0.0
,,1,,transaction,0.0,1.0,0.0,0.0,0.0,0.0,0.0,0.0,0.0,0.0,card,phone,sent_money,payment,company,unknown,0.7,1.0,0.0,1.0,0.0
,,1,,transaction,0.0,1.0,0.0,0.0,0.0,0.0,0.0,0.0,0.0,0.0,card,phone,sent_money,payment,none,unknown,0.8,1.0,0.0,0.0,0.0
,,1,,meta,0.0,0.0,0.0,0.0,0.0,0.0,1.0,1.0,0.0,0.0,unknown,social_media,none,none,company,unknown,1.0,1.0,1.0,1.0,0.0
,,1,,social_engineering,0.0,0.0,0.0,0.0,0.0,1.0,0.0,0.0,0.0,0.0,unknown,website,clicked_link,credential,government,unknown,0.8,1.0,1.0,1.0,0.0
,,1,,social_engineering,0.0,0.0,0.0,0.0,0.0,1.0,0.0,1.0,0.0,0.0,unknown,email,clicked_link,none,company,unknown,1.0,1.0,1.0,1.0,0.0
,,1,,social_engineering,0.0,0.0,0.0,0.0,0.0,0.0,1.0,1.0,0.0,0.0,unknown,social_media,installed_app,none,unknown,unknown,1.0,1.0,0.0,1.0,0.0
,,1,,transaction,0.0,1.0,0.0,0.0,0.0,0.0,0.0,0.0,0.0,0.0,card,social_media,sent_money,payment,none,unknown,0.5,1.0,0.0,0.0,0.0
,,1,2000.0,transaction,0.0,0.0,1.0,0.0,0.0,0.0,0.0,0.0,1.0,0.0,bank,sms,sent_money,transaction,none,USD,1.0,1.0,1.0,0.0,0.0
,,1,2000.0,social_engineering,1.0,0.0,1.0,0.0,0.0,1.0,1.0,1.0,0.0,0.0,upi,phone,sent_money,transaction,bank,USD,1.0,1.0,1.0,1.0,0.0
,,1,800.0,transaction,0.0,0.0,1.0,0.0,0.0,0.0,0.0,0.0,1.0,0.0,crypto,unknown,withdrew_commission,none,unknown,USD,1.0,1.0,0.0,0.0,0.0
,,1,,social_engineering,0.0,0.0,0.0,0.0,0.0,1.0,1.0,1.0,0.0,0.0,upi,email,shared_credentials,login,bank,unknown,1.0,1.0,1.0,1.0,0.0
,,1,,transaction,0.0,0.0,0.0,0.0,0.0,0.0,0.0,0.0,0.0,0.0,unknown,email,none,payment,company,unknown,0.0,1.0,1.0,1.0,0.0
,,1,700.0,social_engineering,0.0,0.0,0.0,0.0,0.0,1.0,0.0,1.0,0.0,0.0,crypto,email,none,extortion,unknown,USD,1.0,1.0,1.0,0.0,0.0
,,1,13000.0,transaction,0.0,0.0,1.0,0.0,0.0,0.0,0.0,0.0,0.0,0.0,bank,email,sent_money,payment,bank,EUR,0.5,1.0,1.0,1.0,0.0
,,1,,transaction,0.0,0.0,1.0,0.0,0.0,0.0,0.0,0.0,0.0,0.0,bank,phone,sent_money,payment,owner,unknown,0.9,1.0,0.0,1.0,0.0
,,1,,transaction,0.0,0.0,0.0,0.0,0.0,0.0,0.0,0.0,1.0,0.0,crypto,telegram,invested_money,transaction,crypto_exchanger,unknown,0.9,1.0,1.0,0.0,0.0
,,1,10000.0,transaction,0.0,0.0,1.0,0.0,0.0,0.0,0.0,0.0,1.0,0.0,bank,telegram,sent_money,payment,unknown,USD,0.9,1.0,1.0,0.0,0.0
,,1,,transaction,0.0,0.0,1.0,0.0,0.0,0.0,0.0,0.0,0.0,0.0,bank,unknown,deposit,transaction,none,unknown,0.0,0.0,0.0,0.0,0.0
,,1,,transaction,0.0,0.0,0.0,0.0,0.0,0.0,0.0,0.0,0.0,0.0,crypto,website,sent_money,payment,company,unknown,0.0,1.0,1.0,0.0,0.0
,,1,,social_engineering,0.0,0.0,0.0,0.0,0.0,1.0,0.0,0.0,0.0,0.0,unknown,email,shared_credentials,none,individual,unknown,0.8,1.0,1.0,0.0,0.0
,,1,,transaction,1.0,0.0,1.0,0.0,0.0,0.0,0.0,0.0,0.0,0.0,upi,unknown,sent_money,payment,bank,unknown,0.9,1.0,1.0,1.0,0.0
,,1,100000.0,transaction,0.0,0.0,1.0,0.0,0.0,0.0,0.0,0.0,1.0,0.0,bank,sms,sent_money,payment,company,unknown,0.9,1.0,1.0,1.0,0.0
,,1,,transaction,0.0,1.0,0.0,0.0,0.0,0.0,0.0,0.0,0.0,0.0,card,unknown,sent_money,payment,company,unknown,0.5,1.0,0.0,0.0,0.0
,,1,,social_engineering,0.0,0.0,0.0,0.0,0.0,0.0,1.0,1.0,0.0,0.0,unknown,social_media,clicked_link,none,none,unknown,1.0,1.0,1.0,1.0,0.0
,,1,10650.0,transaction,0.0,0.0,1.0,0.0,0.0,0.0,0.0,0.0,1.0,0.0,bank,sms,sent_money,payment,company,INR,0.9,1.0,0.0,1.0,0.0
,,1,,commerce,0.0,0.0,1.0,1.0,1.0,0.0,0.0,0.0,1.0,0.0,bank,sms,paid_money,payment,individual,unknown,0.8,1.0,1.0,0.0,0.0
,,1,,transaction,0.0,1.0,0.0,0.0,0.0,0.0,0.0,0.0,0.0,0.0,card,website,clicked_link,none,unknown,unknown,0.0,1.0,0.0,0.0,0.0
,,1,499.0,transaction,0.0,0.0,1.0,0.0,0.0,0.0,0.0,0.0,1.0,0.0,bank,phone,sent_money,payment,company,EUR,0.8,1.0,0.0,1.0,0.0
,,1,,transaction,0.0,0.0,1.0,0.0,0.0,0.0,0.0,0.0,1.0,0.0,bank,website,clicked_link,none,company,unknown,0.95,1.0,1.0,1.0,0.0
,,1,11027.0,commerce,0.0,0.0,0.0,0.0,0.0,0.0,0.0,0.0,0.0,0.0,upi,app,installed_app,commerce,company,INR,0.0,0.5,0.5,0.5,0.0
,,1,,credential,0.0,0.0,0.0,0.0,0.0,0.0,0.0,0.0,1.0,1.0,unknown,social_media,none,none,government,unknown,0.8,1.0,0.0,1.0,0.0
,,1,,transaction,1.0,0.0,0.0,0.0,0.0,0.0,0.0,0.0,0.0,0.0,upi,sms,sent_money,payment,bank,unknown,0.8,1.0,0.0,1.0,0.0
,,1,,social_engineering,0.0,0.0,0.0,0.0,0.0,0.0,0.0,1.0,0.0,0.0,unknown,sms,shared_credentials,none,individual,unknown,1.0,1.0,0.0,0.0,0.0
,,1,,transaction,0.0,0.0,1.0,0.0,0.0,0.0,0.0,0.0,0.0,0.0,bank,unknown,none,transaction,unknown,unknown,0.9,1.0,0.0,0.0,0.0
,,1,,social_engineering,0.0,0.0,0.0,0.0,0.0,0.0,1.0,1.0,0.0,0.0,unknown,social_media,commented,none,unknown,unknown,0.8,1.0,1.0,1.0,0.0
,,1,,social_engineering,0.0,0.0,0.0,0.0,0.0,1.0,0.0,0.0,0.0,0.0,unknown,phone,none,verification,aetna_and_cvs,unknown,0.8,1.0,1.0,1.0,0.0
,,1,,transaction,0.0,0.0,0.0,0.0,0.0,0.0,0.0,0.0,1.0,0.0,crypto,website,installed_app,none,company,unknown,0.9,1.0,1.0,1.0,0.0
,,1,5.0,transaction,0.0,0.0,1.0,0.0,0.0,0.0,0.0,0.0,0.0,0.0,bank,email,sent_money,transaction,bank,ETH,0.8,1.0,0.0,1.0,0.0
,,1,,transaction,0.0,0.0,0.0,0.0,0.0,0.0,0.0,1.0,0.0,0.0,unknown,sms,sent_money,payment,none,unknown,1.0,1.0,0.0,0.0,0.0
,,1,,transaction,0.0,0.0,1.0,0.0,0.0,0.0,0.0,0.0,1.0,0.0,bank,sms,sent_money,payment,none,unknown,0.8,1.0,1.0,0.0,0.0
,,1,20000.0,commerce,0.0,0.0,0.0,0.0,0.0,0.0,0.0,0.0,0.0,0.0,crypto,website,sent_money,payment,company,EUR,1.0,1.0,1.0,1.0,0.0
,,1,,transaction,0.0,0.0,1.0,0.0,0.0,0.0,0.0,0.0,0.0,0.0,bank,sms,sent_money,payment,bank,unknown,0.8,1.0,0.0,1.0,0.0
,,1,,transaction,0.0,0.0,1.0,0.0,0.0,0.0,0.0,0.0,0.0,0.0,bank,app,installed_app,download,unknown,unknown,0.8,1.0,0.0,0.0,0.0
,,1,,social_engineering,0.0,0.0,0.0,0.0,0.0,0.0,1.0,1.0,0.0,0.0,unknown,social_media,none,none,individual,unknown,1.0,1.0,1.0,1.0,0.0
,,1,,transaction,0.0,0.0,0.0,0.0,0.0,0.0,0.0,0.0,0.0,0.0,unknown,sms,sent_money,payment,unknown,unknown,0.0,1.0,0.0,0.0,0.0
,,1,,commerce,0.0,0.0,0.0,0.0,0.0,0.0,0.0,0.0,1.0,0.0,card,website,clicked_link,payment,company,unknown,0.9,1.0,1.0,1.0,0.0
,,1,,transaction,0.0,1.0,0.0,0.0,0.0,0.0,0.0,0.0,0.0,0.0,card,phone,shared_credentials,verification,bank,unknown,0.8,1.0,1.0,1.0,0.0
,,1,,transaction,0.0,0.0,0.0,0.0,0.0,0.0,0.0,0.0,0.0,0.0,unknown,website,clicked_link,none,company,unknown,0.0,1.0,1.0,1.0,0.0
,,1,,transaction,0.0,1.0,0.0,0.0,0.0,0.0,0.0,0.0,0.0,0.0,card,website,clicked_link,payment,company,unknown,0.9,1.0,1.0,1.0,0.0
,,1,5.0,transaction,0.0,0.0,0.0,0.0,0.0,0.0,0.0,0.0,0.0,0.0,crypto,unknown,received,unknown,unknown,unknown,0.0,0.0,0.0,0.0,0.0
,,1,,credential,0.0,0.0,0.0,0.0,0.0,1.0,0.0,0.0,0.0,0.0,none,email,clicked_link,phishing,unknown,unknown,0.0,1.0,1.0,0.0,0.0
,,1,6000000.0,transaction,1.0,0.0,0.0,0.0,0.0,0.0,0.0,0.0,0.0,0.0,upi,sms,sent_money,payment,bank,INR,1.0,1.0,1.0,1.0,0.0
,,1,,transaction,1.0,0.0,0.0,0.0,0.0,0.0,0.0,1.0,0.0,0.0,upi,instagram,sent_money,payment,individual,unknown,1.0,1.0,1.0,0.0,0.0
,,1,,transaction,0.0,0.0,1.0,0.0,0.0,0.0,0.0,0.0,0.0,0.0,bank,email,sent_money,payment,bank,unknown,0.8,1.0,0.0,1.0,0.0
,,1,,transaction,0.0,1.0,0.0,0.0,0.0,0.0,0.0,0.0,0.0,0.0,card,website,clicked_link,payment,none,unknown,0.8,1.0,1.0,0.0,0.0
,,1,25.02,commerce,0.0,1.0,0.0,0.0,0.0,0.0,0.0,0.0,0.0,0.0,card,website,clicked_link,payment,municipal_corporation_gurgaon_or_indian_post,unknown,1.0,1.0,1.0,1.0,0.0
,,1,,transaction,0.0,1.0,0.0,0.0,0.0,0.0,0.0,0.0,0.0,0.0,card,website,sent_money,payment,company,unknown,0.9,1.0,1.0,1.0,0.0
,,1,,transaction,1.0,0.0,0.0,0.0,0.0,0.0,1.0,1.0,0.0,0.0,upi,phone,none,verification,company,unknown,1.0,1.0,1.0,1.0,0.0
,,1,,social_engineering,0.0,0.0,0.0,0.0,0.0,1.0,1.0,1.0,0.0,0.0,bank,phone,shared_credentials,verification,government,unknown,1.0,1.0,1.0,1.0,0.0
,,1,,transaction,0.0,0.0,0.0,0.0,0.0,0.0,0.0,0.0,1.0,0.0,unknown,none,none,none,none,unknown,0.9,1.0,1.0,0.0,0.0
,,1,,transaction,0.0,0.0,1.0,0.0,0.0,0.0,0.0,0.0,1.0,0.0,bank,phone,clicked_link,transaction,credit_union,unknown,0.9,1.0,1.0,1.0,0.0
,,1,,transaction,0.0,0.0,1.0,0.0,0.0,0.0,0.0,0.0,0.0,0.0,bank,email,none,transaction,bank,unknown,0.8,1.0,0.0,1.0,0.0
,,1,,social_engineering,0.0,0.0,0.0,0.0,0.0,0.0,1.0,1.0,0.0,0.0,unknown,social_media,none,none,individual,unknown,1.0,1.0,1.0,1.0,0.0
,,1,100.0,transaction,0.0,0.0,1.0,0.0,0.0,0.0,0.0,0.0,0.0,0.0,bank,website,deposited,withdrawal,broker,USD,0.8,1.0,1.0,1.0,0.0
,,1,,transaction,0.0,0.0,1.0,0.0,0.0,0.0,0.0,0.0,0.0,0.0,bank,email,none,transaction,payroll,unknown,0.8,1.0,0.0,1.0,0.0
,,0,,none,0.0,0.0,0.0,0.0,0.0,0.0,0.0,0.0,0.0,0.0,crypto,website,sent_money,payment,unknown,unknown,0.0,0.0,0.0,0.0,0.0
,,1,,transaction,0.0,1.0,0.0,0.0,0.0,0.0,0.0,0.0,0.0,0.0,card,sms,shared_credentials,payment,company,unknown,0.8,1.0,0.0,1.0,0.0
,,1,4680.7,transaction,0.0,0.0,1.0,0.0,0.0,0.0,0.0,0.0,1.0,0.0,bank,email,sent_money,payment,company,USD,1.0,1.0,1.0,1.0,0.0
,,1,,social_engineering,0.0,0.0,0.0,0.0,0.0,1.0,1.0,1.0,0.0,0.0,unknown,sms,none,verification,company,unknown,1.0,1.0,1.0,1.0,0.0
,,1,,transaction,0.0,0.0,1.0,0.0,0.0,0.0,0.0,0.0,1.0,0.0,bank,telegram,sent_money,payment,company,unknown,1.0,1.0,1.0,0.0,0.0
,,1,3000.0,transaction,1.0,1.0,0.0,0.0,0.0,0.0,0.0,1.0,0.0,0.0,upi,sms,sent_money,payment,company,AED,1.0,1.0,0.0,0.0,0.0
,,1,250.0,transaction,0.0,0.0,1.0,0.0,0.0,0.0,0.0,0.0,1.0,0.0,bank,website,sent_money,withdrawal,none,USD,1.0,1.0,0.0,0.0,0.0
,,1,22.0,transaction,0.0,0.0,0.0,0.0,0.0,0.0,0.0,0.0,0.0,0.0,crypto,website,sent_money,payment,company,USD,0.8,1.0,0.0,1.0,0.0
,,1,,transaction,0.0,0.0,0.0,0.0,0.0,0.0,0.0,0.0,0.0,0.0,unknown,phone,none,none,telecom_company,unknown,0.8,1.0,0.0,1.0,0.0
,,1,,transaction,0.0,0.0,1.0,0.0,0.0,0.0,0.0,0.0,1.0,0.0,bank,phone,none,transaction,company,unknown,0.8,1.0,0.0,1.0,0.0
,,1,500.0,social_engineering,0.0,0.0,0.0,0.0,0.0,0.0,0.0,1.0,0.0,0.0,unknown,social_media,none,none,none,EUR,1.0,1.0,1.0,0.0,0.0
,,1,,transaction,0.0,1.0,0.0,0.0,0.0,0.0,0.0,0.0,0.0,0.0,card,sms,sent_money,payment,company,unknown,0.0,0.0,1.0,1.0,0.0
,,1,50.0,transaction,0.0,0.0,0.0,0.0,0.0,0.0,0.0,0.0,1.0,0.0,unknown,website,sent_money,payment,none,unknown,1.0,1.0,1.0,0.0,0.0
,,1,,transaction,0.0,0.0,1.0,0.0,0.0,0.0,0.0,1.0,1.0,0.0,bank,social_media,sent_money,payment,none,unknown,1.0,1.0,1.0,0.0,0.0
,,1,200.0,transaction,0.0,0.0,1.0,0.0,0.0,0.0,0.0,0.0,0.0,0.0,bank,phone,sent_money,payment,individual,USD,1.0,1.0,1.0,0.0,0.0
,,1,,commerce,0.0,0.0,0.0,1.0,0.0,0.0,0.0,0.0,1.0,0.0,upi,none,sent_money,payment,company,unknown,0.9,1.0,0.0,1.0,0.0
,,0,,none,0.0,0.0,0.0,0.0,0.0,0.0,0.0,0.0,0.0,0.0,unknown,none,none,none,none,unknown,0.0,0.0,0.0,0.0,0.0
,,1,5000.0,commerce,0.0,0.0,0.0,1.0,1.0,0.0,0.0,0.0,0.0,0.0,bank,phone,installed_app,commerce,company,INR,1.0,1.0,0.0,1.0,0.0
,,1,,commerce,0.0,0.0,0.0,0.0,1.0,0.0,0.0,0.0,0.0,0.0,card,social_media,clicked_link,commerce,individual,unknown,0.8,1.0,0.0,0.0,0.0
,,1,,transaction,0.0,0.0,1.0,0.0,0.0,0.0,0.0,0.0,1.0,0.0,bank,social_media,sent_money,payment,individual,unknown,0.8,1.0,0.0,0.0,0.0
,,1,,transaction,0.0,0.0,1.0,0.0,0.0,0.0,0.0,0.0,1.0,0.0,bank,email,shared_credentials,transaction,company,unknown,0.9,1.0,1.0,1.0,0.0
,,1,,none,0.0,0.0,0.0,0.0,0.0,0.0,0.0,0.0,1.0,0.0,unknown,none,none,none,company,unknown,0.8,1.0,0.0,1.0,0.0
,,1,,transaction,0.0,0.0,1.0,0.0,0.0,0.0,0.0,0.0,0.0,0.0,bank,email,clicked_link,transaction,company,unknown,0.5,1.0,0.0,1.0,0.0
,,1,6000.0,transaction,0.0,0.0,1.0,0.0,0.0,0.0,0.0,0.0,0.0,0.0,bank,email,sent_money,payment,company,USD,1.0,1.0,1.0,1.0,0.0
,,1,999.0,transaction,0.0,1.0,0.0,0.0,0.0,0.0,0.0,0.0,1.0,0.0,card,email,opened_email,transaction,unknown,USD,0.8,1.0,1.0,0.0,0.0
,,0,,none,0.0,0.0,0.0,0.0,0.0,0.0,0.0,0.0,0.0,0.0,upi | card | bank | crypto | gift_card | unknown | none,sms | email | phone | social_media | website | app | unknown | none,sent_money | shared_credentials | clicked_link | installed_app | none | unknown,payment | verification | login | download | none | unknown,bank_|_government_|_company_|_individual_|_none_|_unknown,unknown,0.0,1.0,0.0,0.0,0.0
,,1,,transaction,0.0,1.0,0.0,0.0,0.0,0.0,0.0,0.0,0.0,0.0,card,email,clicked_link,payment,bank,unknown,0.8,1.0,1.0,1.0,0.0
,,1,,social_engineering,0.0,0.0,0.0,0.0,0.0,1.0,0.0,0.0,0.0,0.0,unknown,email,shared_credentials,verification,instagram,unknown,0.8,1.0,1.0,1.0,0.0
,,1,,transaction,0.0,0.0,0.0,0.0,0.0,0.0,0.0,0.0,0.0,0.0,unknown,phone,none,application,unknown,unknown,0.95,1.0,1.0,0.0,0.0
,,1,1000.0,transaction,0.0,0.0,1.0,0.0,0.0,0.0,0.0,0.0,0.0,0.0,bank,email,paid,payment,company,INR,0.5,1.0,1.0,1.0,0.0
,,1,,commerce,0.0,0.0,0.0,1.0,1.0,0.0,0.0,0.0,0.0,0.0,bank,website,none,commerce,company,unknown,0.8,1.0,0.0,1.0,0.0
,,1,250000.0,transaction,0.0,1.0,0.0,0.0,0.0,0.0,0.0,0.0,0.0,0.0,card,email,sent_money,payment,company,unknown,0.0,1.0,1.0,1.0,0.0
,,1,,transaction,0.0,0.0,0.0,0.0,0.0,0.0,0.0,1.0,0.0,0.0,unknown,website,sent_money,payment,company,unknown,1.0,1.0,0.0,1.0,0.0
,,1,1000.0,transaction,0.0,0.0,1.0,0.0,0.0,0.0,0.0,0.0,0.0,0.0,bank,phone,sent_money,payment,government,USD,0.9,1.0,1.0,1.0,0.0
,,1,,transaction,1.0,0.0,0.0,0.0,0.0,0.0,0.0,0.0,0.0,0.0,upi,social_media,sent_money,payment,bank,unknown,0.8,1.0,0.0,1.0,0.0
,,1,,transaction,1.0,0.0,0.0,0.0,0.0,0.0,0.0,0.0,1.0,0.0,upi,sms,sent_money,payment,bank,unknown,0.9,1.0,0.0,1.0,0.0
,,1,,transaction,0.0,0.0,1.0,0.0,0.0,0.0,0.0,0.0,0.0,0.0,bank,phone,sent_money,payment,company,unknown,0.8,1.0,0.0,1.0,0.0
,,1,,commerce,0.0,0.0,0.0,1.0,0.0,0.0,0.0,0.0,0.0,0.0,unknown,unknown,unknown,unknown,unknown,unknown,0.0,1.0,1.0,0.0,0.0
,,1,,transaction,0.0,0.0,0.0,0.0,0.0,0.0,0.0,0.0,0.0,0.0,crypto,website,staked_coins,none,company,unknown,0.0,1.0,1.0,1.0,0.0
,,1,,transaction,0.0,0.0,0.0,0.0,0.0,0.0,1.0,1.0,0.0,0.0,unknown,whatsapp,sent_money,transaction,none,unknown,1.0,1.0,1.0,1.0,0.0
,,1,,transaction,1.0,0.0,0.0,0.0,0.0,0.0,0.0,0.0,0.0,0.0,upi,website,sent_money,payment,bank,unknown,0.9,1.0,0.0,1.0,0.0
,,1,,transaction,0.0,0.0,0.0,0.0,0.0,0.0,0.0,0.0,0.0,0.0,upi,sms,sent_money,payment,health_insurance_company,unknown,0.9,1.0,1.0,1.0,0.0
,,1,,social_engineering,0.0,0.0,0.0,0.0,0.0,1.0,0.0,0.0,0.0,0.0,unknown,email,clicked_link,credential,company,unknown,0.8,1.0,0.0,1.0,0.0
,,1,,transaction,0.0,1.0,0.0,0.0,0.0,0.0,0.0,0.0,0.0,0.0,crypto,social_media,sent_money,transaction,unknown,unknown,0.9,1.0,1.0,0.0,0.0
,,1,680.0,transaction,0.0,0.0,1.0,0.0,0.0,0.0,0.0,1.0,1.0,0.0,bank,sms,sent_money,payment,company,USD,1.0,1.0,1.0,1.0,0.0
,,1,19000.0,transaction,0.0,1.0,0.0,0.0,0.0,0.0,0.0,0.0,0.0,0.0,bank,in_person,shared_credentials,transaction,individual,USD,0.0,0.0,1.0,0.0,0.0
,,0,200.0,none,0.0,0.0,1.0,0.0,0.0,0.0,0.0,0.0,0.0,0.0,bank,email,none,payment,company,unknown,1.0,1.0,0.0,1.0,0.0
,,1,,transaction,0.0,0.0,1.0,0.0,0.0,0.0,0.0,0.0,0.0,0.0,bank,email,sent_money,transaction,company,unknown,0.8,1.0,0.0,1.0,0.0
,,1,1.0,transaction,0.0,0.0,0.0,1.0,0.0,0.0,0.0,0.0,1.0,0.0,bank,app,installed_app,download,none,USD,0.9,1.0,1.0,0.0,0.0
,,0,,none,0.0,0.0,0.0,0.0,0.0,0.0,0.0,0.0,0.0,0.0,unknown,sms,sent_money,payment,none,unknown,0.0,1.0,0.0,0.0,0.0
,,1,,transaction,1.0,0.0,0.0,0.0,0.0,0.0,0.0,0.0,0.0,0.0,upi,telegram,sent_money,payment,unknown,unknown,0.8,1.0,1.0,0.0,0.0
,,1,100.0,transaction,0.0,0.0,1.0,0.0,0.0,0.0,0.0,0.0,1.0,0.0,bank,email,sent_money,payment,company,USD,0.5,1.0,1.0,1.0,0.0
,,1,,commerce,0.0,0.0,0.0,1.0,1.0,0.0,0.0,0.0,0.0,0.0,upi,social_media,clicked_link,commerce,company,unknown,0.5,1.0,1.0,1.0,0.0
,,1,635.0,transaction,0.0,1.0,1.0,0.0,0.0,0.0,0.0,1.0,0.0,0.0,bank,website,sent_money,payment,federal_criminal_police_office_(bka),EUR,1.0,1.0,1.0,1.0,0.0
,,1,5000.0,transaction,0.0,0.0,1.0,0.0,0.0,0.0,0.0,1.0,0.0,0.0,bank,email,sent_money,payment,individual,unknown,1.0,1.0,1.0,0.0,0.0
,,1,134.0,transaction,0.0,0.0,1.0,0.0,0.0,0.0,0.0,0.0,0.0,0.0,bank,website,transfer_money,payment,phantomvault,unknown,0.9,1.0,1.0,0.0,0.0
,,1,,transaction,0.0,0.0,1.0,0.0,0.0,0.0,0.0,0.0,0.0,0.0,bank,sms,sent_money,payment,unknown,unknown,0.9,1.0,0.0,0.0,0.0
,,1,900.0,transaction,0.0,0.0,1.0,0.0,0.0,0.0,0.0,0.0,1.0,0.0,bank,email,sent_money,payment,hospital,USD,1.0,1.0,1.0,1.0,0.0
,,1,,transaction,0.0,0.0,0.0,0.0,0.0,0.0,0.0,0.0,0.0,0.0,unknown,website,clicked_link,none,unknown,unknown,0.9,1.0,0.0,0.0,0.0
,,1,,transaction,0.0,0.0,1.0,0.0,0.0,0.0,0.0,0.0,1.0,0.0,bank,telegram,sent_money,transaction,unknown,unknown,0.8,1.0,0.0,0.0,0.0
,,1,200.0,transaction,0.0,0.0,0.0,0.0,0.0,0.0,1.0,1.0,0.0,0.0,crypto,website,invested_money,transaction,company,USD,1.0,1.0,1.0,1.0,0.0
,,1,,transaction,1.0,0.0,0.0,0.0,0.0,0.0,0.0,0.0,0.0,0.0,upi,sms,sent_money,payment,bank,unknown,0.8,1.0,1.0,1.0,0.0
,,1,,transaction,0.0,1.0,0.0,0.0,0.0,0.0,0.0,0.0,0.0,0.0,crypto,website,clicked_link,payment,company,unknown,0.0,1.0,1.0,0.0,0.0
,,1,800000.0,transaction,0.0,0.0,0.0,0.0,0.0,0.0,0.0,0.0,0.0,0.0,bank,phone,sent_money,payment,individual,INR,1.0,1.0,1.0,0.0,0.0
,,0,,none,0.0,0.0,0.0,0.0,0.0,0.0,0.0,0.0,0.0,0.0,crypto,website,installed_app,none,unknown,unknown,0.0,0.0,0.0,0.0,0.0
,,1,,transaction,0.0,0.0,1.0,0.0,0.0,0.0,0.0,0.0,0.0,0.0,bank,phone,none,transaction,unknown,unknown,0.8,1.0,0.0,0.0,0.0
,,1,,transaction,0.0,0.0,1.0,0.0,0.0,0.0,0.0,0.0,1.0,0.0,bank,email,deposited_money,payment,company,unknown,0.9,1.0,0.0,0.0,0.0
,,1,700.0,transaction,0.0,0.0,1.0,0.0,0.0,0.0,0.0,0.0,1.0,0.0,bank,phone,sent_money,payment,scammer,USD,1.0,1.0,1.0,0.0,0.0
,,0,,none,0.0,0.0,0.0,0.0,0.0,0.0,0.0,0.0,0.0,0.0,crypto,website,clicked_link,mining,company,unknown,0.0,0.0,0.0,1.0,0.0
,,1,755.0,transaction,0.0,1.0,0.0,0.0,0.0,0.0,0.0,0.0,0.0,0.0,card,unknown,sent_money,payment,bank,USD,0.8,1.0,1.0,1.0,0.0
,,1,,transaction,0.0,0.0,1.0,0.0,0.0,0.0,0.0,0.0,0.0,0.0,bank,email,sent_money,payment,company,unknown,0.0,1.0,0.0,1.0,0.0
,,1,,transaction,0.0,1.0,0.0,0.0,0.0,0.0,0.0,0.0,0.0,0.0,card,phone,sent_money,payment,bank,unknown,0.8,1.0,1.0,1.0,0.0
,,1,,social_engineering,0.0,0.0,0.0,0.0,0.0,0.0,1.0,1.0,0.0,0.0,unknown,email,clicked_link,verification,meta,unknown,1.0,1.0,1.0,1.0,0.0
,,1,,transaction,0.0,1.0,0.0,0.0,0.0,0.0,0.0,0.0,0.0,0.0,bank,phone,none,none,unknown,unknown,0.8,1.0,1.0,0.0,0.0
,,1,60000.0,transaction,0.0,1.0,0.0,0.0,0.0,0.0,0.0,0.0,0.0,0.0,card,email,shared_credentials,payment,unknown,INR,0.5,1.0,1.0,0.0,0.0
,,1,3.0,transaction,0.0,0.0,1.0,0.0,0.0,0.0,0.0,0.0,0.0,0.0,bank,telegram,sent_money,payment,none,USD,0.9,1.0,0.0,0.0,0.0
,,1,,transaction,0.0,0.0,1.0,0.0,0.0,0.0,0.0,0.0,1.0,0.0,bank,website,sent_money,transaction,company,unknown,0.8,1.0,0.0,1.0,0.0
,,1,,transaction,0.0,0.0,1.0,0.0,0.0,0.0,0.0,0.0,1.0,0.0,bank,website,sent_money,payment,company,unknown,0.9,1.0,1.0,1.0,0.0
,,1,,transaction,0.0,1.0,0.0,0.0,0.0,0.0,0.0,0.0,0.0,0.0,card,sms,sent_money,payment,bank,unknown,0.9,1.0,1.0,1.0,0.0
,,1,200.0,transaction,0.0,1.0,0.0,0.0,0.0,0.0,0.0,0.0,0.0,0.0,card,telegram,sent_money,payment,unknown,USD,1.0,1.0,0.0,0.0,0.0
,,1,,transaction,0.0,0.0,1.0,0.0,0.0,0.0,0.0,0.0,1.0,0.0,bank,website,sent_money,withdrawal,none,unknown,0.9,1.0,1.0,0.0,0.0
,,1,,transaction,0.0,0.0,1.0,0.0,0.0,0.0,0.0,0.0,1.0,0.0,bank,email,sent_money,payment,company,unknown,0.8,1.0,1.0,0.0,0.0
,,1,,transaction,0.0,0.0,1.0,0.0,0.0,0.0,0.0,0.0,0.0,0.0,bank,email,sent_money,payment,none,unknown,0.8,1.0,0.0,0.0,0.0
,,1,250000.0,transaction,0.0,0.0,1.0,0.0,0.0,0.0,0.0,0.0,0.0,0.0,bank,none,sent_money,payment,company,USD,0.8,1.0,0.0,0.0,0.0
,,1,,transaction,0.0,0.0,0.0,0.0,0.0,0.0,0.0,0.0,0.0,0.0,unknown,website,clicked_link,payment,none,unknown,0.9,1.0,1.0,1.0,0.0
,,1,5.0,transaction,0.0,1.0,0.0,0.0,0.0,0.0,0.0,0.0,0.0,0.0,card,sms,none,verification,bank,USD,0.8,1.0,0.0,1.0,0.0
,,1,,transaction,0.0,0.0,0.0,0.0,0.0,0.0,0.0,0.0,0.0,0.0,unknown,unknown,unknown,unknown,unknown,unknown,0.0,1.0,0.0,1.0,0.0
,,0,,none,0.0,0.0,0.0,0.0,0.0,0.0,0.0,0.0,0.0,0.0,upi,email,clicked_link,verification,bank,unknown,0.0,1.0,0.0,1.0,0.0
,,1,,social_engineering,0.0,0.0,0.0,0.0,0.0,1.0,0.0,1.0,0.0,0.0,none,email,none,none,none,unknown,0.8,1.0,1.0,0.0,0.0
,,1,100.0,social_engineering,0.0,0.0,0.0,0.0,0.0,0.0,0.0,1.0,1.0,0.0,unknown,none,sent_money,none,none,USD,1.0,1.0,0.0,0.0,0.0
,,1,,transaction,0.0,0.0,0.0,0.0,0.0,0.0,0.0,0.0,0.0,1.0,crypto,website,clicked_link,transaction,none,unknown,0.9,1.0,0.0,0.0,0.0
,,1,,transaction,0.0,0.0,0.0,0.0,0.0,0.0,0.0,0.0,0.0,0.0,upi,sms,none,payment,bank,unknown,0.8,1.0,0.0,1.0,0.0
,,1,,transaction,0.0,0.0,1.0,0.0,0.0,0.0,0.0,0.0,1.0,0.0,bank,unknown,clicked_link,none,bank,unknown,0.0,1.0,1.0,0.0,0.0
,,1,,commerce,0.0,1.0,0.0,1.0,0.0,0.0,0.0,0.0,1.0,0.0,card,website,clicked_link,payment,company,unknown,0.5,1.0,0.0,1.0,0.0
,,1,1220.0,transaction,0.0,0.0,1.0,0.0,0.0,0.0,0.0,0.0,0.0,0.0,bank,phone,sent_money,payment,individual,USD,0.8,1.0,0.0,0.0,0.0
,,1,,transaction,0.0,1.0,0.0,0.0,0.0,0.0,0.0,0.0,0.0,0.0,upi,letter,sent_money,payment,bank,unknown,0.8,1.0,0.0,1.0,0.0
,,1,60.0,transaction,0.0,0.0,0.0,0.0,0.0,0.0,0.0,0.0,0.0,0.0,crypto,telegram,put_in_money,none,unknown,unknown,0.9,1.0,0.0,0.0,1.0
,,1,1420000.0,transaction,0.0,0.0,1.0,0.0,0.0,0.0,0.0,0.0,1.0,0.0,bank,phone,paid,payment,builder,INR,0.8,1.0,1.0,1.0,0.0
,,1,23000.0,transaction,0.0,1.0,0.0,0.0,0.0,0.0,0.0,0.0,0.0,0.0,crypto,email,sent_money,payment,company,USD,0.8,1.0,1.0,1.0,0.0
,,1,,transaction,1.0,0.0,0.0,0.0,0.0,0.0,0.0,0.0,1.0,0.0,upi,unknown,sent_money,none,unknown,unknown,0.8,1.0,1.0,0.0,0.0
,,1,,transaction,0.0,0.0,1.0,0.0,0.0,0.0,0.0,0.0,1.0,0.0,bank,social_media,shared_credentials,none,bank,unknown,0.9,1.0,1.0,0.0,0.0
,,1,909.0,commerce,0.0,0.0,0.0,0.0,0.0,0.0,0.0,0.0,0.0,0.0,bank,delivery,sent_money,nondelivery,myntra,INR,1.0,1.0,1.0,0.0,0.0
,,1,,transaction,0.0,0.0,1.0,0.0,0.0,0.0,0.0,1.0,0.0,0.0,bank,social_media,sent_money,payment,company,unknown,1.0,1.0,1.0,1.0,0.0
,,1,,transaction,0.0,1.0,0.0,0.0,0.0,0.0,0.0,1.0,0.0,0.0,card,sms,none,payment,bank,INR,1.0,1.0,1.0,1.0,0.0
,,1,,transaction,0.0,0.0,0.0,0.0,0.0,0.0,0.0,0.0,0.0,0.0,unknown,website,clicked_link,payment,none,unknown,0.8,1.0,0.0,0.0,0.0
,,1,,transaction,0.0,0.0,0.0,0.0,0.0,0.0,0.0,0.0,0.0,0.0,unknown,phone,none,none,unknown,unknown,0.8,1.0,0.0,0.0,0.0
,,1,45.0,commerce,0.0,0.0,1.0,1.0,0.0,0.0,0.0,0.0,1.0,0.0,bank,website,sent_money,payment,individual,GBP,0.8,1.0,1.0,0.0,0.0
,,1,,commerce,0.0,0.0,0.0,1.0,0.0,0.0,0.0,0.0,0.0,0.0,upi,phone,none,payment,company,unknown,0.8,1.0,0.0,1.0,0.0
,,1,,pig_butchering,0.0,0.0,1.0,0.0,0.0,0.0,0.0,0.0,1.0,0.0,bank,email,sent_money,payment,unknown,unknown,0.95,1.0,1.0,0.0,0.0
,,1,,commerce,0.0,0.0,0.0,1.0,0.0,0.0,0.0,0.0,0.0,0.0,unknown,website,clicked_link,commerce,company,unknown,0.0,0.0,1.0,0.0,0.0
,,1,,transaction,0.0,0.0,0.0,0.0,0.0,0.0,0.0,0.0,0.0,0.0,unknown,email,none,payment,paypal,USD,0.9,1.0,1.0,1.0,0.0
,,1,10000.0,transaction,0.0,0.0,1.0,0.0,0.0,0.0,0.0,1.0,0.0,0.0,bank,website,sent_money,payment,company,unknown,0.95,1.0,0.0,0.0,0.0
,,1,,transaction,0.0,0.0,1.0,0.0,0.0,0.0,0.0,0.0,0.0,0.0,bank,direct_message,sent_money,payment,unknown,unknown,0.8,1.0,0.0,0.0,0.0
,,1,,social_engineering,0.0,0.0,0.0,0.0,0.0,1.0,1.0,1.0,0.0,0.0,unknown,sms,clicked_link,none,government,unknown,1.0,1.0,1.0,1.0,0.0
,,1,,transaction,0.0,0.0,1.0,0.0,0.0,0.0,0.0,0.0,0.0,0.0,bank,website,clicked_link,transaction,none,unknown,0.8,1.0,0.0,0.0,0.0
,,1,,social_engineering,0.0,0.0,0.0,0.0,0.0,1.0,0.0,0.0,0.0,0.0,unknown,email,clicked_link,verification,school,unknown,0.8,1.0,0.0,1.0,0.0
,,0,,none,0.0,0.0,0.0,0.0,0.0,0.0,0.0,0.0,0.0,0.0,unknown,unknown,unknown,unknown,unknown,unknown,0.0,0.0,0.0,0.0,0.0
,,1,3000.0,transaction,0.0,0.0,1.0,0.0,0.0,0.0,0.0,0.0,0.0,0.0,bank,telegram,sent_money,transaction,none,unknown,1.0,1.0,1.0,0.0,0.0
,,1,,social_engineering,0.0,0.0,0.0,0.0,0.0,0.0,1.0,1.0,0.0,0.0,unknown,sms,none,none,individual,unknown,1.0,1.0,1.0,1.0,0.0
,,1,,transaction,1.0,0.0,0.0,0.0,0.0,0.0,1.0,1.0,0.0,0.0,upi,sms,sent_money,payment,company,unknown,1.0,1.0,1.0,1.0,0.0
,,1,,commerce,0.0,0.0,0.0,1.0,1.0,0.0,0.0,0.0,0.0,0.0,unknown,website,none,commerce,company,unknown,0.0,1.0,0.0,0.0,0.0
,,1,,social_engineering,0.0,0.0,0.0,0.0,0.0,1.0,1.0,1.0,0.0,0.0,unknown,email,clicked_link,credential,circuit_court,unknown,1.0,1.0,1.0,1.0,0.0
,,1,,transaction,0.0,0.0,1.0,0.0,0.0,0.0,0.0,1.0,0.0,0.0,bank,social_media,sent_money,verification,unknown,unknown,1.0,1.0,1.0,0.0,0.0
,,1,,social_engineering,0.0,0.0,0.0,0.0,0.0,0.0,0.0,1.0,0.0,0.0,unknown,social_media,none,none,individual,unknown,1.0,1.0,1.0,0.0,0.0
,,1,37500.0,transaction,0.0,0.0,1.0,0.0,0.0,0.0,0.0,0.0,0.0,0.0,bank,unknown,sent_money,transaction,company,USD,1.0,1.0,0.0,1.0,0.0
,,1,,transaction,1.0,0.0,0.0,0.0,0.0,0.0,1.0,1.0,0.0,0.0,upi,sms,sent_money,payment,bank,unknown,1.0,1.0,1.0,1.0,0.0
,,1,,commerce,0.0,0.0,0.0,1.0,1.0,0.0,0.0,0.0,0.0,0.0,unknown,website,installed_app,download,company,unknown,0.9,1.0,1.0,1.0,0.0
,,1,20.0,transaction,1.0,0.0,0.0,0.0,0.0,0.0,0.0,0.0,0.0,0.0,upi,sms,sent_money,payment,bank,EUR,1.0,1.0,0.0,1.0,0.0
,,1,,transaction,1.0,0.0,0.0,0.0,0.0,0.0,0.0,1.0,0.0,0.0,upi,phone,sent_money,payment,company,unknown,1.0,1.0,0.0,1.0,0.0
,,1,,malware,0.0,0.0,0.0,0.0,0.0,1.0,0.0,0.0,0.0,0.0,unknown,website,clicked_link,malware,none,unknown,0.8,1.0,0.0,0.0,0.0
,,1,,transaction,0.0,0.0,1.0,0.0,0.0,0.0,0.0,0.0,0.0,0.0,bank,email,sent_money,transaction,bank,unknown,0.8,1.0,0.0,1.0,0.0
,,1,,social_engineering,0.0,0.0,0.0,0.0,0.0,1.0,0.0,0.0,0.0,0.0,upi,email,clicked_link,phishing,unknown,unknown,0.8,1.0,1.0,0.0,0.0
,,1,,transaction,0.0,1.0,0.0,0.0,0.0,0.0,0.0,0.0,0.0,0.0,card,phone,shared_credentials,verification,bank,unknown,0.8,1.0,1.0,1.0,0.0
,,1,,transaction,0.0,0.0,0.0,0.0,0.0,0.0,0.0,0.0,0.0,0.0,crypto,telegram,clicked_link,trade,unknown,unknown,0.9,1.0,1.0,0.0,0.0
,,0,,none,0.0,0.0,0.0,0.0,0.0,0.0,0.0,0.0,0.0,0.0,upi | card | bank | crypto | gift_card | unknown | none,sms | email | phone | social_media | website | app | unknown | none,sent_money | shared_credentials | clicked_link | installed_app | none | unknown,payment | verification | login | download | none | unknown,bank_|_government_|_company_|_individual_|_none_|_unknown,unknown,0.0,0.0,0.0,0.0,0.0
,,0,,none,0.0,0.0,0.0,0.0,0.0,0.0,0.0,0.0,0.0,0.0,upi,sms,sent_money,payment,bank,unknown,0.0,1.0,0.0,1.0,0.0
,,1,35.0,transaction,0.0,1.0,0.0,0.0,0.0,0.0,0.0,0.0,0.0,0.0,card,website,clicked_link,payment,unknown,USD,1.0,1.0,1.0,0.0,0.0
,,1,190000.0,transaction,0.0,0.0,1.0,0.0,0.0,0.0,0.0,0.0,1.0,0.0,bank,website,sent_money,payment,company,unknown,0.8,1.0,1.0,1.0,0.0
,,1,,transaction,0.0,0.0,1.0,0.0,0.0,0.0,0.0,0.0,1.0,0.0,bank,website,sent_money,verification,company,USD,0.9,1.0,1.0,1.0,0.0
,,1,,social_engineering,0.0,0.0,0.0,0.0,0.0,1.0,1.0,1.0,0.0,0.0,unknown,phone,none,none,dea,unknown,1.0,1.0,1.0,1.0,0.0
,,1,58998.0,transaction,0.0,1.0,0.0,0.0,0.0,0.0,0.0,0.0,0.0,0.0,card,video_call,none,dispute,bank,INR,0.7,1.0,0.0,1.0,0.0
,,1,1000.0,transaction,0.0,1.0,0.0,0.0,0.0,0.0,0.0,0.0,0.0,0.0,card,unknown,shared_credentials,payment,none,USD,0.8,1.0,1.0,0.0,0.0
,,1,7000.0,transaction,0.0,0.0,0.0,0.0,0.0,0.0,0.0,0.0,0.0,0.0,crypto,telegram,sent_money,payment,unknown,USDT,1.0,1.0,1.0,0.0,0.0
,,1,,social_engineering,0.0,0.0,0.0,0.0,0.0,0.0,1.0,1.0,0.0,0.0,unknown,sms,sent_money,none,company,unknown,1.0,1.0,1.0,1.0,0.0
,,1,,transaction,0.0,0.0,1.0,0.0,0.0,0.0,0.0,0.0,1.0,0.0,bank,website,invested,transaction,pcex,unknown,0.9,1.0,1.0,0.0,0.0
,,1,2000.0,transaction,0.0,0.0,0.0,0.0,0.0,0.0,0.0,0.0,0.0,0.0,unknown,app,installed_app,download,none,unknown,1.0,1.0,0.0,0.0,0.0
,,1,,social_engineering,0.0,0.0,0.0,0.0,0.0,0.0,1.0,1.0,0.0,0.0,unknown,sms,none,none,discord_staff,unknown,0.9,1.0,1.0,1.0,0.0
,,1,,social_engineering,0.0,0.0,0.0,0.0,0.0,0.0,1.0,1.0,0.0,0.0,upi,sms,sent_money,payment,individual,unknown,1.0,1.0,1.0,1.0,0.0
,,1,,social_engineering,0.0,0.0,0.0,0.0,0.0,0.0,0.0,1.0,0.0,0.0,unknown,sms,none,none,individual,unknown,1.0,1.0,0.0,0.0,0.0
,,1,,transaction,1.0,0.0,0.0,0.0,0.0,0.0,0.0,1.0,0.0,0.0,upi,sms,sent_money,payment,bank,unknown,1.0,1.0,0.0,1.0,0.0
,,1,,transaction,1.0,0.0,0.0,0.0,0.0,0.0,0.0,1.0,0.0,0.0,upi,sms,sent_money,payment,bank,unknown,1.0,1.0,0.0,1.0,0.0
,,1,,social_engineering,0.0,0.0,0.0,0.0,0.0,1.0,1.0,1.0,0.0,0.0,unknown,email,none,credential,bbb,unknown,1.0,1.0,1.0,1.0,0.0
,,1,,transaction,0.0,0.0,0.0,0.0,0.0,0.0,0.0,0.0,0.0,0.0,crypto,website,clicked_link,transaction,unknown,unknown,0.9,1.0,1.0,0.0,0.0
,,1,,transaction,1.0,0.0,0.0,0.0,0.0,0.0,0.0,0.0,0.0,0.0,upi,sms,shared_credentials,verification,bank,unknown,0.8,1.0,0.0,1.0,0.0
,,1,,social_engineering,0.0,0.0,0.0,0.0,0.0,0.0,1.0,1.0,0.0,0.0,unknown,phone,none,none,police_department,unknown,1.0,1.0,1.0,1.0,0.0
,,1,,social_engineering,0.0,1.0,0.0,0.0,0.0,0.0,1.0,1.0,0.0,0.0,card,phone,removed_card,none,facebook_support,unknown,0.8,1.0,1.0,1.0,0.0
,,0,600.0,none,0.0,1.0,0.0,0.0,0.0,0.0,0.0,0.0,0.0,0.0,card,phone,none,payment,company,unknown,0.0,1.0,1.0,1.0,0.0
,,1,1200.0,transaction,1.0,0.0,1.0,0.0,0.0,0.0,0.0,0.0,0.0,0.0,upi,email,none,payment,bank,USD,0.8,1.0,1.0,1.0,0.0
,,1,,social_engineering,0.0,0.0,0.0,0.0,0.0,1.0,1.0,1.0,0.0,0.0,unknown,phone,shared_credentials,none,police,unknown,1.0,1.0,1.0,1.0,0.0
,,1,,social_engineering,0.0,0.0,0.0,0.0,0.0,1.0,0.0,0.0,0.0,0.0,unknown,email,clicked_link,credential,company,unknown,0.8,1.0,0.0,1.0,0.0
,,1,,social_engineering,0.0,0.0,0.0,0.0,0.0,0.0,1.0,1.0,0.0,0.0,crypto,email,clicked_link,transaction,unknown,unknown,1.0,1.0,1.0,1.0,0.0
,,1,,transaction,0.0,1.0,0.0,0.0,0.0,0.0,0.0,0.0,0.0,0.0,crypto,website,sent_money,payment,company,unknown,0.0,0.0,1.0,0.0,0.0
,,1,30.0,transaction,0.0,0.0,1.0,0.0,0.0,0.0,0.0,0.0,1.0,0.0,bank,telegram,sent_money,payment,unknown,USD,1.0,1.0,0.0,0.0,0.0
,,1,7000.0,transaction,0.0,0.0,1.0,0.0,0.0,0.0,0.0,0.0,1.0,0.0,bank,email,none,payment,individual,MXN,0.95,1.0,1.0,0.0,0.0
,,1,1499.0,transaction,0.0,1.0,0.0,0.0,0.0,0.0,0.0,0.0,1.0,0.0,card,phone,none,verification,amazon,USD,0.8,1.0,1.0,1.0,0.0
,,1,,social_engineering,0.0,0.0,0.0,0.0,0.0,0.0,1.0,0.0,0.0,0.0,crypto,sms,sent_money,payment,company,unknown,0.8,1.0,1.0,1.0,0.0
,,1,,transaction,0.0,0.0,1.0,0.0,0.0,0.0,0.0,1.0,0.0,0.0,bank,email,none,payment,unknown,unknown,1.0,1.0,0.0,0.0,0.0
,,1,,transaction,0.0,1.0,0.0,0.0,0.0,0.0,0.0,0.0,0.0,0.0,card,website,none,payment,company,unknown,0.6,1.0,1.0,1.0,0.0
,,1,,transaction,0.0,0.0,1.0,0.0,0.0,0.0,0.0,0.0,0.0,0.0,bank,website,sent_money,transaction,company,unknown,0.9,1.0,1.0,1.0,0.0
,,1,1500.0,transaction,0.0,0.0,1.0,0.0,0.0,0.0,0.0,0.0,1.0,0.0,bank,email,deposited_money,payment,none,USD,0.9,1.0,0.0,0.0,0.0
,,1,400.0,transaction,0.0,1.0,0.0,0.0,0.0,0.0,0.0,0.0,0.0,0.0,bank,social_media,sent_money,payment,individual,USD,0.5,1.0,1.0,0.0,0.0
,,1,2500.0,transaction,0.0,1.0,0.0,0.0,0.0,0.0,0.0,0.0,0.0,0.0,card,unknown,shared_credentials,payment,none,unknown,1.0,1.0,1.0,0.0,0.0
,,1,,transaction,1.0,0.0,0.0,0.0,0.0,0.0,0.0,0.0,1.0,0.0,upi,sms,sent_money,payment,bank,unknown,0.8,1.0,0.0,1.0,0.0
,,1,,social_engineering,0.0,0.0,0.0,0.0,0.0,0.0,1.0,1.0,0.0,0.0,unknown,email,none,none,company,unknown,1.0,1.0,1.0,1.0,0.0
,,1,25.0,transaction,0.0,1.0,0.0,0.0,0.0,0.0,0.0,0.0,0.0,0.0,card,email,clicked_link,payment,company,USD,0.8,1.0,0.0,1.0,0.0
,,1,,transaction,0.0,0.0,1.0,0.0,0.0,0.0,0.0,0.0,0.0,0.0,bank,telegram,sent_money,transaction,unknown,unknown,0.8,1.0,0.0,0.0,0.0
,,1,,social_engineering,0.0,0.0,0.0,0.0,0.0,0.0,1.0,1.0,0.0,0.0,unknown,sms,sent_money,none,company,unknown,1.0,1.0,1.0,1.0,0.0
,,1,500.0,transaction,0.0,0.0,1.0,0.0,0.0,0.0,0.0,0.0,0.0,0.0,bank,website,sent_money,payment,none,USD,0.0,0.0,1.0,0.0,0.0
,,0,,none,0.0,0.0,0.0,0.0,0.0,0.0,0.0,0.0,0.0,0.0,card,sms,sent_money,payment,bank,unknown,0.0,1.0,1.0,1.0,0.0
,,1,,social_engineering,0.0,0.0,0.0,0.0,0.0,1.0,1.0,1.0,0.0,0.0,unknown,phone,none,none,xfinity,unknown,0.8,1.0,1.0,1.0,0.0
,,1,5000.0,transaction,1.0,0.0,0.0,0.0,0.0,0.0,0.0,0.0,0.0,0.0,upi,sms,sent_money,payment,bank,unknown,1.0,1.0,0.0,1.0,0.0
,,1,1000.0,transaction,0.0,0.0,0.0,0.0,0.0,0.0,0.0,0.0,0.0,0.0,unknown,email,sent_money,payment,bank,USD,0.95,1.0,1.0,1.0,0.0
,,1,2000.0,transaction,1.0,0.0,0.0,0.0,0.0,0.0,0.0,0.0,0.0,0.0,upi,sms,sent_money,payment,bank,INR,1.0,1.0,0.0,1.0,0.0
,,1,0.01,transaction,0.0,0.0,1.0,0.0,0.0,0.0,0.0,0.0,0.0,0.0,bank,website,sent_money,verification,crypto_exchange,BTC,0.9,1.0,0.0,0.0,0.0
,,1,,social_engineering,0.0,0.0,0.0,0.0,0.0,0.0,1.0,1.0,1.0,0.0,unknown,phone,none,none,individual,unknown,1.0,1.0,1.0,1.0,0.0
,,1,,transaction,1.0,0.0,0.0,0.0,0.0,0.0,1.0,1.0,0.0,0.0,upi,phone,sent_money,payment,police,unknown,1.0,1.0,1.0,1.0,0.0
,,1,,transaction,0.0,0.0,1.0,0.0,0.0,0.0,0.0,0.0,1.0,0.0,bank,phone,sent_money,payment,individual,unknown,0.8,1.0,1.0,0.0,0.0
,,1,,social_engineering,0.0,0.0,0.0,0.0,0.0,1.0,1.0,1.0,0.0,0.0,unknown,phone,none,none,uk_metropolitan_police,unknown,1.0,1.0,1.0,1.0,0.0
,,1,50000.0,transaction,0.0,0.0,1.0,0.0,0.0,0.0,0.0,0.0,0.0,0.0,bank,none,sent_money,transaction,bank,INR,1.0,1.0,0.0,1.0,0.0
,,1,,transaction,0.0,0.0,1.0,0.0,0.0,0.0,0.0,0.0,0.0,0.0,bank,email,sent_money,payment,company,unknown,0.5,1.0,0.0,1.0,0.0
,,1,200.0,transaction,0.0,0.0,1.0,0.0,0.0,0.0,0.0,0.0,1.0,0.0,bank,sms,sent_money,transaction,unknown,USD,1.0,1.0,0.0,0.0,0.0
,,1,40000.0,transaction,0.0,0.0,1.0,0.0,0.0,0.0,0.0,0.0,0.0,0.0,bank,email,paid,payment,company,unknown,1.0,1.0,1.0,1.0,0.0
,,1,,commerce,0.0,0.0,0.0,1.0,1.0,0.0,0.0,0.0,0.0,0.0,upi,website,clicked_link,commerce,company,unknown,0.9,1.0,0.0,0.0,0.0
,,1,,transaction,0.0,0.0,0.0,0.0,0.0,0.0,0.0,0.0,0.0,0.0,crypto,website,clicked_link,payment,unknown,unknown,0.0,0.0,1.0,0.0,0.0
,,1,,transaction,0.0,1.0,0.0,0.0,0.0,0.0,0.0,0.0,0.0,0.0,card,website,clicked_link,payment,none,unknown,0.9,1.0,1.0,0.0,0.0
,,1,,commerce,0.0,0.0,0.0,1.0,0.0,0.0,0.0,0.0,0.0,0.0,upi,sms,clicked_link,nondelivery,usps,unknown,0.8,1.0,1.0,0.0,0.0
,,1,,social_engineering,0.0,0.0,0.0,0.0,0.0,0.0,1.0,1.0,0.0,0.0,unknown,phone,none,none,individual,unknown,1.0,1.0,1.0,1.0,0.0
,,1,,transaction,0.0,1.0,0.0,0.0,0.0,0.0,0.0,0.0,0.0,0.0,card,website,clicked_link,transaction,bank,unknown,0.5,1.0,1.0,1.0,0.0
,,1,,transaction,1.0,0.0,0.0,0.0,0.0,0.0,0.0,0.0,0.0,0.0,upi,sms,sent_money,payment,bank,unknown,0.9,1.0,0.0,1.0,0.0
,,1,,transaction,0.0,0.0,1.0,0.0,0.0,0.0,0.0,0.0,0.0,0.0,bank,website,sent_money,transaction,bank,unknown,0.8,1.0,0.0,1.0,0.0
,,1,,transaction,1.0,0.0,0.0,0.0,0.0,0.0,0.0,0.0,0.0,0.0,upi,email,none,transaction,bank,unknown,0.0,1.0,0.0,1.0,0.0
,,0,380.0,none,0.0,0.0,0.0,0.0,0.0,0.0,0.0,0.0,0.0,0.0,upi,phone,sent_money,payment,none,INR,0.0,0.0,0.0,0.0,0.0
,,1,,transaction,0.0,0.0,0.0,0.0,0.0,1.0,0.0,0.0,0.0,0.0,unknown,email,clicked_link,credential,government,unknown,0.8,1.0,0.0,1.0,0.0
,,1,,transaction,0.0,1.0,0.0,0.0,0.0,0.0,0.0,0.0,0.0,0.0,card,email,sent_money,payment,company,unknown,0.5,1.0,1.0,1.0,0.0
,,1,,transaction,0.0,1.0,0.0,0.0,0.0,0.0,0.0,0.0,0.0,0.0,card,sms,sent_money,payment,broker/financial_advisor,unknown,0.8,1.0,1.0,1.0,0.0
,,1,3600.0,transaction,0.0,1.0,0.0,0.0,0.0,0.0,0.0,0.0,0.0,0.0,card,unknown,sent_money,payment,none,USD,1.0,1.0,1.0,0.0,0.0
,,1,1000.0,transaction,1.0,0.0,0.0,0.0,0.0,0.0,1.0,1.0,0.0,0.0,upi,sms,sent_money,payment,company,INR,0.9,1.0,1.0,1.0,0.0
,,1,1500.0,transaction,0.0,1.0,0.0,0.0,0.0,0.0,0.0,0.0,0.0,0.0,card,phone,sent_money,payment,company,USD,0.8,1.0,1.0,1.0,0.0
,,1,,commerce,0.0,0.0,0.0,1.0,0.0,0.0,0.0,0.0,0.0,0.0,bank,phone,none,commerce,company,unknown,0.9,1.0,1.0,1.0,0.0
,,1,7000.0,transaction,0.0,0.0,0.0,1.0,1.0,0.0,0.0,0.0,0.0,0.0,crypto,social_media,sent_money,payment,unknown,USD,1.0,1.0,0.0,0.0,0.0
,,1,55.0,commerce,0.0,0.0,0.0,0.0,1.0,0.0,0.0,0.0,0.0,0.0,upi,unknown,sent_money,commerce,none,USD,0.8,1.0,0.0,0.0,0.0
,,1,,transaction,1.0,0.0,0.0,0.0,0.0,0.0,0.0,0.0,0.0,0.0,upi,sms,sent_money,payment,bank,unknown,0.8,1.0,0.0,1.0,0.0
,,1,,commerce,0.0,0.0,0.0,0.0,0.0,0.0,0.0,0.0,0.0,0.0,bank,website,paid,commerce,company,unknown,0.8,1.0,1.0,1.0,0.0
,,1,,transaction,0.0,0.0,0.0,0.0,0.0,0.0,0.0,0.0,1.0,0.0,unknown,website,deposited_money,payment,none,unknown,0.9,1.0,1.0,0.0,0.0
,,0,,none,0.0,0.0,0.0,0.0,0.0,0.0,0.0,0.0,0.0,0.0,upi | card | bank | crypto | gift_card | unknown | none,sms | email | phone | social_media | website | app | unknown | none,sent_money | shared_credentials | clicked_link | installed_app | none | unknown,payment | verification | login | download | none | unknown,bank_|_government_|_company_|_individual_|_none_|_unknown,unknown,0.0,0.0,0.0,0.0,0.0
,,1,,credential,0.0,0.0,0.0,0.0,0.0,1.0,0.0,0.0,0.0,0.0,unknown,email,changed_password,login,irctc,unknown,0.8,1.0,1.0,0.0,0.0
,,1,1500.0,transaction,1.0,0.0,0.0,0.0,0.0,0.0,0.0,1.0,0.0,0.0,upi,email,sent_money,payment,individual,unknown,1.0,1.0,1.0,0.0,0.0
,,1,,social_engineering,0.0,0.0,0.0,0.0,0.0,0.0,1.0,1.0,0.0,0.0,unknown,social_media,none,none,unknown,unknown,1.0,1.0,1.0,1.0,0.0
,,1,,commerce,0.0,0.0,0.0,1.0,0.0,0.0,0.0,0.0,1.0,0.0,upi,website,sent_money,payment,company,unknown,0.8,1.0,0.0,0.0,0.0
,,1,2000.0,transaction,0.0,1.0,0.0,0.0,0.0,0.0,0.0,0.0,0.0,0.0,card,phone,sent_money,payment,company,INR,0.8,1.0,0.0,1.0,0.0
,,1,,commerce,0.0,1.0,0.0,0.0,0.0,0.0,0.0,0.0,0.0,0.0,card,website,sent_money,payment,company,unknown,0.8,1.0,0.0,1.0,0.0
,,1,140.0,transaction,0.0,1.0,0.0,0.0,0.0,0.0,0.0,0.0,1.0,0.0,card,app,installed_app,payment,none,USD,0.8,1.0,1.0,0.0,0.0
,,1,5000.0,transaction,0.0,0.0,1.0,0.0,0.0,0.0,0.0,0.0,1.0,0.0,bank,website,sent_money,transaction,company,USD,1.0,1.0,1.0,1.0,0.0
,,1,,social_engineering,0.0,0.0,0.0,0.0,0.0,1.0,0.0,0.0,0.0,0.0,unknown,sms,none,none,unknown,unknown,0.8,1.0,0.0,1.0,0.0
,,1,,transaction,0.0,1.0,0.0,0.0,0.0,0.0,0.0,1.0,0.0,0.0,bank,social_media,sent_money,payment,individual,unknown,1.0,1.0,1.0,0.0,0.0
,,1,,transaction,0.0,0.0,1.0,0.0,0.0,0.0,0.0,0.0,0.0,0.0,bank,website,sent_money,transaction,none,unknown,0.9,1.0,0.0,0.0,0.0
,,1,,commerce,0.0,1.0,0.0,0.0,0.0,0.0,0.0,0.0,1.0,0.0,card,website,sent_money,payment,company,unknown,0.9,1.0,1.0,0.0,0.0
,,1,500.0,commerce,0.0,0.0,0.0,1.0,0.0,0.0,0.0,0.0,0.0,0.0,bank,website,opened_a_cancel_request,nondelivery,ebay,USD,1.0,1.0,0.0,1.0,0.0
,,1,10000.0,commerce,0.0,0.0,1.0,0.0,0.0,0.0,0.0,0.0,1.0,0.0,bank,phone,refused_to_pay,payment,company,INR,0.5,1.0,0.0,0.0,0.0
,,1,,transaction,0.0,1.0,0.0,0.0,0.0,0.0,0.0,0.0,0.0,0.0,card,phone,none,payment,bank,unknown,0.8,1.0,1.0,1.0,0.0
,,1,,transaction,1.0,0.0,0.0,0.0,0.0,0.0,0.0,0.0,0.0,0.0,upi,email,sent_money,payment,company,unknown,0.9,1.0,1.0,1.0,0.0
,,1,100000.0,transaction,0.0,0.0,1.0,0.0,0.0,0.0,0.0,0.0,0.0,0.0,bank,sms,sent_money,payment,company,USD,0.9,1.0,0.0,1.0,0.0
,,1,200.0,transaction,0.0,0.0,1.0,0.0,0.0,0.0,0.0,0.0,1.0,0.0,bank,website,sent_money,payment,company,USD,1.0,1.0,1.0,1.0,0.0
,,1,,commerce,0.0,0.0,0.0,1.0,0.0,0.0,0.0,0.0,0.0,0.0,upi,email,opened_box,nondelivery,casio_india,unknown,0.8,1.0,1.0,0.0,0.0
,,1,,commerce,0.0,1.0,0.0,0.0,0.0,0.0,0.0,0.0,0.0,0.0,card,website,clicked_link,payment,company,unknown,0.0,1.0,0.0,1.0,0.0
,,1,,transaction,0.0,1.0,0.0,0.0,0.0,0.0,0.0,0.0,0.0,0.0,crypto,website,sent_money,payment,crypto_exchange,unknown,0.0,0.0,1.0,0.0,0.0
,,1,1499.0,advanced,0.0,0.0,0.0,0.0,0.0,0.0,0.0,0.0,0.0,0.0,upi,email,clicked_link,payment,paypal,USD,0.8,1.0,1.0,1.0,0.0
,,1,,transaction,0.0,0.0,1.0,0.0,0.0,0.0,0.0,0.0,1.0,0.0,bank,website,clicked_link,transaction,none,unknown,0.8,1.0,1.0,0.0,0.0
,,1,463.89,transaction,1.0,0.0,0.0,0.0,0.0,0.0,0.0,0.0,0.0,0.0,upi,unknown,sent_money,payment,none,USD,0.0,1.0,0.0,0.0,0.0
,,1,,transaction,0.0,0.0,1.0,0.0,0.0,0.0,0.0,0.0,0.0,0.0,bank,telegram,funded_account,transaction,none,unknown,0.9,1.0,0.0,0.0,0.0
,,1,,transaction,0.0,1.0,0.0,0.0,0.0,0.0,0.0,0.0,0.0,0.0,bank,social_media,uploaded_credentials,verification,unknown,unknown,0.9,1.0,1.0,0.0,0.0
,,1,,social_engineering,0.0,0.0,0.0,0.0,0.0,1.0,1.0,1.0,0.0,0.0,crypto,phone,none,password_reset,"google,_nexo",unknown,1.0,1.0,1.0,1.0,0.0
,,1,,transaction,0.0,0.0,1.0,0.0,0.0,1.0,0.0,0.0,0.0,0.0,bank,telegram,shared_credentials,verification,unknown,unknown,0.8,1.0,1.0,0.0,0.0
,,1,,commerce,0.0,0.0,1.0,1.0,0.0,0.0,0.0,0.0,0.0,0.0,bank,email,sent_money,payment,seller,INR,0.8,1.0,0.0,0.0,0.0
,,1,,transaction,0.0,0.0,0.0,0.0,0.0,0.0,0.0,0.0,0.0,0.0,crypto,telegram,clicked_link,trade,unknown,unknown,0.9,1.0,1.0,0.0,0.0
,,1,,transaction,1.0,0.0,0.0,0.0,0.0,0.0,0.0,0.0,1.0,0.0,upi,whatsapp,sent_money,transaction,unknown,unknown,0.9,1.0,1.0,0.0,0.0
,,1,3000.0,transaction,0.0,0.0,0.0,0.0,0.0,1.0,1.0,1.0,1.0,0.0,unknown,telegram,sent_money,payment,company,USD,1.0,1.0,1.0,1.0,0.0
,,1,9500.0,transaction,0.0,1.0,1.0,0.0,0.0,0.0,0.0,1.0,0.0,0.0,bank,phone,sent_money,payment,grandson,USD,1.0,1.0,1.0,0.0,0.0
,,0,,none,0.0,0.0,0.0,0.0,0.0,0.0,0.0,0.0,0.0,0.0,unknown,unknown,unknown,unknown,unknown,unknown,0.0,0.0,0.0,0.0,0.0
,,1,10.0,transaction,0.0,0.0,1.0,0.0,0.0,0.0,1.0,1.0,1.0,0.0,bank,social_media,sent_money,payment,none,USD,1.0,1.0,1.0,1.0,0.0
,,1,4000.0,social_engineering,0.0,0.0,0.0,0.0,0.0,0.0,1.0,1.0,0.0,0.0,unknown,phone,none,none,local_sheriff,unknown,1.0,1.0,1.0,1.0,0.0
,,0,,none,0.0,0.0,0.0,0.0,0.0,0.0,0.0,0.0,0.0,0.0,unknown,social_media,none,none,none,unknown,0.0,0.0,0.0,0.0,0.0
,,1,,transaction,1.0,0.0,0.0,0.0,0.0,0.0,1.0,1.0,0.0,0.0,upi,sms,sent_money,payment,bank,unknown,0.9,1.0,1.0,1.0,0.0
,,1,,transaction,0.0,0.0,0.0,0.0,0.0,0.0,0.0,0.0,0.0,0.0,unknown,email,none,none,unknown,unknown,0.0,0.0,0.0,0.0,0.0
,,1,,commerce,0.0,0.0,0.0,1.0,0.0,0.0,0.0,0.0,0.0,0.0,bank,website,sent_money,payment,company,unknown,0.9,1.0,1.0,1.0,0.0
,,1,21.0,transaction,0.0,1.0,0.0,0.0,0.0,0.0,0.0,0.0,0.0,0.0,card,email,disputed_charge,payment,bar,USD,0.0,0.0,0.0,0.0,0.0
,,1,,transaction,0.0,1.0,0.0,0.0,0.0,0.0,0.0,0.0,0.0,0.0,card,phone,shared_credentials,verification,bank,unknown,0.9,1.0,1.0,1.0,0.0
,,0,,none,0.0,0.0,0.0,0.0,0.0,0.0,0.0,0.0,0.0,0.0,unknown,social_media,none,none,company,unknown,0.0,0.0,0.0,1.0,0.0
,,1,,commerce,0.0,0.0,0.0,1.0,0.0,0.0,0.0,0.0,0.0,0.0,upi,sms,sent_money,payment,company,unknown,0.5,1.0,0.0,1.0,0.0
,,1,,social_engineering,0.0,0.0,0.0,0.0,0.0,1.0,1.0,1.0,0.0,0.0,none,phone,clicked_link,none,microsoft,unknown,1.0,1.0,1.0,1.0,0.0
,,1,,transaction,1.0,0.0,0.0,0.0,0.0,0.0,0.0,0.0,0.0,0.0,upi,sms,sent_money,payment,bank,unknown,0.8,1.0,0.0,1.0,0.0
,,1,500.0,transaction,0.0,1.0,1.0,0.0,0.0,0.0,0.0,0.0,1.0,0.0,bank,email,sent_money,payment,columbia_professor,USD,1.0,1.0,1.0,1.0,0.0
,,1,1800.0,transaction,0.0,0.0,1.0,0.0,0.0,0.0,0.0,0.0,0.0,0.0,bank,email,sent_money,payment,unknown,unknown,0.5,1.0,0.0,0.0,0.0
,,1,,social_engineering,0.0,0.0,0.0,0.0,0.0,0.0,1.0,1.0,0.0,0.0,unknown,phone,sent_money,payment,police_department,unknown,1.0,1.0,1.0,1.0,0.0
,,1,,transaction,0.0,0.0,0.0,0.0,0.0,0.0,0.0,0.0,0.0,0.0,crypto,app,withdrew_funds,recovery,defi_platform,unknown,0.8,1.0,1.0,1.0,0.0
,,1,,commerce,0.0,0.0,0.0,1.0,0.0,0.0,0.0,0.0,0.0,0.0,bank,website,clicked_link,commerce,company,unknown,0.8,1.0,0.0,1.0,0.0
,,1,,transaction,0.0,0.0,1.0,0.0,0.0,0.0,0.0,0.0,0.0,0.0,bank,email,none,verification,fedex,unknown,0.8,1.0,0.0,1.0,0.0
,,1,,social_engineering,0.0,0.0,0.0,0.0,0.0,0.0,1.0,1.0,0.0,0.0,unknown,sms,none,none,trust_wallet,unknown,1.0,1.0,1.0,1.0,0.0
,,0,,none,0.0,0.0,0.0,0.0,0.0,0.0,0.0,0.0,0.0,0.0,upi,website,sent_money,payment,none,unknown,0.0,0.0,0.0,0.0,0.0
,,1,1500.0,commerce,0.0,0.0,0.0,1.0,0.0,0.0,0.0,1.0,0.0,0.0,upi,phone,sent_money,payment,company,INR,0.9,1.0,1.0,0.0,0.0
,,1,2000.0,transaction,0.0,0.0,1.0,0.0,0.0,0.0,0.0,0.0,0.0,0.0,bank,email,sent_money,payment,individual,USD,1.0,1.0,1.0,0.0,0.0
,,1,,transaction,1.0,0.0,1.0,0.0,0.0,0.0,0.0,0.0,0.0,0.0,upi,sms,sent_money,payment,bank,unknown,0.8,1.0,1.0,1.0,0.0
,,1,,social_engineering,0.0,0.0,0.0,0.0,0.0,0.0,1.0,1.0,0.0,0.0,crypto,social_media,sent_money,transaction,individual,unknown,1.0,1.0,1.0,1.0,0.0
,,1,,transaction,0.0,0.0,0.0,0.0,0.0,0.0,0.0,0.0,0.0,0.0,unknown,website,deposited,withdrawal,unknown,unknown,0.9,1.0,1.0,0.0,0.0
,,1,,commerce,0.0,0.0,0.0,0.0,0.0,0.0,0.0,0.0,0.0,0.0,bank,website,sent_money,payment,company,unknown,0.5,1.0,0.0,0.0,0.0
,,1,,transaction,0.0,0.0,0.0,0.0,0.0,0.0,0.0,0.0,1.0,0.0,crypto,app,installed_app,download,none,unknown,0.95,1.0,1.0,0.0,0.0
,,1,1200.0,transaction,0.0,0.0,1.0,0.0,0.0,0.0,0.0,0.0,1.0,0.0,bank,social_media,sent_money,payment,none,unknown,0.9,1.0,1.0,0.0,0.0
,,1,,social_engineering,0.0,0.0,0.0,0.0,0.0,0.0,1.0,1.0,0.0,0.0,unknown,phone,none,none,airline_customer_service,unknown,1.0,1.0,1.0,1.0,0.0
,,1,100.0,transaction,0.0,0.0,0.0,1.0,0.0,0.0,0.0,0.0,0.0,0.0,crypto,unknown,none,payment,unknown,USD,0.5,1.0,0.0,0.0,0.0
,,1,,transaction,0.0,1.0,0.0,0.0,0.0,0.0,0.0,0.0,0.0,0.0,crypto,website,sent_money,payment,company,unknown,0.5,1.0,0.0,1.0,0.0
,,1,,transaction,0.0,0.0,0.0,0.0,0.0,0.0,0.0,0.0,1.0,0.0,crypto,private_channels,none,recovery,unknown,unknown,0.9,1.0,1.0,0.0,0.0
,,1,,transaction,0.0,0.0,0.0,0.0,0.0,0.0,0.0,0.0,0.0,0.0,unknown,email,clicked_link,none,company,unknown,0.5,1.0,1.0,1.0,0.0
,,1,800.0,transaction,0.0,0.0,1.0,0.0,0.0,0.0,0.0,0.0,0.0,0.0,bank,sms,sent_money,payment,company,INR,1.0,1.0,0.0,1.0,0.0
,,1,80.0,commerce,0.0,0.0,0.0,1.0,0.0,0.0,0.0,0.0,0.0,0.0,upi,website,sent_money,payment,none,unknown,0.5,1.0,0.0,0.0,0.0
,,1,,transaction,0.0,0.0,0.0,0.0,0.0,0.0,0.0,1.0,0.0,0.0,upi,phone,none,none,unknown,unknown,1.0,1.0,0.0,0.0,0.0
,,1,,transaction,0.0,0.0,0.0,0.0,0.0,0.0,0.0,0.0,1.0,0.0,unknown,website,sent_money,payment,company,unknown,0.8,1.0,0.0,1.0,0.0
,,1,,transaction,1.0,0.0,0.0,0.0,0.0,0.0,0.0,1.0,1.0,0.0,upi,website,sent_money,payment,none,unknown,1.0,1.0,1.0,0.0,0.0
,,1,10000.0,meta,0.0,0.0,0.0,0.0,0.0,0.0,1.0,0.0,1.0,0.0,upi,unknown,sent_money,payment,company,unknown,0.5,1.0,1.0,1.0,0.0
,,1,,transaction,0.0,1.0,0.0,0.0,0.0,0.0,0.0,0.0,0.0,0.0,card,phone,none,payment,bank,unknown,0.8,1.0,0.0,1.0,0.0
,,1,3840.0,transaction,1.0,0.0,0.0,1.0,0.0,0.0,0.0,0.0,0.0,0.0,upi,website,sent_money,payment,company,INR,1.0,1.0,1.0,1.0,0.0
,,1,,transaction,0.0,0.0,1.0,0.0,0.0,0.0,0.0,0.0,1.0,0.0,bank,unknown,none,transaction,individual,unknown,0.8,1.0,1.0,0.0,0.0
,,1,1390.0,commerce,0.0,0.0,0.0,1.0,0.0,0.0,0.0,0.0,0.0,0.0,bank,email,sent_money,payment,company,unknown,0.8,1.0,0.0,1.0,0.0
,,1,15000000.0,social_engineering,0.0,0.0,0.0,0.0,0.0,1.0,1.0,1.0,0.0,0.0,unknown,email,none,none,fbi,USD,1.0,1.0,1.0,1.0,0.0
,,0,,none,0.0,0.0,0.0,0.0,0.0,0.0,1.0,1.0,0.0,0.0,unknown,phone,none,none,ice_agent,unknown,1.0,1.0,1.0,1.0,0.0
,,1,4020.0,transaction,0.0,0.0,1.0,0.0,0.0,0.0,0.0,0.0,1.0,0.0,bank,email,deposited,payment,company,USD,1.0,1.0,0.0,1.0,0.0
,,1,488.0,transaction,0.0,1.0,0.0,0.0,0.0,0.0,0.0,0.0,1.0,0.0,card,sms,sent_money,payment,company,USD,0.5,1.0,1.0,1.0,0.0
,,1,,transaction,0.0,0.0,1.0,0.0,0.0,0.0,0.0,0.0,0.0,0.0,bank,website,sent_money,transaction,none,unknown,0.9,1.0,1.0,0.0,0.0
,,1,,transaction,0.0,0.0,0.0,0.0,0.0,0.0,0.0,0.0,0.0,0.0,crypto,youtube,clicked_link,none,unknown,unknown,0.0,1.0,1.0,0.0,0.0
,,1,2500.0,transaction,0.0,0.0,0.0,0.0,0.0,0.0,1.0,1.0,0.0,0.0,unknown,email,sent_money,payment,elon_musk,unknown,1.0,1.0,1.0,1.0,0.0
,,1,125.0,commerce,0.0,0.0,0.0,0.0,0.0,0.0,0.0,0.0,0.0,0.0,card,phone,sent_money,payment,company,EUR,0.8,1.0,0.0,1.0,0.0
,,1,0.0,commerce,0.0,0.0,0.0,1.0,0.0,0.0,0.0,0.0,0.0,0.0,gift_card,email,clicked_link,compensation,store,unknown,0.5,1.0,0.0,0.0,1.0
,,1,140.0,transaction,0.0,0.0,1.0,0.0,0.0,0.0,0.0,0.0,0.0,0.0,bank,email,sent_money,payment,none,unknown,0.8,1.0,1.0,0.0,0.0
,,1,,transaction,0.0,0.0,1.0,0.0,0.0,0.0,0.0,0.0,0.0,0.0,bank,sms,sent_money,payment,none,unknown,0.9,1.0,0.0,0.0,0.0
,,1,,commerce,0.0,0.0,0.0,1.0,1.0,0.0,0.0,0.0,0.0,0.0,upi,website,clicked_link,commerce,brand,unknown,0.9,1.0,0.0,0.0,0.0
,,1,,transaction,1.0,0.0,0.0,0.0,0.0,0.0,0.0,0.0,1.0,0.0,upi,email,sent_money,payment,individual,unknown,0.8,1.0,0.0,0.0,0.0
,,1,,transaction,0.0,0.0,1.0,0.0,0.0,0.0,0.0,0.0,1.0,0.0,bank,email,received_money,payment,professor,unknown,0.9,1.0,0.0,1.0,0.0
,,1,,social_engineering,0.0,0.0,0.0,0.0,0.0,0.0,1.0,1.0,0.0,0.0,unknown,social_media,none,none,individual,unknown,1.0,1.0,1.0,1.0,0.0
,,1,,transaction,0.0,1.0,0.0,0.0,0.0,0.0,0.0,0.0,0.0,0.0,card,unknown,none,payment,unknown,unknown,0.9,1.0,1.0,0.0,0.0
,,0,,none,0.0,0.0,1.0,0.0,0.0,0.0,0.0,0.0,0.0,0.0,bank,sms,sent_money,transaction,bank,unknown,0.0,1.0,1.0,1.0,0.0
,,1,,transaction,0.0,1.0,0.0,0.0,0.0,1.0,0.0,0.0,0.0,0.0,card,email,shared_credentials,transaction,paypal,unknown,0.9,1.0,1.0,1.0,0.0
,,1,,transaction,0.0,0.0,0.0,0.0,0.0,0.0,0.0,0.0,0.0,0.0,crypto,social_media,clicked_link,payment,company,unknown,0.95,1.0,1.0,1.0,0.0
,,1,,transaction,1.0,0.0,0.0,0.0,0.0,0.0,1.0,1.0,0.0,0.0,upi,email,sent_money,payment,company,unknown,0.9,1.0,1.0,1.0,0.0
,,1,,credential,0.0,0.0,0.0,0.0,0.0,1.0,0.0,0.0,0.0,0.0,unknown,email,clicked_link,phishing,google,unknown,0.9,1.0,1.0,1.0,0.0
,,1,1000.0,social_engineering,0.0,0.0,0.0,0.0,1.0,0.0,0.0,0.0,0.0,0.0,unknown,phone,none,none,individual,unknown,0.8,1.0,0.0,0.0,0.0
,,1,14.99,transaction,0.0,1.0,1.0,0.0,0.0,0.0,0.0,0.0,0.0,0.0,bank,phone,sent_money,payment,company,GBP,0.8,1.0,1.0,1.0,0.0
,,1,,social_engineering,0.0,0.0,0.0,0.0,0.0,0.0,1.0,1.0,0.0,0.0,unknown,sms,sent_money,none,individual,unknown,1.0,1.0,1.0,1.0,0.0
,,1,,transaction,0.0,0.0,1.0,0.0,0.0,0.0,0.0,0.0,1.0,0.0,bank,phone,none,information,company,unknown,0.5,1.0,0.0,1.0,0.0
,,1,100000.0,transaction,0.0,0.0,1.0,0.0,0.0,0.0,0.0,0.0,1.0,0.0,crypto,unknown,sent_money,payment,none,USD,0.5,1.0,1.0,0.0,0.0
,,1,100.0,transaction,0.0,0.0,1.0,0.0,0.0,0.0,0.0,1.0,0.0,0.0,bank,social_media,sent_money,payment,company,GBP,1.0,1.0,1.0,1.0,0.0
,,1,,commerce,0.0,1.0,0.0,0.0,1.0,0.0,0.0,0.0,0.0,0.0,upi | card,email,sent_money,payment,company,unknown,0.8,1.0,1.0,1.0,0.0
,,1,,meta,0.0,0.0,0.0,0.0,0.0,0.0,0.0,0.0,1.0,0.0,unknown,none,none,none,none,unknown,0.0,0.0,0.0,0.0,0.0
,,1,,transaction,0.0,0.0,1.0,0.0,0.0,0.0,0.0,0.0,0.0,0.0,bank,social_media,sent_money,payment,company,unknown,0.9,1.0,1.0,1.0,0.0
,,1,,transaction,1.0,0.0,1.0,0.0,0.0,0.0,0.0,1.0,0.0,0.0,upi | card | bank,sms | email | phone,sent_money,payment,bank,unknown,1.0,1.0,1.0,0.0,0.0
,,1,,social_engineering,0.0,0.0,0.0,0.0,0.0,0.0,1.0,1.0,0.0,0.0,unknown,social_media,none,none,individual,unknown,1.0,1.0,1.0,1.0,0.0
,,1,30000.0,commerce,0.0,0.0,0.0,0.0,1.0,0.0,0.0,0.0,1.0,0.0,bank,phone,sent_money,complaint,company,INR,0.8,1.0,1.0,1.0,0.0
,,1,,transaction,1.0,1.0,1.0,0.0,0.0,0.0,0.0,0.0,0.0,0.0,upi | card | bank | crypto | gift_card | unknown | none,sms | email | phone | social_media | website | app | unknown | none,sent_money | shared_credentials | clicked_link | installed_app | none | unknown,payment | verification | login | download | none | unknown,bank_|_government_|_company_|_individual_|_none_|_unknown,unknown,0.9,1.0,1.0,0.0,0.0
,,1,800.0,transaction,0.0,1.0,0.0,0.0,0.0,0.0,0.0,0.0,0.0,0.0,card,email,sent_money,payment,unknown,USD,1.0,1.0,1.0,0.0,0.0
,,1,,pig_butchering,0.0,0.0,0.0,0.0,0.0,0.0,0.0,0.0,1.0,0.0,unknown,website,none,none,unknown,unknown,0.8,1.0,0.0,0.0,0.0
,,0,46.0,none,0.0,0.0,0.0,0.0,0.0,0.0,0.0,0.0,0.0,0.0,unknown,phone,installed_app,replacement,none,INR,0.0,1.0,1.0,0.0,0.0
,,1,,transaction,0.0,1.0,0.0,0.0,0.0,0.0,0.0,0.0,0.0,0.0,unknown,phone,none,none,none,unknown,0.8,1.0,0.0,0.0,0.0
,,1,850000.0,transaction,0.0,0.0,0.0,0.0,0.0,0.0,0.0,0.0,0.0,0.0,crypto,website,clicked_link,payment,none,USD,1.0,1.0,1.0,0.0,0.0
,,1,,social_engineering,0.0,0.0,0.0,0.0,0.0,0.0,1.0,1.0,0.0,0.0,unknown,social_media,none,none,company,unknown,0.8,1.0,1.0,1.0,0.0
,,1,30.0,transaction,0.0,0.0,0.0,0.0,0.0,0.0,0.0,0.0,0.0,0.0,crypto,telegram,sent_money,payment,individual,USD,1.0,1.0,0.0,0.0,0.0
,,1,98.0,transaction,0.0,1.0,0.0,0.0,0.0,0.0,0.0,0.0,0.0,0.0,card,website,clicked_link,payment,company,USD,0.5,1.0,0.0,1.0,0.0
,,1,,transaction,0.0,0.0,0.0,0.0,0.0,0.0,0.0,0.0,0.0,0.0,unknown,social_media,none,none,unknown,unknown,0.8,1.0,0.0,0.0,0.0
,,1,50000.0,transaction,0.0,1.0,0.0,0.0,0.0,0.0,0.0,0.0,0.0,0.0,card,website,sent_money,investment,company,USD,1.0,1.0,1.0,1.0,0.0
,,1,,transaction,0.0,0.0,1.0,0.0,0.0,0.0,0.0,1.0,0.0,0.0,bank,website,sent_money,transaction,company,unknown,1.0,1.0,1.0,1.0,0.0
,,1,70000.0,transaction,1.0,0.0,0.0,0.0,0.0,0.0,0.0,0.0,0.0,0.0,upi,sms,sent_money,payment,bank,INR,1.0,1.0,1.0,1.0,0.0
,,1,4.0,social_engineering,0.0,0.0,0.0,0.0,0.0,0.0,1.0,1.0,0.0,0.0,unknown,phone,none,none,police_officer,INR,1.0,1.0,1.0,1.0,0.0
,,1,,transaction,0.0,0.0,0.0,0.0,0.0,1.0,0.0,0.0,0.0,0.0,bank,sms,shared_credentials,verification,company,unknown,0.5,1.0,1.0,1.0,0.0
,,1,,commerce,0.0,0.0,0.0,0.0,0.0,0.0,0.0,0.0,0.0,0.0,card,website,sent_money,payment,company,unknown,0.8,1.0,1.0,1.0,0.0
,,1,,transaction,0.0,0.0,1.0,0.0,0.0,1.0,0.0,0.0,0.0,0.0,bank,email,sent_money,transaction,paypal,unknown,0.8,1.0,1.0,1.0,0.0
,,1,194572.0,transaction,0.0,0.0,1.0,0.0,0.0,0.0,0.0,0.0,1.0,0.0,bank,unknown,sent_money,payment,none,INR,0.8,1.0,1.0,0.0,0.0
,,1,,transaction,0.0,0.0,1.0,0.0,0.0,0.0,0.0,0.0,1.0,0.0,bank,email,sent_money,recovery,scammer,USD,0.9,1.0,1.0,0.0,0.0
,,1,,social_engineering,0.0,0.0,0.0,0.0,0.0,0.0,1.0,1.0,0.0,0.0,unknown,social_media,none,none,unknown,unknown,1.0,1.0,1.0,1.0,0.0
,,1,2300000.0,transaction,0.0,0.0,1.0,0.0,0.0,0.0,0.0,0.0,1.0,0.0,bank,app,installed_app,payment,sharekhan,INR,1.0,1.0,1.0,0.0,0.0
,,1,,social_engineering,0.0,0.0,0.0,0.0,0.0,0.0,0.0,1.0,0.0,0.0,unknown,email,none,information,bank,unknown,1.0,1.0,1.0,1.0,0.0
,,1,,commerce,0.0,0.0,0.0,1.0,0.0,0.0,0.0,0.0,0.0,0.0,upi,email,sent_money,payment,company,unknown,0.8,1.0,0.0,1.0,0.0
,,1,,commerce,0.0,1.0,0.0,0.0,0.0,0.0,0.0,0.0,0.0,0.0,card,delivery,received,none,ulta_beauty,unknown,0.5,1.0,1.0,0.0,0.0
,,1,20.0,commerce,0.0,0.0,0.0,1.0,0.0,0.0,0.0,0.0,0.0,0.0,bank,social_media,sent_money,commerce,company,USD,0.5,1.0,0.0,0.0,0.0
,,1,,transaction,0.0,0.0,1.0,0.0,0.0,0.0,0.0,0.0,0.0,0.0,bank,website,sent_money,payment,company,unknown,0.9,1.0,0.0,1.0,0.0
,,1,175.0,transaction,1.0,0.0,0.0,0.0,0.0,0.0,0.0,0.0,0.0,0.0,upi,sms,sent_money,payment,unknown,USD,0.8,1.0,0.0,0.0,0.0
,,0,,none,0.0,0.0,0.0,0.0,0.0,0.0,0.0,0.0,0.0,0.0,unknown,phone,none,none,law_enforcement,unknown,0.0,1.0,1.0,1.0,0.0
,,0,,none,0.0,0.0,0.0,0.0,0.0,0.0,0.0,0.0,0.0,0.0,unknown,website,clicked_link,commerce,company,unknown,0.0,0.0,0.0,1.0,0.0
,,0,,none,0.0,0.0,0.0,0.0,0.0,0.0,0.0,0.0,0.0,0.0,unknown,website,clicked_link,commerce,none,unknown,0.0,0.0,0.0,0.0,0.0
,,1,,transaction,0.0,0.0,1.0,0.0,0.0,0.0,0.0,0.0,1.0,0.0,bank,website,clicked_link,payment,company,unknown,0.8,1.0,0.0,1.0,0.0
,,1,2500000.0,transaction,0.0,1.0,0.0,0.0,0.0,0.0,0.0,0.0,0.0,0.0,card,social_media,sent_money,payment,individual,unknown,1.0,1.0,1.0,0.0,0.0
,,1,,transaction,0.0,0.0,1.0,0.0,0.0,0.0,0.0,0.0,1.0,0.0,bank,phone,sent_money,transaction,bank,unknown,0.8,1.0,0.0,0.0,0.0
,,1,263.9,commerce,0.0,1.0,0.0,1.0,0.0,0.0,0.0,0.0,0.0,0.0,card,website,sent_money,payment,company,EUR,1.0,1.0,1.0,1.0,0.0
,,1,1500.0,transaction,0.0,1.0,0.0,0.0,0.0,0.0,0.0,0.0,0.0,0.0,crypto,website,sent_money,payment,unknown,unknown,0.9,1.0,1.0,0.0,0.0
,,1,,transaction,0.0,0.0,0.0,0.0,0.0,0.0,0.0,1.0,0.0,0.0,unknown,sms,sent_money,payment,none,unknown,1.0,1.0,0.0,0.0,0.0
,,1,20.0,commerce,0.0,0.0,0.0,1.0,1.0,0.0,0.0,0.0,0.0,0.0,upi,website,sent_money,payment,unknown,INR,1.0,1.0,1.0,0.0,0.0
,,1,,transaction,0.0,1.0,0.0,0.0,0.0,0.0,0.0,0.0,0.0,0.0,card,phone,sent_money,payment,unknown,unknown,0.0,1.0,0.0,0.0,0.0
,,1,,transaction,0.0,1.0,0.0,0.0,0.0,0.0,0.0,0.0,0.0,0.0,bank,email,none,payment,government,unknown,0.9,1.0,1.0,1.0,0.0
,,1,350.0,transaction,0.0,0.0,1.0,0.0,0.0,0.0,0.0,0.0,1.0,0.0,bank,email,gave_money,payment,unknown,CAD,1.0,1.0,1.0,0.0,0.0
,,1,,social_engineering,0.0,0.0,0.0,0.0,0.0,0.0,0.0,1.0,0.0,0.0,unknown,social_media,none,none,individual,unknown,1.0,1.0,0.0,0.0,0.0
,,1,1.0,transaction,0.0,0.0,0.0,0.0,0.0,0.0,0.0,0.0,0.0,0.0,card,phone,sent_money,payment,company,USD,0.5,1.0,0.0,0.0,0.0
,,1,,social_engineering,0.0,0.0,0.0,0.0,0.0,1.0,1.0,1.0,0.0,0.0,unknown,phone,none,none,individual,unknown,1.0,1.0,1.0,1.0,0.0
,,1,,transaction,0.0,0.0,1.0,0.0,0.0,0.0,0.0,0.0,1.0,0.0,bank,website,opened_wallet,payment,none,unknown,0.9,1.0,0.0,0.0,0.0
,,1,,transaction,0.0,1.0,0.0,0.0,0.0,0.0,0.0,0.0,0.0,0.0,bank,mail,sent_money,payment,township,unknown,0.8,1.0,0.0,1.0,0.0
,,1,,commerce,0.0,0.0,0.0,1.0,0.0,0.0,0.0,0.0,0.0,0.0,bank,website,clicked_link,commerce,company,GBP,0.8,1.0,0.0,0.0,0.0
,,1,,transaction,0.0,1.0,0.0,0.0,0.0,0.0,0.0,0.0,0.0,0.0,card,phone,shared_credentials,transaction,company,unknown,0.5,1.0,1.0,1.0,0.0
,,1,,transaction,0.0,0.0,1.0,0.0,0.0,0.0,0.0,0.0,1.0,0.0,bank,website,installed_app,none,none,unknown,0.8,1.0,0.0,0.0,0.0
,,1,,transaction,0.0,0.0,1.0,0.0,0.0,0.0,0.0,0.0,1.0,0.0,bank,website,holded_coin,none,crypto_team,unknown,0.9,1.0,1.0,1.0,0.0
,,1,,transaction,0.0,1.0,0.0,0.0,0.0,0.0,0.0,0.0,0.0,0.0,card,unknown,sent_money,payment,none,unknown,0.8,1.0,0.0,0.0,0.0
,,1,82000.0,transaction,0.0,0.0,1.0,0.0,0.0,0.0,0.0,0.0,0.0,0.0,bank,sms,sent_money,payment,company,unknown,1.0,1.0,1.0,1.0,0.0
,,1,140.0,social_engineering,0.0,0.0,1.0,0.0,0.0,0.0,1.0,1.0,0.0,0.0,bank,email,clicked_link,transaction,google,USD,1.0,1.0,1.0,1.0,0.0
,,1,,commerce,0.0,1.0,0.0,0.0,1.0,0.0,0.0,0.0,0.0,0.0,crypto,website,sent_money,investment,company,unknown,0.0,1.0,1.0,1.0,0.0
,,1,,commerce,0.0,0.0,0.0,1.0,1.0,0.0,0.0,0.0,0.0,0.0,upi,social_media,sent_money,payment,company,unknown,0.8,1.0,0.0,1.0,0.0
,,1,,social_engineering,0.0,0.0,0.0,0.0,0.0,1.0,0.0,0.0,0.0,0.0,crypto,sms,clicked_link,transaction,unknown,unknown,0.9,1.0,0.0,0.0,0.0
,,1,,social_engineering,0.0,0.0,0.0,0.0,0.0,0.0,1.0,1.0,0.0,0.0,unknown,phone,none,discussion,unknown,unknown,0.8,1.0,1.0,1.0,0.0
,,1,,social_engineering,0.0,0.0,0.0,0.0,0.0,1.0,1.0,1.0,1.0,0.0,unknown,"email,_phone",shared_credentials,none,ipo_capital_alerts,unknown,1.0,1.0,1.0,1.0,0.0
,,1,,commerce,0.0,0.0,0.0,0.0,1.0,0.0,0.0,0.0,0.0,0.0,unknown,none,none,none,none,unknown,0.8,1.0,0.0,0.0,0.0
,,1,,social_engineering,0.0,0.0,0.0,0.0,0.0,0.0,1.0,1.0,0.0,0.0,unknown,sms,none,none,police_officer,unknown,0.8,1.0,1.0,1.0,0.0
,,1,3800.0,transaction,0.0,0.0,1.0,0.0,0.0,0.0,0.0,0.0,0.0,0.0,bank,sms,sent_money,payment,company,USD,0.5,1.0,1.0,1.0,0.0
,,1,,transaction,0.0,0.0,1.0,0.0,0.0,0.0,0.0,0.0,1.0,0.0,bank,phone,blocked,none,scammers,unknown,0.8,1.0,1.0,0.0,0.0
,,1,400.0,transaction,0.0,0.0,1.0,0.0,0.0,0.0,0.0,0.0,0.0,0.0,bank,sms,sent_money,payment,none,USD,1.0,1.0,0.0,0.0,0.0
,,1,,meta,0.0,0.0,0.0,0.0,0.0,0.0,1.0,1.0,1.0,0.0,unknown,sms | email | phone | social_media | website | app | unknown | none,installed_app,none,individual,unknown,1.0,1.0,1.0,1.0,0.0
,,1,5000.0,transaction,0.0,0.0,1.0,0.0,0.0,0.0,0.0,1.0,0.0,0.0,bank,website,clicked_link,transaction,company,USD,1.0,1.0,0.0,1.0,0.0
,,1,,social_engineering,0.0,0.0,0.0,0.0,0.0,1.0,0.0,1.0,0.0,0.0,unknown,email,clicked_link,credential,company,unknown,1.0,1.0,0.0,1.0,0.0
,,1,39.99,transaction,0.0,1.0,0.0,0.0,0.0,0.0,0.0,0.0,1.0,0.0,bank,website,sent_money,payment,none,unknown,0.5,1.0,1.0,0.0,0.0
,,1,,transaction,1.0,0.0,0.0,0.0,0.0,0.0,0.0,0.0,0.0,0.0,upi,email,sent_money,payment,paypal,unknown,0.9,1.0,1.0,1.0,0.0
,,1,,transaction,0.0,0.0,1.0,0.0,0.0,0.0,0.0,0.0,0.0,0.0,bank,website,sent_money,payment,company,unknown,0.9,1.0,1.0,1.0,0.0
,,1,,transaction,0.0,1.0,0.0,0.0,0.0,0.0,0.0,0.0,0.0,0.0,card,unknown,sent_money,payment,none,unknown,0.9,1.0,1.0,1.0,0.0
,,1,,transaction,0.0,0.0,1.0,0.0,0.0,0.0,0.0,0.0,0.0,0.0,bank,email,sent_money,payment,company,unknown,0.8,1.0,1.0,1.0,0.0
,,1,,transaction,0.0,0.0,0.0,0.0,0.0,0.0,0.0,0.0,1.0,0.0,crypto,website,clicked_link,none,none,unknown,0.9,1.0,0.0,0.0,0.0
,,1,,transaction,0.0,1.0,0.0,0.0,0.0,0.0,0.0,0.0,1.0,0.0,bank,phone,physically_went_to_bank,transaction,none,unknown,0.8,1.0,1.0,0.0,0.0
,,1,,transaction,0.0,0.0,0.0,0.0,0.0,0.0,0.0,0.0,1.0,0.0,crypto,website,withdrawal_request,transaction,none,USD,0.9,1.0,0.0,0.0,0.0
,,1,,transaction,0.0,1.0,0.0,0.0,0.0,0.0,0.0,0.0,0.0,0.0,card,sms,sent_money,payment,bank,unknown,0.8,1.0,0.0,1.0,0.0
,,1,265.0,commerce,0.0,0.0,0.0,0.0,0.0,0.0,0.0,0.0,0.0,0.0,unknown,email,sent_money,payment,none,unknown,0.8,1.0,0.0,0.0,0.0
,,1,10000.0,transaction,0.0,0.0,1.0,0.0,0.0,0.0,0.0,0.0,1.0,0.0,bank,telegram,sent_money,payment,unknown,USD,1.0,1.0,1.0,0.0,0.0
,,1,,commerce,0.0,0.0,1.0,0.0,0.0,0.0,0.0,0.0,0.0,0.0,bank,email,sent_money,payment,company,unknown,0.8,1.0,0.0,1.0,0.0
,,1,655.0,transaction,0.0,0.0,1.0,0.0,0.0,0.0,0.0,0.0,0.0,0.0,bank,telegram,sent_money,recovery,individual,USD,0.9,1.0,1.0,0.0,0.0
,,1,,transaction,0.0,1.0,0.0,0.0,0.0,0.0,0.0,0.0,0.0,0.0,card,unknown,sent_money,payment,company,unknown,0.5,1.0,1.0,0.0,0.0
,,1,3500.0,transaction,0.0,0.0,1.0,0.0,0.0,0.0,0.0,0.0,0.0,0.0,bank,email,sent_money,payment,company,unknown,1.0,1.0,1.0,1.0,0.0
,,1,,social_engineering,0.0,0.0,0.0,0.0,0.0,1.0,0.0,0.0,0.0,0.0,unknown,sms,changed_password,login,instagram,unknown,0.8,1.0,1.0,1.0,0.0
,,1,18500.0,commerce,0.0,0.0,1.0,0.0,0.0,0.0,0.0,0.0,1.0,0.0,bank,email,withdrew_admission,refund,company,INR,0.7,1.0,0.0,0.0,0.0
,,1,3000.0,transaction,0.0,1.0,1.0,0.0,0.0,0.0,0.0,0.0,0.0,0.0,bank,email,cashed_check,payment,individual,USD,1.0,1.0,1.0,0.0,0.0
,,1,,social_engineering,0.0,0.0,0.0,0.0,0.0,0.0,1.0,1.0,0.0,0.0,unknown,phone,none,none,individual,unknown,1.0,1.0,1.0,1.0,0.0
,,1,,commerce,0.0,0.0,0.0,0.0,0.0,0.0,0.0,0.0,0.0,0.0,bank,website,sent_money,payment,company,unknown,0.5,1.0,1.0,0.0,0.0
,,1,350.0,transaction,0.0,0.0,0.0,0.0,0.0,0.0,0.0,0.0,1.0,0.0,upi,phone,sent_money,payment,company,USD,1.0,1.0,1.0,1.0,0.0
,,1,,commerce,0.0,0.0,1.0,1.0,0.0,0.0,0.0,0.0,0.0,0.0,bank,phone,sent_money,payment,company,unknown,0.8,1.0,0.0,1.0,0.0
,,1,,social_engineering,0.0,0.0,0.0,0.0,0.0,0.0,1.0,1.0,0.0,0.0,crypto,video_conference,investment,training,businesswoman,unknown,0.8,1.0,1.0,1.0,0.0
,,1,30000.0,transaction,0.0,0.0,0.0,0.0,0.0,0.0,0.0,0.0,0.0,0.0,crypto,website,deposited_money,transaction,none,unknown,1.0,1.0,1.0,0.0,0.0
,,1,,transaction,0.0,0.0,0.0,0.0,0.0,0.0,1.0,1.0,0.0,0.0,unknown,phone,none,transaction,individual,unknown,0.8,1.0,0.0,1.0,0.0
,,1,,transaction,0.0,0.0,1.0,0.0,0.0,0.0,1.0,1.0,0.0,0.0,bank,email,sent_money,payment,company,unknown,1.0,1.0,1.0,1.0,0.0
,,1,2250.0,transaction,0.0,0.0,1.0,0.0,0.0,0.0,1.0,1.0,0.0,0.0,bank,phone,sent_money,payment,sheriff's_department,unknown,1.0,1.0,1.0,1.0,0.0
,,1,,transaction,0.0,0.0,0.0,0.0,0.0,0.0,0.0,0.0,0.0,0.0,upi,app,sent_money,payment,unknown,unknown,0.0,1.0,0.0,0.0,1.0
,,1,300.0,transaction,0.0,0.0,1.0,0.0,0.0,0.0,0.0,0.0,0.0,0.0,bank,website,invested,payment,company,USD,1.0,1.0,1.0,1.0,0.0
,,1,,commerce,0.0,0.0,0.0,1.0,0.0,0.0,0.0,0.0,0.0,0.0,upi,unknown,sent_money,payment,company,unknown,0.9,1.0,1.0,1.0,0.0
,,1,100.0,transaction,0.0,1.0,0.0,0.0,0.0,0.0,0.0,1.0,0.0,0.0,card,sms,sent_money,transaction,bank,USD,0.9,1.0,0.0,1.0,0.0
,,1,,transaction,0.0,0.0,1.0,0.0,0.0,0.0,0.0,0.0,0.0,0.0,bank,website,clicked_link,transaction,unknown,unknown,0.8,1.0,0.0,0.0,0.0
,,1,500.0,transaction,0.0,0.0,0.0,0.0,0.0,0.0,0.0,0.0,1.0,0.0,crypto,website,sent_money,payment,individual,USD,1.0,1.0,1.0,0.0,0.0
,,1,,commerce,0.0,1.0,0.0,0.0,0.0,0.0,0.0,0.0,0.0,0.0,card,website,sent_money,payment,company,unknown,0.0,1.0,1.0,1.0,0.0
,,1,,transaction,0.0,0.0,1.0,0.0,0.0,0.0,0.0,0.0,0.0,0.0,bank,app,installed_app,transaction,none,unknown,0.8,1.0,0.0,0.0,0.0
,,1,,transaction,0.0,0.0,1.0,0.0,0.0,0.0,0.0,0.0,0.0,0.0,bank,email,sent_money,payment,company,unknown,0.8,1.0,0.0,1.0,0.0
,,1,,transaction,0.0,0.0,0.0,0.0,0.0,0.0,0.0,0.0,0.0,0.0,unknown,sms,sent_money,payment,unknown,unknown,0.0,1.0,0.0,0.0,0.0
,,1,550.0,transaction,0.0,1.0,0.0,0.0,0.0,0.0,0.0,0.0,0.0,0.0,card,email,sent_money,payment,company,USD,0.8,1.0,1.0,1.0,0.0
,,1,10000.0,transaction,1.0,0.0,0.0,0.0,0.0,0.0,0.0,1.0,0.0,0.0,crypto,email,sent_money,recovery,company,GBP,1.0,1.0,1.0,0.0,0.0
,,1,,social_engineering,0.0,0.0,0.0,0.0,0.0,0.0,1.0,1.0,0.0,0.0,unknown,sms,none,none,government,unknown,1.0,1.0,1.0,1.0,0.0
,,1,,social_engineering,0.0,0.0,0.0,0.0,0.0,0.0,1.0,1.0,0.0,0.0,unknown,email,clicked_link,none,unknown,unknown,1.0,1.0,1.0,1.0,0.0
,,1,4.0,transaction,0.0,0.0,1.0,0.0,0.0,0.0,0.0,0.0,1.0,0.0,bank,email,sent_money,payment,individual,USD,0.8,1.0,1.0,0.0,0.0
,,1,,social_engineering,0.0,1.0,0.0,0.0,0.0,0.0,1.0,1.0,0.0,0.0,card,phone,shared_credentials,verification,bank,unknown,1.0,1.0,1.0,1.0,0.0
,,1,8.0,transaction,0.0,0.0,1.0,0.0,0.0,0.0,0.0,0.0,1.0,0.0,bank,sms,sent_money,payment,none,USD,0.5,1.0,0.0,0.0,0.0
,,1,14000.0,commerce,0.0,1.0,0.0,1.0,1.0,0.0,0.0,0.0,0.0,0.0,card,phone,sent_money,payment,company,INR,0.8,1.0,1.0,1.0,0.0
,,1,,transaction,0.0,0.0,0.0,0.0,0.0,0.0,0.0,0.0,0.0,0.0,unknown,social_media,sent_money,payment,none,unknown,0.9,1.0,0.0,0.0,0.0
,,1,,social_engineering,0.0,0.0,0.0,0.0,0.0,0.0,1.0,1.0,0.0,0.0,unknown,none,none,none,"president_of_the_united_states,_speaker_of_the_house,_senators",unknown,0.8,1.0,1.0,1.0,0.0
,,1,,transaction,0.0,0.0,1.0,0.0,0.0,0.0,0.0,0.0,0.0,0.0,bank,website,sent_money,payment,unknown,unknown,0.8,1.0,1.0,0.0,0.0
,,1,,transaction,0.0,1.0,0.0,0.0,0.0,0.0,0.0,0.0,1.0,0.0,card,phone,sent_money,payment,company,unknown,0.8,1.0,0.0,1.0,0.0
,,1,,social_engineering,0.0,0.0,0.0,0.0,0.0,1.0,0.0,1.0,0.0,0.0,unknown,sms,none,none,unknown,unknown,1.0,1.0,1.0,0.0,0.0
,,1,,transaction,0.0,0.0,0.0,0.0,0.0,0.0,0.0,0.0,0.0,0.0,unknown,phone,none,payment,company,unknown,0.8,1.0,0.0,1.0,0.0
,,1,,social_engineering,0.0,0.0,0.0,0.0,0.0,1.0,0.0,0.0,0.0,0.0,unknown,social_media,clicked_link,none,company,unknown,0.9,1.0,0.0,1.0,0.0
,,1,200.0,transaction,0.0,0.0,1.0,0.0,0.0,0.0,0.0,0.0,0.0,0.0,bank,website,sent_money,payment,unknown,USD,0.8,1.0,0.0,0.0,0.0
,,1,,social_engineering,0.0,0.0,0.0,0.0,0.0,0.0,1.0,1.0,0.0,0.0,unknown,social_media,none,none,unknown,unknown,1.0,1.0,1.0,1.0,0.0
,,1,450.0,transaction,0.0,0.0,1.0,0.0,0.0,0.0,0.0,0.0,1.0,0.0,bank,phone,sent_money,payment,company,INR,1.0,1.0,1.0,1.0,0.0
,,1,10000.0,transaction,1.0,0.0,0.0,0.0,0.0,0.0,0.0,0.0,0.0,0.0,upi,email,sent_money,payment,bank,unknown,0.9,1.0,1.0,1.0,0.0
,,0,,none,0.0,0.0,0.0,0.0,0.0,0.0,0.0,0.0,0.0,0.0,upi,unknown,none,none,none,unknown,0.0,0.0,0.0,0.0,0.0
,,1,,transaction,0.0,0.0,0.0,0.0,0.0,0.0,0.0,1.0,0.0,0.0,unknown,social_media,installed_app,commerce,none,unknown,0.8,1.0,0.0,0.0,0.0
,,1,,meta,0.0,0.0,0.0,0.0,0.0,0.0,0.0,0.0,0.0,0.0,unknown,none,none,none,none,unknown,0.0,0.0,1.0,0.0,0.0
,,1,300.0,transaction,0.0,0.0,1.0,0.0,0.0,0.0,0.0,0.0,1.0,0.0,bank,unknown,sent_money,payment,none,USD,1.0,1.0,1.0,0.0,0.0
,,1,,social_engineering,0.0,0.0,0.0,0.0,0.0,0.0,0.0,1.0,0.0,0.0,unknown,sms,none,none,individual,unknown,1.0,1.0,0.0,0.0,0.0
,,1,,transaction,0.0,0.0,1.0,0.0,0.0,0.0,0.0,0.0,1.0,0.0,bank,website,sent_money,payment,company,unknown,0.9,1.0,0.0,1.0,0.0
,,1,,social_engineering,0.0,0.0,0.0,0.0,0.0,1.0,0.0,0.0,0.0,0.0,unknown,website,installed_app,none,unknown,unknown,0.8,1.0,1.0,0.0,0.0
,,1,,social_engineering,0.0,0.0,0.0,0.0,0.0,0.0,1.0,1.0,0.0,0.0,unknown,social_media,none,none,individual,unknown,1.0,1.0,0.0,1.0,0.0
,,1,,social_engineering,0.0,0.0,0.0,0.0,0.0,0.0,1.0,1.0,0.0,0.0,unknown,email,none,none,microsoft,unknown,1.0,1.0,1.0,1.0,0.0
,,1,,social_engineering,0.0,0.0,0.0,0.0,0.0,1.0,0.0,0.0,0.0,0.0,unknown,sms,none,credential,apple,unknown,0.5,1.0,1.0,1.0,0.0
,,1,,transaction,0.0,1.0,0.0,0.0,0.0,0.0,0.0,0.0,0.0,0.0,card,email,sent_money,payment,company,unknown,0.8,1.0,0.0,1.0,0.0
,,1,,social_engineering,0.0,0.0,0.0,0.0,0.0,1.0,0.0,0.0,0.0,0.0,unknown,email,shared_credentials,credential,company,unknown,0.8,1.0,1.0,1.0,0.0
,,1,15000.0,commerce,0.0,0.0,1.0,0.0,0.0,0.0,0.0,0.0,1.0,0.0,bank,phone,sent_money,payment,company,INR,0.8,1.0,1.0,1.0,0.0
,,1,,transaction,0.0,1.0,0.0,0.0,0.0,0.0,0.0,0.0,0.0,0.0,card,phone,sent_money,payment,company,unknown,0.0,1.0,1.0,1.0,0.0
,,1,3000.0,transaction,0.0,0.0,1.0,0.0,0.0,0.0,0.0,0.0,0.0,0.0,bank,website,sent_money,payment,company,unknown,0.8,1.0,1.0,1.0,0.0
,,1,,transaction,0.0,0.0,1.0,0.0,0.0,0.0,0.0,0.0,1.0,0.0,bank,email,sent_money,payment,unknown,unknown,0.9,1.0,1.0,0.0,0.0
,,1,655.0,transaction,0.0,0.0,1.0,0.0,0.0,0.0,0.0,0.0,0.0,0.0,bank,telegram,sent_money,recovery,individual,USD,0.9,1.0,1.0,0.0,0.0
,,1,,transaction,0.0,0.0,0.0,0.0,0.0,0.0,0.0,0.0,0.0,0.0,unknown,social_media,clicked_link,none,company,unknown,0.9,1.0,0.0,1.0,0.0
,,1,,transaction,0.0,0.0,1.0,0.0,0.0,0.0,0.0,0.0,0.0,0.0,bank,website,clicked_link,transaction,bank,unknown,0.8,1.0,1.0,1.0,0.0
,,1,30.0,transaction,0.0,0.0,1.0,0.0,0.0,0.0,0.0,0.0,0.0,0.0,bank,social_media,sent_money,payment,individual,USD,0.5,1.0,0.0,0.0,0.0
,,1,,transaction,1.0,0.0,0.0,0.0,0.0,0.0,0.0,0.0,0.0,0.0,upi,sms,sent_money,payment,bank,unknown,0.8,1.0,0.0,1.0,0.0
,,1,150.0,transaction,0.0,0.0,1.0,0.0,0.0,0.0,0.0,0.0,0.0,0.0,bank,telegram,none,payment,unknown,INR,0.8,1.0,0.0,0.0,0.0
,,1,700000.0,transaction,0.0,0.0,1.0,0.0,0.0,0.0,0.0,0.0,0.0,0.0,bank,email,none,transfer,bank,unknown,1.0,1.0,0.0,1.0,0.0
,,1,,transaction,0.0,0.0,0.0,0.0,0.0,0.0,0.0,0.0,0.0,0.0,card,email,received,unknown,bank,unknown,0.0,0.0,0.0,1.0,0.0
,,1,,transaction,0.0,0.0,1.0,0.0,0.0,0.0,0.0,0.0,1.0,0.0,bank,website,shared_credentials,verification,bank,unknown,0.9,1.0,1.0,1.0,0.0
,,1,19.0,transaction,0.0,0.0,1.0,0.0,0.0,0.0,0.0,0.0,0.0,0.0,bank,website,sent_money,transfer,exchange,USD,0.8,1.0,1.0,1.0,0.0
,,1,1000.0,transaction,0.0,0.0,1.0,0.0,0.0,0.0,0.0,0.0,0.0,0.0,bank,sms,sent_money,payment,company,INR,0.5,1.0,0.0,1.0,0.0
,,1,,social_engineering,0.0,0.0,0.0,0.0,0.0,0.0,1.0,1.0,0.0,0.0,unknown,sms,none,none,unknown,unknown,0.8,1.0,1.0,1.0,0.0
,,1,,social_engineering,0.0,0.0,0.0,0.0,0.0,0.0,0.0,1.0,0.0,0.0,unknown,sms,none,none,individual,unknown,1.0,1.0,1.0,0.0,0.0
,,1,3000.0,transaction,0.0,1.0,0.0,0.0,0.0,0.0,0.0,0.0,0.0,0.0,bank,email,sent_money,payment,unknown,USD,1.0,1.0,1.0,0.0,0.0
,,1,11000.0,transaction,0.0,0.0,1.0,0.0,0.0,0.0,0.0,0.0,0.0,0.0,bank,phone,sent_money,payment,none,unknown,0.8,1.0,0.0,0.0,0.0
,,1,,transaction,0.0,1.0,0.0,0.0,0.0,0.0,0.0,0.0,0.0,0.0,card,sms | email | phone | social_media | website | app | unknown | none,sent_money,payment,bank,unknown,0.8,1.0,1.0,0.0,0.0
,,1,26.9,commerce,0.0,1.0,0.0,0.0,0.0,0.0,0.0,0.0,0.0,0.0,card,website,sent_money,payment,company,GBP,0.8,1.0,1.0,1.0,0.0
,,1,,transaction,0.0,1.0,0.0,0.0,0.0,0.0,0.0,0.0,0.0,0.0,card,website,shared_credentials,transaction,company,unknown,0.0,0.0,1.0,0.0,0.0
,,1,,transaction,0.0,1.0,0.0,0.0,0.0,0.0,0.0,0.0,0.0,0.0,card,phone,sent_money,payment,crypto.com,unknown,0.8,1.0,1.0,1.0,0.0
,,1,,transaction,0.0,0.0,0.0,0.0,0.0,0.0,0.0,0.0,0.0,0.0,crypto,website,installed_app,none,company,unknown,0.8,1.0,1.0,0.0,0.0
,,1,,transaction,0.0,1.0,0.0,0.0,0.0,0.0,0.0,0.0,0.0,0.0,card,local,none,payment,unknown,unknown,0.5,1.0,1.0,0.0,0.0
,,1,,transaction,0.0,0.0,1.0,0.0,0.0,0.0,0.0,0.0,1.0,0.0,bank,sms,sent_money,payment,company,unknown,0.9,1.0,1.0,1.0,0.0
,,1,,social_engineering,0.0,0.0,0.0,0.0,0.0,0.0,1.0,1.0,0.0,0.0,crypto,phone,sent_money,payment,police,unknown,1.0,1.0,1.0,1.0,0.0
,,1,150000.0,commerce,0.0,0.0,1.0,0.0,0.0,0.0,0.0,0.0,1.0,0.0,bank,website,sent_money,payment,company,INR,0.8,1.0,0.0,1.0,0.0
,,1,100.0,transaction,0.0,1.0,0.0,0.0,0.0,0.0,0.0,0.0,0.0,0.0,card,website,sent_money,payment,unknown,USD,0.0,0.0,0.0,0.0,0.0
,,1,,commerce,0.0,0.0,0.0,1.0,0.0,0.0,0.0,0.0,0.0,0.0,upi,website,sent_money,payment,company,unknown,0.8,1.0,1.0,0.0,0.0
,,1,,social_engineering,0.0,0.0,0.0,0.0,0.0,0.0,1.0,1.0,0.0,0.0,unknown,social_media,none,none,individual,unknown,0.8,1.0,1.0,1.0,0.0
,,1,160000.0,transaction,1.0,0.0,1.0,0.0,0.0,0.0,0.0,0.0,0.0,0.0,upi,sms,sent_money,payment,bank,INR,0.9,1.0,0.0,1.0,0.0
,,1,,transaction,0.0,0.0,1.0,0.0,0.0,0.0,0.0,0.0,1.0,0.0,bank,sms,sent_money,payment,individual,unknown,0.95,1.0,1.0,0.0,0.0
,,1,80000.0,transaction,0.0,0.0,1.0,0.0,0.0,0.0,0.0,0.0,1.0,1.0,bank,website,deposited_money,payment,online_casino,unknown,1.0,1.0,1.0,0.0,0.0
,,1,,transaction,0.0,0.0,0.0,0.0,0.0,0.0,0.0,0.0,0.0,0.0,card,social_media,sent_money,payment,none,unknown,0.9,1.0,0.0,0.0,0.0
,,1,3540.0,transaction,0.0,0.0,0.0,0.0,0.0,0.0,0.0,0.0,0.0,0.0,bank,email,paid,payment,company,INR,1.0,1.0,1.0,1.0,0.0
,,1,150000.0,social_engineering,0.0,0.0,1.0,0.0,0.0,0.0,0.0,1.0,1.0,0.0,bank,sms,sent_money,payment,individual,USD,1.0,1.0,1.0,0.0,0.0
,,0,,none,0.0,0.0,0.0,0.0,0.0,0.0,0.0,0.0,0.0,0.0,unknown,sms,abuse,none,unknown,unknown,0.0,1.0,0.0,0.0,0.0
,,1,,transaction,0.0,0.0,0.0,0.0,0.0,0.0,0.0,0.0,0.0,0.0,upi,email,sent_money,payment,bank,unknown,0.9,1.0,0.0,1.0,0.0
,,1,,commerce,0.0,0.0,1.0,1.0,0.0,0.0,0.0,0.0,0.0,0.0,bank,website,sent_money,payment,company,unknown,0.5,1.0,0.0,0.0,0.0
,,1,50000.0,transaction,0.0,0.0,0.0,0.0,0.0,0.0,0.0,0.0,0.0,0.0,bank,none,sent_money,payment,company,USD,1.0,1.0,1.0,1.0,0.0
,,1,,transaction,0.0,1.0,0.0,0.0,0.0,0.0,0.0,0.0,0.0,0.0,unknown,sms,clicked_link,payment,e_zpass,unknown,0.9,1.0,1.0,1.0,0.0
,,1,150.0,transaction,1.0,0.0,0.0,0.0,0.0,0.0,0.0,0.0,0.0,0.0,upi,unknown,sent_money,payment,none,INR,0.8,1.0,0.0,0.0,0.0
,,1,900.0,transaction,0.0,1.0,0.0,0.0,0.0,0.0,0.0,0.0,0.0,0.0,gift_card,phone,sent_money,payment,electric_company,USD,1.0,1.0,1.0,1.0,0.0
,,1,,transaction,0.0,1.0,0.0,0.0,0.0,0.0,0.0,1.0,0.0,0.0,bank,sms,sent_money,transaction,coinbase,unknown,1.0,1.0,0.0,1.0,0.0
,,1,2000.0,transaction,0.0,0.0,1.0,0.0,0.0,1.0,0.0,0.0,1.0,0.0,bank,email,clicked_link,signature,phantom_(solana_wallet),SOL,1.0,1.0,1.0,1.0,0.0
,,1,,transaction,0.0,0.0,0.0,0.0,0.0,0.0,0.0,0.0,0.0,0.0,crypto,whatsapp,sent_money,payment,unknown,unknown,0.0,1.0,1.0,0.0,0.0
,,1,33000.0,transaction,1.0,0.0,0.0,0.0,0.0,0.0,0.0,0.0,0.0,0.0,upi,sms,sent_money,payment,bank,unknown,1.0,1.0,0.0,1.0,0.0
,,1,,social_engineering,0.0,0.0,0.0,0.0,0.0,0.0,1.0,1.0,1.0,0.0,unknown,phone,none,none,ice,unknown,1.0,1.0,1.0,1.0,0.0
,,1,,transaction,1.0,0.0,0.0,0.0,0.0,0.0,0.0,0.0,1.0,0.0,upi,sms,sent_money,payment,bank,unknown,0.8,1.0,0.0,1.0,0.0
,,1,,transaction,1.0,0.0,0.0,0.0,0.0,0.0,0.0,0.0,0.0,0.0,upi,sms,sent_money,payment,bank,unknown,0.8,1.0,0.0,1.0,0.0
,,1,,social_engineering,0.0,0.0,0.0,0.0,0.0,0.0,1.0,1.0,0.0,0.0,unknown,social_media,none,none,individual,unknown,1.0,1.0,1.0,1.0,0.0
,,1,4500.0,transaction,0.0,0.0,0.0,0.0,0.0,0.0,0.0,0.0,0.0,0.0,upi,email,sent_money,payment,company,INR,0.0,1.0,1.0,1.0,0.0
,,1,,transaction,0.0,0.0,0.0,0.0,0.0,0.0,0.0,0.0,0.0,0.0,unknown,website,clicked_link,payment,none,unknown,0.8,1.0,0.0,0.0,0.0
,,1,,transaction,0.0,0.0,0.0,0.0,0.0,0.0,0.0,0.0,0.0,0.0,card,social_media,sent_money,payment,unknown,unknown,0.0,1.0,1.0,0.0,0.0
,,1,500.0,transaction,0.0,1.0,0.0,0.0,0.0,0.0,0.0,0.0,0.0,0.0,card,website,clicked_link,transaction,bank,USD,1.0,1.0,1.0,1.0,0.0
,,1,1000.0,transaction,0.0,0.0,1.0,0.0,0.0,0.0,1.0,1.0,0.0,0.0,bank,sms,sent_money,payment,company,INR,1.0,1.0,1.0,1.0,0.0
,,1,10000.0,commerce,0.0,0.0,1.0,1.0,0.0,0.0,0.0,0.0,0.0,0.0,bank,app,installed_app,commerce,porter_service,INR,0.8,1.0,0.0,0.0,0.0
,,1,6.0,transaction,0.0,1.0,0.0,0.0,0.0,0.0,0.0,0.0,0.0,0.0,crypto,website,sent_money,payment,unknown,USD,0.9,1.0,1.0,0.0,0.0
,,1,8000.0,transaction,0.0,1.0,0.0,0.0,0.0,0.0,0.0,0.0,0.0,0.0,card,email,shared_credentials,transaction,company,unknown,0.0,1.0,1.0,0.0,0.0
,,1,200.0,transaction,0.0,0.0,1.0,0.0,0.0,0.0,0.0,0.0,1.0,0.0,bank,sms,sent_money,transaction,unknown,USD,1.0,1.0,0.0,0.0,0.0
,,1,300.0,commerce,0.0,0.0,0.0,1.0,0.0,0.0,0.0,0.0,0.0,0.0,upi,phone,installed_app,payment,none,unknown,0.8,1.0,0.0,0.0,0.0
,,1,,transaction,0.0,1.0,0.0,0.0,0.0,0.0,0.0,0.0,0.0,0.0,card,website,installed_app,none,unknown,unknown,0.5,1.0,1.0,0.0,0.0
,,1,25000.0,transaction,0.0,0.0,1.0,0.0,0.0,0.0,0.0,0.0,1.0,0.0,bank,website,sent_money,payment,company,unknown,1.0,1.0,1.0,1.0,0.0
,,1,200.0,transaction,0.0,0.0,0.0,0.0,0.0,0.0,0.0,1.0,0.0,0.0,unknown,sms,sent_money,payment,none,unknown,1.0,1.0,0.0,0.0,0.0
,,1,,social_engineering,0.0,0.0,0.0,0.0,0.0,0.0,1.0,1.0,0.0,0.0,unknown,email,clicked_link,none,devswarm,unknown,1.0,1.0,1.0,1.0,0.0
,,1,,transaction,0.0,0.0,1.0,0.0,0.0,0.0,0.0,0.0,1.0,0.0,bank,email,sent_money,payment,none,unknown,0.9,1.0,1.0,0.0,0.0
,,1,1500.0,commerce,0.0,1.0,0.0,0.0,0.0,0.0,0.0,0.0,0.0,0.0,card,email,sent_money,payment,individual,USD,0.9,1.0,1.0,0.0,0.0
,,1,50500.0,transaction,0.0,1.0,0.0,0.0,0.0,0.0,0.0,0.0,1.0,0.0,bank,website,sent_money,payment,company,USD,1.0,1.0,1.0,1.0,0.0
,,1,,transaction,0.0,0.0,0.0,0.0,0.0,0.0,0.0,0.0,1.0,0.0,unknown,website,invested_money,investment,none,unknown,0.8,1.0,1.0,0.0,0.0
,,1,1000.0,transaction,1.0,0.0,0.0,0.0,0.0,0.0,0.0,0.0,0.0,0.0,upi,email,sent_money,payment,bank,unknown,0.5,1.0,0.0,1.0,0.0
,,1,,transaction,0.0,0.0,1.0,0.0,0.0,0.0,0.0,1.0,0.0,0.0,bank,phone,sent_money,payment,individual,unknown,1.0,1.0,1.0,0.0,0.0
,,1,,transaction,0.0,0.0,0.0,0.0,0.0,1.0,0.0,0.0,0.0,0.0,unknown,website,installed_app,download,none,unknown,0.8,1.0,0.0,0.0,0.0
,,1,,commerce,0.0,1.0,0.0,0.0,0.0,0.0,0.0,0.0,1.0,0.0,card,website,clicked_link,payment,company,unknown,0.8,1.0,0.0,1.0,0.0
,,1,,transaction,0.0,0.0,0.0,0.0,0.0,1.0,0.0,0.0,0.0,0.0,upi,sms,shared_credentials,verification,none,unknown,0.8,1.0,0.0,0.0,0.0
,,1,500.0,transaction,1.0,0.0,1.0,0.0,0.0,0.0,0.0,0.0,0.0,0.0,upi,phone,sent_money,payment,zelle,USD,1.0,1.0,0.0,1.0,0.0
,,1,,transaction,1.0,0.0,0.0,0.0,0.0,0.0,0.0,0.0,0.0,0.0,upi,email,sent_money,payment,unknown,unknown,0.8,1.0,0.0,0.0,0.0
,,1,,transaction,1.0,0.0,0.0,0.0,0.0,0.0,0.0,0.0,0.0,0.0,upi,sms,sent_money,payment,bank,unknown,0.8,1.0,0.0,1.0,0.0
,,1,,transaction,0.0,0.0,1.0,0.0,0.0,0.0,0.0,1.0,0.0,0.0,bank,email,clicked_link,transaction,company,unknown,1.0,1.0,0.0,1.0,0.0
,,1,,transaction,0.0,0.0,0.0,0.0,0.0,0.0,0.0,0.0,1.0,0.0,unknown,website,clicked_link,none,unknown,unknown,0.9,1.0,0.0,0.0,0.0
,,1,,transaction,1.0,0.0,0.0,0.0,0.0,0.0,0.0,0.0,1.0,0.0,upi,sms,sent_money,payment,bank,INR,0.6,1.0,1.0,1.0,0.0
,,1,49200.0,commerce,0.0,0.0,1.0,0.0,0.0,0.0,0.0,0.0,0.0,0.0,bank,email,sent_money,payment,company,USD,1.0,1.0,0.0,0.0,0.0
,,1,,transaction,0.0,1.0,0.0,0.0,0.0,0.0,0.0,0.0,0.0,0.0,card,phone,shared_credentials,none,front_desk,unknown,0.9,1.0,1.0,1.0,0.0
,,1,,transaction,1.0,0.0,0.0,0.0,0.0,0.0,0.0,0.0,0.0,0.0,upi,sms,none,transaction,bank,unknown,0.8,1.0,1.0,1.0,0.0
,,1,,social_engineering,0.0,0.0,0.0,0.0,0.0,1.0,0.0,0.0,0.0,0.0,unknown,email,clicked_link,credential,none,unknown,0.8,1.0,1.0,0.0,0.0
,,1,,transaction,0.0,0.0,1.0,0.0,0.0,0.0,0.0,0.0,1.0,0.0,bank,unknown,sent_money,transaction,none,unknown,0.8,1.0,1.0,0.0,0.0
,,1,75.0,commerce,0.0,1.0,0.0,0.0,0.0,0.0,0.0,0.0,0.0,0.0,gift_card,in_person,loaded_money_on_gift_card,transaction,nordstrom_cashier,USD,0.8,1.0,0.0,1.0,0.0
,,1,20.0,commerce,0.0,1.0,0.0,0.0,0.0,0.0,0.0,0.0,0.0,0.0,card,email,clicked_link,commerce,company,USD,0.5,1.0,0.0,0.0,0.0
,,0,,none,0.0,0.0,0.0,0.0,0.0,0.0,0.0,0.0,0.0,0.0,unknown,email,none,debt_collection,company,unknown,0.0,1.0,1.0,1.0,0.0
,,1,500.0,commerce,0.0,0.0,1.0,1.0,1.0,0.0,0.0,0.0,0.0,0.0,bank,website,sent_money,payment,seller,INR,0.8,1.0,1.0,0.0,0.0
,,1,847732.0,social_engineering,0.0,0.0,0.0,0.0,0.0,1.0,0.0,0.0,0.0,0.0,unknown,phone,none,verification,yahoo,unknown,0.9,1.0,1.0,1.0,0.0
,,1,0.5,transaction,0.0,0.0,1.0,0.0,0.0,0.0,0.0,0.0,1.0,0.0,bank,website,sent_money,transaction,company,BTC,1.0,1.0,1.0,1.0,0.0
,,1,40000.0,transaction,0.0,0.0,0.0,0.0,0.0,0.0,0.0,0.0,0.0,0.0,crypto,twitter,shared_credentials,payment,unknown,USD,1.0,1.0,0.0,0.0,0.0
,,1,,transaction,0.0,0.0,1.0,0.0,0.0,0.0,0.0,0.0,1.0,0.0,bank,sms,sent_money,payment,company,unknown,1.0,1.0,1.0,0.0,0.0
,,1,,commerce,0.0,0.0,0.0,1.0,0.0,0.0,0.0,0.0,0.0,0.0,upi,website,clicked_link,commerce,company,unknown,0.5,1.0,0.0,0.0,0.0
,,1,,transaction,0.0,0.0,1.0,0.0,0.0,0.0,0.0,0.0,1.0,0.0,bank,unknown,sent_money,transaction,none,unknown,0.9,1.0,0.0,0.0,0.0
,,1,6000.0,social_engineering,0.0,0.0,0.0,0.0,0.0,0.0,1.0,1.0,0.0,0.0,unknown,phone,none,none,police,INR,1.0,1.0,1.0,1.0,0.0
,,1,,transaction,0.0,0.0,1.0,0.0,0.0,0.0,0.0,0.0,1.0,0.0,bank,website,installed_app,payment,none,unknown,0.9,1.0,1.0,0.0,0.0
,,1,,commerce,1.0,0.0,0.0,0.0,1.0,0.0,0.0,0.0,0.0,0.0,upi,website,sent_money,commerce,company,unknown,0.0,0.0,1.0,0.0,0.0
,,1,,social_engineering,0.0,0.0,0.0,0.0,0.0,0.0,1.0,1.0,0.0,0.0,unknown,phone,none,none,none,unknown,1.0,1.0,1.0,1.0,0.0
,,1,14000.0,transaction,0.0,1.0,1.0,0.0,0.0,0.0,0.0,0.0,0.0,0.0,card,phone,sent_money,payment,company,INR,0.8,1.0,1.0,1.0,0.0
,,1,,social_engineering,0.0,0.0,0.0,0.0,0.0,0.0,1.0,1.0,0.0,0.0,unknown,sms,none,none,individual,unknown,1.0,1.0,1.0,1.0,0.0
,,1,,transaction,0.0,0.0,0.0,0.0,0.0,1.0,0.0,0.0,0.0,0.0,unknown,sms,clicked_link,verification,google,unknown,0.8,1.0,0.0,1.0,0.0
,,1,,commerce,0.0,0.0,1.0,1.0,0.0,0.0,0.0,0.0,0.0,0.0,bank,email,sent_money,payment,company,unknown,0.7,1.0,0.0,1.0,0.0
,,1,,commerce,0.0,0.0,0.0,1.0,0.0,0.0,0.0,0.0,1.0,0.0,upi,email,sent_money,payment,company,unknown,0.5,1.0,0.0,0.0,0.0
,,1,3000.0,transaction,1.0,1.0,1.0,0.0,0.0,0.0,0.0,0.0,1.0,0.0,upi,website,clicked_link,transaction,phone_service_company,EUR,1.0,1.0,1.0,0.0,0.0
,,1,,commerce,0.0,0.0,0.0,0.0,0.0,0.0,0.0,0.0,0.0,0.0,upi | card | bank | crypto | gift_card | unknown | none,phone,sent_money,transaction,company,unknown,0.5,1.0,1.0,1.0,0.0
,,1,1000.0,transaction,0.0,0.0,1.0,0.0,0.0,0.0,0.0,1.0,0.0,0.0,bank,phone,sent_money,payment,company,INR,0.9,1.0,0.0,1.0,0.0
,,1,,transaction,0.0,0.0,1.0,0.0,0.0,0.0,0.0,0.0,1.0,0.0,bank,telegram,sent_money,payment,unknown,unknown,0.9,1.0,0.0,0.0,0.0
,,1,,transaction,0.0,0.0,1.0,0.0,0.0,0.0,0.0,0.0,0.0,0.0,bank,phone,answered_call,payment,unknown,unknown,0.9,1.0,0.0,0.0,0.0
,,1,535.0,transaction,0.0,0.0,1.0,0.0,0.0,0.0,0.0,0.0,0.0,0.0,bank,website,deposited_money,payment,none,unknown,0.8,1.0,1.0,0.0,0.0
,,1,,transaction,0.0,0.0,0.0,0.0,0.0,0.0,0.0,0.0,1.0,0.0,crypto,unknown,none,unknown,unknown,unknown,0.5,1.0,1.0,0.0,0.0
,,0,1.0,none,0.0,0.0,0.0,0.0,0.0,0.0,0.0,0.0,0.0,0.0,upi,sms,sent_money,payment,unknown,unknown,0.0,0.0,0.0,0.0,0.0
,,1,,transaction,0.0,1.0,0.0,0.0,0.0,0.0,0.0,0.0,0.0,0.0,card,website,sent_money,payment,none,unknown,0.0,1.0,0.0,0.0,0.0
,,1,,social_engineering,0.0,0.0,0.0,0.0,0.0,0.0,1.0,1.0,0.0,0.0,unknown,phone,none,none,company,unknown,0.8,1.0,0.0,1.0,0.0
,,1,,transaction,1.0,0.0,0.0,0.0,0.0,0.0,1.0,1.0,0.0,0.0,upi,email,sent_money,payment,bank,unknown,1.0,1.0,1.0,1.0,0.0
,,0,200.0,none,0.0,0.0,0.0,0.0,0.0,0.0,0.0,0.0,0.0,0.0,upi,sms,sent_money,payment,none,unknown,0.0,1.0,0.0,0.0,0.0
,,1,85000.0,transaction,0.0,1.0,0.0,0.0,0.0,0.0,0.0,0.0,0.0,0.0,bank,phone,sent_money,payment,scammer,unknown,1.0,1.0,1.0,1.0,0.0
,,1,,commerce,0.0,0.0,0.0,0.0,0.0,0.0,0.0,0.0,0.0,0.0,crypto,website,sent_money,payment,company,unknown,0.9,1.0,1.0,0.0,0.0
,,1,,social_engineering,0.0,0.0,0.0,0.0,0.0,1.0,0.0,0.0,1.0,0.0,unknown,phone,shared_credentials,none,individual,unknown,0.8,1.0,1.0,1.0,0.0
,,1,500000.0,transaction,0.0,0.0,1.0,0.0,0.0,0.0,0.0,0.0,0.0,0.0,bank,website,sent_money,transaction,company,USD,1.0,1.0,0.0,1.0,0.0
,,1,,transaction,0.0,0.0,1.0,0.0,0.0,0.0,0.0,0.0,0.0,0.0,bank,website,uploaded_pic,payment,company,unknown,0.0,1.0,1.0,1.0,0.0
,,0,32.0,none,0.0,0.0,0.0,0.0,0.0,0.0,0.0,0.0,0.0,0.0,upi,unknown,sent_money,payment,none,unknown,0.0,0.0,0.0,0.0,0.0
,,1,,transaction,0.0,0.0,1.0,0.0,0.0,0.0,0.0,0.0,0.0,0.0,bank,email,sent_money,payment,company,unknown,0.9,1.0,0.0,1.0,0.0
,,1,1700.0,commerce,0.0,0.0,1.0,1.0,1.0,0.0,0.0,0.0,0.0,0.0,bank,website,sent_money,payment,individual,USD,0.5,1.0,0.0,0.0,0.0
,,1,,commerce,0.0,0.0,0.0,1.0,1.0,0.0,0.0,0.0,0.0,0.0,bank,social_media,sent_money,commerce,company,unknown,0.8,1.0,1.0,0.0,0.0
,,1,,transaction,0.0,0.0,0.0,0.0,0.0,0.0,0.0,0.0,0.0,0.0,crypto,sms,sent_money,investment,individual,unknown,0.9,1.0,1.0,0.0,0.0
,,1,,social_engineering,0.0,0.0,0.0,0.0,0.0,1.0,0.0,0.0,0.0,0.0,unknown,website,clicked_link,none,facebook,unknown,0.8,1.0,1.0,1.0,0.0
,,1,600.0,transaction,0.0,1.0,1.0,0.0,0.0,0.0,0.0,1.0,1.0,0.0,bank,phone,sent_money,payment,individual,unknown,1.0,1.0,1.0,0.0,0.0
,,1,,transaction,0.0,0.0,0.0,0.0,0.0,0.0,0.0,0.0,0.0,0.0,unknown,website,installed_app,download,none,unknown,0.8,1.0,0.0,0.0,0.0
,,1,,transaction,0.0,0.0,1.0,0.0,0.0,0.0,0.0,0.0,0.0,0.0,bank,email,sent_money,payment,company,unknown,0.8,1.0,0.0,1.0,0.0
,,1,,social_engineering,0.0,0.0,0.0,0.0,0.0,0.0,0.0,1.0,0.0,0.0,unknown,telegram,sent_money,extortion,none,unknown,1.0,1.0,1.0,0.0,0.0
,,1,,transaction,0.0,1.0,0.0,0.0,0.0,0.0,0.0,0.0,0.0,0.0,card,unknown,none,payment,company,unknown,0.5,1.0,0.0,1.0,0.0
,,1,,social_engineering,0.0,0.0,0.0,0.0,0.0,1.0,0.0,0.0,0.0,0.0,upi,email,checked_link,none,paypal,unknown,0.8,1.0,1.0,1.0,0.0
,,1,1000.0,transaction,0.0,1.0,0.0,0.0,0.0,0.0,0.0,0.0,0.0,0.0,card,phone,shared_credentials,verification,bank,USD,0.9,1.0,1.0,1.0,0.0
,,1,,commerce,0.0,0.0,0.0,1.0,0.0,0.0,0.0,0.0,0.0,0.0,upi,sms,sent_money,payment,company,unknown,0.8,1.0,1.0,1.0,0.0
,,1,,transaction,1.0,0.0,0.0,0.0,0.0,0.0,0.0,1.0,0.0,0.0,upi,phone,sent_money,payment,bank,unknown,1.0,1.0,0.0,1.0,0.0
,,1,,social_engineering,0.0,0.0,0.0,0.0,0.0,0.0,0.0,1.0,1.0,0.0,unknown,sms,sent_money,none,individual,unknown,1.0,1.0,0.0,0.0,0.0
,,1,,commerce,0.0,0.0,0.0,0.0,0.0,0.0,0.0,0.0,0.0,0.0,unknown,website,installed_app,commerce,company,unknown,0.5,1.0,0.0,1.0,0.0
,,1,,commerce,0.0,1.0,0.0,0.0,0.0,0.0,0.0,0.0,0.0,0.0,crypto,website,clicked_link,commerce,company,unknown,0.0,0.0,1.0,0.0,0.0
,,1,,social_engineering,0.0,0.0,0.0,0.0,0.0,0.0,1.0,1.0,0.0,0.0,crypto,website,clicked_link,none,individual,unknown,1.0,1.0,1.0,1.0,0.0
,,1,,transaction,0.0,0.0,1.0,0.0,0.0,0.0,0.0,0.0,0.0,0.0,bank,phone,sent_money,payment,company,unknown,0.8,1.0,0.0,1.0,0.0
,,1,,transaction,0.0,0.0,1.0,0.0,0.0,0.0,0.0,0.0,1.0,0.0,bank,none,unknown,unknown,company,unknown,0.8,1.0,0.0,0.0,0.0
,,1,,transaction,0.0,1.0,0.0,0.0,0.0,0.0,0.0,1.0,0.0,0.0,card,phone,sent_money,payment,none,unknown,0.8,1.0,1.0,0.0,0.0
,,1,0.01,transaction,1.0,0.0,0.0,0.0,0.0,0.0,0.0,0.0,0.0,0.0,upi,sms,sent_money,payment,unknown,INR,0.8,1.0,1.0,0.0,0.0
,,1,,commerce,0.0,0.0,0.0,1.0,1.0,0.0,0.0,0.0,0.0,0.0,unknown,website,installed_app,commerce,none,unknown,0.0,1.0,1.0,0.0,0.0
,,1,,transaction,0.0,0.0,1.0,0.0,0.0,0.0,0.0,0.0,1.0,0.0,bank,website,sent_money,transaction,company,unknown,0.8,1.0,0.0,1.0,0.0
,,1,25.47,transaction,0.0,1.0,0.0,0.0,0.0,0.0,0.0,0.0,0.0,0.0,card,email,clicked_link,payment,company,USD,0.8,1.0,0.0,1.0,0.0
,,1,1200.0,transaction,0.0,0.0,1.0,0.0,0.0,0.0,0.0,0.0,0.0,0.0,bank,website,clicked_link,transaction,company,INR,0.5,1.0,0.0,1.0,0.0
,,1,600.0,transaction,0.0,1.0,0.0,0.0,0.0,0.0,0.0,0.0,0.0,0.0,card,phone,shared_credentials,verification,bank,USD,1.0,1.0,1.0,1.0,0.0
,,1,5000.0,commerce,0.0,0.0,0.0,1.0,1.0,0.0,0.0,0.0,0.0,0.0,upi,website,sent_money,commerce,company,INR,1.0,1.0,0.0,1.0,0.0
,,1,,transaction,0.0,0.0,0.0,0.0,0.0,0.0,0.0,0.0,0.0,0.0,unknown,social_media,installed_app,download,none,unknown,0.5,1.0,0.0,0.0,0.0
,,1,,transaction,0.0,0.0,0.0,0.0,0.0,0.0,0.0,0.0,0.0,0.0,unknown,social_media,clicked_link,none,unknown,unknown,0.0,1.0,1.0,0.0,0.0
,,1,100.0,transaction,0.0,0.0,0.0,0.0,0.0,0.0,0.0,0.0,0.0,0.0,crypto,website,withdrawal,verification,exchange,USD,0.8,1.0,0.0,0.0,0.0
,,1,,transaction,0.0,1.0,0.0,0.0,0.0,0.0,0.0,1.0,0.0,0.0,card,sms,sent_money,payment,unknown,unknown,1.0,1.0,0.0,0.0,0.0
,,1,1600.0,commerce,0.0,0.0,0.0,1.0,0.0,0.0,0.0,0.0,0.0,0.0,upi,website,sent_money,payment,company,INR,0.8,1.0,1.0,1.0,0.0
,,0,,none,0.0,0.0,1.0,0.0,0.0,0.0,0.0,0.0,0.0,0.0,bank,email,none,payment,company,unknown,0.0,1.0,0.0,1.0,0.0
,,1,,transaction,0.0,1.0,0.0,0.0,0.0,0.0,0.0,0.0,0.0,0.0,card,sms,sent_money,payment,company,unknown,0.999,1.0,1.0,1.0,0.0
,,1,,commerce,0.0,0.0,0.0,0.0,0.0,0.0,0.0,0.0,0.0,0.0,unknown,website,sent_money,payment,none,unknown,0.9,1.0,0.0,0.0,0.0
,,1,11000.0,transaction,1.0,0.0,0.0,0.0,0.0,0.0,0.0,0.0,0.0,0.0,upi,phone,sent_money,payment,unknown,INR,1.0,1.0,1.0,0.0,0.0
,,0,,none,0.0,0.0,0.0,0.0,0.0,0.0,0.0,0.0,0.0,0.0,unknown,youtube,reported,none,unknown,unknown,0.0,0.0,0.0,0.0,0.0
,,1,29.99,transaction,0.0,1.0,0.0,0.0,0.0,0.0,0.0,0.0,0.0,0.0,card,website,sent_money,payment,company,USD,0.8,1.0,0.0,0.0,0.0
,,1,3000.0,transaction,0.0,0.0,1.0,0.0,0.0,0.0,0.0,0.0,0.0,0.0,bank,website,sent_money,payment,none,unknown,1.0,1.0,1.0,0.0,0.0
,,1,15000.0,transaction,0.0,0.0,1.0,0.0,0.0,0.0,0.0,0.0,0.0,0.0,bank,sms,sent_money,payment,company,USD,0.9,1.0,1.0,0.0,0.0
,,1,0.01,transaction,0.0,0.0,1.0,0.0,0.0,0.0,0.0,0.0,0.0,0.0,bank,email,none,transaction,paypal,USD,0.8,0.0,0.0,0.0,0.0
,,1,,transaction,1.0,0.0,0.0,0.0,0.0,0.0,0.0,0.0,0.0,0.0,upi,sms,sent_money,payment,bank,unknown,0.8,1.0,0.0,1.0,0.0
,,1,,transaction,0.0,1.0,0.0,0.0,0.0,0.0,0.0,0.0,0.0,0.0,card,email,disputed,payment,unknown,unknown,0.8,1.0,1.0,0.0,0.0
,,1,,transaction,0.0,1.0,0.0,0.0,0.0,0.0,0.0,0.0,0.0,0.0,card,sms,sent_money,payment,boss,unknown,0.9,1.0,0.0,1.0,0.0
,,1,,transaction,0.0,0.0,1.0,0.0,0.0,0.0,0.0,0.0,0.0,0.0,bank,email,sent_money,payment,company,unknown,0.8,1.0,0.0,1.0,0.0
,,1,,transaction,0.0,0.0,1.0,0.0,0.0,0.0,0.0,0.0,1.0,0.0,bank,phone,sent_money,payment,company,unknown,0.8,1.0,0.0,1.0,0.0
,,1,10000.0,social_engineering,0.0,0.0,1.0,0.0,0.0,0.0,0.0,0.0,1.0,0.0,bank,phone,shared_credentials,payment,none,USD,0.9,1.0,1.0,0.0,0.0
,,1,,transaction,0.0,1.0,0.0,0.0,0.0,0.0,0.0,0.0,0.0,0.0,card,unknown,none,payment,unknown,unknown,0.0,0.0,1.0,0.0,0.0
,,1,,transaction,0.0,0.0,1.0,0.0,0.0,0.0,0.0,0.0,1.0,0.0,bank,website,sent_money,withdrawal,crypto_minting_platform,unknown,0.8,1.0,1.0,0.0,0.0
,,1,200000.0,transaction,0.0,0.0,0.0,0.0,0.0,0.0,0.0,1.0,0.0,0.0,crypto,website,sent_money,withdrawal,none,unknown,1.0,1.0,0.0,0.0,0.0
,,1,,transaction,0.0,0.0,1.0,0.0,0.0,0.0,0.0,0.0,1.0,0.0,bank,sms,sent_money,payment,company,unknown,0.9,1.0,1.0,1.0,0.0
,,1,1000.0,transaction,0.0,0.0,1.0,0.0,0.0,0.0,0.0,0.0,0.0,0.0,bank,website,sent_money,payment,none,USD,0.9,1.0,1.0,0.0,0.0
,,1,,transaction,0.0,1.0,0.0,0.0,0.0,0.0,0.0,1.0,1.0,0.0,card,phone,sent_money,payment,individual,unknown,1.0,1.0,1.0,0.0,0.0
,,0,0.0,none,0.0,0.0,0.0,0.0,0.0,0.0,0.0,0.0,0.0,0.0,unknown,none,none,none,none,unknown,0.0,0.0,0.0,0.0,0.0
,,1,10000.0,transaction,0.0,0.0,1.0,0.0,0.0,0.0,0.0,0.0,0.0,0.0,bank,phone,sent_money,payment,military,USD,0.8,1.0,1.0,1.0,0.0
,,1,2000.0,transaction,1.0,0.0,1.0,0.0,0.0,0.0,0.0,0.0,1.0,0.0,upi,sms,sent_money,payment,unknown,INR,1.0,1.0,0.0,0.0,0.0
,,1,,commerce,0.0,0.0,0.0,1.0,0.0,0.0,0.0,0.0,0.0,0.0,upi,social_media,sent_money,commerce,company,unknown,0.8,1.0,0.0,0.0,0.0
,,1,,transaction,0.0,0.0,0.0,0.0,0.0,0.0,0.0,0.0,0.0,0.0,crypto,telegram,sent_money,payment,unknown,unknown,0.0,1.0,1.0,0.0,0.0
,,1,,commerce,0.0,0.0,0.0,1.0,0.0,0.0,0.0,0.0,0.0,0.0,upi,sms,sent_money,payment,company,unknown,0.8,1.0,0.0,1.0,0.0
,,1,,transaction,0.0,0.0,1.0,0.0,0.0,0.0,0.0,0.0,0.0,0.0,bank,website,clicked_link,transaction,none,unknown,0.9,1.0,0.0,0.0,0.0
,,1,1600.0,transaction,0.0,0.0,1.0,0.0,0.0,0.0,0.0,0.0,1.0,0.0,bank,website,sent_money,transaction,none,GBP,0.8,1.0,1.0,0.0,0.0
,,1,,transaction,0.0,0.0,0.0,0.0,1.0,0.0,0.0,0.0,0.0,0.0,unknown,app,installed_app,none,individual,unknown,0.8,1.0,0.0,0.0,0.0
,,1,,transaction,0.0,0.0,0.0,0.0,0.0,0.0,0.0,0.0,0.0,0.0,unknown,unknown,unknown,unknown,unknown,unknown,0.0,1.0,0.0,0.0,0.0
,,1,,transaction,0.0,1.0,0.0,0.0,0.0,0.0,0.0,0.0,0.0,0.0,card,website,sent_money,payment,company,unknown,0.0,0.0,1.0,1.0,0.0
,,1,147000.0,transaction,0.0,0.0,1.0,0.0,0.0,0.0,0.0,0.0,0.0,0.0,bank,website,clicked_link,payment,company,USD,0.5,1.0,0.0,1.0,0.0
,,1,10.0,transaction,0.0,1.0,0.0,0.0,0.0,0.0,0.0,0.0,0.0,0.0,bank,email,sent_money,payment,company,unknown,0.5,1.0,1.0,1.0,0.0
,,1,1000.0,transaction,1.0,0.0,0.0,0.0,0.0,0.0,0.0,1.0,0.0,0.0,upi,sms,sent_money,payment,unknown,INR,0.9,1.0,1.0,0.0,0.0
,,1,5000.0,transaction,0.0,0.0,1.0,0.0,0.0,0.0,0.0,0.0,0.0,0.0,bank,phone,sent_money,payment,unknown,INR,1.0,1.0,0.0,0.0,0.0
,,1,300.0,transaction,0.0,0.0,1.0,0.0,0.0,0.0,0.0,0.0,1.0,0.0,bank,none,sent_money,payment,individual,USD,0.5,1.0,1.0,0.0,0.0
,,1,12100.0,pig_butchering,0.0,0.0,0.0,0.0,0.0,0.0,0.0,0.0,1.0,0.0,crypto,website,invested,investment,none,ETH,0.9,1.0,0.0,0.0,0.0
,,0,,none,0.0,0.0,0.0,0.0,0.0,0.0,0.0,0.0,0.0,0.0,unknown,sms,none,none,none,unknown,0.0,0.0,0.0,0.0,0.0
,,1,47980.0,transaction,0.0,0.0,1.0,0.0,0.0,0.0,0.0,0.0,0.0,0.0,bank,website,withdrew_funds,verification,none,USD,1.0,1.0,1.0,0.0,0.0
,,1,1000.0,transaction,0.0,1.0,0.0,0.0,0.0,0.0,0.0,0.0,0.0,0.0,bank,email,shared_credentials,payment,company,USD,0.8,1.0,0.0,1.0,0.0
,,1,150000.0,transaction,0.0,0.0,1.0,0.0,0.0,0.0,0.0,0.0,1.0,0.0,bank,email,sent_money,payment,none,unknown,0.9,1.0,1.0,0.0,0.0
,,1,,social_engineering,0.0,0.0,0.0,0.0,0.0,0.0,0.0,1.0,0.0,0.0,unknown,social_media,clicked_link,none,unknown,unknown,1.0,1.0,0.0,0.0,0.0
,,1,14.52,transaction,0.0,0.0,1.0,0.0,0.0,0.0,0.0,0.0,0.0,0.0,crypto,website,sent_money,payment,unknown,SOL,0.8,1.0,1.0,0.0,0.0
,,1,,transaction,0.0,0.0,1.0,0.0,0.0,0.0,0.0,0.0,1.0,0.0,bank,social_media,sent_money,payment,none,unknown,0.8,1.0,0.0,0.0,0.0
,,1,,social_engineering,0.0,0.0,0.0,0.0,0.0,0.0,1.0,1.0,0.0,0.0,unknown,phone,none,none,government,unknown,1.0,1.0,1.0,1.0,0.0
,,1,,commerce,0.0,1.0,0.0,0.0,0.0,0.0,0.0,0.0,0.0,0.0,card,website,clicked_link,commerce,none,unknown,0.0,1.0,0.0,0.0,0.0
,,1,,transaction,0.0,0.0,1.0,0.0,0.0,0.0,0.0,0.0,0.0,0.0,bank,phone,shared_credentials,verification,company,unknown,0.8,1.0,0.0,1.0,0.0
,,1,1400.0,transaction,0.0,0.0,1.0,0.0,0.0,0.0,0.0,0.0,1.0,0.0,bank,phone,sent_money,payment,unknown,USD,0.9,1.0,1.0,0.0,0.0
,,1,9500.0,commerce,0.0,0.0,0.0,1.0,0.0,0.0,0.0,0.0,0.0,0.0,bank,phone,none,none,unknown,USD,1.0,1.0,1.0,0.0,0.0
,,1,,social_engineering,0.0,0.0,0.0,0.0,0.0,1.0,1.0,1.0,0.0,0.0,unknown,phone,none,none,compliance_officer,unknown,0.8,1.0,1.0,1.0,0.0
,,1,200.0,commerce,0.0,1.0,0.0,1.0,1.0,0.0,0.0,0.0,0.0,0.0,card,email,sent_money,payment,company,unknown,1.0,1.0,1.0,0.0,0.0
,,1,,transaction,0.0,1.0,0.0,0.0,0.0,0.0,0.0,0.0,0.0,0.0,crypto,unknown,sent_money,recovery,unknown,unknown,0.5,1.0,1.0,0.0,0.0
,,1,18.0,transaction,0.0,0.0,1.0,0.0,0.0,0.0,0.0,0.0,0.0,0.0,bank,email,sent_money,payment,company,USD,0.5,1.0,1.0,1.0,0.0
,,1,116.33,commerce,0.0,1.0,0.0,0.0,0.0,0.0,0.0,0.0,0.0,0.0,card,website,clicked_link,payment,company,USD,0.5,1.0,0.0,1.0,0.0
,,1,,commerce,0.0,0.0,1.0,1.0,1.0,0.0,0.0,0.0,0.0,0.0,bank,email,sent_money,payment,company,unknown,0.9,1.0,1.0,1.0,0.0
,,1,,transaction,0.0,1.0,0.0,0.0,0.0,0.0,0.0,0.0,0.0,0.0,unknown,phone,none,none,xfinity,unknown,0.8,1.0,1.0,1.0,0.0
,,1,0.0,transaction,1.0,0.0,0.0,0.0,0.0,0.0,0.0,0.0,0.0,0.0,upi,email,sent_money,payment,unknown,unknown,0.5,1.0,0.0,0.0,0.0
,,1,,social_engineering,0.0,0.0,0.0,0.0,0.0,1.0,0.0,1.0,0.0,0.0,unknown,email,none,credential,company,unknown,0.8,1.0,0.0,1.0,0.0
,,1,,transaction,1.0,0.0,0.0,0.0,0.0,0.0,1.0,1.0,1.0,0.0,upi,phone,sent_money,payment,government,unknown,0.8,1.0,1.0,1.0,0.0
,,1,,transaction,0.0,1.0,0.0,0.0,0.0,0.0,0.0,0.0,0.0,0.0,card,unknown,sent_money,payment,none,unknown,0.0,0.0,1.0,0.0,0.0
,,1,,social_engineering,0.0,0.0,0.0,0.0,0.0,1.0,1.0,1.0,0.0,0.0,unknown,phone,none,none,company,unknown,0.8,1.0,1.0,1.0,0.0
,,1,150.0,transaction,0.0,0.0,1.0,0.0,0.0,0.0,0.0,0.0,1.0,0.0,bank,unknown,paid,payment,none,USD,0.8,1.0,1.0,0.0,0.0
,,1,18000.0,transaction,1.0,1.0,1.0,0.0,0.0,0.0,0.0,0.0,1.0,0.0,upi,sms,sent_money,payment,bank,INR,0.5,1.0,1.0,1.0,0.0
,,1,,transaction,0.0,0.0,1.0,0.0,0.0,0.0,0.0,0.0,0.0,0.0,bank,website,clicked_link,transaction,company,unknown,0.8,1.0,1.0,1.0,0.0
,,0,,none,0.0,0.0,0.0,0.0,0.0,0.0,0.0,0.0,0.0,0.0,unknown,unknown,unknown,unknown,unknown,unknown,0.0,0.0,0.0,0.0,0.0
,,0,20.0,none,0.0,0.0,0.0,0.0,0.0,0.0,0.0,0.0,0.0,0.0,unknown,sms,clicked_link,credits,verizon,USD,0.0,1.0,0.0,1.0,1.0
,,1,,transaction,1.0,0.0,0.0,0.0,0.0,0.0,1.0,1.0,0.0,0.0,upi,email,sent_money,payment,company,unknown,0.9,1.0,1.0,1.0,0.0
,,1,,transaction,1.0,0.0,0.0,0.0,0.0,0.0,0.0,0.0,0.0,0.0,upi,website,sent_money,payment,none,unknown,0.9,1.0,1.0,0.0,0.0
,,1,,social_engineering,0.0,0.0,0.0,0.0,0.0,0.0,1.0,1.0,0.0,0.0,unknown,email,none,none,government,unknown,1.0,1.0,1.0,1.0,0.0
,,1,,commerce,0.0,0.0,0.0,0.0,0.0,0.0,0.0,0.0,0.0,0.0,unknown,sms,shared_credentials,none,unknown,unknown,0.8,1.0,0.0,0.0,0.0
,,1,,transaction,0.0,0.0,1.0,0.0,0.0,0.0,0.0,0.0,0.0,0.0,bank,sms,sent_money,transaction,company,unknown,1.0,1.0,0.0,1.0,0.0
,,1,,transaction,0.0,0.0,0.0,0.0,0.0,0.0,0.0,0.0,0.0,0.0,unknown,social_media,clicked_link,none,none,unknown,0.8,1.0,0.0,0.0,0.0
,,1,,transaction,0.0,0.0,1.0,0.0,0.0,0.0,0.0,0.0,0.0,0.0,bank,email,reset_password,transaction,ebay,unknown,0.8,1.0,1.0,1.0,0.0
,,1,,transaction,0.0,0.0,1.0,0.0,0.0,0.0,0.0,0.0,1.0,0.0,bank,website,sent_money,transaction,company,unknown,0.8,1.0,0.0,1.0,0.0
,,1,,transaction,0.0,0.0,1.0,0.0,0.0,0.0,0.0,0.0,0.0,0.0,bank,phone,none,transaction,individual,unknown,0.8,1.0,0.0,0.0,0.0
,,1,1300.0,transaction,0.0,1.0,0.0,0.0,0.0,0.0,0.0,0.0,0.0,0.0,card,email,clicked_link,transaction,paypal,USD,0.8,1.0,1.0,1.0,0.0
,,1,2000.0,transaction,0.0,0.0,0.0,0.0,0.0,0.0,0.0,0.0,0.0,0.0,upi | card | bank | crypto | gift_card | unknown | none,sms | email | phone | social_media | website | app | unknown | none,sent_money | shared_credentials | clicked_link | installed_app | none | unknown,payment,bank_|_government_|_company_|_individual_|_none_|_unknown,USD,1.0,1.0,1.0,0.0,0.0
,,1,255.0,transaction,0.0,1.0,0.0,0.0,0.0,0.0,0.0,0.0,0.0,0.0,card,website,clicked_link,payment,company,USD,0.8,1.0,0.0,1.0,0.0
,,1,,transaction,0.0,0.0,0.0,1.0,0.0,0.0,0.0,0.0,0.0,0.0,upi,sms,sent_money,nondelivery,ups,unknown,0.9,1.0,0.0,1.0,0.0
,,1,,transaction,0.0,0.0,0.0,0.0,0.0,0.0,0.0,0.0,0.0,0.0,card,sms,typed_details,payment,unknown,unknown,0.9,1.0,1.0,0.0,0.0
,,1,,transaction,0.0,0.0,0.0,0.0,0.0,0.0,0.0,0.0,1.0,0.0,unknown,sms,sent_money,payment,none,unknown,0.9,1.0,1.0,0.0,0.0
,,0,,none,0.0,0.0,0.0,0.0,0.0,0.0,0.0,0.0,0.0,0.0,unknown,none,none,payment,none,unknown,0.0,0.0,0.0,1.0,0.0
,,1,2000.0,transaction,0.0,0.0,1.0,0.0,0.0,0.0,0.0,1.0,1.0,0.0,bank,telegram,sent_money,payment,none,EUR,1.0,1.0,1.0,0.0,0.0
,,1,,transaction,0.0,0.0,1.0,0.0,0.0,0.0,0.0,0.0,0.0,0.0,bank,sms,sent_money,transaction,unknown,unknown,0.9,1.0,0.0,0.0,0.0
,,1,,transaction,1.0,0.0,0.0,0.0,0.0,0.0,0.0,0.0,0.0,0.0,upi,website,sent_money,payment,none,unknown,0.8,1.0,0.0,0.0,0.0
,,1,,commerce,0.0,0.0,0.0,1.0,1.0,0.0,0.0,0.0,0.0,0.0,unknown,website,clicked_link,commerce,none,unknown,0.9,1.0,0.0,0.0,0.0
,,1,,social_engineering,0.0,0.0,0.0,0.0,0.0,0.0,0.0,1.0,0.0,0.0,unknown,sms,installed_app,none,unknown,unknown,1.0,1.0,0.0,0.0,0.0
,,1,,transaction,0.0,1.0,0.0,0.0,0.0,0.0,0.0,0.0,0.0,0.0,bank,unknown,sent_money,payment,none,unknown,0.9,1.0,1.0,0.0,0.0
,,1,4500.0,commerce,0.0,0.0,0.0,0.0,0.0,0.0,0.0,0.0,0.0,0.0,bank,website,sent_money,payment,company,INR,1.0,1.0,1.0,1.0,0.0
,,1,,transaction,0.0,0.0,1.0,0.0,0.0,0.0,0.0,1.0,1.0,0.0,bank,social_media,sent_money,payment,none,unknown,0.8,1.0,1.0,0.0,0.0
,,1,99.0,transaction,0.0,1.0,0.0,0.0,0.0,0.0,0.0,0.0,0.0,0.0,card,phone,signed_document,payment,insurance_company,USD,0.5,1.0,1.0,1.0,0.0
,,1,,transaction,1.0,0.0,0.0,0.0,0.0,0.0,1.0,1.0,0.0,0.0,upi,sms,sent_money,payment,government,unknown,1.0,1.0,1.0,1.0,0.0
,,1,18500.0,transaction,0.0,1.0,0.0,0.0,0.0,0.0,1.0,1.0,1.0,0.0,card,phone,sent_money,payment,bank,INR,1.0,1.0,1.0,1.0,0.0
,,1,,transaction,0.0,0.0,0.0,0.0,0.0,0.0,0.0,0.0,0.0,0.0,unknown,sms,sent_money,payment,unknown,unknown,0.0,1.0,0.0,0.0,0.0
,,1,750.0,transaction,0.0,0.0,1.0,0.0,0.0,0.0,0.0,0.0,1.0,0.0,bank,email,withdrawal,transaction,none,EUR,1.0,1.0,1.0,0.0,0.0
,,1,185.0,transaction,0.0,0.0,1.0,0.0,0.0,0.0,0.0,0.0,1.0,0.0,bank,sms,sent_money,payment,none,USD,0.9,1.0,1.0,0.0,0.0
,,1,,transaction,0.0,0.0,1.0,0.0,0.0,0.0,0.0,0.0,0.0,0.0,bank,email,sent_money,payment,company,unknown,0.8,1.0,0.0,1.0,0.0
,,1,,transaction,0.0,1.0,0.0,0.0,0.0,0.0,0.0,0.0,0.0,0.0,bank,phone,sent_money,payment,company,unknown,0.0,1.0,1.0,1.0,0.0
,,1,12000.0,transaction,0.0,0.0,1.0,0.0,0.0,0.0,0.0,0.0,1.0,0.0,bank,website,sent_money,transaction,company,USD,0.9,1.0,1.0,1.0,0.0
,,0,,none,0.0,0.0,0.0,0.0,0.0,0.0,0.0,0.0,0.0,0.0,unknown,website,clicked_link,commerce,none,unknown,0.0,0.0,0.0,0.0,0.0
,,1,,transaction,0.0,1.0,0.0,0.0,0.0,0.0,0.0,0.0,0.0,0.0,card,email,clicked_link,payment,company,unknown,0.9,1.0,1.0,1.0,0.0
,,1,,commerce,0.0,0.0,0.0,0.0,0.0,0.0,0.0,0.0,0.0,0.0,unknown,social_media,none,payment,company,unknown,0.8,1.0,1.0,1.0,0.0
,,1,,meta,0.0,0.0,0.0,0.0,0.0,0.0,0.0,0.0,1.0,0.0,unknown,website,clicked_link,none,company,unknown,0.9,1.0,0.0,1.0,0.0
,,1,100.0,transaction,0.0,0.0,1.0,0.0,0.0,0.0,0.0,0.0,1.0,0.0,bank,social_media,sent_money,payment,company,USD,0.5,1.0,1.0,1.0,0.0
,,1,500.0,transaction,0.0,0.0,0.0,0.0,0.0,0.0,0.0,0.0,0.0,0.0,crypto,social_media,sent_money,payment,none,USD,1.0,1.0,1.0,0.0,0.0
,,1,,transaction,0.0,0.0,0.0,0.0,0.0,0.0,0.0,0.0,0.0,0.0,crypto,website,installed_app,trade,unknown,unknown,0.9,1.0,1.0,0.0,0.0
,,1,5000.0,transaction,0.0,0.0,1.0,0.0,0.0,0.0,0.0,0.0,0.0,0.0,bank,social_media,sent_money,payment,individual,USD,1.0,1.0,0.0,0.0,0.0
,,1,1200.0,transaction,0.0,0.0,0.0,0.0,0.0,0.0,0.0,0.0,0.0,0.0,crypto,website,sent_money,payment,none,USD,0.5,1.0,0.0,0.0,1.0
,,1,40.0,transaction,0.0,1.0,0.0,0.0,0.0,0.0,0.0,0.0,0.0,0.0,card,website,clicked_link,payment,company,unknown,1.0,1.0,1.0,1.0,0.0
,,0,,none,0.0,0.0,0.0,0.0,0.0,0.0,0.0,0.0,0.0,0.0,unknown,unknown,unknown,unknown,unknown,unknown,0.0,0.0,0.0,0.0,0.0
,,1,,social_engineering,0.0,0.0,0.0,0.0,0.0,0.0,1.0,1.0,0.0,0.0,crypto,telegram,sent_money,transaction,individual,unknown,1.0,1.0,1.0,1.0,0.0
,,1,,transaction,0.0,0.0,1.0,0.0,0.0,0.0,0.0,0.0,0.0,0.0,bank,website,clicked_link,transaction,company,unknown,0.9,1.0,0.0,0.0,0.0
,,1,,transaction,1.0,0.0,0.0,0.0,0.0,0.0,0.0,0.0,0.0,0.0,upi,sms,sent_money,payment,bank,unknown,0.5,1.0,0.0,1.0,0.0
,,1,,transaction,0.0,0.0,1.0,0.0,0.0,0.0,0.0,0.0,0.0,0.0,bank,email,sent_money,payment,company,unknown,0.9,1.0,0.0,1.0,0.0
,,1,,transaction,0.0,1.0,0.0,0.0,0.0,0.0,0.0,0.0,0.0,0.0,card,email,clicked_link,payment,company,unknown,0.9,1.0,1.0,1.0,0.0
,,1,,transaction,1.0,0.0,0.0,0.0,0.0,0.0,0.0,0.0,0.0,0.0,upi,sms,sent_money,payment,bank,unknown,0.9,1.0,0.0,1.0,0.0
,,1,,social_engineering,0.0,0.0,0.0,1.0,0.0,0.0,1.0,1.0,0.0,0.0,none,phone,none,none,fire_dept,unknown,1.0,1.0,1.0,1.0,0.0
,,1,400.0,commerce,0.0,0.0,0.0,1.0,1.0,0.0,0.0,0.0,0.0,0.0,bank,website,clicked_link,commerce,company,USD,0.5,1.0,0.0,1.0,0.0
,,1,,transaction,1.0,0.0,0.0,0.0,0.0,0.0,1.0,1.0,0.0,0.0,upi,website,clicked_link,transaction,london_stock_exchange,unknown,1.0,1.0,1.0,1.0,0.0
,,1,,social_engineering,0.0,0.0,0.0,0.0,0.0,1.0,0.0,0.0,0.0,0.0,unknown,email,shared_credentials,none,individual,unknown,0.9,1.0,1.0,0.0,0.0
,,1,300.0,commerce,0.0,1.0,0.0,0.0,0.0,0.0,0.0,0.0,0.0,0.0,card,website,sent_money,payment,company,unknown,0.5,1.0,1.0,1.0,0.0
,,1,250000.0,transaction,0.0,0.0,1.0,0.0,0.0,0.0,0.0,0.0,1.0,0.0,bank,website,sent_money,payment,company,unknown,1.0,1.0,1.0,1.0,0.0
,,1,72.0,commerce,0.0,1.0,0.0,0.0,0.0,0.0,0.0,0.0,0.0,0.0,card,website,sent_money,payment,company,unknown,1.0,1.0,0.0,0.0,0.0
,,1,,transaction,1.0,0.0,0.0,0.0,0.0,0.0,0.0,0.0,0.0,0.0,upi,website,sent_money,payment,company,unknown,0.8,1.0,0.0,1.0,0.0
,,1,11100.0,transaction,0.0,0.0,1.0,0.0,0.0,0.0,0.0,0.0,1.0,0.0,bank,email,sent_money,payment,none,unknown,0.8,1.0,1.0,0.0,0.0
,,1,,transaction,0.0,1.0,0.0,0.0,0.0,0.0,0.0,0.0,0.0,0.0,card,email,clicked_link,transaction,paypal,unknown,0.0,1.0,1.0,1.0,0.0
,,1,1200.0,transaction,1.0,0.0,0.0,0.0,0.0,0.0,0.0,0.0,0.0,0.0,upi,sms,sent_money,payment,bank,unknown,0.8,1.0,0.0,1.0,0.0
,,1,26000.0,transaction,0.0,1.0,0.0,0.0,0.0,0.0,0.0,0.0,0.0,0.0,crypto,website,sent_money,payment,company,BTC,1.0,1.0,1.0,1.0,0.0
,,1,3500.0,transaction,0.0,0.0,0.0,0.0,0.0,0.0,0.0,0.0,0.0,0.0,crypto,website,sent_money,investment,individual,unknown,1.0,1.0,0.0,0.0,0.0
,,1,,transaction,0.0,0.0,0.0,0.0,0.0,0.0,0.0,0.0,0.0,0.0,unknown,social_media,sent_money,payment,individual,unknown,0.95,1.0,1.0,0.0,0.0
,,1,800.0,transaction,0.0,0.0,1.0,0.0,0.0,0.0,0.0,0.0,0.0,0.0,bank,email,sent_money,payment,artist,USD,0.5,1.0,1.0,0.0,0.0
,,1,,transaction,0.0,0.0,0.0,0.0,0.0,0.0,0.0,1.0,0.0,0.0,crypto,youtube,clicked_link,presale,none,unknown,1.0,1.0,0.0,0.0,0.0
,,1,,pig_butchering,0.0,0.0,0.0,0.0,0.0,0.0,0.0,0.0,1.0,0.0,upi,sms,sent_money,none,individual,unknown,0.9,1.0,0.0,0.0,0.0
,,1,,transaction,0.0,0.0,1.0,0.0,0.0,0.0,0.0,0.0,0.0,0.0,bank,website,withdrew_funds,payment,crypto_exchange,unknown,0.8,1.0,1.0,1.0,0.0
,,1,60.0,commerce,0.0,0.0,1.0,1.0,0.0,0.0,0.0,0.0,0.0,0.0,bank,social_media,sent_money,payment,company,USD,1.0,1.0,0.0,0.0,0.0
,,1,,transaction,1.0,0.0,0.0,0.0,0.0,0.0,0.0,1.0,0.0,0.0,upi,telegram,sent_money,payment,unknown,unknown,1.0,1.0,1.0,0.0,0.0
,,1,2000.0,transaction,0.0,1.0,1.0,0.0,0.0,0.0,0.0,1.0,0.0,0.0,card,social_media,sent_money,payment,none,unknown,1.0,1.0,1.0,0.0,0.0
,,1,,transaction,0.0,0.0,0.0,0.0,0.0,0.0,1.0,1.0,0.0,0.0,unknown,sms,sent_money,payment,individual,unknown,1.0,1.0,1.0,1.0,0.0
,,1,,commerce,0.0,0.0,0.0,1.0,1.0,0.0,0.0,0.0,0.0,0.0,upi,email,sent_money,payment,company,unknown,0.8,1.0,0.0,1.0,0.0
,,0,650.0,none,0.0,0.0,0.0,0.0,0.0,0.0,0.0,0.0,0.0,0.0,upi,sms,sent_money,payment,none,USD,0.0,0.0,0.0,0.0,0.0
,,1,,social_engineering,0.0,0.0,0.0,0.0,0.0,1.0,0.0,0.0,0.0,0.0,unknown,email,shared_credentials,credential,company,unknown,0.8,1.0,0.0,1.0,0.0
,,1,,transaction,0.0,1.0,0.0,0.0,0.0,0.0,0.0,0.0,0.0,0.0,card,website,clicked_link,payment,company,unknown,0.0,0.0,1.0,1.0,0.0
,,1,,transaction,0.0,0.0,1.0,0.0,0.0,0.0,0.0,0.0,0.0,0.0,bank,social_media,sent_money,transaction,unknown,unknown,0.8,1.0,0.0,0.0,0.0
,,1,800.0,transaction,0.0,0.0,1.0,0.0,0.0,0.0,0.0,0.0,0.0,0.0,bank,website,sent_money,payment,company,USD,1.0,1.0,1.0,1.0,0.0
,,1,,social_engineering,0.0,0.0,0.0,0.0,0.0,0.0,0.0,1.0,0.0,0.0,unknown,sms,none,none,individual,unknown,1.0,1.0,1.0,0.0,0.0
,,1,,transaction,0.0,1.0,0.0,0.0,0.0,0.0,0.0,0.0,0.0,0.0,card,unknown,sent_money,payment,none,unknown,0.0,1.0,1.0,0.0,0.0
,,1,,transaction,0.0,0.0,1.0,0.0,0.0,0.0,0.0,0.0,1.0,0.0,bank,website,sent_money,payment,unknown,unknown,0.9,1.0,1.0,0.0,0.0
,,1,1000.0,transaction,0.0,0.0,1.0,1.0,0.0,0.0,0.0,0.0,1.0,0.0,bank,website,sent_money,payment,company,USD,0.8,1.0,1.0,1.0,0.0
,,1,,social_engineering,0.0,0.0,0.0,0.0,0.0,0.0,1.0,1.0,0.0,0.0,unknown,sms,none,none,individual,unknown,1.0,1.0,1.0,1.0,0.0
,,1,25000.0,transaction,0.0,0.0,1.0,0.0,0.0,0.0,0.0,0.0,0.0,0.0,bank,email,shared_credentials,payment,bank,unknown,1.0,1.0,1.0,1.0,0.0
,,1,14000.0,transaction,1.0,0.0,0.0,0.0,0.0,0.0,1.0,1.0,0.0,0.0,upi,phone,sent_money,payment,individual,INR,1.0,1.0,1.0,1.0,0.0
,,1,,social_engineering,0.0,0.0,0.0,0.0,0.0,1.0,1.0,1.0,0.0,0.0,unknown,phone,shared_credentials,verification,apple_customer_support,unknown,0.8,1.0,1.0,1.0,0.0
,,1,,transaction,0.0,0.0,1.0,0.0,0.0,0.0,0.0,0.0,1.0,0.0,bank,sms,sent_money,payment,company,unknown,0.9,1.0,1.0,1.0,0.0
,,1,,transaction,0.0,0.0,1.0,0.0,0.0,0.0,0.0,0.0,0.0,0.0,bank,website,clicked_link,download,unknown,unknown,0.8,1.0,0.0,0.0,0.0
,,1,,social_engineering,0.0,0.0,0.0,0.0,0.0,0.0,1.0,1.0,0.0,0.0,unknown,phone,shared_credentials,none,landlord,unknown,1.0,1.0,1.0,1.0,0.0
,,1,,transaction,0.0,0.0,0.0,0.0,0.0,0.0,0.0,1.0,0.0,0.0,unknown,sms,clicked_link,verification,usps,unknown,1.0,1.0,1.0,1.0,0.0
,,0,,none,0.0,0.0,0.0,0.0,0.0,0.0,0.0,0.0,1.0,0.0,unknown,sms,installed_app,none,individual,unknown,0.0,1.0,1.0,0.0,0.0
,,1,1200.0,transaction,0.0,0.0,1.0,0.0,0.0,0.0,0.0,0.0,0.0,0.0,bank,email,sent_money,payment,company,USD,0.9,1.0,1.0,1.0,0.0
,,1,,transaction,0.0,0.0,0.0,0.0,0.0,0.0,0.0,1.0,0.0,0.0,crypto,youtube,clicked_link,presale,elon_musk,unknown,1.0,1.0,0.0,1.0,0.0
,,1,,social_engineering,0.0,0.0,0.0,0.0,0.0,0.0,1.0,1.0,0.0,0.0,unknown,phone,none,none,unknown,unknown,1.0,1.0,0.0,1.0,0.0
,,1,,transaction,0.0,1.0,0.0,0.0,0.0,0.0,0.0,1.0,0.0,0.0,upi,email,clicked_link,transaction,bank,unknown,1.0,1.0,0.0,1.0,0.0
,,1,24137.0,social_engineering,0.0,0.0,0.0,0.0,0.0,1.0,1.0,1.0,0.0,0.0,unknown,phone,none,none,td_bank,unknown,0.9,1.0,1.0,1.0,0.0
,,1,,transaction,0.0,0.0,1.0,0.0,0.0,0.0,0.0,0.0,1.0,0.0,bank,sms,sent_money,payment,individual,unknown,0.8,1.0,0.0,0.0,0.0
,,1,50.0,transaction,0.0,0.0,0.0,0.0,0.0,0.0,0.0,0.0,0.0,0.0,crypto,website,clicked_link,transaction,unknown,USD,1.0,1.0,1.0,0.0,1.0
,,1,410.0,transaction,0.0,1.0,0.0,0.0,0.0,0.0,0.0,0.0,0.0,0.0,bank,email,sent_money,payment,target,USD,0.9,1.0,1.0,1.0,0.0
,,1,,meta,0.0,0.0,0.0,0.0,0.0,0.0,1.0,1.0,0.0,0.0,unknown,sms,installed_app,payment,none,CAD,1.0,1.0,1.0,1.0,0.0
,,1,100.0,transaction,0.0,1.0,0.0,0.0,0.0,0.0,0.0,0.0,0.0,0.0,paypal,website,clicked_link,payment,none,USD,0.5,1.0,1.0,0.0,0.0
,,1,8700.0,transaction,0.0,0.0,1.0,0.0,0.0,0.0,0.0,0.0,1.0,0.0,bank,website,sent_money,transaction,company,DAI,1.0,1.0,1.0,1.0,0.0
,,1,,social_engineering,0.0,0.0,0.0,0.0,0.0,0.0,1.0,1.0,0.0,0.0,unknown,phone,none,none,bank,unknown,1.0,1.0,0.0,1.0,0.0
,,1,,transaction,0.0,0.0,0.0,0.0,0.0,0.0,0.0,0.0,0.0,0.0,crypto,social_media,sent_money,payment,unknown,unknown,0.0,1.0,0.0,0.0,0.0
,,1,,transaction,0.0,0.0,0.0,0.0,0.0,0.0,0.0,0.0,0.0,0.0,unknown,mail,none,unknown,health_insurance_company,unknown,0.0,1.0,1.0,1.0,0.0
,,0,12000.0,none,0.0,0.0,0.0,0.0,0.0,0.0,0.0,0.0,0.0,0.0,unknown,email,sent_money,none,individual,USD,0.0,0.0,0.0,0.0,0.0
,,1,5000.0,transaction,0.0,0.0,0.0,0.0,0.0,0.0,0.0,0.0,0.0,0.0,upi,social_media,sent_money,payment,individual,INR,0.8,1.0,1.0,0.0,0.0
,,1,1950.0,transaction,0.0,0.0,0.0,0.0,0.0,0.0,0.0,0.0,0.0,0.0,bank,social_media,sent_money,payment,individual,unknown,0.0,1.0,1.0,0.0,0.0
,,1,3.0,transaction,0.0,1.0,0.0,0.0,0.0,0.0,0.0,0.0,0.0,0.0,unknown,phone,none,none,publishers_clearing_house,USD,0.9,1.0,1.0,1.0,0.0
,,1,150.0,transaction,0.0,0.0,0.0,0.0,0.0,0.0,0.0,0.0,1.0,0.0,crypto,website,sent_money,payment,none,USD,0.8,1.0,0.0,0.0,0.0
,,1,,commerce,0.0,1.0,0.0,0.0,0.0,0.0,0.0,0.0,0.0,0.0,card,unknown,sent_money,commerce,company,unknown,0.0,1.0,1.0,0.0,0.0
,,1,22000.0,transaction,0.0,0.0,0.0,0.0,0.0,0.0,0.0,1.0,0.0,0.0,crypto,phone,sent_money,payment,binance,AUD,1.0,1.0,1.0,1.0,0.0
,,0,,none,0.0,0.0,0.0,0.0,0.0,0.0,0.0,0.0,0.0,0.0,unknown,social_media,none,none,none,unknown,0.0,0.0,0.0,0.0,0.0
,,1,1.5,transaction,1.0,0.0,0.0,0.0,0.0,0.0,0.0,1.0,1.0,0.0,upi,sms,sent_money,payment,unknown,USD,0.95,1.0,1.0,0.0,0.0
,,1,,transaction,0.0,0.0,0.0,0.0,0.0,0.0,0.0,0.0,0.0,1.0,crypto,website,clicked_link,none,company,unknown,0.9,1.0,0.0,1.0,0.0
,,0,,none,0.0,0.0,0.0,0.0,0.0,0.0,0.0,0.0,1.0,0.0,unknown,phone,none,none,security_company,unknown,0.0,1.0,1.0,1.0,0.0
,,1,,social_engineering,0.0,0.0,0.0,0.0,0.0,0.0,1.0,1.0,0.0,0.0,upi,social_media,reported,none,linkedin,unknown,1.0,1.0,1.0,1.0,0.0
,,1,3000.0,transaction,0.0,0.0,1.0,0.0,0.0,0.0,0.0,0.0,1.0,0.0,bank,phone,none,payment,individual,INR,1.0,1.0,0.0,0.0,0.0
,,1,,transaction,0.0,0.0,0.0,1.0,0.0,1.0,0.0,0.0,0.0,0.0,upi,phone,shared_credentials,verification,meesho,unknown,0.5,1.0,1.0,1.0,0.0
,,1,,social_engineering,0.0,0.0,0.0,0.0,0.0,0.0,1.0,1.0,0.0,0.0,unknown,phone,none,none,individual,unknown,1.0,1.0,0.0,1.0,0.0
,,1,,transaction,0.0,0.0,1.0,0.0,0.0,0.0,0.0,1.0,0.0,0.0,bank,social_media,installed_app,none,company,unknown,1.0,1.0,1.0,1.0,0.0
,,1,,commerce,0.0,0.0,1.0,0.0,0.0,0.0,0.0,0.0,0.0,0.0,bank,email,sent_money,payment,none,unknown,0.9,1.0,0.0,0.0,0.0
,,1,,transaction,0.0,1.0,0.0,0.0,0.0,0.0,0.0,0.0,0.0,0.0,card,phone,shared_credentials,payment,bank,unknown,0.0,0.0,1.0,0.0,0.0
,,1,20000.0,transaction,0.0,0.0,1.0,0.0,0.0,0.0,1.0,1.0,0.0,0.0,bank,email,sent_money,payment,company,unknown,1.0,1.0,1.0,1.0,0.0
,,1,1.2,transaction,0.0,1.0,0.0,0.0,0.0,0.0,0.0,0.0,0.0,0.0,card,email,none,none,bank,USD,0.8,1.0,1.0,1.0,0.0
,,1,5000.0,transaction,1.0,0.0,0.0,0.0,0.0,0.0,0.0,1.0,0.0,0.0,upi,phone,sent_money,payment,bank,INR,1.0,1.0,0.0,1.0,0.0
,,1,,transaction,0.0,0.0,1.0,0.0,0.0,0.0,0.0,0.0,1.0,0.0,bank,social_media,sent_money,payment,none,unknown,0.8,1.0,0.0,0.0,0.0
,,1,,commerce,0.0,0.0,0.0,1.0,0.0,0.0,0.0,0.0,0.0,0.0,upi,email,clicked_link,commerce,usps,unknown,0.9,1.0,1.0,1.0,0.0
,,1,,transaction,0.0,0.0,0.0,0.0,0.0,0.0,0.0,0.0,0.0,0.0,crypto,website,deposited_money,verification,none,unknown,0.9,1.0,1.0,0.0,0.0
,,1,,transaction,0.0,1.0,0.0,0.0,0.0,0.0,0.0,0.0,0.0,0.0,card,phone,none,payment,pc_app_store,unknown,0.8,1.0,1.0,1.0,0.0
,,1,500.0,transaction,0.0,1.0,0.0,0.0,0.0,0.0,0.0,0.0,0.0,0.0,crypto,website,sent_money,payment,company,unknown,1.0,1.0,1.0,1.0,0.0
,,1,2500.0,transaction,0.0,0.0,0.0,0.0,0.0,0.0,1.0,1.0,0.0,0.0,crypto,social_media,clicked_link,transaction,elon_musk,USD,1.0,1.0,0.0,1.0,0.0
,,1,,transaction,0.0,0.0,0.0,0.0,0.0,0.0,0.0,0.0,1.0,0.0,unknown,unknown,none,none,unknown,unknown,0.0,1.0,0.0,0.0,0.0
,,1,700.0,transaction,1.0,1.0,1.0,0.0,0.0,1.0,1.0,1.0,1.0,0.0,upi | card | bank | crypto | gift_card | unknown | none,sms | email | phone | social_media | website | app | unknown | none,sent_money | shared_credentials | clicked_link | installed_app | none | unknown,payment | verification | login | download | none | unknown,bank_|_government_|_company_|_individual_|_none_|_unknown,USD,1.0,1.0,1.0,1.0,0.0
,,1,,social_engineering,0.0,0.0,0.0,0.0,0.0,1.0,1.0,1.0,0.0,0.0,unknown,phone,none,verification,national_process_service,unknown,1.0,1.0,1.0,1.0,0.0
,,1,,transaction,0.0,0.0,1.0,0.0,0.0,0.0,0.0,0.0,0.0,0.0,bank,website,sent_money,payment,company,unknown,0.0,1.0,1.0,1.0,0.0
,,1,,advanced,0.0,0.0,0.0,0.0,0.0,1.0,0.0,0.0,0.0,0.0,unknown,website,installed_app,malware_installation,none,unknown,0.9,1.0,0.0,0.0,0.0
,,1,,transaction,0.0,0.0,0.0,0.0,0.0,0.0,0.0,1.0,0.0,0.0,crypto,website,sent_money,withdrawal,crypto_platform,unknown,1.0,1.0,1.0,0.0,0.0
,,1,500.0,transaction,1.0,0.0,0.0,0.0,0.0,0.0,0.0,0.0,0.0,0.0,upi,sms,sent_money,payment,bank,INR,1.0,1.0,1.0,1.0,0.0
,,1,,transaction,0.0,0.0,1.0,0.0,0.0,0.0,0.0,0.0,0.0,0.0,bank,sms,sent_money,transaction,interactive_brokers_india,unknown,0.8,1.0,0.0,1.0,0.0
,,1,,social_engineering,0.0,0.0,0.0,0.0,0.0,1.0,1.0,1.0,0.0,0.0,unknown,website,clicked_link,none,moderator/employee,unknown,0.8,1.0,1.0,1.0,0.0
,,1,200.0,transaction,0.0,0.0,0.0,0.0,0.0,0.0,0.0,0.0,1.0,0.0,crypto,website,sent_money,payment,unknown,USD,1.0,1.0,1.0,0.0,0.0
,,1,1.0,transaction,0.0,1.0,0.0,0.0,0.0,0.0,0.0,0.0,0.0,0.0,card,website,clicked_link,payment,company,unknown,0.5,1.0,0.0,1.0,0.0
,,1,30000.0,transaction,0.0,0.0,1.0,0.0,0.0,0.0,0.0,0.0,1.0,0.0,bank,email,sent_money,payment,title_company,unknown,1.0,1.0,1.0,1.0,0.0
,,1,85000.0,transaction,0.0,0.0,1.0,0.0,0.0,0.0,0.0,0.0,1.0,0.0,bank,sms,sent_money,payment,none,unknown,1.0,1.0,1.0,0.0,0.0
,,1,5.0,transaction,0.0,0.0,0.0,0.0,0.0,0.0,0.0,0.0,0.0,0.0,crypto,website,sent_money,payment,company,USD,0.9,1.0,1.0,1.0,1.0
,,1,,transaction,0.0,0.0,0.0,0.0,0.0,0.0,0.0,0.0,1.0,0.0,unknown,website,sent_money,payment,none,unknown,0.9,1.0,1.0,0.0,0.0
,,1,2000.0,commerce,0.0,0.0,0.0,0.0,0.0,0.0,0.0,0.0,0.0,0.0,upi,email,sent_money,payment,ebay,USD,1.0,1.0,1.0,1.0,0.0
,,0,,none,0.0,0.0,0.0,0.0,0.0,0.0,0.0,0.0,0.0,0.0,upi,sms,sent_money,payment,company,unknown,0.0,1.0,0.0,0.0,0.0
,,1,,commerce,0.0,0.0,1.0,0.0,1.0,0.0,0.0,0.0,0.0,0.0,bank,website,sent_money,payment,company,unknown,0.8,1.0,1.0,0.0,0.0
,,1,,transaction,0.0,0.0,1.0,0.0,0.0,0.0,0.0,0.0,0.0,0.0,bank,sms,sent_money,payment,company,unknown,0.8,1.0,0.0,1.0,0.0
,,1,3500.0,transaction,0.0,0.0,1.0,0.0,0.0,0.0,0.0,0.0,0.0,0.0,bank,phone,sent_money,payment,company,USD,1.0,1.0,1.0,1.0,0.0
,,1,,transaction,1.0,0.0,0.0,0.0,0.0,0.0,0.0,0.0,0.0,0.0,upi,sms,sent_money,payment,bank,unknown,0.8,1.0,0.0,1.0,0.0
,,1,,transaction,0.0,0.0,1.0,0.0,0.0,0.0,0.0,0.0,0.0,0.0,bank,sms,denied_charge,transaction,verizon,unknown,0.8,1.0,0.0,1.0,0.0
,,1,,transaction,1.0,0.0,0.0,0.0,0.0,0.0,0.0,0.0,0.0,0.0,upi,sms,sent_money,payment,bank,unknown,0.8,1.0,0.0,1.0,0.0
,,1,375.0,transaction,0.0,1.0,0.0,0.0,0.0,0.0,0.0,0.0,0.0,0.0,card,email,none,payment,paypal,USD,0.9,1.0,1.0,1.0,0.0
,,0,,none,0.0,0.0,0.0,0.0,0.0,0.0,0.0,0.0,0.0,0.0,crypto,social_media,clicked_link,none,unknown,unknown,0.0,0.0,0.0,0.0,0.0
,,1,10000.0,transaction,1.0,0.0,0.0,0.0,0.0,0.0,0.0,0.0,0.0,0.0,upi,sms,sent_money,payment,company,INR,1.0,1.0,0.0,1.0,0.0
,,1,,transaction,1.0,1.0,1.0,0.0,0.0,0.0,0.0,0.0,0.0,0.0,upi | card | bank,sms | email | phone,sent_money,payment,bank,unknown,0.9,1.0,1.0,1.0,0.0
,,0,,none,0.0,0.0,0.0,0.0,0.0,0.0,0.0,0.0,0.0,0.0,unknown,unknown,none,none,unknown,unknown,0.0,0.0,0.0,0.0,0.0
,,1,500000.0,transaction,0.0,0.0,1.0,0.0,0.0,0.0,0.0,0.0,1.0,0.0,bank,email,sent_money,payment,none,USD,1.0,1.0,1.0,0.0,0.0
,,1,,transaction,0.0,1.0,0.0,0.0,0.0,0.0,0.0,0.0,0.0,0.0,card,email,clicked_link,transaction,bank,unknown,0.8,1.0,1.0,1.0,0.0
,,1,,transaction,0.0,1.0,0.0,0.0,0.0,0.0,0.0,0.0,0.0,0.0,card,social_media,clicked_link,payment,company,unknown,0.8,1.0,1.0,0.0,0.0
,,1,,transaction,0.0,0.0,0.0,0.0,0.0,0.0,0.0,0.0,0.0,0.0,crypto,social_media,sent_money,payment,unknown,unknown,0.0,1.0,0.0,0.0,0.0
,,1,,transaction,0.0,0.0,1.0,0.0,0.0,0.0,0.0,0.0,0.0,0.0,bank,email,sent_money,payment,none,unknown,0.8,1.0,1.0,0.0,0.0
,,1,15.0,transaction,0.0,0.0,1.0,0.0,0.0,0.0,0.0,0.0,0.0,0.0,bank,website,withdrew_money,transaction,unknown,USD,0.8,1.0,0.0,0.0,0.0
,,1,3200.0,transaction,0.0,1.0,0.0,0.0,0.0,0.0,0.0,0.0,0.0,0.0,card,tiktok,clicked_link,purchase,unknown,USD,1.0,1.0,0.0,0.0,0.0
,,1,,transaction,0.0,1.0,0.0,0.0,0.0,0.0,0.0,0.0,0.0,0.0,card,phone,sent_money,payment,individual,unknown,0.9,1.0,1.0,0.0,1.0
,,1,,transaction,0.0,0.0,0.0,1.0,0.0,0.0,0.0,0.0,0.0,0.0,unknown,door,none,payment,doordash,unknown,0.8,1.0,0.0,0.0,0.0
,,1,,transaction,0.0,0.0,0.0,0.0,0.0,0.0,0.0,0.0,0.0,0.0,crypto,social_media,sent_money,payment,unknown,unknown,0.0,1.0,1.0,0.0,0.0
,,1,,social_engineering,0.0,0.0,0.0,0.0,0.0,0.0,0.0,1.0,0.0,0.0,unknown,sms,none,none,none,unknown,1.0,1.0,1.0,0.0,0.0
,,1,,transaction,0.0,0.0,0.0,0.0,0.0,0.0,0.0,0.0,1.0,0.0,unknown,email,sent_money,payment,none,unknown,0.8,1.0,0.0,0.0,0.0
,,1,5.0,transaction,0.0,0.0,1.0,0.0,0.0,0.0,0.0,0.0,0.0,0.0,bank,telegram,sent_money,payment,company,USD,0.8,1.0,0.0,0.0,0.0
,,1,100.0,transaction,0.0,0.0,0.0,0.0,0.0,0.0,0.0,0.0,0.0,0.0,crypto,website,installed_app,transaction,none,USD,0.9,1.0,1.0,0.0,1.0
,,1,1400.0,transaction,0.0,0.0,1.0,0.0,0.0,0.0,0.0,0.0,0.0,0.0,bank,sms,received_money,payment,unknown,USD,0.5,1.0,0.0,0.0,0.0
,,1,,social_engineering,0.0,0.0,0.0,0.0,0.0,1.0,0.0,0.0,0.0,0.0,unknown,sms,clicked_link,login,individual,unknown,0.5,1.0,0.0,0.0,0.0
,,1,,commerce,0.0,0.0,0.0,1.0,1.0,0.0,0.0,0.0,0.0,0.0,unknown,email,clicked_link,commercial,company,unknown,0.8,1.0,1.0,1.0,0.0
,,1,1200.0,transaction,1.0,0.0,1.0,0.0,0.0,0.0,0.0,0.0,0.0,0.0,upi,phone,clicked_link,transaction,bank,USD,0.0,0.0,0.0,1.0,0.0
,,1,,social_engineering,0.0,0.0,0.0,0.0,0.0,1.0,0.0,0.0,0.0,0.0,unknown,email,shared_credentials,none,school,unknown,0.8,1.0,1.0,1.0,0.0
,,1,100.0,transaction,0.0,1.0,0.0,0.0,0.0,0.0,0.0,0.0,1.0,0.0,bank,email,sent_money,payment,unknown,USD,0.8,1.0,1.0,0.0,0.0
,,1,,transaction,0.0,0.0,0.0,0.0,0.0,0.0,0.0,0.0,1.0,0.0,unknown,phone,shared_credentials,none,company,unknown,0.8,1.0,1.0,1.0,0.0
,,1,5000.0,transaction,0.0,0.0,1.0,0.0,0.0,0.0,0.0,0.0,1.0,0.0,bank,website,sent_money,transaction,broker,EUR,1.0,1.0,0.0,0.0,0.0
,,1,1000.0,transaction,1.0,0.0,0.0,0.0,0.0,0.0,0.0,0.0,0.0,0.0,upi,sms,sent_money,payment,bank,unknown,0.9,1.0,0.0,1.0,0.0
,,1,435.0,transaction,0.0,0.0,0.0,1.0,0.0,0.0,0.0,0.0,0.0,0.0,upi,sms,shared_credentials,verification,amazon,unknown,0.8,1.0,0.0,1.0,0.0
,,1,,transaction,0.0,0.0,1.0,0.0,0.0,0.0,0.0,0.0,0.0,0.0,bank,email,sent_money,transaction,bank,unknown,0.8,1.0,0.0,1.0,0.0
,,1,,transaction,0.0,1.0,0.0,0.0,0.0,0.0,0.0,0.0,0.0,0.0,card,website,clicked_link,transaction,unknown,unknown,1.0,1.0,0.0,0.0,0.0
,,1,,social_engineering,0.0,0.0,0.0,0.0,0.0,0.0,1.0,1.0,0.0,0.0,card,in_store,inputting_incorrect_information,application,salesperson,unknown,0.8,1.0,0.0,1.0,0.0
,,1,,commerce,0.0,0.0,0.0,1.0,0.0,0.0,0.0,0.0,0.0,0.0,upi,sms,sent_money,payment,company,unknown,0.8,1.0,0.0,1.0,0.0
,,1,,transaction,1.0,0.0,0.0,0.0,0.0,0.0,0.0,0.0,0.0,0.0,upi,sms,sent_money,payment,bank,unknown,0.5,1.0,0.0,1.0,0.0
,,1,,meta,0.0,0.0,0.0,0.0,0.0,0.0,0.0,0.0,1.0,0.0,unknown,website,clicked_link,none,none,unknown,0.0,1.0,0.0,0.0,0.0
,,1,,transaction,0.0,1.0,0.0,0.0,0.0,0.0,0.0,0.0,0.0,0.0,card,email,clicked_link,payment,airline,unknown,0.5,1.0,1.0,1.0,0.0
,,1,,social_engineering,0.0,0.0,0.0,0.0,0.0,1.0,0.0,0.0,0.0,0.0,unknown,email,clicked_link,download,none,unknown,0.95,1.0,1.0,0.0,0.0
,,0,,none,0.0,0.0,0.0,0.0,0.0,0.0,0.0,0.0,1.0,0.0,unknown,sms,none,none,none,unknown,0.0,1.0,0.0,0.0,0.0
,,1,28400.0,transaction,0.0,0.0,1.0,0.0,0.0,0.0,0.0,1.0,1.0,0.0,bank,phone,sent_money,payment,company,USD,1.0,1.0,1.0,0.0,0.0
,,1,,commerce,0.0,1.0,0.0,0.0,0.0,0.0,0.0,0.0,0.0,0.0,crypto,website,clicked_link,payment,none,unknown,0.9,1.0,1.0,0.0,0.0
,,1,38500.0,transaction,0.0,1.0,0.0,0.0,0.0,0.0,0.0,0.0,0.0,0.0,card,unknown,clicked_link,none,unknown,INR,0.7,1.0,1.0,0.0,0.0
,,1,,transaction,1.0,0.0,0.0,0.0,0.0,0.0,0.0,0.0,1.0,0.0,upi,website,sent_money,transaction,bank,unknown,0.8,1.0,1.0,1.0,0.0
,,1,,transaction,0.0,0.0,1.0,0.0,0.0,0.0,0.0,0.0,0.0,0.0,bank,sms,clicked_link,verification,unknown,unknown,0.9,1.0,0.0,0.0,0.0
,,1,,commerce,0.0,1.0,0.0,1.0,1.0,0.0,0.0,0.0,0.0,0.0,card,social_media,sent_money,commerce,company,unknown,0.9,1.0,1.0,1.0,0.0
,,1,,social_engineering,0.0,0.0,0.0,0.0,0.0,0.0,1.0,1.0,0.0,0.0,crypto,sms,shared_credentials,verification,binance,unknown,1.0,1.0,1.0,1.0,0.0
,,1,5413.0,transaction,1.0,0.0,0.0,0.0,0.0,0.0,0.0,0.0,0.0,0.0,upi,app,sent_money,payment,none,INR,0.8,1.0,0.0,0.0,0.0
,,1,37000.0,transaction,0.0,0.0,1.0,0.0,0.0,0.0,0.0,0.0,0.0,0.0,bank,app,sent_money,payment,company,CAD,1.0,1.0,1.0,1.0,0.0
,,1,,commerce,0.0,0.0,0.0,0.0,0.0,0.0,0.0,0.0,0.0,0.0,upi,phone,sent_money,payment,delivery_agent,unknown,0.0,1.0,0.5,0.5,0.0
,,1,,transaction,0.0,0.0,0.0,0.0,0.0,0.0,0.0,0.0,0.0,0.0,unknown,none,sent_money,payment,individual,unknown,0.8,1.0,0.0,0.0,0.0
,,1,,commerce,0.0,1.0,0.0,0.0,0.0,0.0,0.0,0.0,0.0,0.0,card,social_media,sent_money,payment,company,unknown,0.5,1.0,1.0,1.0,0.0
,,1,5.0,transaction,0.0,1.0,1.0,0.0,0.0,0.0,0.0,0.0,0.0,0.0,bank,sms,none,verification,credit_union,USD,0.8,1.0,0.0,1.0,0.0
,,1,,transaction,0.0,0.0,1.0,0.0,0.0,0.0,0.0,0.0,0.0,0.0,bank,email,sent_money,payment,company,unknown,0.8,1.0,0.0,1.0,0.0
,,1,,transaction,0.0,0.0,0.0,0.0,0.0,0.0,0.0,1.0,0.0,0.0,unknown,phone,none,unknown,unknown,unknown,1.0,1.0,0.0,0.0,0.0
,,1,8600.0,transaction,0.0,1.0,0.0,0.0,0.0,0.0,0.0,0.0,1.0,0.0,crypto,telegram,sent_money,transaction,unknown,USD,1.0,1.0,1.0,0.0,0.0
,,1,,transaction,0.0,0.0,0.0,0.0,0.0,0.0,0.0,0.0,1.0,0.0,unknown,social_media,clicked_link,none,unknown,unknown,0.8,1.0,0.0,0.0,0.0
,,1,,commerce,1.0,0.0,1.0,1.0,1.0,0.0,0.0,0.0,0.0,0.0,upi,website,sent_money,payment,company,unknown,0.9,1.0,1.0,1.0,0.0
,,1,,transaction,0.0,0.0,1.0,0.0,0.0,0.0,0.0,0.0,0.0,0.0,bank,sms,sent_money,transaction,government,unknown,0.8,1.0,0.0,1.0,0.0
,,1,,commerce,0.0,0.0,0.0,0.0,0.0,0.0,0.0,0.0,0.0,0.0,unknown,website,clicked_link,payment,company,unknown,0.9,1.0,1.0,1.0,0.0
,,1,1000.0,transaction,1.0,0.0,0.0,0.0,0.0,0.0,0.0,0.0,0.0,0.0,upi,sms,sent_money,payment,bank,INR,0.8,1.0,0.0,1.0,0.0
,,1,,transaction,0.0,0.0,1.0,0.0,0.0,0.0,0.0,0.0,0.0,0.0,bank,phone,none,transaction,bank,unknown,0.8,1.0,0.0,1.0,0.0
,,1,100.0,transaction,0.0,0.0,1.0,0.0,0.0,0.0,0.0,0.0,0.0,0.0,bank,sms,sent_money,transaction,robinhood,USD,0.8,1.0,0.0,1.0,0.0
,,1,,transaction,0.0,0.0,1.0,0.0,0.0,0.0,0.0,0.0,0.0,0.0,bank,text,sent_money,payment,none,unknown,0.8,1.0,1.0,0.0,0.0
,,1,,social_engineering,0.0,0.0,0.0,0.0,0.0,1.0,0.0,1.0,0.0,0.0,unknown,email,blocked_and_deleted,none,unknown,unknown,1.0,1.0,1.0,0.0,0.0
,,1,,commerce,0.0,0.0,1.0,0.0,0.0,0.0,0.0,0.0,0.0,0.0,bank,website,clicked_link,transaction,company,unknown,0.8,1.0,0.0,1.0,0.0
,,1,,transaction,0.0,1.0,0.0,0.0,0.0,0.0,0.0,0.0,0.0,0.0,crypto,website,clicked_link,trade,unknown,unknown,0.0,0.0,0.0,0.0,0.0
,,1,2000.0,transaction,0.0,0.0,1.0,0.0,0.0,0.0,0.0,0.0,1.0,0.0,bank,unknown,sent_money,payment,none,unknown,1.0,1.0,1.0,0.0,0.0
,,1,,transaction,0.0,0.0,1.0,0.0,0.0,0.0,0.0,0.0,0.0,0.0,bank,email,none,transaction,company,unknown,0.0,1.0,1.0,1.0,0.0
,,1,30000.0,transaction,0.0,0.0,1.0,0.0,0.0,0.0,0.0,0.0,0.0,0.0,bank,website,sent_money,transaction,bank,unknown,1.0,1.0,1.0,1.0,0.0
,,1,135.0,transaction,0.0,1.0,0.0,0.0,0.0,0.0,0.0,0.0,0.0,0.0,card,sms,sent_money,payment,bank,unknown,0.8,1.0,1.0,1.0,0.0
,,0,,none,0.0,0.0,0.0,0.0,0.0,0.0,0.0,0.0,0.0,0.0,unknown,website,clicked_link,none,company,unknown,0.0,0.0,0.0,1.0,0.0
,,1,,transaction,0.0,0.0,1.0,0.0,0.0,0.0,0.0,0.0,0.0,0.0,bank,email,sent_money,transaction,bank,unknown,0.9,1.0,0.0,1.0,0.0
,,1,500.0,transaction,0.0,0.0,1.0,0.0,0.0,0.0,0.0,1.0,0.0,0.0,bank,email,sent_money,verification,g2g,USD,1.0,1.0,1.0,0.0,0.0
,,1,,transaction,0.0,0.0,1.0,0.0,0.0,0.0,0.0,0.0,1.0,0.0,bank,sms,sent_money,payment,none,unknown,0.8,1.0,1.0,0.0,0.0
,,1,,transaction,1.0,0.0,0.0,1.0,0.0,0.0,0.0,0.0,0.0,0.0,upi,sms,sent_money,payment,company,INR,0.8,1.0,1.0,1.0,0.0
,,1,2.0,transaction,1.0,0.0,0.0,0.0,0.0,0.0,0.0,0.0,0.0,0.0,upi,email,received_money,none,unknown,INR,0.5,1.0,1.0,0.0,0.0
,,1,300.0,transaction,0.0,0.0,1.0,0.0,0.0,0.0,0.0,1.0,0.0,0.0,bank,phone,sent_money,payment,company,unknown,1.0,1.0,1.0,0.0,0.0
,,1,,social_engineering,0.0,0.0,0.0,0.0,0.0,0.0,1.0,1.0,0.0,0.0,unknown,phone,none,none,security_service,unknown,1.0,1.0,1.0,1.0,0.0
,,1,2.0,transaction,0.0,0.0,1.0,0.0,0.0,0.0,0.0,0.0,0.0,0.0,crypto,website,connected_wallets,transaction,unknown,SOL,0.9,1.0,1.0,0.0,0.0
,,1,,commerce,0.0,0.0,0.0,1.0,0.0,0.0,0.0,0.0,0.0,0.0,upi,unknown,sent_money,commerce,amazon,unknown,0.8,1.0,1.0,1.0,0.0
,,1,1000.0,transaction,0.0,1.0,1.0,0.0,0.0,0.0,0.0,1.0,0.0,0.0,bank,sms,sent_money,payment,landlord,unknown,1.0,1.0,1.0,1.0,0.0
,,1,1300.0,transaction,0.0,0.0,1.0,0.0,0.0,0.0,0.0,0.0,0.0,0.0,bank,email,sent_money,payment,company,DOLLARS,0.8,1.0,1.0,1.0,0.0
,,1,625.0,transaction,0.0,0.0,0.0,0.0,0.0,0.0,0.0,0.0,0.0,0.0,unknown,phone,none,payment,company,USD,0.8,1.0,0.0,1.0,0.0
,,1,,transaction,0.0,1.0,0.0,0.0,0.0,0.0,0.0,0.0,0.0,0.0,upi,email,sent_money,payment,bank,unknown,0.8,1.0,0.0,1.0,0.0
,,1,,social_engineering,0.0,0.0,0.0,0.0,0.0,1.0,0.0,1.0,0.0,0.0,none,email,none,credential,unknown,unknown,1.0,1.0,1.0,1.0,0.0
,,1,460000.0,transaction,1.0,0.0,0.0,0.0,0.0,0.0,0.0,0.0,0.0,0.0,upi,telegram,sent_money,payment,unknown,INR,1.0,1.0,1.0,0.0,0.0
,,0,,none,0.0,0.0,0.0,0.0,0.0,0.0,0.0,0.0,0.0,0.0,unknown,none,none,none,none,unknown,0.0,0.0,0.0,0.0,0.0
,,0,,none,0.0,0.0,0.0,0.0,0.0,0.0,0.0,0.0,0.0,0.0,unknown,sms,clicked_link,none,unknown,unknown,0.0,1.0,0.0,0.0,0.0
,,1,,transaction,0.0,0.0,1.0,0.0,0.0,0.0,0.0,1.0,0.0,0.0,bank,phone,sent_money,payment,u.s._treasury,unknown,1.0,1.0,1.0,1.0,0.0
,,1,,social_engineering,0.0,0.0,0.0,0.0,0.0,1.0,0.0,1.0,0.0,0.0,unknown,sms,none,none,unknown,unknown,1.0,1.0,1.0,0.0,0.0
,,1,,social_engineering,0.0,0.0,0.0,0.0,0.0,0.0,1.0,1.0,1.0,0.0,crypto,social_media,installed_app,payment,individual,unknown,1.0,1.0,1.0,1.0,0.0
,,1,100.0,transaction,0.0,1.0,0.0,0.0,0.0,0.0,0.0,0.0,0.0,0.0,card,website,used_credentials,payment,individual,USD,0.8,1.0,0.0,0.0,0.0
,,1,,transaction,0.0,1.0,0.0,0.0,0.0,0.0,0.0,0.0,0.0,0.0,card,unknown,sent_money,none,unknown,unknown,0.0,0.0,1.0,0.0,0.0
,,1,100.0,transaction,0.0,0.0,1.0,0.0,0.0,0.0,0.0,0.0,0.0,0.0,bank,website,deposited_money,investment,company,USD,0.0,0.0,0.0,1.0,0.0
,,1,,transaction,1.0,0.0,0.0,0.0,0.0,0.0,1.0,1.0,0.0,0.0,upi,sms,sent_money,payment,bank,unknown,1.0,1.0,1.0,1.0,0.0
,,1,,transaction,0.0,0.0,1.0,0.0,0.0,0.0,0.0,0.0,1.0,0.0,bank,sms,sent_money,transaction,company,EUR,0.9,1.0,1.0,1.0,0.0
,,1,1900.0,commerce,0.0,0.0,0.0,1.0,0.0,0.0,0.0,0.0,0.0,0.0,upi,phone,sent_money,payment,company,INR,0.8,1.0,1.0,0.0,0.0
,,1,1000.0,transaction,0.0,0.0,1.0,0.0,0.0,0.0,0.0,0.0,0.0,0.0,bank,website,sent_money,transaction,company,unknown,0.9,1.0,0.0,1.0,0.0
,,1,,transaction,0.0,0.0,1.0,0.0,0.0,0.0,0.0,0.0,0.0,0.0,bank,phone,none,payment,company,unknown,0.9,1.0,0.0,1.0,0.0
,,1,,transaction,1.0,0.0,0.0,0.0,0.0,0.0,0.0,0.0,0.0,0.0,upi,sms,sent_money,payment,individual,unknown,0.9,1.0,1.0,0.0,0.0
,,1,206.0,commerce,0.0,0.0,0.0,1.0,0.0,0.0,0.0,0.0,0.0,0.0,upi,app,installed_app,commerce,company,INR,1.0,1.0,0.0,1.0,0.0
,,1,8000.0,transaction,0.0,1.0,0.0,0.0,0.0,0.0,0.0,0.0,0.0,0.0,card,sms,sent_money,payment,none,unknown,1.0,1.0,1.0,0.0,0.0
,,1,,transaction,1.0,0.0,0.0,0.0,0.0,0.0,1.0,1.0,0.0,0.0,upi,email,sent_money,payment,bank,unknown,0.9,1.0,1.0,1.0,0.0
,,1,,transaction,0.0,0.0,1.0,0.0,0.0,0.0,0.0,0.0,0.0,0.0,bank,phone,shared_credentials,transaction,bank,unknown,0.9,1.0,1.0,1.0,0.0
,,1,400.0,transaction,0.0,0.0,1.0,0.0,0.0,0.0,0.0,0.0,0.0,0.0,bank,social_media,sent_money,payment,none,USD,1.0,1.0,1.0,0.0,0.0
,,1,,transaction,1.0,0.0,0.0,0.0,0.0,0.0,1.0,1.0,0.0,0.0,upi,email,sent_money,payment,bank,unknown,0.8,1.0,1.0,1.0,0.0
,,1,,commerce,0.0,1.0,0.0,0.0,0.0,0.0,0.0,0.0,0.0,0.0,card,phone,shared_credentials,sale,none,unknown,0.9,1.0,1.0,0.0,0.0
,,0,,none,0.0,0.0,0.0,0.0,0.0,0.0,0.0,0.0,0.0,0.0,upi,sms,sent_money,verification,bank,unknown,0.0,1.0,0.0,1.0,0.0
,,1,500.0,transaction,0.0,1.0,0.0,0.0,0.0,0.0,0.0,0.0,0.0,0.0,gift_card,in_person,purchased,transaction,unknown,USD,1.0,1.0,1.0,0.0,0.0
,,1,1877.0,transaction,0.0,0.0,1.0,0.0,0.0,0.0,0.0,0.0,0.0,0.0,bank,email,sent_money,payment,individual,USD,0.9,1.0,0.0,0.0,0.0
,,1,,transaction,0.0,0.0,0.0,0.0,0.0,0.0,0.0,0.0,1.0,0.0,unknown,website,clicked_link,transaction,none,unknown,0.9,1.0,0.0,0.0,0.0
,,1,,transaction,0.0,0.0,1.0,0.0,0.0,0.0,0.0,0.0,0.0,0.0,bank,email,clicked_link,transaction,company,unknown,0.9,1.0,0.0,1.0,0.0
,,1,,transaction,0.0,0.0,1.0,0.0,0.0,0.0,0.0,0.0,1.0,0.0,bank,website,clicked_link,transaction,company,unknown,0.8,1.0,1.0,1.0,0.0
,,1,,commerce,0.0,0.0,0.0,0.0,0.0,0.0,0.0,0.0,0.0,0.0,unknown,unknown,unknown,unknown,unknown,unknown,0.0,0.0,0.0,0.0,0.0
,,1,,transaction,0.0,0.0,0.0,0.0,0.0,0.0,0.0,0.0,0.0,0.0,crypto,website,transferring,transaction,unknown,unknown,0.9,1.0,1.0,0.0,0.0
,,1,4995.0,transaction,1.0,0.0,0.0,0.0,0.0,0.0,0.0,0.0,0.0,0.0,upi,phone,sent_money,payment,unknown,INR,0.8,1.0,0.0,0.0,0.0
,,1,250.0,transaction,0.0,1.0,1.0,0.0,0.0,0.0,0.0,1.0,1.0,0.0,bank,phone,sent_money,payment,company,USD,1.0,1.0,1.0,0.0,0.0
,,1,100.0,transaction,1.0,0.0,0.0,1.0,0.0,0.0,0.0,0.0,0.0,0.0,upi,phone,sent_money,payment,company,INR,0.5,1.0,0.0,1.0,0.0
,,1,,transaction,0.0,0.0,1.0,0.0,0.0,0.0,0.0,0.0,0.0,0.0,bank,website,sent_money,payment,company,unknown,0.8,1.0,0.0,1.0,0.0
,,1,,transaction,0.0,1.0,0.0,0.0,0.0,0.0,0.0,0.0,1.0,0.0,crypto,app,installed_app,transaction,none,unknown,0.9,1.0,1.0,0.0,0.0
,,1,,transaction,1.0,0.0,0.0,0.0,0.0,0.0,0.0,0.0,1.0,0.0,upi,social_media,sent_money,payment,individual,unknown,0.8,1.0,1.0,0.0,0.0
,,0,,none,0.0,0.0,0.0,0.0,0.0,0.0,0.0,0.0,0.0,0.0,unknown,email,none,verification,breed_association,unknown,0.0,0.0,0.0,1.0,0.0
,,1,,social_engineering,0.0,0.0,0.0,0.0,0.0,1.0,0.0,0.0,0.0,0.0,unknown,email,opened_email,none,skrill,unknown,0.0,1.0,1.0,1.0,0.0
,,1,250.0,transaction,0.0,1.0,0.0,0.0,0.0,0.0,0.0,0.0,0.0,0.0,card,unknown,inserted_card,payment,none,USD,0.8,1.0,1.0,0.0,0.0
,,1,,social_engineering,0.0,0.0,0.0,0.0,0.0,1.0,0.0,0.0,0.0,0.0,unknown,email,shared_credentials,none,company,unknown,0.9,1.0,1.0,1.0,0.0
,,1,,transaction,0.0,1.0,1.0,0.0,0.0,0.0,0.0,0.0,0.0,0.0,bank,phone,shared_credentials,transaction,none,unknown,0.9,1.0,1.0,0.0,0.0
,,1,,transaction,0.0,1.0,0.0,0.0,0.0,0.0,0.0,0.0,0.0,0.0,bank,email,sent_money,payment,individual,unknown,0.8,1.0,1.0,1.0,0.0
,,1,,transaction,0.0,1.0,0.0,0.0,0.0,0.0,0.0,0.0,0.0,0.0,upi,sms,sent_money,payment,company,unknown,0.8,1.0,0.0,1.0,0.0
,,1,80.0,transaction,0.0,0.0,1.0,0.0,0.0,0.0,0.0,0.0,1.0,0.0,crypto,website,none,transaction,exchange,USD,1.0,1.0,1.0,1.0,0.0
,,1,1.0,social_engineering,0.0,0.0,0.0,0.0,0.0,1.0,0.0,0.0,0.0,0.0,crypto,phone,sent_money,transaction,coinbase,USD,0.9,1.0,1.0,1.0,0.0
,,1,25.0,commerce,0.0,0.0,0.0,0.0,1.0,0.0,0.0,0.0,0.0,0.0,card,email,sent_money,payment,company,USD,0.0,0.0,0.0,1.0,0.0
,,1,,commerce,0.0,0.0,0.0,1.0,1.0,0.0,0.0,0.0,0.0,0.0,bank,sms,sent_money,commerce,artist,unknown,0.8,1.0,0.0,0.0,0.0
,,1,,social_engineering,0.0,0.0,0.0,0.0,0.0,0.0,1.0,1.0,0.0,0.0,unknown,phone,none,none,company,unknown,1.0,1.0,1.0,1.0,0.0
,,1,3600.0,transaction,1.0,0.0,1.0,0.0,0.0,0.0,0.0,0.0,0.0,0.0,upi,email,sent_money,payment,paypal,USD,1.0,1.0,1.0,1.0,0.0
,,1,,transaction,0.0,0.0,1.0,0.0,0.0,0.0,0.0,0.0,1.0,0.0,bank,website,sent_money,payment,company,unknown,0.9,1.0,1.0,1.0,0.0
,,1,10.0,transaction,0.0,1.0,0.0,0.0,0.0,0.0,0.0,0.0,0.0,0.0,card,phone,none,payment,car_rental_company,USD,0.8,0.8,0.0,0.0,0.0
,,1,,transaction,0.0,0.0,0.0,0.0,0.0,0.0,0.0,0.0,0.0,0.0,crypto,website,installed_app,none,unknown,unknown,0.0,0.0,1.0,0.0,0.0
,,1,,transaction,0.0,0.0,0.0,0.0,0.0,0.0,0.0,0.0,0.0,0.0,unknown,telegram,sent_money,payment,individual,unknown,0.8,1.0,0.0,0.0,0.0
,,1,,transaction,0.0,0.0,1.0,0.0,0.0,0.0,0.0,0.0,0.0,0.0,bank,website,clicked_link,transaction,company,unknown,0.9,1.0,0.0,1.0,0.0
,,0,,none,0.0,0.0,0.0,0.0,0.0,0.0,0.0,0.0,0.0,0.0,unknown,social_media,sent_money,payment,individual,unknown,0.0,1.0,0.0,0.0,0.0
,,1,,transaction,0.0,1.0,0.0,0.0,0.0,0.0,0.0,0.0,0.0,0.0,unknown,website,clicked_link,none,company,unknown,0.9,1.0,0.0,0.0,0.0
,,0,,none,0.0,0.0,0.0,0.0,0.0,0.0,0.0,0.0,0.0,0.0,unknown,sms,sent_money,payment,none,unknown,0.0,0.0,0.0,0.0,0.0
,,1,,social_engineering,0.0,0.0,0.0,0.0,0.0,0.0,1.0,1.0,0.0,0.0,unknown,sms,installed_app,download,individual,unknown,1.0,1.0,1.0,1.0,0.0
,,1,2500.0,transaction,0.0,0.0,0.0,0.0,0.0,1.0,0.0,0.0,0.0,0.0,unknown,email,shared_credentials,none,unknown,USD,1.0,1.0,1.0,0.0,0.0
,,1,,transaction,0.0,0.0,1.0,0.0,0.0,0.0,0.0,0.0,0.0,0.0,bank,sms,sent_money,transaction,company,unknown,0.8,1.0,0.0,1.0,0.0
,,1,,commerce,0.0,0.0,0.0,1.0,0.0,0.0,0.0,0.0,0.0,0.0,upi,website,sent_money,payment,company,unknown,0.9,1.0,1.0,0.0,0.0
,,1,,transaction,0.0,0.0,1.0,0.0,0.0,0.0,0.0,0.0,0.0,0.0,bank,email,sent_money,payment,company,unknown,0.0,1.0,1.0,1.0,0.0
,,1,100.0,transaction,0.0,0.0,0.0,0.0,0.0,0.0,0.0,0.0,0.0,0.0,upi,website,joined,transaction,none,USD,0.5,1.0,0.0,0.0,0.0
,,1,100.0,transaction,0.0,0.0,1.0,0.0,0.0,0.0,0.0,0.0,0.0,0.0,bank,sms,sent_money,payment,none,unknown,0.5,1.0,0.0,0.0,0.0
,,1,700000.0,commerce,0.0,0.0,1.0,1.0,0.0,0.0,0.0,0.0,1.0,0.0,bank,phone,paid,payment,company,INR,1.0,1.0,1.0,0.0,0.0
,,1,,transaction,0.0,1.0,0.0,0.0,0.0,0.0,0.0,0.0,0.0,0.0,card,website,clicked_link,transaction,unknown,unknown,0.8,1.0,0.0,0.0,0.0
,,1,400.0,transaction,0.0,1.0,0.0,0.0,0.0,0.0,0.0,0.0,0.0,0.0,card,website,clicked_link,payment,bank,unknown,1.0,1.0,1.0,1.0,0.0
,,1,18000.0,transaction,0.0,0.0,1.0,0.0,0.0,0.0,0.0,0.0,0.0,0.0,bank,phone,sent_money,transaction,bank,INR,0.9,1.0,1.0,1.0,0.0
,,1,5000.0,transaction,0.0,0.0,1.0,0.0,0.0,0.0,0.0,1.0,0.0,0.0,bank,phone,sent_money,payment,cartel,USD,1.0,1.0,1.0,1.0,0.0
,,1,500.0,transaction,1.0,1.0,1.0,0.0,0.0,0.0,0.0,0.0,0.0,0.0,upi,sms,sent_money,payment,bank,unknown,1.0,1.0,0.0,1.0,0.0
,,1,20000.0,transaction,1.0,0.0,0.0,0.0,0.0,0.0,0.0,0.0,0.0,0.0,upi,sms,sent_money,payment,unknown,unknown,1.0,1.0,0.0,0.0,0.0
,,1,2145.0,commerce,0.0,0.0,0.0,1.0,0.0,0.0,0.0,0.0,0.0,0.0,upi,email,sent_money,payment,company,INR,0.8,0.8,0.0,0.0,0.0
,,0,,none,0.0,0.0,0.0,1.0,0.0,0.0,0.0,0.0,0.0,0.0,upi,unknown,sent_money,payment,none,unknown,0.0,1.0,0.0,0.0,0.0
,,1,120.0,commerce,0.0,1.0,0.0,0.0,0.0,0.0,0.0,0.0,0.0,0.0,gift_card,website,used_gift_card,transaction,starbucks,USD,0.5,0.0,0.0,1.0,0.0
,,1,,social_engineering,0.0,0.0,0.0,0.0,0.0,0.0,1.0,1.0,0.0,0.0,unknown,sms,none,none,individual,unknown,1.0,1.0,1.0,1.0,0.0
,,1,400.0,transaction,0.0,1.0,0.0,0.0,0.0,0.0,0.0,0.0,0.0,0.0,card,unknown,sent_money,payment,none,USD,1.0,1.0,0.0,0.0,0.0
,,1,,transaction,0.0,0.0,0.0,1.0,0.0,0.0,0.0,0.0,1.0,0.0,none,email,clicked_link,verification,unknown,unknown,0.9,1.0,1.0,0.0,0.0
,,1,20.0,commerce,0.0,0.0,0.0,1.0,0.0,0.0,0.0,0.0,0.0,0.0,crypto,website,sent_money,subscription,none,USD,0.0,0.0,0.0,0.0,0.0
,,1,,transaction,0.0,0.0,1.0,0.0,0.0,0.0,0.0,0.0,0.0,0.0,bank,phone,sent_money,payment,none,unknown,0.8,1.0,0.0,0.0,0.0
,,1,550.0,transaction,0.0,1.0,0.0,0.0,0.0,0.0,0.0,0.0,0.0,0.0,card,email,sent_money,payment,company,USD,0.8,1.0,1.0,1.0,0.0
,,1,2800000.0,transaction,1.0,0.0,1.0,0.0,0.0,0.0,0.0,0.0,1.0,0.0,bank,telegram,sent_money,payment,none,PKR,1.0,1.0,1.0,0.0,0.0
,,1,,social_engineering,0.0,0.0,0.0,0.0,0.0,1.0,0.0,0.0,0.0,0.0,unknown,social_media,clicked_link,none,individual,unknown,0.8,1.0,1.0,0.0,0.0
,,1,360.0,transaction,1.0,0.0,0.0,0.0,0.0,0.0,0.0,0.0,0.0,0.0,upi,phone,sent_money,payment,individual,INR,1.0,1.0,1.0,0.0,0.0
,,0,,none,0.0,0.0,0.0,0.0,0.0,0.0,0.0,0.0,1.0,0.0,unknown,website,none,none,none,unknown,0.0,0.0,0.0,0.0,0.0
,,1,2500.0,transaction,0.0,0.0,1.0,0.0,0.0,0.0,0.0,0.0,0.0,0.0,bank,email,sent_money,payment,company,INR,0.8,1.0,1.0,1.0,0.0
,,1,,transaction,0.0,0.0,1.0,0.0,0.0,0.0,0.0,0.0,0.0,0.0,bank,none,shared_credentials,verification,company,unknown,0.0,1.0,0.0,0.0,0.0
,,1,,social_engineering,0.0,0.0,0.0,0.0,0.0,1.0,0.0,0.0,0.0,0.0,unknown,email,clicked_link,credential,company,unknown,0.8,1.0,1.0,1.0,0.0
,,1,,transaction,0.0,0.0,1.0,0.0,0.0,0.0,0.0,1.0,1.0,0.0,bank,sms,sent_money,payment,individual,unknown,1.0,1.0,1.0,0.0,0.0
,,1,,transaction,0.0,0.0,0.0,0.0,0.0,0.0,0.0,0.0,0.0,0.0,crypto,app,installed_app,none,unknown,unknown,0.0,1.0,1.0,0.0,0.0
,,1,,commerce,0.0,0.0,1.0,1.0,1.0,0.0,0.0,0.0,0.0,0.0,bank,email,sent_money,payment,company,unknown,0.8,1.0,1.0,1.0,0.0
,,1,,transaction,0.0,0.0,1.0,0.0,0.0,0.0,0.0,0.0,0.0,0.0,bank,phone,sent_money,payment,company,unknown,0.9,1.0,0.0,0.0,0.0
,,1,100.0,transaction,0.0,0.0,1.0,0.0,0.0,0.0,0.0,0.0,0.0,0.0,bank,email,sent_money,payment,company,unknown,0.5,1.0,0.0,1.0,0.0
,,1,,transaction,0.0,0.0,0.0,0.0,0.0,0.0,0.0,0.0,0.0,0.0,crypto,email,sent_money,payment,company,unknown,0.9,1.0,0.0,1.0,0.0
,,1,,commerce,0.0,1.0,0.0,0.0,0.0,0.0,0.0,0.0,0.0,0.0,card,website,sent_money,payment,courier,unknown,0.0,1.0,0.0,0.0,0.0
,,1,,social_engineering,0.0,0.0,0.0,0.0,0.0,0.0,1.0,1.0,0.0,0.0,unknown,sms,none,none,bank,unknown,1.0,1.0,1.0,1.0,0.0
,,1,180.0,transaction,1.0,0.0,1.0,0.0,0.0,0.0,0.0,0.0,0.0,0.0,upi,sms,sent_money,payment,bank,USD,0.95,1.0,0.0,1.0,0.0
,,1,,commerce,0.0,1.0,0.0,0.0,0.0,0.0,0.0,0.0,0.0,0.0,card,website,sent_money,payment,company,unknown,0.9,1.0,1.0,1.0,0.0
,,0,,none,0.0,0.0,0.0,0.0,0.0,0.0,0.0,0.0,0.0,0.0,unknown,email,received_money,none,unknown,unknown,0.0,1.0,0.0,0.0,0.0
,,1,6.0,transaction,0.0,1.0,0.0,0.0,0.0,0.0,0.0,0.0,0.0,0.0,card,website,clicked_link,payment,individual,USD,0.5,1.0,0.0,0.0,0.0
,,1,496.0,transaction,0.0,0.0,1.0,0.0,0.0,0.0,0.0,0.0,0.0,0.0,bank,email,sent_money,transaction,individual,USD,0.8,1.0,1.0,0.0,0.0
,,1,,transaction,0.0,0.0,1.0,0.0,0.0,0.0,0.0,0.0,0.0,0.0,bank,email,clicked_link,payment,company,unknown,0.9,1.0,1.0,1.0,0.0
,,1,,commerce,0.0,0.0,0.0,1.0,1.0,0.0,0.0,0.0,0.0,0.0,upi,website,sent_money,payment,company,unknown,0.8,1.0,0.0,1.0,0.0
,,1,3000.0,transaction,0.0,0.0,1.0,0.0,0.0,0.0,0.0,0.0,1.0,0.0,bank,website,funded_account,verification,notlex.com,USD,1.0,1.0,1.0,1.0,0.0
,,1,85000.0,transaction,1.0,0.0,0.0,0.0,0.0,0.0,0.0,0.0,0.0,0.0,upi,sms,sent_money,payment,bank,INR,1.0,1.0,1.0,1.0,0.0
,,1,,transaction,0.0,1.0,0.0,0.0,0.0,0.0,0.0,0.0,0.0,0.0,card,social_media,clicked_link,payment,company,unknown,0.0,1.0,0.0,1.0,0.0
,,1,29000.0,transaction,1.0,0.0,0.0,0.0,0.0,0.0,0.0,0.0,1.0,0.0,upi,telegram,sent_money,payment,unknown,INR,1.0,1.0,1.0,0.0,0.0
,,1,,commerce,0.0,0.0,0.0,1.0,1.0,0.0,0.0,0.0,0.0,0.0,upi,website,clicked_link,commerce,company,unknown,0.9,1.0,0.0,1.0,0.0
,,1,2000.0,commerce,0.0,0.0,0.0,1.0,1.0,0.0,0.0,0.0,0.0,0.0,upi,phone,sent_money,payment,seller,INR,1.0,1.0,0.0,0.0,0.0
,,1,3500.0,transaction,0.0,0.0,1.0,0.0,0.0,0.0,0.0,0.0,0.0,0.0,bank,website,sent_money,payment,real_estate_company,USD,1.0,1.0,1.0,1.0,0.0
,,1,,transaction,1.0,0.0,0.0,0.0,0.0,0.0,0.0,0.0,0.0,0.0,upi,sms,sent_money,payment,bank,unknown,0.9,1.0,0.0,1.0,0.0
,,1,,transaction,0.0,0.0,1.0,0.0,0.0,0.0,0.0,0.0,0.0,0.0,bank,phone,installed_app,transaction,india_post,unknown,0.9,1.0,0.0,1.0,0.0
,,1,5000.0,transaction,0.0,0.0,1.0,0.0,0.0,0.0,0.0,0.0,0.0,0.0,bank,email,sent_money,payment,unknown,USD,1.0,1.0,0.0,0.0,0.0
,,1,300.0,transaction,0.0,0.0,1.0,0.0,0.0,0.0,0.0,0.0,0.0,0.0,bank,telegram,sent_money,investment,unknown,unknown,1.0,1.0,1.0,0.0,0.0
,,1,500000.0,transaction,0.0,0.0,1.0,0.0,0.0,0.0,0.0,0.0,1.0,0.0,bank,phone,sent_money,payment,insurance_company,INR,1.0,1.0,0.0,1.0,0.0
,,1,,meta,0.0,0.0,0.0,0.0,0.0,0.0,0.0,0.0,1.0,0.0,unknown,none,none,none,none,unknown,0.0,1.0,0.0,0.0,0.0
,,1,,transaction,1.0,0.0,1.0,0.0,0.0,0.0,0.0,1.0,1.0,0.0,upi,sms,sent_money,payment,none,unknown,1.0,1.0,1.0,0.0,0.0
,,1,,transaction,1.0,0.0,0.0,0.0,0.0,0.0,0.0,0.0,0.0,0.0,upi,sms,sent_money,payment,bank,unknown,0.8,1.0,0.0,1.0,0.0
,,1,,transaction,0.0,0.0,1.0,0.0,0.0,0.0,0.0,0.0,0.0,0.0,bank,website,sent_money,payment,company,unknown,0.9,1.0,1.0,1.0,0.0
,,1,2000.0,transaction,0.0,0.0,1.0,0.0,0.0,0.0,0.0,0.0,1.0,0.0,bank,sms,sent_money,payment,military,USD,1.0,1.0,1.0,1.0,0.0
,,1,,transaction,0.0,0.0,0.0,0.0,0.0,0.0,0.0,0.0,0.0,0.0,crypto,sms,sent_money,payment,unknown,unknown,0.0,1.0,0.0,0.0,0.0
,,1,5000.0,transaction,1.0,0.0,0.0,0.0,0.0,0.0,1.0,1.0,0.0,0.0,upi,email,sent_money,payment,company,INR,1.0,1.0,1.0,1.0,0.0
,,1,,transaction,0.0,1.0,0.0,0.0,0.0,0.0,0.0,0.0,0.0,0.0,card,sms,sent_money,payment,bank,unknown,0.8,1.0,1.0,1.0,0.0
,,1,1200.0,transaction,0.0,0.0,0.0,0.0,0.0,0.0,0.0,0.0,0.0,0.0,crypto,website,invested,payment,unknown,unknown,0.9,1.0,1.0,0.0,0.0
,,1,,transaction,0.0,0.0,0.0,0.0,0.0,0.0,0.0,0.0,0.0,0.0,unknown,website,clicked_link,none,company,unknown,0.9,1.0,0.0,1.0,0.0
,,1,,transaction,0.0,1.0,0.0,0.0,0.0,0.0,0.0,0.0,0.0,0.0,card,phone,sent_money,payment,company,unknown,0.8,1.0,0.0,0.0,0.0
,,1,,transaction,1.0,0.0,0.0,0.0,0.0,0.0,1.0,1.0,0.0,0.0,upi,sms,sent_money,payment,bank,unknown,1.0,1.0,1.0,1.0,0.0
,,1,350000.0,transaction,0.0,0.0,1.0,0.0,0.0,0.0,0.0,0.0,1.0,0.0,bank,unknown,sent_money,payment,none,unknown,1.0,1.0,1.0,0.0,0.0
,,1,,credential,0.0,0.0,0.0,0.0,0.0,1.0,0.0,0.0,0.0,0.0,upi,website,clicked_link,credential,unknown,unknown,0.8,1.0,1.0,0.0,0.0
,,1,,transaction,0.0,0.0,1.0,0.0,0.0,0.0,0.0,0.0,0.0,0.0,bank,email,sent_money,payment,company,unknown,0.9,1.0,0.0,0.0,0.0
,,1,1.95,transaction,0.0,1.0,1.0,0.0,0.0,0.0,0.0,0.0,0.0,0.0,bank,website,sent_money,payment,company,USD,0.7,1.0,0.0,1.0,0.0
,,1,,meta,0.0,0.0,0.0,0.0,0.0,0.0,0.0,0.0,1.0,0.0,crypto,website,installed_app,commerce,company,unknown,0.0,0.0,0.0,1.0,0.0
,,1,,transaction,0.0,0.0,1.0,0.0,0.0,0.0,0.0,0.0,1.0,0.0,bank,website,sent_money,payment,company,unknown,0.9,1.0,0.0,1.0,0.0
,,1,,transaction,0.0,0.0,1.0,0.0,0.0,0.0,0.0,0.0,1.0,0.0,bank,website,sent_money,account_lock,none,unknown,0.8,1.0,1.0,0.0,0.0
,,1,,commerce,0.0,1.0,0.0,0.0,0.0,0.0,0.0,0.0,0.0,0.0,card,website,clicked_link,payment,company,unknown,0.0,1.0,1.0,1.0,0.0
,,0,,none,0.0,0.0,0.0,0.0,0.0,0.0,0.0,0.0,0.0,0.0,unknown,social_media,clicked_link,none,unknown,unknown,0.0,0.0,0.0,0.0,0.0
,,1,,transaction,1.0,0.0,0.0,0.0,0.0,0.0,1.0,1.0,0.0,0.0,upi,phone,sent_money,payment,bank,unknown,1.0,1.0,1.0,1.0,0.0
,,1,,transaction,0.0,0.0,1.0,0.0,0.0,0.0,0.0,0.0,1.0,0.0,bank,website,deposited_money,investment,broker,unknown,0.9,1.0,1.0,1.0,0.0
,,1,2.5,transaction,0.0,0.0,1.0,0.0,0.0,0.0,1.0,1.0,1.0,0.0,bank,phone,sent_money,payment,government,USD,1.0,1.0,1.0,1.0,0.0
,,1,1500.0,transaction,0.0,0.0,1.0,0.0,0.0,0.0,0.0,0.0,0.0,0.0,bank,email,sent_money,payment,company,USDT,0.8,1.0,0.0,1.0,0.0
,,1,,transaction,0.0,1.0,0.0,0.0,0.0,0.0,0.0,0.0,0.0,0.0,card,email,sent_money,payment,company,unknown,0.9,1.0,1.0,1.0,0.0
,,1,,social_engineering,0.0,0.0,0.0,0.0,0.0,1.0,0.0,0.0,0.0,0.0,unknown,email,clicked_link,download,individual,unknown,0.8,1.0,0.0,0.0,0.0
,,1,,transaction,0.0,0.0,1.0,0.0,0.0,0.0,0.0,0.0,1.0,0.0,bank,unknown,sent_money,transaction,company,unknown,0.9,1.0,1.0,0.0,0.0
,,1,,commerce,0.0,0.0,1.0,0.0,0.0,0.0,0.0,0.0,0.0,0.0,bank,email,sent_money,commerce,company,unknown,0.8,1.0,0.0,1.0,0.0
,,1,475.0,transaction,0.0,0.0,0.0,0.0,0.0,0.0,0.0,0.0,0.0,0.0,crypto,website,sent_money,payment,unknown,USD,0.8,1.0,1.0,0.0,0.0
,,1,,transaction,1.0,0.0,0.0,0.0,0.0,0.0,1.0,1.0,1.0,0.0,upi,social_media,sent_money,payment,bank,unknown,1.0,1.0,1.0,1.0,0.0
,,0,,none,0.0,0.0,0.0,0.0,0.0,0.0,0.0,0.0,0.0,0.0,unknown,phone,sent_money,payment,none,unknown,0.0,1.0,0.0,0.0,0.0
,,1,500.0,transaction,0.0,0.0,1.0,0.0,0.0,0.0,0.0,0.0,0.0,0.0,bank,email,deposited,payment,none,unknown,1.0,1.0,1.0,0.0,0.0
,,1,,social_engineering,0.0,0.0,0.0,0.0,0.0,0.0,0.0,1.0,0.0,0.0,unknown,social_media,none,none,individual,unknown,1.0,1.0,1.0,0.0,0.0
,,1,1900.0,commerce,0.0,0.0,0.0,1.0,0.0,0.0,0.0,0.0,0.0,0.0,upi,phone,sent_money,payment,company,INR,0.8,0.8,0.0,0.0,0.0
,,1,5500.0,transaction,0.0,0.0,1.0,0.0,0.0,0.0,0.0,0.0,1.0,0.0,bank,none,sent_money,transaction,company,USD,1.0,1.0,1.0,1.0,0.0
,,1,,transaction,0.0,0.0,1.0,0.0,0.0,0.0,0.0,0.0,1.0,0.0,bank,social_media,sent_money,payment,none,unknown,0.9,1.0,1.0,0.0,0.0
,,1,1000.0,transaction,0.0,1.0,0.0,0.0,0.0,0.0,0.0,0.0,0.0,0.0,crypto,website,deposited,payment,company,USD,0.9,1.0,1.0,1.0,1.0
,,1,,transaction,0.0,1.0,0.0,0.0,0.0,0.0,0.0,0.0,0.0,0.0,card,phone,sent_money,payment,bank,unknown,0.8,1.0,1.0,1.0,0.0
,,1,,social_engineering,0.0,0.0,0.0,0.0,0.0,1.0,0.0,0.0,0.0,0.0,unknown,social_media,shared_credentials,none,individual,unknown,0.8,1.0,1.0,0.0,0.0
,,1,,transaction,0.0,0.0,1.0,0.0,0.0,0.0,0.0,0.0,0.0,0.0,bank,telegram,deposited,withdrawal,unknown,unknown,0.5,1.0,1.0,0.0,0.0
,,1,,transaction,0.0,1.0,0.0,0.0,0.0,0.0,0.0,0.0,0.0,0.0,card,unknown,clicked_link,payment,none,unknown,0.0,0.0,0.0,0.0,0.0
,,1,,transaction,0.0,0.0,1.0,0.0,0.0,0.0,0.0,0.0,0.0,0.0,bank,email,none,verification,unknown,unknown,0.8,1.0,1.0,0.0,0.0
,,1,40.0,transaction,0.0,0.0,1.0,0.0,0.0,0.0,0.0,0.0,1.0,0.0,bank,email,sent_money,payment,unknown,USD,1.0,1.0,0.0,0.0,0.0
,,1,375.0,transaction,0.0,0.0,1.0,0.0,1.0,0.0,0.0,0.0,0.0,0.0,bank,email,sent_money,payment,unknown,USD,0.9,1.0,0.0,0.0,0.0
,,1,80000.0,transaction,1.0,0.0,0.0,0.0,0.0,0.0,0.0,1.0,0.0,0.0,upi,phone,sent_money,payment,individual,INR,1.0,1.0,1.0,0.0,0.0
,,0,,none,0.0,0.0,0.0,0.0,0.0,0.0,1.0,0.0,0.0,0.0,unknown,phone,none,none,company,unknown,0.0,1.0,0.0,1.0,0.0
,,1,15.0,transaction,0.0,0.0,0.0,0.0,0.0,0.0,0.0,0.0,0.0,0.0,crypto,unknown,none,none,unknown,BTC,0.0,0.0,0.0,0.0,0.0
,,1,,commerce,0.0,0.0,0.0,0.0,0.0,0.0,0.0,0.0,0.0,0.0,unknown,social_media,sent_money,commerce,none,unknown,0.0,1.0,0.0,0.0,0.0
,,1,,transaction,1.0,0.0,0.0,0.0,0.0,0.0,0.0,0.0,0.0,0.0,upi,sms,sent_money,payment,bank,unknown,0.8,1.0,0.0,1.0,0.0
,,1,40.0,transaction,0.0,1.0,0.0,0.0,0.0,0.0,0.0,0.0,0.0,0.0,card,website,clicked_link,payment,company,USD,0.8,1.0,1.0,1.0,0.0
,,1,30000.0,transaction,1.0,0.0,0.0,0.0,0.0,0.0,0.0,1.0,0.0,0.0,upi,sms,sent_money,payment,unknown,INR,1.0,1.0,1.0,0.0,0.0
,,1,,transaction,0.0,0.0,1.0,0.0,0.0,0.0,0.0,0.0,1.0,0.0,bank,website,clicked_link,transaction,crypto_exchange,unknown,0.9,1.0,0.0,0.0,0.0
,,1,,transaction,0.0,1.0,1.0,0.0,0.0,0.0,0.0,0.0,0.0,0.0,bank,phone,sent_money,transaction,bank,unknown,0.8,1.0,1.0,1.0,0.0
,,1,,commerce,0.0,0.0,0.0,1.0,0.0,0.0,0.0,0.0,0.0,0.0,unknown,website,sent_money,payment,company,unknown,0.8,1.0,1.0,0.0,0.0
,,1,80.0,transaction,0.0,1.0,0.0,0.0,0.0,0.0,0.0,0.0,0.0,0.0,card,email,clicked_link,payment,unknown,USD,0.5,1.0,0.0,0.0,0.0
,,1,4000.0,transaction,0.0,0.0,1.0,0.0,0.0,0.0,0.0,0.0,1.0,0.0,bank,website,deposited_money,transaction,none,EUR,1.0,1.0,1.0,0.0,0.0
,,1,3400.0,social_engineering,0.0,0.0,0.0,0.0,0.0,1.0,0.0,0.0,0.0,0.0,crypto,email,sent_money,payment,individual,USD,1.0,1.0,1.0,0.0,0.0
,,1,200000.0,transaction,0.0,0.0,1.0,0.0,0.0,0.0,0.0,1.0,0.0,0.0,bank,social_media,sent_money,payment,unknown,unknown,1.0,1.0,0.0,0.0,0.0
,,1,100000.0,transaction,0.0,0.0,1.0,0.0,0.0,0.0,0.0,0.0,1.0,0.0,bank,phone,sent_money,payment,none,INR,0.8,1.0,1.0,0.0,0.0
,,1,,commerce,0.0,1.0,0.0,0.0,0.0,0.0,0.0,0.0,0.0,0.0,card,social_media,sent_money,payment,individual,unknown,0.5,1.0,0.0,0.0,0.0
,,1,,transaction,0.0,0.0,0.0,0.0,0.0,0.0,1.0,1.0,0.0,0.0,unknown,social_media,clicked_link,none,none,unknown,1.0,1.0,1.0,1.0,0.0
,,1,,social_engineering,0.0,0.0,0.0,0.0,0.0,0.0,1.0,1.0,0.0,0.0,unknown,sms,none,none,unknown,unknown,1.0,1.0,1.0,1.0,0.0
,,1,,transaction,0.0,0.0,1.0,0.0,0.0,0.0,0.0,0.0,0.0,0.0,bank,email,clicked_link,transaction,bank,unknown,0.6,1.0,0.0,1.0,0.0
,,1,,transaction,0.0,1.0,0.0,0.0,0.0,0.0,0.0,0.0,1.0,0.0,card,sms | email | phone | social_media | website | app | unknown | none,shared_credentials,payment,bank,unknown,0.8,1.0,1.0,0.0,0.0
,,1,22981.44,transaction,0.0,0.0,1.0,0.0,0.0,0.0,0.0,0.0,0.0,0.0,bank,website,clicked_link,payment,company,USD,0.5,1.0,1.0,1.0,0.0
,,1,60.0,transaction,0.0,0.0,1.0,0.0,0.0,0.0,0.0,0.0,1.0,0.0,bank,sms,sent_money,transaction,unknown,USD,1.0,1.0,1.0,0.0,0.0
,,1,,transaction,0.0,0.0,1.0,0.0,0.0,0.0,0.0,0.0,0.0,0.0,bank,website,clicked_link,payment,company,unknown,0.95,1.0,1.0,1.0,0.0
,,0,,none,0.0,0.0,0.0,0.0,0.0,0.0,0.0,0.0,0.0,0.0,unknown,phone,none,none,unknown,unknown,0.0,1.0,0.0,0.0,0.0
,,1,,transaction,0.0,0.0,0.0,0.0,0.0,0.0,0.0,0.0,0.0,0.0,card,email,shared_credentials,payment,bank,unknown,0.8,1.0,1.0,1.0,0.0
,,1,1000.0,social_engineering,0.0,0.0,0.0,0.0,0.0,1.0,1.0,1.0,0.0,0.0,unknown,sms,clicked_link,none,government,INR,1.0,1.0,1.0,1.0,0.0
,,1,,transaction,0.0,0.0,1.0,0.0,0.0,0.0,0.0,0.0,1.0,0.0,bank,phone,sent_money,payment,company,unknown,0.8,1.0,0.0,1.0,0.0
,,1,,social_engineering,0.0,0.0,0.0,0.0,0.0,1.0,1.0,1.0,0.0,0.0,crypto,phone,shared_credentials,none,crypto.com,unknown,1.0,1.0,1.0,1.0,0.0
,,1,,transaction,1.0,0.0,0.0,0.0,0.0,0.0,0.0,0.0,0.0,0.0,upi,sms,sent_money,payment,bank,unknown,0.8,1.0,0.0,1.0,0.0
,,1,20000.0,transaction,0.0,1.0,0.0,0.0,0.0,0.0,0.0,0.0,0.0,0.0,crypto,unknown,sent_money,payment,unknown,unknown,1.0,1.0,1.0,0.0,0.0
,,1,,transaction,1.0,0.0,0.0,0.0,0.0,0.0,0.0,0.0,0.0,0.0,upi,sms,sent_money,payment,bank,unknown,0.8,1.0,0.0,1.0,0.0
,,0,,none,0.0,0.0,0.0,0.0,0.0,0.0,0.0,0.0,0.0,0.0,card,unknown,shared_credentials,none,bank,unknown,0.0,0.0,0.0,1.0,0.0
,,1,20600.0,transaction,0.0,0.0,1.0,0.0,0.0,0.0,0.0,0.0,1.0,0.0,bank,website,sent_money,payment,company,USD,1.0,1.0,1.0,0.0,0.0
,,1,10000.0,transaction,0.0,0.0,0.0,0.0,0.0,0.0,0.0,1.0,0.0,0.0,crypto,social_media,sent_money,transaction,unknown,unknown,1.0,1.0,0.0,0.0,0.0
,,1,,commerce,0.0,0.0,0.0,0.0,0.0,0.0,0.0,0.0,0.0,0.0,unknown,none,sent_money,payment,company,unknown,0.0,0.0,1.0,0.0,0.0
,,0,120.0,none,0.0,0.0,0.0,0.0,0.0,0.0,0.0,0.0,0.0,0.0,unknown,phone,none,none,none,INR,0.0,0.0,0.0,0.0,0.0
,,1,,social_engineering,0.0,0.0,0.0,0.0,0.0,0.0,1.0,1.0,0.0,0.0,unknown,sms,none,none,indian_army,unknown,1.0,1.0,1.0,1.0,0.0
,,1,10.0,transaction,0.0,0.0,0.0,0.0,0.0,0.0,0.0,0.0,0.0,0.0,crypto,unknown,received_money,unknown,unknown,USD,0.0,0.0,0.0,0.0,0.0
,,1,,transaction,1.0,0.0,0.0,0.0,0.0,0.0,0.0,0.0,0.0,0.0,upi,app,installed_app,transaction,bank,unknown,0.0,1.0,0.0,1.0,0.0
,,1,45000.0,transaction,1.0,0.0,0.0,0.0,0.0,0.0,0.0,0.0,0.0,0.0,upi,sms,sent_money,payment,bank,INR,0.0,1.0,1.0,1.0,0.0
,,1,6000.0,transaction,0.0,0.0,0.0,0.0,0.0,0.0,0.0,1.0,0.0,0.0,unknown,social_media,none,transaction,none,unknown,1.0,1.0,0.0,0.0,0.0
,,1,,transaction,0.0,1.0,0.0,0.0,0.0,0.0,0.0,0.0,0.0,0.0,card,unknown,none,payment,none,unknown,0.0,0.0,0.0,0.0,0.0
,,1,,transaction,0.0,0.0,0.0,0.0,0.0,0.0,0.0,1.0,0.0,0.0,unknown,text,none,interview,company,unknown,1.0,1.0,0.0,1.0,0.0
,,1,,transaction,0.0,1.0,0.0,0.0,0.0,0.0,0.0,0.0,1.0,0.0,card,none,none,none,none,unknown,0.0,1.0,1.0,0.0,0.0
,,1,1950.0,transaction,0.0,0.0,1.0,0.0,0.0,0.0,0.0,0.0,0.0,0.0,bank,email,deposited_check,payment,company,USD,0.8,1.0,0.0,1.0,0.0
,,1,3000.0,transaction,1.0,0.0,0.0,0.0,0.0,0.0,0.0,1.0,0.0,0.0,upi,phone,shared_credentials,transaction,customer_care,INR,1.0,1.0,1.0,1.0,0.0
,,1,23000.0,transaction,0.0,0.0,1.0,0.0,0.0,0.0,0.0,0.0,1.0,0.0,bank,phone,sent_money,transaction,company,unknown,1.0,1.0,1.0,1.0,0.0
,,1,75.0,transaction,0.0,0.0,1.0,0.0,0.0,0.0,0.0,0.0,0.0,0.0,bank,telegram,deposited_money,payment,trader,USD,0.8,1.0,1.0,1.0,0.0
,,1,,transaction,0.0,0.0,0.0,0.0,0.0,0.0,0.0,0.0,0.0,0.0,unknown,website,deposited_money,payment,none,unknown,0.9,1.0,1.0,0.0,0.0
,,1,,commerce,0.0,0.0,0.0,0.0,0.0,0.0,0.0,0.0,0.0,0.0,unknown,email,sent_money,payment,company,unknown,0.8,1.0,0.0,0.0,0.0
,,1,96000.0,transaction,0.0,0.0,1.0,0.0,0.0,0.0,0.0,0.0,1.0,0.0,bank,website,sent_money,transaction,company,USD,1.0,1.0,1.0,1.0,0.0
,,1,,transaction,0.0,1.0,0.0,0.0,0.0,0.0,0.0,0.0,0.0,0.0,card,social_media,clicked_link,payment,none,unknown,0.8,1.0,0.0,0.0,0.0
,,1,5600.0,transaction,0.0,0.0,1.0,0.0,0.0,0.0,0.0,0.0,0.0,0.0,bank,phone,sent_money,payment,court,USD,1.0,1.0,1.0,1.0,0.0
,,1,5000.0,transaction,0.0,0.0,1.0,0.0,0.0,0.0,0.0,0.0,0.0,0.0,bank,website,sent_money,payment,none,EUR,1.0,1.0,1.0,0.0,0.0
,,1,710.0,transaction,0.0,0.0,1.0,0.0,0.0,0.0,0.0,0.0,1.0,0.0,bank,social_media,sent_money,payment,individual,unknown,0.9,1.0,0.0,0.0,0.0
,,1,,commerce,0.0,0.0,1.0,0.0,0.0,0.0,0.0,0.0,0.0,0.0,bank,email,sent_money,payment,company,unknown,0.8,1.0,0.0,1.0,0.0
,,1,20.0,commerce,0.0,0.0,0.0,1.0,1.0,0.0,0.0,0.0,0.0,0.0,upi,social_media,sent_money,payment,company,unknown,0.5,1.0,0.0,1.0,0.0
,,1,,commerce,0.0,1.0,0.0,0.0,0.0,0.0,0.0,0.0,0.0,0.0,bank,social_media,donated_money,payment,individual,unknown,0.8,1.0,1.0,0.0,0.0
,,1,,social_engineering,0.0,0.0,0.0,0.0,0.0,0.0,1.0,1.0,0.0,0.0,unknown,social_media,none,none,individual,unknown,1.0,1.0,1.0,1.0,0.0
,,1,,commerce,0.0,1.0,0.0,1.0,0.0,0.0,0.0,0.0,0.0,0.0,card,email,sent_money,payment,company,unknown,0.8,1.0,1.0,1.0,0.0
,,1,,social_engineering,0.0,0.0,0.0,0.0,0.0,1.0,0.0,0.0,0.0,0.0,unknown,email,shared_credentials,none,individual,unknown,0.8,1.0,1.0,0.0,0.0
,,1,,transaction,0.0,0.0,1.0,0.0,0.0,0.0,0.0,0.0,0.0,0.0,bank,website,sent_money,transaction,none,unknown,0.9,1.0,0.0,0.0,0.0
,,0,,none,0.0,0.0,0.0,0.0,0.0,0.0,0.0,0.0,0.0,0.0,unknown,social_media,shared_credentials,verification,none,unknown,0.0,1.0,1.0,0.0,0.0
,,1,,transaction,0.0,0.0,1.0,0.0,0.0,0.0,0.0,0.0,0.0,0.0,bank,sms,sent_money,transaction,unknown,unknown,0.9,1.0,0.0,0.0,0.0
,,1,,transaction,0.0,0.0,1.0,0.0,0.0,0.0,0.0,0.0,0.0,0.0,bank,unknown,sent_money,payment,none,unknown,0.0,1.0,1.0,0.0,0.0
,,1,3000.0,transaction,0.0,0.0,1.0,0.0,0.0,0.0,0.0,0.0,1.0,0.0,bank,website,funded_account,verification,notlex.com,USD,1.0,1.0,1.0,1.0,0.0
,,1,,transaction,1.0,0.0,0.0,0.0,0.0,0.0,0.0,0.0,0.0,0.0,upi,unknown,sent_money,payment,company,unknown,0.8,1.0,0.0,1.0,0.0
,,1,,task,0.0,0.0,0.0,0.0,0.0,0.0,0.0,0.0,0.0,0.0,unknown,website,completing_tasks,none,unknown,unknown,0.9,1.0,0.0,0.0,0.0
,,1,100.0,transaction,1.0,0.0,0.0,0.0,0.0,0.0,0.0,0.0,0.0,0.0,upi,sms,sent_money,payment,bank,INR,0.8,1.0,0.0,1.0,0.0
,,1,900.0,transaction,1.0,0.0,1.0,0.0,0.0,0.0,0.0,0.0,1.0,0.0,upi,website,sent_money,payment,individual,INR,1.0,1.0,1.0,0.0,0.0
,,1,,social_engineering,0.0,0.0,0.0,0.0,0.0,1.0,0.0,0.0,0.0,0.0,unknown,app,installed_app,none,individual,unknown,0.8,1.0,0.0,0.0,0.0
,,1,850000.0,transaction,0.0,0.0,1.0,0.0,0.0,0.0,0.0,0.0,0.0,0.0,bank,email,sent_money,transaction,individual,€,1.0,1.0,0.0,0.0,0.0
,,1,,transaction,0.0,0.0,0.0,0.0,0.0,0.0,0.0,0.0,0.0,0.0,check,email,sent_money,payment,individual,unknown,0.9,1.0,1.0,0.0,0.0
,,1,,transaction,0.0,0.0,0.0,0.0,0.0,0.0,0.0,0.0,0.0,0.0,upi,sms,sent_money,payment,unknown,unknown,0.0,1.0,0.0,0.0,0.0
,,1,80.0,commerce,0.0,0.0,1.0,1.0,1.0,0.0,0.0,0.0,0.0,0.0,bank,email,sent_money,payment,company,unknown,1.0,1.0,1.0,1.0,0.0
,,1,100.0,transaction,0.0,0.0,0.0,0.0,0.0,0.0,0.0,0.0,0.0,0.0,crypto,app,sent_money,investment,none,USD,0.9,1.0,0.0,0.0,0.0
,,1,,identity,0.0,0.0,0.0,0.0,0.0,0.0,0.0,0.0,0.0,0.0,unknown,mail,none,unknown,unknown,unknown,0.0,0.0,1.0,0.0,0.0
,,1,100.0,transaction,0.0,0.0,1.0,0.0,0.0,0.0,0.0,0.0,1.0,0.0,bank,website,withdrawal,payment,exchange,USD,0.8,1.0,1.0,1.0,0.0
,,1,,credential,0.0,0.0,0.0,0.0,0.0,1.0,0.0,0.0,0.0,0.0,unknown,sms,disregarded_verification_code,none,va_loan_provider,unknown,0.5,1.0,0.0,1.0,0.0
,,1,,social_engineering,0.0,1.0,0.0,0.0,0.0,0.0,1.0,1.0,0.0,0.0,card,phone,shared_credentials,verification,bank,unknown,1.0,1.0,1.0,1.0,0.0
,,1,,transaction,0.0,0.0,1.0,0.0,0.0,0.0,0.0,0.0,0.0,0.0,bank,website,sent_money,payment,company,unknown,0.8,1.0,0.0,1.0,0.0
,,1,292000.0,transaction,0.0,0.0,1.0,0.0,0.0,0.0,0.0,0.0,0.0,0.0,bank,website,sent_money,payment,company,USD,1.0,1.0,0.0,1.0,0.0
,,1,1000.0,commerce,1.0,0.0,1.0,1.0,1.0,0.0,0.0,0.0,0.0,0.0,upi,unknown,sent_money,payment,unknown,USD,0.9,1.0,1.0,0.0,0.0
,,0,,none,0.0,0.0,0.0,0.0,0.0,0.0,0.0,0.0,0.0,0.0,upi | card | bank | crypto | gift_card | unknown | none,sms | email | phone | social_media | website | app | unknown | none,sent_money | shared_credentials | clicked_link | installed_app | none | unknown,payment | verification | login | download | none | unknown,bank_|_government_|_company_|_individual_|_none_|_unknown,unknown,0.0,0.0,0.0,0.0,0.0
,,1,36950.0,commerce,0.0,0.0,1.0,1.0,0.0,0.0,0.0,0.0,0.0,0.0,bank,phone,sent_money,payment,company,INR,1.0,1.0,1.0,0.0,0.0
,,1,,commerce,0.0,1.0,0.0,0.0,0.0,0.0,0.0,0.0,0.0,0.0,crypto,social_media,shared_credentials,commerce,company,unknown,0.9,1.0,1.0,1.0,0.0
,,1,20000.0,transaction,1.0,0.0,0.0,0.0,0.0,0.0,0.0,0.0,0.0,0.0,upi,sms,sent_money,payment,individual,INR,1.0,1.0,1.0,0.0,0.0
,,1,,transaction,0.0,1.0,0.0,0.0,0.0,0.0,0.0,0.0,0.0,0.0,card,sms,sent_money,payment,broker/financial_advisor,unknown,0.8,1.0,1.0,1.0,0.0
,,1,,commerce,0.0,0.0,0.0,1.0,0.0,0.0,0.0,0.0,0.0,0.0,upi,social_media,sent_money,payment,company,unknown,0.8,1.0,0.0,1.0,0.0
,,1,,social_engineering,0.0,0.0,0.0,0.0,0.0,0.0,1.0,1.0,0.0,0.0,crypto,social_media,none,recovery,unknown,unknown,1.0,1.0,1.0,1.0,0.0
,,1,,commerce,0.0,0.0,0.0,1.0,1.0,0.0,0.0,0.0,0.0,0.0,bank,sms,sent_money,commerce,artist,unknown,0.8,1.0,0.0,0.0,0.0
,,1,20.0,transaction,0.0,0.0,1.0,0.0,0.0,0.0,0.0,0.0,0.0,0.0,bank,telegram,sent_money,payment,unknown,BTC,1.0,1.0,0.0,0.0,0.0
,,1,,transaction,0.0,0.0,0.0,0.0,0.0,0.0,1.0,1.0,0.0,0.0,crypto,website,withdraw,transaction,unknown,unknown,1.0,1.0,1.0,1.0,0.0
,,1,,transaction,0.0,1.0,0.0,0.0,0.0,0.0,0.0,1.0,0.0,0.0,card,phone,none,transaction,bank,unknown,0.8,1.0,0.0,1.0,0.0
,,1,14.95,transaction,0.0,1.0,0.0,0.0,0.0,0.0,0.0,0.0,0.0,0.0,card,phone,none,payment,company,USD,0.8,1.0,0.0,1.0,0.0
,,1,,social_engineering,0.0,0.0,0.0,0.0,0.0,0.0,1.0,1.0,0.0,0.0,unknown,phone,shared_credentials,none,individual,unknown,1.0,1.0,1.0,1.0,0.0
,,1,,compliance,0.0,0.0,0.0,0.0,0.0,0.0,0.0,0.0,1.0,0.0,upi,app,installed_app,kyc,bank,unknown,0.8,1.0,1.0,1.0,0.0
,,1,50.0,commerce,0.0,0.0,0.0,1.0,1.0,0.0,0.0,1.0,0.0,0.0,gift_card,social_media,sent_money,commerce,individual,unknown,1.0,1.0,1.0,0.0,0.0
,,1,5695.0,transaction,0.0,0.0,1.0,0.0,0.0,0.0,0.0,0.0,1.0,0.0,bank,email,cashed_check,payment,unknown,USD,0.8,1.0,1.0,0.0,0.0
,,1,116.0,task,0.0,0.0,0.0,0.0,0.0,0.0,0.0,0.0,0.0,0.0,unknown,website,sent_money,payment,company,unknown,0.99999,1.0,1.0,1.0,1.0
,,1,1500.0,commerce,0.0,1.0,0.0,0.0,0.0,0.0,0.0,0.0,0.0,0.0,bank,email,ignored_emails,payment,fraternity,USD,0.8,0.8,0.6,0.4,0.2
,,1,,transaction,0.0,0.0,1.0,0.0,0.0,0.0,0.0,0.0,1.0,0.0,bank,district_court,pursued_legal_action,compensation,government,unknown,0.8,1.0,1.0,1.0,0.0
,,0,,none,0.0,0.0,0.0,0.0,0.0,0.0,0.0,0.0,0.0,0.0,unknown,sms,sent_money,payment,none,unknown,0.0,0.0,0.0,0.0,0.0
,,1,,transaction,0.0,0.0,1.0,0.0,0.0,0.0,0.0,0.0,0.0,0.0,bank,telegram,deposited_money,investment,unknown,unknown,0.9,1.0,1.0,0.0,0.0
,,1,200.0,transaction,0.0,1.0,0.0,0.0,0.0,0.0,0.0,0.0,0.0,0.0,card,email,clicked_link,payment,paypal,unknown,1.0,1.0,1.0,1.0,0.0
,,1,270.0,transaction,0.0,1.0,0.0,0.0,0.0,0.0,0.0,1.0,0.0,0.0,bank,website,sent_money,payment,none,unknown,1.0,1.0,0.0,0.0,0.0
,,1,,none,0.0,0.0,0.0,0.0,0.0,0.0,0.0,0.0,0.0,0.0,upi,unknown,none,none,bank,unknown,0.0,1.0,0.0,1.0,0.0
,,1,,commerce,0.0,0.0,0.0,1.0,0.0,0.0,0.0,0.0,0.0,0.0,upi,email,sent_money,payment,none,unknown,0.8,1.0,1.0,0.0,0.0
,,1,18000.0,transaction,0.0,0.0,1.0,0.0,0.0,0.0,0.0,0.0,0.0,0.0,bank,email,sent_money,payment,unknown,unknown,0.9,1.0,1.0,0.0,0.0
,,1,,transaction,0.0,1.0,0.0,0.0,0.0,0.0,0.0,0.0,0.0,0.0,card,phone,installed_app,payment,individual,unknown,0.8,1.0,1.0,1.0,0.0
,,1,,transaction,0.0,0.0,1.0,0.0,0.0,0.0,0.0,1.0,0.0,0.0,bank,phone,none,transaction,bank,unknown,1.0,1.0,0.0,1.0,0.0
,,1,,transaction,0.0,1.0,0.0,0.0,0.0,0.0,0.0,0.0,0.0,0.0,card,phone,clicked_link,payment,company,unknown,0.8,1.0,0.0,1.0,0.0
,,1,210.0,transaction,0.0,0.0,1.0,0.0,0.0,0.0,0.0,0.0,0.0,0.0,bank,app,sent_money,payment,none,unknown,0.5,1.0,1.0,0.0,0.0
,,1,,transaction,0.0,0.0,1.0,0.0,0.0,0.0,0.0,0.0,1.0,0.0,bank,email,sent_money,payment,individual,unknown,0.8,1.0,0.0,0.0,0.0
,,1,300.0,transaction,0.0,1.0,0.0,0.0,0.0,0.0,0.0,0.0,0.0,0.0,card,telegram,sent_money,payment,hacker,unknown,1.0,1.0,1.0,0.0,0.0
,,1,500.0,commerce,0.0,1.0,0.0,0.0,0.0,0.0,0.0,0.0,0.0,0.0,card,telegram,sent_money,payment,unknown,INR,0.9,1.0,1.0,0.0,0.0
,,1,,meta,0.0,0.0,0.0,0.0,0.0,0.0,0.0,0.0,1.0,0.0,unknown,email,none,notification,meta,unknown,0.8,1.0,0.0,1.0,0.0
,,1,,transaction,0.0,0.0,0.0,0.0,0.0,0.0,0.0,0.0,1.0,0.0,crypto,website,sent_money,transaction,unknown,unknown,0.5,1.0,1.0,0.0,0.0
,,1,1000.0,transaction,1.0,0.0,0.0,0.0,0.0,0.0,0.0,0.0,0.0,0.0,upi,website,sent_money,payment,unknown,INR,0.5,1.0,0.0,0.0,0.0
,,1,,commerce,0.0,0.0,0.0,1.0,0.0,0.0,0.0,0.0,0.0,0.0,upi,website,sent_money,payment,company,unknown,0.5,1.0,0.0,0.0,0.0
,,1,,transaction,1.0,0.0,0.0,0.0,0.0,0.0,1.0,1.0,0.0,0.0,upi,sms,sent_money,payment,bank,unknown,1.0,1.0,1.0,1.0,0.0
,,1,,transaction,1.0,0.0,1.0,0.0,0.0,0.0,0.0,0.0,1.0,0.0,upi,phone,sent_money,loan,bank,unknown,0.9,1.0,1.0,1.0,0.0
,,0,,none,0.0,0.0,0.0,0.0,0.0,0.0,0.0,0.0,0.0,0.0,unknown,email,clicked_link,verification,instagram,unknown,0.0,1.0,1.0,1.0,0.0
,,1,,meta,0.0,0.0,0.0,0.0,0.0,0.0,0.0,0.0,1.0,0.0,unknown,website,none,none,company,unknown,0.8,1.0,1.0,1.0,0.0
,,1,,transaction,0.0,0.0,1.0,0.0,0.0,0.0,0.0,0.0,0.0,0.0,bank,website,sent_money,payment,company,unknown,0.8,1.0,0.0,1.0,0.0
,,1,20000.0,transaction,0.0,1.0,1.0,0.0,0.0,0.0,0.0,0.0,1.0,0.0,card,phone,sent_money,payment,individual,INR,0.5,1.0,0.0,0.0,0.0
,,1,,transaction,0.0,0.0,1.0,0.0,0.0,0.0,0.0,0.0,1.0,0.0,bank,phone,clicked_link,payment,company,unknown,0.9,1.0,1.0,1.0,0.0
,,1,,transaction,0.0,0.0,1.0,0.0,0.0,0.0,0.0,0.0,0.0,0.0,bank,email,sent_money,payment,company,unknown,0.8,1.0,0.0,1.0,0.0
,,0,,none,0.0,0.0,0.0,0.0,0.0,0.0,0.0,0.0,0.0,0.0,unknown,website,none,none,none,unknown,0.0,0.0,0.0,1.0,0.0
,,1,128.0,commerce,0.0,0.0,0.0,1.0,0.0,0.0,0.0,0.0,0.0,0.0,bank,website,sent_money,commerce,company,USD,0.5,1.0,1.0,0.0,0.0
,,1,,transaction,1.0,0.0,0.0,0.0,0.0,0.0,0.0,0.0,0.0,0.0,upi,unknown,sent_money,payment,none,unknown,0.9,1.0,1.0,0.0,0.0
,,1,60.0,transaction,0.0,0.0,1.0,0.0,0.0,0.0,0.0,0.0,0.0,0.0,bank,email,sent_money,payment,company,USD,1.0,1.0,0.0,1.0,0.0
,,1,3000.0,transaction,0.0,0.0,1.0,0.0,0.0,0.0,0.0,0.0,0.0,0.0,bank,website,sent_money,payment,company,CAD,1.0,1.0,1.0,1.0,0.0
,,1,,social_engineering,0.0,0.0,0.0,0.0,0.0,1.0,1.0,1.0,0.0,0.0,crypto,phone,shared_credentials,none,crypto.com,unknown,1.0,1.0,1.0,1.0,0.0
,,1,,social_engineering,0.0,0.0,0.0,0.0,0.0,0.0,0.0,1.0,0.0,0.0,unknown,sms,none,none,unknown,unknown,1.0,1.0,1.0,0.0,0.0
,,1,,transaction,0.0,0.0,1.0,0.0,0.0,0.0,0.0,0.0,0.0,0.0,bank,email,clicked_link,job,company,unknown,0.8,1.0,0.0,1.0,0.0
,,1,,commerce,0.0,0.0,0.0,1.0,0.0,0.0,0.0,0.0,1.0,0.0,unknown,none,none,none,company,unknown,0.8,1.0,1.0,1.0,0.0
,,1,2000.0,transaction,0.0,1.0,0.0,0.0,0.0,0.0,0.0,0.0,0.0,0.0,crypto,website,sent_money,payment,none,unknown,0.8,1.0,1.0,0.0,0.0
,,1,200.0,transaction,0.0,1.0,0.0,0.0,0.0,0.0,0.0,0.0,0.0,0.0,card,social_media,sent_money,payment,unknown,USD,0.0,1.0,1.0,0.0,0.0
,,1,,transaction,0.0,0.0,1.0,0.0,0.0,0.0,0.0,0.0,1.0,0.0,bank,email,sent_money,payment,unknown,unknown,0.95,1.0,1.0,0.0,0.0
,,1,,transaction,0.0,0.0,1.0,0.0,0.0,0.0,0.0,0.0,1.0,0.0,bank,unknown,sent_money,transaction,none,USD,0.9,1.0,1.0,0.0,0.0
,,1,,social_engineering,0.0,0.0,0.0,0.0,0.0,1.0,0.0,0.0,0.0,0.0,unknown,email,clicked_link,credential,hacker,unknown,0.9,1.0,1.0,1.0,0.0
,,1,,transaction,1.0,0.0,0.0,0.0,0.0,0.0,0.0,0.0,0.0,0.0,upi,sms,sent_money,payment,bank,unknown,0.8,1.0,0.0,1.0,0.0
,,1,,meta,0.0,0.0,0.0,0.0,0.0,0.0,1.0,0.0,0.0,0.0,unknown,social_media,none,none,government,unknown,0.5,1.0,0.0,1.0,0.0
,,1,,transaction,0.0,1.0,0.0,0.0,0.0,0.0,0.0,0.0,0.0,0.0,crypto,phone,none,verification,company,unknown,0.8,1.0,0.0,1.0,0.0
,,1,100.0,transaction,0.0,0.0,0.0,0.0,0.0,0.0,1.0,1.0,0.0,0.0,unknown,telegram,none,payment,legitimate_financial_services,USD,1.0,1.0,0.0,1.0,0.0
,,1,,social_engineering,0.0,0.0,0.0,0.0,0.0,0.0,0.0,1.0,0.0,0.0,unknown,sms,none,none,individual,unknown,1.0,1.0,1.0,0.0,0.0
,,1,5000.0,transaction,0.0,0.0,1.0,0.0,0.0,0.0,0.0,0.0,0.0,0.0,bank,telegram,sent_money,transaction,unknown,USD,1.0,1.0,1.0,0.0,0.0
,,1,140000.0,transaction,0.0,0.0,1.0,0.0,0.0,0.0,0.0,0.0,1.0,0.0,bank,email,sent_money,payment,company,USD,0.8,1.0,1.0,1.0,0.0
,,1,,social_engineering,0.0,0.0,0.0,0.0,0.0,0.0,1.0,0.0,0.0,0.0,unknown,social_media,none,none,development_authority,unknown,0.8,1.0,0.0,1.0,0.0
,,1,,transaction,1.0,0.0,0.0,0.0,0.0,0.0,0.0,0.0,0.0,0.0,upi,email,sent_money,payment,bank,unknown,0.9,1.0,0.0,1.0,0.0
,,1,150.0,transaction,1.0,0.0,0.0,0.0,0.0,0.0,1.0,1.0,0.0,0.0,crypto,website,sent_money,loan,crypto_company,USD,1.0,1.0,1.0,1.0,0.0
,,1,10000.0,transaction,1.0,0.0,0.0,0.0,0.0,0.0,0.0,0.0,0.0,0.0,upi,sms,sent_money,payment,none,INR,0.8,1.0,1.0,0.0,0.0
,,1,,transaction,0.0,0.0,1.0,0.0,0.0,0.0,0.0,1.0,1.0,0.0,bank,sms,sent_money,payment,company,unknown,1.0,1.0,1.0,0.0,0.0
,,1,,transaction,0.0,1.0,0.0,0.0,0.0,0.0,0.0,1.0,1.0,0.0,card,app,installed_app,transaction,unknown,USD,1.0,1.0,1.0,0.0,0.0
,,1,1100.0,transaction,0.0,0.0,1.0,0.0,0.0,0.0,0.0,0.0,1.0,0.0,bank,phone,sent_money,payment,company,INR,0.8,1.0,1.0,1.0,0.0
,,1,,transaction,1.0,0.0,0.0,0.0,0.0,0.0,0.0,0.0,0.0,0.0,upi,sms,sent_money,payment,bank,unknown,0.8,1.0,0.0,1.0,0.0
,,1,,transaction,0.0,0.0,1.0,0.0,0.0,0.0,0.0,0.0,0.0,0.0,bank,sms,sent_money,payment,individual,unknown,0.8,1.0,0.0,0.0,0.0
,,1,48656.0,transaction,0.0,0.0,1.0,0.0,0.0,0.0,0.0,0.0,0.0,0.0,bank,email,paid,payment,company,INR,0.7,1.0,0.0,1.0,0.0
,,1,,transaction,0.0,0.0,1.0,0.0,0.0,0.0,0.0,0.0,0.0,0.0,bank,website,sent_money,payment,none,unknown,0.9,1.0,0.0,0.0,0.0
,,1,,transaction,0.0,0.0,1.0,0.0,0.0,0.0,0.0,0.0,1.0,0.0,bank,telegram,sent_money,transaction,none,unknown,0.9,1.0,1.0,0.0,0.0
,,1,1770.0,transaction,0.0,0.0,0.0,0.0,1.0,0.0,1.0,1.0,0.0,0.0,unknown,email,sent_money,payment,police,EUR,0.9,1.0,1.0,1.0,0.0
,,1,3500.0,transaction,0.0,0.0,1.0,0.0,0.0,0.0,0.0,0.0,0.0,0.0,bank,social_media,sent_money,payment,company,unknown,1.0,1.0,0.0,1.0,0.0
,,1,800.0,transaction,0.0,0.0,1.0,0.0,0.0,0.0,0.0,0.0,0.0,0.0,bank,unknown,sent_money,payment,none,INR,0.5,1.0,1.0,0.0,0.0
,,1,,transaction,0.0,1.0,1.0,0.0,0.0,0.0,0.0,0.0,0.0,0.0,bank,email,sent_money,payment,company,unknown,0.9,1.0,1.0,1.0,0.0
,,1,,transaction,0.0,0.0,1.0,0.0,0.0,0.0,0.0,1.0,0.0,0.0,bank,website,sent_money,transaction,company,unknown,1.0,1.0,0.0,1.0,0.0
,,1,,transaction,0.0,0.0,1.0,0.0,0.0,0.0,0.0,0.0,1.0,0.0,bank,unknown,sent_money,payment,none,unknown,0.8,1.0,1.0,0.0,0.0
,,1,100.0,transaction,0.0,0.0,1.0,0.0,0.0,0.0,0.0,0.0,0.0,0.0,bank,social_media,sent_money,payment,individual,USD,0.5,1.0,0.0,0.0,0.0
,,1,6.0,transaction,0.0,0.0,1.0,0.0,0.0,0.0,1.0,1.0,0.0,0.0,bank,phone,sent_money,transaction,government,USD,0.9,1.0,1.0,1.0,0.0
,,1,,transaction,1.0,0.0,0.0,0.0,0.0,0.0,0.0,1.0,1.0,0.0,upi,website,sent_money,payment,none,unknown,1.0,1.0,1.0,0.0,0.0
,,1,,transaction,0.0,1.0,0.0,0.0,0.0,0.0,0.0,0.0,0.0,0.0,bank,website,sent_money,payment,company,unknown,0.0,1.0,1.0,1.0,0.0
,,1,,commerce,0.0,0.0,0.0,1.0,0.0,0.0,0.0,0.0,0.0,0.0,unknown,email,none,commerce,unknown,unknown,0.8,1.0,0.0,0.0,0.0
,,1,,transaction,0.0,0.0,0.0,0.0,0.0,0.0,0.0,0.0,0.0,0.0,unknown,social_media,none,none,company,unknown,0.8,1.0,0.0,1.0,0.0
,,1,7661952.0,advanced,0.0,0.0,0.0,0.0,0.0,0.0,0.0,0.0,1.0,0.0,crypto,website,none,none,unknown,USDT,0.8,1.0,1.0,0.0,0.0
,,1,,social_engineering,0.0,0.0,0.0,0.0,0.0,1.0,1.0,1.0,0.0,0.0,unknown,email,none,none,federal_court_system,unknown,1.0,1.0,1.0,1.0,0.0
,,1,,transaction,0.0,1.0,0.0,0.0,0.0,0.0,0.0,0.0,0.0,0.0,crypto,sms,sent_money,payment,unknown,unknown,0.9,1.0,1.0,0.0,0.0
,,1,53.0,commerce,0.0,0.0,1.0,0.0,0.0,0.0,0.0,0.0,1.0,0.0,bank,website,sent_money,commerce,none,EUR,0.8,1.0,1.0,0.0,0.0
,,1,,social_engineering,0.0,0.0,0.0,0.0,0.0,1.0,0.0,0.0,0.0,0.0,unknown,website,none,credential,unknown,unknown,0.8,1.0,1.0,0.0,0.0
,,1,10.0,transaction,0.0,1.0,0.0,0.0,0.0,0.0,0.0,0.0,0.0,0.0,card,unknown,sent_money,payment,none,EUR,0.5,1.0,0.0,0.0,0.0
,,1,,transaction,0.0,0.0,1.0,0.0,0.0,0.0,0.0,1.0,0.0,0.0,bank,phone,none,transaction,unknown,unknown,1.0,1.0,1.0,0.0,0.0
,,1,,transaction,0.0,1.0,0.0,0.0,0.0,0.0,0.0,0.0,0.0,0.0,crypto,website,sent_money,payment,company,unknown,0.9,1.0,1.0,1.0,0.0
,,1,1071.98,commerce,0.0,0.0,0.0,0.0,1.0,0.0,0.0,0.0,0.0,0.0,bank,phone,paid_out_of_pocket,repair,car_dealer,USD,0.5,1.0,1.0,0.0,0.0
,,1,,social_engineering,0.0,0.0,0.0,1.0,0.0,0.0,0.0,0.0,0.0,0.0,unknown,email,none,nondelivery,google_mailer_daemon,unknown,0.8,1.0,0.0,1.0,0.0
,,1,,social_engineering,0.0,0.0,0.0,0.0,0.0,0.0,1.0,1.0,0.0,0.0,unknown,video_call,joined_group,none,professor_stephen_beard,unknown,1.0,1.0,0.0,1.0,0.0
,,1,1000.0,transaction,0.0,0.0,1.0,0.0,0.0,0.0,0.0,0.0,0.0,0.0,bank,unknown,sent_money,transaction,company,INR,0.9,1.0,0.0,0.0,0.0
,,1,1000.0,social_engineering,0.0,0.0,0.0,0.0,0.0,0.0,0.0,1.0,0.0,0.0,unknown,social_media,sent_money,none,individual,USD,1.0,1.0,0.0,0.0,0.0
,,1,,social_engineering,0.0,0.0,0.0,0.0,0.0,1.0,1.0,1.0,0.0,0.0,unknown,sms,clicked_link,none,ups,unknown,1.0,1.0,1.0,1.0,0.0
,,1,,transaction,0.0,0.0,1.0,0.0,0.0,0.0,0.0,0.0,0.0,0.0,bank,sms,sent_money,payment,company,unknown,0.9,1.0,0.0,1.0,0.0
,,1,,transaction,0.0,1.0,0.0,0.0,0.0,0.0,0.0,0.0,0.0,0.0,card,email,sent_money,payment,company,unknown,0.8,1.0,1.0,1.0,0.0
,,1,,transaction,0.0,1.0,0.0,0.0,0.0,0.0,0.0,0.0,0.0,0.0,crypto,website,clicked_link,payment,none,unknown,0.0,0.0,1.0,0.0,0.0
,,1,,transaction,0.0,1.0,0.0,0.0,0.0,0.0,0.0,0.0,1.0,0.0,bank,email,none,transaction,bank,unknown,0.8,1.0,1.0,0.0,0.0
,,1,13.0,transaction,0.0,0.0,0.0,0.0,0.0,0.0,0.0,0.0,0.0,0.0,crypto,telegram,sent_money,payment,unknown,USD,0.9,1.0,1.0,0.0,0.0
,,1,800.0,transaction,0.0,0.0,1.0,0.0,0.0,0.0,0.0,0.0,1.0,0.0,bank,website,sent_money,payment,company,USD,0.5,1.0,1.0,1.0,0.0
,,1,349.99,transaction,0.0,0.0,1.0,0.0,0.0,0.0,0.0,0.0,0.0,0.0,bank,phone,none,transaction,paypal,USD,0.8,1.0,0.0,1.0,0.0
,,0,,none,0.0,0.0,0.0,1.0,0.0,0.0,0.0,0.0,0.0,0.0,unknown,website,clicked_link,commerce,none,unknown,0.0,1.0,0.0,0.0,0.0
,,1,20.0,transaction,0.0,1.0,0.0,0.0,0.0,0.0,0.0,0.0,0.0,0.0,card,email,sent_money,payment,company,USD,0.5,1.0,1.0,1.0,0.0
,,1,,transaction,0.0,1.0,0.0,0.0,0.0,0.0,0.0,1.0,0.0,0.0,card,phone,shared_credentials,verification,bank,unknown,0.8,1.0,0.0,1.0,0.0
,,1,800.0,transaction,0.0,0.0,1.0,0.0,0.0,0.0,0.0,0.0,0.0,0.0,bank,email,sent_money,payment,company,GBP,1.0,1.0,0.0,1.0,0.0
,,1,,transaction,0.0,1.0,0.0,0.0,0.0,0.0,0.0,0.0,0.0,0.0,bank,sms,sent_money,payment,company,unknown,0.8,1.0,1.0,1.0,0.0
,,1,,meta,0.0,0.0,0.0,0.0,0.0,0.0,0.0,0.0,1.0,0.0,unknown,unknown,none,none,none,unknown,0.9,1.0,1.0,0.0,0.0
,,1,900.0,transaction,1.0,0.0,0.0,0.0,0.0,0.0,0.0,0.0,0.0,0.0,upi,sms,sent_money,payment,none,INR,1.0,1.0,1.0,0.0,0.0
,,1,,commerce,0.0,0.0,0.0,0.0,1.0,0.0,0.0,0.0,0.0,0.0,unknown,website,clicked_link,commerce,none,unknown,0.5,1.0,1.0,0.0,0.0
,,1,,commerce,0.0,0.0,0.0,1.0,0.0,0.0,0.0,0.0,0.0,0.0,upi,unknown,sent_money,payment,company,unknown,0.0,1.0,0.0,1.0,0.0
,,1,,social_engineering,0.0,0.0,0.0,0.0,0.0,1.0,0.0,0.0,0.0,0.0,unknown,email,none,credential,individual,unknown,0.8,1.0,1.0,0.0,0.0
,,1,,social_engineering,0.0,0.0,0.0,0.0,0.0,0.0,0.0,1.0,0.0,0.0,unknown,website,clicked_link,none,none,unknown,1.0,1.0,0.0,0.0,0.0
,,1,,transaction,0.0,0.0,1.0,0.0,0.0,0.0,0.0,0.0,1.0,0.0,bank,email,sent_money,payment,none,unknown,0.8,1.0,0.0,0.0,0.0
,,1,300.0,commerce,0.0,0.0,0.0,1.0,0.0,0.0,0.0,0.0,0.0,0.0,upi,website,sent_money,payment,company,INR,1.0,1.0,0.0,1.0,0.0
,,0,50.0,none,0.0,0.0,0.0,0.0,0.0,0.0,0.0,0.0,0.0,0.0,unknown,unknown,unknown,unknown,unknown,USD,0.0,1.0,0.0,0.0,0.0
,,1,,social_engineering,0.0,0.0,0.0,0.0,0.0,0.0,1.0,1.0,0.0,0.0,unknown,website,clicked_link,none,individual,unknown,1.0,1.0,1.0,1.0,0.0
,,1,,commerce,0.0,0.0,0.0,1.0,0.0,0.0,0.0,0.0,1.0,0.0,upi,email,sent_money,payment,company,unknown,0.8,1.0,0.0,1.0,0.0
,,1,,transaction,0.0,0.0,1.0,0.0,0.0,0.0,0.0,0.0,0.0,0.0,bank,email,clicked_link,verification,microsoft,unknown,0.5,1.0,0.0,1.0,0.0
,,1,,social_engineering,0.0,0.0,0.0,0.0,0.0,0.0,0.0,1.0,0.0,0.0,unknown,social_media,none,none,individual,unknown,1.0,1.0,1.0,0.0,0.0
,,1,75.0,transaction,0.0,0.0,1.0,0.0,0.0,0.0,0.0,0.0,1.0,0.0,bank,phone,sent_money,payment,none,USD,0.8,1.0,0.0,0.0,0.0
,,1,,commerce,0.0,0.0,0.0,0.0,0.0,0.0,0.0,0.0,0.0,0.0,unknown,phone,sent_money,payment,company,unknown,0.8,1.0,1.0,1.0,0.0
,,1,,transaction,0.0,0.0,0.0,0.0,0.0,0.0,0.0,1.0,0.0,0.0,crypto,app,installed_app,none,individual,unknown,1.0,1.0,0.0,0.0,0.0
,,1,5.0,transaction,0.0,0.0,0.0,0.0,0.0,0.0,0.0,0.0,0.0,0.0,crypto,telegram,sent_money,payment,unknown,USD,0.8,1.0,0.0,0.0,0.0
,,1,500.0,transaction,0.0,0.0,1.0,0.0,0.0,0.0,0.0,0.0,1.0,0.0,bank,website,sent_money,payment,none,USD,0.8,1.0,0.0,0.0,0.0
,,1,,social_engineering,0.0,0.0,0.0,0.0,0.0,0.0,1.0,1.0,0.0,0.0,unknown,sms,none,verification,twitter_agent,unknown,0.9,1.0,1.0,1.0,0.0
,,1,2900.0,transaction,0.0,0.0,1.0,0.0,0.0,0.0,0.0,0.0,0.0,0.0,bank,website,sent_money,payment,none,unknown,0.5,1.0,1.0,0.0,0.0
,,1,70.0,commerce,0.0,1.0,0.0,0.0,0.0,0.0,0.0,0.0,0.0,0.0,card,website,clicked_link,commerce,company,unknown,0.5,1.0,0.0,1.0,0.0
,,1,100000.0,transaction,0.0,0.0,1.0,0.0,0.0,0.0,0.0,0.0,0.0,0.0,bank,website,sent_money,transaction,company,XRP,0.8,1.0,0.0,1.0,0.0
,,1,1400.0,transaction,0.0,0.0,1.0,0.0,0.0,0.0,0.0,0.0,0.0,0.0,bank,unknown,sent_money,payment,none,USD,0.9,1.0,0.0,0.0,0.0
,,1,,transaction,0.0,1.0,0.0,0.0,0.0,0.0,0.0,0.0,0.0,0.0,card,email,clicked_link,payment,company,unknown,0.8,1.0,0.0,1.0,0.0
,,0,,none,0.0,0.0,0.0,0.0,0.0,0.0,0.0,0.0,0.0,0.0,card,website,clicked_link,payment,unknown,unknown,0.0,0.0,0.0,0.0,0.0
,,1,,social_engineering,0.0,0.0,0.0,0.0,0.0,0.0,1.0,1.0,0.0,0.0,unknown,email,none,none,individual,unknown,1.0,1.0,1.0,1.0,0.0
,,1,,transaction,0.0,0.0,0.0,0.0,0.0,0.0,0.0,0.0,1.0,0.0,crypto,website,clicked_link,none,company,unknown,0.8,1.0,0.0,1.0,0.0
,,1,,transaction,0.0,0.0,1.0,0.0,0.0,0.0,0.0,0.0,0.0,0.0,bank,website,sent_money,payment,unknown,unknown,0.8,1.0,1.0,0.0,0.0
,,1,1000.0,transaction,0.0,0.0,1.0,0.0,0.0,0.0,0.0,0.0,1.0,0.0,bank,phone,none,transaction,unknown,USD,0.8,1.0,1.0,0.0,0.0
,,1,2000.0,transaction,0.0,0.0,1.0,0.0,0.0,0.0,0.0,0.0,0.0,0.0,bank,sms,linked_wallet,payment,individual,unknown,1.0,1.0,1.0,0.0,0.0
,,1,,commerce,0.0,0.0,0.0,1.0,0.0,0.0,0.0,0.0,0.0,0.0,upi,app,installed_app,commerce,company,unknown,0.9,1.0,0.0,0.0,0.0
,,1,,transaction,1.0,0.0,0.0,0.0,0.0,0.0,0.0,0.0,0.0,0.0,upi,website,sent_money,payment,bank,unknown,0.5,1.0,0.0,1.0,0.0
,,1,685.0,commerce,0.0,0.0,1.0,0.0,0.0,0.0,0.0,0.0,1.0,0.0,bank,email,sent_money,payment,moving_company,EUR,0.9,1.0,0.0,0.0,0.0
,,1,1000.0,advanced,1.0,0.0,0.0,0.0,0.0,0.0,0.0,0.0,0.0,0.0,upi,sms,sent_money,payment,none,INR,0.8,1.0,0.0,0.0,0.0
,,1,,social_engineering,0.0,0.0,0.0,0.0,0.0,1.0,0.0,0.0,0.0,0.0,unknown,sms,shared_credentials,verification,instagram,unknown,0.8,1.0,1.0,0.0,0.0
,,1,100.0,transaction,0.0,0.0,1.0,0.0,0.0,0.0,0.0,1.0,0.0,0.0,bank,social_media,sent_money,payment,company,USD,1.0,1.0,0.0,0.0,0.0
,,1,,pig_butchering,0.0,0.0,0.0,0.0,0.0,0.0,1.0,1.0,0.0,0.0,unknown,telegram,none,none,none,unknown,1.0,1.0,1.0,1.0,0.0
,,1,4.5,commerce,0.0,0.0,0.0,1.0,1.0,0.0,0.0,0.0,0.0,0.0,upi,website,deposited_funds,payment,e_commerce_platform,USD,0.8,1.0,0.0,0.0,0.0
,,1,7000.0,transaction,0.0,0.0,1.0,0.0,0.0,0.0,0.0,1.0,0.0,0.0,bank,telegram,sent_money,payment,none,USD,1.0,1.0,0.0,0.0,0.0
,,1,150.0,transaction,0.0,0.0,1.0,0.0,0.0,0.0,0.0,1.0,1.0,0.0,bank,phone,sent_money,payment,none,USD,1.0,1.0,0.0,0.0,0.0
,,1,,social_engineering,0.0,0.0,0.0,0.0,0.0,0.0,1.0,1.0,0.0,0.0,unknown,phone,none,discussion,unknown,unknown,0.8,1.0,1.0,1.0,0.0
,,1,,transaction,0.0,0.0,1.0,0.0,0.0,0.0,0.0,0.0,1.0,0.0,bank,phone,sent_money,payment,individual,unknown,0.9,1.0,1.0,0.0,0.0
,,1,300.0,transaction,0.0,0.0,1.0,0.0,0.0,0.0,0.0,0.0,1.0,0.0,bank,social_media,sent_money,payment,none,USD,0.8,1.0,0.0,0.0,0.0
,,1,,transaction,0.0,1.0,0.0,0.0,0.0,0.0,0.0,0.0,0.0,0.0,card,email,clicked_link,transaction,company,unknown,0.8,1.0,0.0,1.0,0.0
,,1,,transaction,0.0,0.0,1.0,0.0,0.0,0.0,0.0,0.0,0.0,0.0,bank,email,sent_money,payment,company,unknown,0.9,1.0,0.0,1.0,0.0
,,1,150000.0,commerce,0.0,0.0,1.0,0.0,0.0,0.0,0.0,0.0,1.0,0.0,bank,email,sent_money,payment,company,INR,0.8,1.0,1.0,0.0,0.0
,,1,,social_engineering,0.0,0.0,0.0,0.0,0.0,1.0,1.0,1.0,0.0,0.0,unknown,sms,none,credential,company,unknown,1.0,1.0,1.0,1.0,0.0
,,1,75.0,transaction,0.0,1.0,0.0,0.0,0.0,0.0,0.0,0.0,0.0,0.0,card,unknown,none,payment,unknown,USD,0.0,0.0,0.0,0.0,0.0
,,1,,credential,0.0,0.0,0.0,0.0,0.0,0.0,0.0,0.0,0.0,0.0,unknown,email,shared_credentials,none,unknown,unknown,0.0,1.0,1.0,0.0,0.0
,,1,,commerce,0.0,1.0,0.0,0.0,0.0,0.0,0.0,0.0,0.0,0.0,crypto,website,deposited_money,transaction,crypto_exchange,unknown,0.0,0.0,1.0,0.0,0.0
,,1,,transaction,1.0,0.0,0.0,0.0,0.0,0.0,0.0,0.0,0.0,0.0,upi,sms,sent_money,payment,bank,unknown,0.8,1.0,0.0,1.0,0.0
,,1,,social_engineering,0.0,0.0,0.0,0.0,0.0,0.0,1.0,1.0,0.0,0.0,unknown,social_media,none,none,individual,unknown,1.0,1.0,1.0,1.0,0.0
,,1,,transaction,1.0,0.0,0.0,0.0,0.0,0.0,1.0,1.0,0.0,1.0,upi,phone,sent_money,payment,flipkart_agency,unknown,1.0,1.0,1.0,1.0,0.0
,,1,,commerce,0.0,0.0,0.0,0.0,0.0,0.0,0.0,0.0,0.0,0.0,card,sms,clicked_link,payment,company,unknown,0.8,1.0,1.0,1.0,0.0
,,1,202525.0,transaction,0.0,0.0,1.0,0.0,0.0,0.0,0.0,0.0,1.0,0.0,bank,sms,sent_money,payment,individual,INR,1.0,1.0,1.0,0.0,0.0
,,1,100.0,commerce,0.0,1.0,0.0,0.0,0.0,0.0,0.0,0.0,0.0,0.0,gift_card,store,purchased,payment,target,USD,0.8,1.0,1.0,1.0,0.0
,,1,1500.0,transaction,1.0,0.0,0.0,0.0,0.0,0.0,0.0,1.0,0.0,0.0,upi,website,sent_money,payment,exchange,unknown,1.0,1.0,1.0,0.0,0.0
,,1,1515.0,commerce,0.0,0.0,0.0,1.0,0.0,0.0,0.0,0.0,0.0,0.0,bank,website,paid,commerce,company,INR,0.8,1.0,1.0,1.0,0.0
,,1,,social_engineering,0.0,0.0,0.0,0.0,0.0,0.0,1.0,1.0,0.0,0.0,unknown,sms,none,none,unknown,unknown,1.0,1.0,1.0,1.0,0.0
,,0,,none,0.0,0.0,0.0,0.0,0.0,0.0,0.0,0.0,0.0,0.0,unknown,email,none,none,none,unknown,0.0,0.0,0.0,0.0,0.0
,,1,10000.0,transaction,1.0,0.0,0.0,0.0,0.0,0.0,0.0,0.0,0.0,0.0,upi,unknown,sent_money,payment,company,unknown,0.8,1.0,0.0,1.0,0.0
,,1,,commerce,0.0,1.0,0.0,0.0,0.0,0.0,0.0,0.0,0.0,0.0,card,website,sent_money,payment,company,unknown,0.0,0.0,0.0,1.0,0.0
,,1,70.0,transaction,0.0,0.0,0.0,0.0,0.0,0.0,0.0,0.0,0.0,0.0,crypto,website,clicked_link,transaction,company,USD,0.8,1.0,0.0,1.0,0.0
,,1,,transaction,0.0,1.0,0.0,0.0,0.0,0.0,0.0,0.0,0.0,0.0,card,phone,disputed,payment,merchant,unknown,0.8,1.0,1.0,1.0,0.0
,,1,,transaction,1.0,0.0,0.0,0.0,0.0,0.0,0.0,0.0,0.0,0.0,upi,sms,sent_money,payment,bank,unknown,0.8,1.0,0.0,1.0,0.0
,,1,80.0,transaction,0.0,0.0,1.0,0.0,0.0,0.0,0.0,0.0,0.0,0.0,bank,website,deposited_money,payment,none,USD,0.9,1.0,1.0,0.0,0.0
,,1,5000.0,transaction,0.0,0.0,0.0,0.0,0.0,0.0,0.0,0.0,0.0,0.0,upi,social_media,sent_money,payment,individual,INR,0.8,1.0,1.0,0.0,0.0
,,1,,transaction,0.0,1.0,1.0,0.0,0.0,0.0,0.0,0.0,0.0,0.0,card,email,paid,payment,none,unknown,0.9,1.0,1.0,0.0,0.0
,,1,,transaction,0.0,0.0,0.0,0.0,0.0,0.0,0.0,0.0,1.0,0.0,upi,phone,installed_app,payment,company,unknown,0.8,1.0,0.0,1.0,0.0
,,1,,transaction,0.0,0.0,1.0,0.0,0.0,0.0,0.0,0.0,0.0,0.0,bank,sms,sent_money,transaction,bank,unknown,0.8,1.0,0.0,1.0,0.0
,,1,280.0,transaction,0.0,0.0,0.0,0.0,0.0,0.0,0.0,1.0,0.0,0.0,upi,phone,sent_money,payment,none,INR,1.0,1.0,0.0,0.0,0.0
,,1,2000.0,transaction,0.0,0.0,1.0,0.0,0.0,0.0,0.0,0.0,0.0,0.0,bank,sms,linked_wallet,payment,individual,unknown,1.0,1.0,1.0,0.0,0.0
,,1,,transaction,0.0,0.0,1.0,0.0,0.0,0.0,0.0,0.0,1.0,0.0,bank,website,sent_money,payment,company,unknown,0.8,1.0,1.0,1.0,0.0
,,1,,commerce,0.0,0.0,0.0,1.0,0.0,0.0,0.0,0.0,1.0,0.0,unknown,app,installed_app,commerce,company,unknown,0.8,1.0,0.0,0.0,0.0
,,1,,transaction,0.0,0.0,1.0,0.0,0.0,0.0,0.0,1.0,0.0,0.0,bank,phone,paid,transaction,none,unknown,1.0,1.0,1.0,0.0,0.0
,,1,,transaction,0.0,0.0,1.0,0.0,0.0,1.0,0.0,0.0,0.0,0.0,bank,app,clicked_link,transaction,unknown,unknown,0.8,1.0,1.0,0.0,0.0
,,1,,commerce,0.0,0.0,0.0,0.0,0.0,0.0,0.0,0.0,0.0,0.0,unknown,website,clicked_photographs,none,amazon_india,unknown,0.8,1.0,1.0,1.0,0.0
,,1,,transaction,0.0,0.0,0.0,0.0,0.0,0.0,0.0,0.0,1.0,0.0,unknown,social_media,clicked_link,transaction,none,unknown,0.8,1.0,0.0,0.0,0.0
,,1,,transaction,0.0,1.0,0.0,0.0,0.0,0.0,0.0,0.0,0.0,0.0,card,phone,shared_credentials,verification,bank,unknown,0.5,1.0,1.0,1.0,0.0
,,1,4700.0,transaction,0.0,0.0,0.0,0.0,0.0,0.0,0.0,0.0,0.0,0.0,unknown,telegram,sent_money,payment,senator_kelly_loeffler_or_an_investment_group,USD,1.0,1.0,1.0,1.0,0.0
,,1,,social_engineering,0.0,0.0,0.0,0.0,0.0,0.0,1.0,1.0,0.0,0.0,unknown,phone,none,none,abraham_davidson_law_firm,unknown,1.0,1.0,1.0,1.0,0.0
,,1,1300.0,transaction,0.0,0.0,1.0,0.0,0.0,0.0,0.0,0.0,1.0,0.0,bank,email,clicked_link,verification,coinbase,USD,0.5,1.0,1.0,1.0,0.0
,,1,3823.0,transaction,0.0,0.0,1.0,0.0,0.0,0.0,0.0,0.0,1.0,0.0,bank,app,paid,payment,none,USD,0.95,1.0,1.0,0.0,0.0
,,1,,social_engineering,0.0,0.0,0.0,0.0,0.0,1.0,1.0,1.0,0.0,0.0,unknown,phone,none,credential,government,unknown,1.0,1.0,1.0,1.0,0.0
,,1,999.0,transaction,1.0,0.0,1.0,0.0,0.0,0.0,0.0,0.0,0.0,0.0,upi,phone,none,transaction,bank,USD,1.0,1.0,0.0,0.0,0.0
,,1,,transaction,0.0,0.0,1.0,0.0,0.0,0.0,0.0,0.0,1.0,0.0,bank,email,sent_money,payment,broker,unknown,0.9,1.0,1.0,0.0,0.0
,,1,100000.0,commerce,0.0,0.0,0.0,1.0,0.0,0.0,0.0,0.0,0.0,0.0,upi,website,sent_money,payment,company,INR,0.5,1.0,1.0,1.0,0.0
,,1,1500.0,transaction,0.0,1.0,0.0,0.0,0.0,0.0,0.0,0.0,0.0,0.0,card,email,sent_money,payment,unknown,unknown,0.8,1.0,1.0,0.0,0.0
,,1,,commerce,0.0,0.0,0.0,0.0,0.0,0.0,0.0,0.0,0.0,0.0,unknown,phone,none,cancellation,meesho,unknown,0.8,1.0,0.0,1.0,0.0
,,1,,social_engineering,0.0,0.0,0.0,0.0,0.0,0.0,1.0,1.0,0.0,0.0,upi,sms,sent_money,payment,bank,unknown,1.0,1.0,1.0,1.0,0.0
,,1,,transaction,0.0,0.0,0.0,0.0,0.0,0.0,0.0,0.0,0.0,0.0,unknown,sms,sent_money,payment,unknown,unknown,0.0,1.0,0.0,0.0,0.0
,,1,,transaction,0.0,1.0,0.0,0.0,0.0,0.0,0.0,0.0,0.0,0.0,crypto,website,clicked_link,none,unknown,unknown,0.0,0.0,0.0,0.0,0.0
,,1,,transaction,0.0,1.0,0.0,0.0,0.0,0.0,0.0,1.0,0.0,0.0,card,phone,none,verification,bank,unknown,1.0,1.0,0.0,1.0,0.0
,,1,799.99,transaction,0.0,1.0,0.0,0.0,0.0,0.0,0.0,0.0,0.0,0.0,card,email,clicked_link,payment,paypal,unknown,0.8,1.0,1.0,1.0,0.0
,,1,,transaction,0.0,0.0,1.0,0.0,0.0,0.0,0.0,0.0,0.0,0.0,bank,telegram,sent_money,transaction,unknown,unknown,0.8,1.0,0.0,0.0,0.0
,,1,,transaction,0.0,0.0,0.0,0.0,0.0,0.0,0.0,0.0,0.0,0.0,unknown,email,none,payment,unknown,unknown,0.8,1.0,1.0,0.0,0.0
,,1,,transaction,0.0,0.0,1.0,0.0,0.0,0.0,0.0,1.0,0.0,0.0,bank,phone,none,payment,bank,unknown,1.0,1.0,0.0,1.0,0.0
,,1,,commerce,0.0,0.0,0.0,0.0,0.0,0.0,0.0,0.0,0.0,0.0,unknown,phone,none,none,unknown,unknown,0.8,1.0,0.0,0.0,0.0
,,1,,transaction,1.0,0.0,1.0,0.0,0.0,0.0,0.0,1.0,0.0,0.0,upi,sms,sent_money,payment,bank,unknown,1.0,1.0,0.0,1.0,0.0
,,1,,social_engineering,0.0,0.0,0.0,0.0,0.0,1.0,0.0,0.0,0.0,0.0,unknown,phone,shared_credentials,verification,apple,unknown,0.8,1.0,0.0,1.0,0.0
,,1,,commerce,0.0,0.0,0.0,0.0,0.0,0.0,0.0,0.0,0.0,0.0,unknown,email,sent_money,payment,none,unknown,0.8,1.0,0.0,0.0,0.0
,,1,17000.0,transaction,0.0,1.0,0.0,0.0,0.0,0.0,0.0,0.0,1.0,0.0,bank,social_media,sent_money,payment,individual,USD,0.5,1.0,1.0,0.0,0.0
,,0,,none,0.0,0.0,0.0,0.0,0.0,0.0,0.0,0.0,0.0,0.0,unknown,social_media,none,none,individual,unknown,0.0,0.0,0.0,0.0,0.0
,,1,2400.0,transaction,1.0,0.0,0.0,0.0,0.0,0.0,0.0,1.0,0.0,0.0,upi,sms,sent_money,payment,unknown,INR,1.0,1.0,1.0,0.0,0.0
,,1,,transaction,0.0,0.0,1.0,0.0,0.0,0.0,0.0,1.0,0.0,0.0,bank,website,clicked_link,transaction,bank,unknown,1.0,1.0,1.0,1.0,0.0
,,1,1000.0,transaction,0.0,1.0,1.0,0.0,0.0,0.0,0.0,0.0,1.0,0.0,bank,email,sent_money,payment,individual,USD,0.8,1.0,1.0,0.0,0.0
,,0,,none,0.0,0.0,0.0,0.0,0.0,0.0,0.0,0.0,0.0,0.0,upi,sms,none,none,pooja_sansthan,unknown,0.0,0.0,0.0,1.0,0.0
,,0,175.0,none,0.0,0.0,0.0,0.0,0.0,0.0,0.0,0.0,0.0,0.0,upi,email,received_credit,none,cyber_police,INR,0.0,0.0,0.0,1.0,0.0
,,1,129.99,commerce,0.0,0.0,0.0,1.0,0.0,0.0,0.0,0.0,0.0,0.0,bank,website,sent_money,commerce,company,USD,0.8,1.0,0.0,0.0,0.0
,,1,850000.0,transaction,0.0,0.0,1.0,0.0,0.0,0.0,0.0,0.0,1.0,0.0,bank,website,sent_money,payment,company,USD,1.0,1.0,1.0,0.0,0.0
,,1,,transaction,0.0,0.0,0.0,0.0,0.0,0.0,0.0,0.0,0.0,0.0,upi,sms,sent_money,payment,unknown,unknown,0.0,1.0,0.0,0.0,0.0
,,1,,transaction,1.0,0.0,0.0,0.0,0.0,0.0,0.0,0.0,0.0,0.0,upi,email,sent_money,payment,bank,unknown,0.9,1.0,0.0,1.0,0.0
,,1,,transaction,0.0,0.0,1.0,0.0,0.0,0.0,0.0,1.0,0.0,0.0,bank,sms,sent_money,payment,company,unknown,1.0,1.0,0.0,1.0,0.0
,,1,580.0,transaction,0.0,0.0,1.0,0.0,0.0,0.0,0.0,0.0,1.0,0.0,bank,phone,sent_money,payment,company,unknown,1.0,1.0,0.0,1.0,0.0
,,1,,credential,0.0,0.0,0.0,0.0,1.0,0.0,0.0,0.0,0.0,0.0,unknown,website,clicked_link,none,individual,unknown,0.9,1.0,0.0,0.0,0.0
,,1,1.6,transaction,0.0,0.0,1.0,0.0,0.0,0.0,0.0,0.0,0.0,0.0,bank,email,sent_money,payment,company,USD,0.9,1.0,1.0,1.0,0.0
,,1,,transaction,0.0,0.0,0.0,1.0,0.0,0.0,0.0,0.0,0.0,0.0,unknown,website,clicked_link,none,company,unknown,0.9,1.0,0.0,1.0,0.0
,,1,,transaction,0.0,0.0,0.0,0.0,0.0,0.0,0.0,0.0,1.0,0.0,unknown,sms,sent_money,payment,none,unknown,0.8,1.0,0.0,0.0,0.0
,,1,,transaction,0.0,0.0,1.0,0.0,0.0,0.0,0.0,0.0,1.0,0.0,bank,website,sent_money,transaction,none,unknown,0.8,1.0,0.0,0.0,0.0
,,1,10000.0,transaction,0.0,0.0,1.0,0.0,0.0,0.0,0.0,0.0,1.0,0.0,bank,website,paid,transaction,none,USD,0.9,1.0,0.0,0.0,0.0
,,1,,transaction,1.0,0.0,0.0,0.0,0.0,0.0,0.0,1.0,0.0,0.0,upi,email,sent_money,payment,bank,unknown,1.0,1.0,1.0,1.0,0.0
,,1,,commerce,0.0,0.0,0.0,0.0,0.0,0.0,0.0,0.0,0.0,0.0,unknown,sms,clicked_link,none,company,unknown,0.8,1.0,1.0,1.0,0.0
,,1,,transaction,0.0,1.0,0.0,0.0,0.0,0.0,0.0,0.0,0.0,0.0,card,unknown,none,payment,individual,unknown,0.0,0.0,1.0,0.0,0.0
,,1,5000.0,transaction,0.0,0.0,0.0,0.0,0.0,0.0,0.0,0.0,1.0,0.0,crypto,website,sent_money,transaction,decentralised_exchange,unknown,1.0,1.0,1.0,0.0,0.0
,,1,,social_engineering,0.0,0.0,0.0,0.0,0.0,1.0,0.0,0.0,0.0,0.0,unknown,discord,shared_credentials,none,none,unknown,0.8,1.0,1.0,0.0,0.0
,,1,10000.0,transaction,0.0,0.0,1.0,0.0,0.0,0.0,0.0,0.0,1.0,0.0,bank,phone,sent_money,transaction,bank,unknown,0.9,1.0,1.0,0.0,0.0
,,1,,transaction,0.0,1.0,0.0,0.0,0.0,0.0,0.0,0.0,0.0,0.0,card,phone,sent_money,payment,company,unknown,0.0,1.0,1.0,1.0,0.0
,,1,10.0,transaction,0.0,1.0,0.0,0.0,0.0,0.0,0.0,0.0,0.0,0.0,card,sms,clicked_link,payment,none,USD,0.9,1.0,0.0,0.0,0.0
,,1,,transaction,0.0,1.0,0.0,0.0,0.0,0.0,0.0,0.0,0.0,0.0,unknown,website,clicked_link,none,unknown,unknown,0.0,0.0,0.0,0.0,0.0
,,1,,commerce,0.0,1.0,0.0,0.0,0.0,0.0,0.0,0.0,0.0,0.0,card,email,clicked_link,commerce,company,unknown,0.5,1.0,0.0,1.0,0.0
,,1,2400.0,transaction,1.0,0.0,0.0,0.0,0.0,0.0,0.0,0.0,0.0,0.0,upi,sms,sent_money,payment,unknown,unknown,1.0,1.0,1.0,0.0,0.0
,,1,800.0,transaction,0.0,1.0,0.0,0.0,0.0,0.0,0.0,0.0,0.0,0.0,card,phone,answered_call,transaction,bank,USD,1.0,1.0,1.0,1.0,0.0
,,1,,transaction,0.0,1.0,0.0,0.0,0.0,0.0,0.0,0.0,0.0,0.0,card,email,sent_money,payment,company,unknown,0.8,1.0,1.0,1.0,0.0
,,1,,transaction,0.0,0.0,0.0,0.0,0.0,0.0,0.0,0.0,1.0,0.0,unknown,website,none,none,company,unknown,0.9,1.0,0.0,1.0,0.0
,,1,,transaction,1.0,0.0,0.0,0.0,0.0,0.0,0.0,1.0,0.0,0.0,upi,email,sent_money,payment,individual,unknown,0.8,1.0,0.0,0.0,0.0
,,1,,commerce,0.0,0.0,0.0,0.0,0.0,0.0,0.0,0.0,0.0,0.0,unknown,website,sent_money,payment,company,unknown,0.8,1.0,1.0,0.0,0.0
,,1,,social_engineering,0.0,0.0,0.0,0.0,0.0,0.0,1.0,1.0,0.0,0.0,unknown,phone,none,none,company,unknown,1.0,1.0,1.0,1.0,0.0
,,1,,transaction,0.0,1.0,0.0,0.0,0.0,0.0,0.0,0.0,0.0,0.0,card,email,none,none,individual,unknown,0.9,1.0,1.0,1.0,0.0
,,1,,social_engineering,0.0,0.0,0.0,0.0,0.0,0.0,1.0,1.0,0.0,0.0,unknown,website,clicked_link,none,company,unknown,1.0,1.0,1.0,1.0,0.0
,,1,,transaction,0.0,0.0,1.0,0.0,0.0,0.0,0.0,0.0,0.0,0.0,bank,sms,shared_credentials,transaction,coinbase,unknown,0.9,1.0,1.0,1.0,0.0
,,0,,none,0.0,0.0,0.0,0.0,0.0,0.0,0.0,0.0,0.0,0.0,unknown,social_media,none,none,individual,unknown,0.0,0.0,0.0,0.0,0.0
,,1,86000.0,transaction,0.0,0.0,1.0,0.0,0.0,0.0,0.0,0.0,1.0,0.0,bank,social_media,sent_money,payment,unknown,USD,1.0,1.0,1.0,0.0,0.0
,,1,,transaction,0.0,0.0,1.0,0.0,0.0,0.0,0.0,1.0,0.0,0.0,bank,sms,sent_money,payment,individual,unknown,1.0,1.0,0.0,0.0,0.0
,,1,10000.0,transaction,0.0,0.0,0.0,0.0,0.0,0.0,0.0,0.0,1.0,0.0,crypto,telegram,invested,payment,unknown,unknown,0.8,1.0,0.0,0.0,0.0
,,1,,pig_butchering,0.0,0.0,0.0,0.0,0.0,0.0,0.0,0.0,1.0,0.0,unknown,website,sent_money,investment,unknown,unknown,0.9,1.0,1.0,0.0,0.0
,,1,,transaction,0.0,0.0,1.0,0.0,0.0,0.0,0.0,0.0,0.0,0.0,bank,unknown,sent_money,transaction,company,unknown,0.9,1.0,0.0,1.0,0.0
,,1,,transaction,0.0,0.0,1.0,0.0,0.0,0.0,0.0,0.0,0.0,0.0,bank,email,none,transaction,bank,unknown,0.9,1.0,0.0,1.0,0.0
,,1,,transaction,0.0,1.0,0.0,0.0,0.0,0.0,0.0,0.0,0.0,0.0,card,website,clicked_link,payment,company,unknown,0.0,1.0,1.0,1.0,0.0
,,1,,social_engineering,0.0,0.0,1.0,0.0,0.0,0.0,0.0,1.0,1.0,0.0,bank,phone,sent_money,payment,individual,INR,1.0,1.0,1.0,0.0,0.0
,,1,,transaction,0.0,1.0,0.0,0.0,0.0,0.0,0.0,0.0,0.0,0.0,card,website,sent_money,payment,company,unknown,0.0,0.0,1.0,1.0,0.0
,,1,,social_engineering,0.0,0.0,0.0,0.0,0.0,1.0,0.0,0.0,0.0,0.0,none,email,shared_credentials,verification,microsoft,unknown,0.8,1.0,0.0,1.0,0.0
,,0,,none,0.0,0.0,0.0,0.0,0.0,0.0,0.0,0.0,0.0,0.0,unknown,email,clicked_link,none,unknown,unknown,0.0,0.0,0.0,1.0,0.0
,,1,2500.0,transaction,0.0,0.0,1.0,0.0,0.0,0.0,0.0,0.0,1.0,0.0,bank,telegram,sent_money,payment,unknown,AED,1.0,1.0,1.0,0.0,0.0
,,1,,transaction,0.0,0.0,1.0,0.0,0.0,0.0,0.0,0.0,0.0,0.0,bank,website,clicked_link,transaction,company,unknown,0.9,1.0,0.0,1.0,0.0
,,1,73.0,transaction,0.0,1.0,0.0,0.0,0.0,0.0,0.0,0.0,0.0,0.0,card,app,none,payment,none,unknown,0.5,1.0,0.0,0.0,0.0
,,1,,transaction,0.0,0.0,0.0,0.0,0.0,0.0,0.0,0.0,1.0,0.0,crypto,website,sent_money,payment,none,unknown,0.95,1.0,1.0,0.0,0.0
,,1,,social_engineering,0.0,0.0,0.0,0.0,0.0,0.0,0.0,1.0,1.0,0.0,unknown,sms,sent_money,none,individual,unknown,1.0,1.0,0.0,0.0,0.0
,,1,,social_engineering,0.0,0.0,0.0,0.0,0.0,1.0,0.0,0.0,0.0,0.0,unknown,website,clicked_link,verification,none,unknown,0.5,1.0,0.0,0.0,0.0
,,1,,transaction,0.0,1.0,0.0,0.0,0.0,0.0,0.0,0.0,0.0,0.0,card,sms,sent_money,payment,boss,unknown,0.9,1.0,0.0,1.0,0.0
,,1,100.0,transaction,1.0,0.0,0.0,0.0,0.0,0.0,0.0,0.0,0.0,0.0,upi,sms,sent_money,payment,bank,INR,1.0,1.0,0.0,1.0,0.0
,,1,10000.0,transaction,1.0,1.0,1.0,0.0,0.0,0.0,0.0,0.0,1.0,0.0,upi | card | bank | crypto | gift_card | unknown | none,sms | email | phone | social_media | website | app | unknown | none,sent_money,payment,individual,unknown,0.8,1.0,1.0,0.0,0.0
,,1,,commerce,0.0,0.0,0.0,1.0,0.0,0.0,0.0,0.0,0.0,0.0,upi,sms,none,commerce,unknown,unknown,0.8,1.0,1.0,0.0,0.0
,,1,,transaction,0.0,0.0,0.0,0.0,0.0,0.0,0.0,0.0,0.0,0.0,crypto,whatsapp,none,trade,company,unknown,0.0,1.0,1.0,1.0,0.0
,,0,,none,0.0,0.0,0.0,0.0,0.0,0.0,0.0,0.0,0.0,0.0,unknown,phone,none,none,company,unknown,0.0,1.0,1.0,1.0,0.0
,,1,1000.0,transaction,0.0,0.0,1.0,0.0,0.0,0.0,0.0,0.0,0.0,0.0,bank,telegram,sent_money,payment,company,unknown,0.8,1.0,0.0,1.0,0.0
,,1,,transaction,0.0,1.0,0.0,0.0,0.0,0.0,0.0,0.0,0.0,0.0,card,phone,sent_money,payment,unknown,unknown,0.9,1.0,0.0,0.0,0.0
,,1,100.0,transaction,1.0,1.0,1.0,0.0,0.0,0.0,0.0,1.0,0.0,0.0,upi,phone,sent_money,payment,unknown,USD,1.0,1.0,1.0,0.0,0.0
,,1,1000.0,commerce,0.0,1.0,0.0,0.0,0.0,0.0,0.0,0.0,0.0,0.0,card,email,clicked_link,payment,company,unknown,0.5,1.0,1.0,1.0,0.0
,,1,,social_engineering,0.0,0.0,0.0,0.0,0.0,0.0,1.0,1.0,0.0,0.0,unknown,phone,none,none,government,unknown,1.0,1.0,0.0,1.0,0.0
,,1,,transaction,0.0,0.0,1.0,0.0,0.0,0.0,0.0,0.0,1.0,0.0,bank,website,created_account,transaction,unknown,unknown,0.9,1.0,1.0,0.0,0.0
,,1,,social_engineering,0.0,0.0,0.0,0.0,0.0,0.0,1.0,1.0,1.0,0.0,none,phone,none,none,individual,unknown,0.8,1.0,1.0,1.0,0.0
,,1,,transaction,1.0,0.0,0.0,0.0,0.0,0.0,0.0,0.0,0.0,0.0,upi,phone,sent_money,payment,bank,unknown,0.9,1.0,0.0,1.0,0.0
,,1,,transaction,0.0,0.0,0.0,0.0,0.0,0.0,0.0,0.0,0.0,0.0,unknown,unknown,unknown,unknown,unknown,unknown,0.0,1.0,0.0,0.0,0.0
,,1,,transaction,0.0,0.0,0.0,0.0,0.0,0.0,1.0,1.0,1.0,0.0,crypto,social_media,invested,investment,unknown,unknown,0.95,1.0,1.0,1.0,0.0
,,1,10000.0,transaction,0.0,0.0,1.0,0.0,0.0,0.0,0.0,0.0,1.0,0.0,bank,website,sent_money,transaction,none,USD,0.95,1.0,1.0,0.0,0.0
,,1,10000.0,transaction,1.0,0.0,0.0,0.0,0.0,0.0,0.0,0.0,0.0,0.0,upi,sms,sent_money,payment,company,INR,1.0,1.0,0.0,1.0,0.0
,,1,,commerce,0.0,0.0,1.0,1.0,1.0,0.0,0.0,0.0,0.0,0.0,bank,website,sent_money,payment,company,unknown,0.8,1.0,1.0,1.0,0.0
,,1,,social_engineering,0.0,0.0,0.0,0.0,0.0,0.0,1.0,1.0,0.0,0.0,unknown,sms,none,none,unknown,unknown,1.0,1.0,1.0,1.0,0.0
,,0,,none,0.0,0.0,0.0,0.0,0.0,0.0,0.0,0.0,0.0,0.0,unknown,social_media,clicked_link,none,unknown,unknown,0.0,0.0,0.0,0.0,0.0
,,1,400.0,social_engineering,0.0,0.0,0.0,0.0,0.0,0.0,1.0,1.0,0.0,0.0,crypto,sms,sent_money,payment,individual,USD,1.0,1.0,1.0,1.0,0.0
,,1,,transaction,1.0,0.0,1.0,0.0,0.0,0.0,0.0,0.0,0.0,0.0,upi,sms,sent_money,payment,bank,unknown,0.8,1.0,1.0,1.0,0.0
,,1,,commerce,0.0,0.0,0.0,1.0,0.0,0.0,0.0,0.0,0.0,0.0,upi,website,sent_money,payment,company,unknown,0.8,1.0,0.0,1.0,0.0
,,1,,commerce,0.0,0.0,0.0,0.0,0.0,0.0,0.0,0.0,0.0,0.0,unknown,website,sent_money,payment,company,unknown,0.5,1.0,1.0,0.0,0.0
,,1,,commerce,0.0,0.0,0.0,1.0,0.0,0.0,0.0,0.0,0.0,0.0,upi,phone,none,delivery,meesho_delivery_guy,unknown,0.8,1.0,0.0,0.0,0.0
,,1,,social_engineering,0.0,0.0,0.0,0.0,0.0,1.0,0.0,0.0,0.0,0.0,unknown,social_media,none,none,individual,unknown,0.8,1.0,1.0,0.0,0.0
,,1,,commerce,0.0,0.0,0.0,0.0,0.0,0.0,0.0,0.0,0.0,0.0,unknown,email,sent_money,payment,none,unknown,0.8,1.0,1.0,0.0,0.0
,,1,15.0,transaction,0.0,0.0,1.0,0.0,0.0,0.0,0.0,0.0,0.0,0.0,bank,sms,sent_money,payment,unknown,USD,0.9,1.0,0.0,0.0,0.0
,,1,,transaction,0.0,0.0,0.0,0.0,0.0,0.0,0.0,0.0,0.0,0.0,bank,email,sent_money,payment,unknown,unknown,0.0,1.0,0.0,0.0,0.0
,,1,,social_engineering,0.0,0.0,0.0,0.0,0.0,0.0,1.0,1.0,0.0,0.0,unknown,phone,none,none,fedex,unknown,1.0,1.0,1.0,1.0,0.0
,,1,16400000.0,transaction,0.0,0.0,1.0,0.0,0.0,0.0,0.0,0.0,0.0,0.0,bank,website,sent_money,payment,company,unknown,0.0,0.0,0.0,1.0,0.0
,,1,,social_engineering,0.0,0.0,0.0,0.0,0.0,1.0,0.0,1.0,0.0,0.0,unknown,sms,none,verification,security_center,unknown,1.0,1.0,1.0,1.0,0.0
,,0,,none,0.0,0.0,0.0,0.0,0.0,0.0,0.0,0.0,1.0,0.0,unknown,phone,none,none,none,unknown,0.0,1.0,0.0,0.0,0.0
,,1,30000.0,transaction,0.0,0.0,1.0,0.0,0.0,0.0,0.0,0.0,1.0,0.0,bank,none,sent_money,payment,company,INR,1.0,1.0,0.0,1.0,0.0
,,1,30.66,transaction,0.0,0.0,0.0,0.0,0.0,0.0,0.0,0.0,0.0,0.0,card,sms,none,payment,company,unknown,0.0,1.0,1.0,1.0,0.0
,,1,2100.0,transaction,0.0,0.0,1.0,0.0,0.0,0.0,0.0,0.0,0.0,0.0,bank,sms,sent_money,payment,unknown,unknown,0.8,1.0,0.0,0.0,0.0
,,1,,transaction,0.0,1.0,0.0,0.0,0.0,0.0,0.0,0.0,0.0,0.0,crypto,website,sent_money,loan,exchange,unknown,0.9,1.0,1.0,1.0,0.0
,,1,4.99,transaction,0.0,1.0,0.0,0.0,0.0,0.0,0.0,0.0,0.0,0.0,card,website,clicked_link,payment,company,USD,0.0,0.0,1.0,1.0,0.0
,,1,,transaction,0.0,0.0,1.0,0.0,0.0,0.0,0.0,0.0,0.0,0.0,bank,sms,sent_money,payment,company,unknown,0.9,1.0,0.0,1.0,0.0
,,1,,social_engineering,0.0,0.0,0.0,0.0,0.0,1.0,1.0,1.0,0.0,0.0,unknown,sms,shared_credentials,none,bank,unknown,1.0,1.0,1.0,1.0,0.0
,,1,,transaction,0.0,0.0,1.0,0.0,0.0,0.0,0.0,0.0,0.0,0.0,bank,email,clicked_link,transaction,bank,unknown,0.6,1.0,0.0,1.0,0.0
,,1,,transaction,0.0,0.0,1.0,0.0,0.0,0.0,0.0,0.0,0.0,0.0,bank,email,sent_money,transaction,company,unknown,0.9,1.0,0.0,1.0,0.0
,,1,,commerce,0.0,0.0,0.0,0.0,0.0,0.0,0.0,0.0,0.0,0.0,bank,email,sent_money,payment,company,unknown,0.8,1.0,1.0,0.0,0.0
,,1,,none,0.0,0.0,0.0,0.0,0.0,0.0,0.0,0.0,1.0,0.0,unknown,website,clicked_link,none,company,unknown,0.9,1.0,0.0,1.0,0.0
,,1,,transaction,0.0,1.0,0.0,0.0,0.0,0.0,0.0,0.0,1.0,0.0,card,email,shared_credentials,verification,bank,INR,0.8,1.0,1.0,1.0,0.0
,,1,,social_engineering,0.0,0.0,0.0,0.0,0.0,1.0,1.0,1.0,0.0,0.0,unknown,email,clicked_link,verification,discord_support,unknown,1.0,1.0,1.0,1.0,0.0
,,1,40000.0,transaction,0.0,0.0,1.0,0.0,0.0,0.0,0.0,0.0,1.0,0.0,bank,phone,sent_money,payment,company,EUR,1.0,1.0,1.0,1.0,0.0
,,1,,transaction,0.0,1.0,0.0,0.0,0.0,0.0,0.0,0.0,0.0,0.0,unknown,whatsapp,sent_money,payment,unknown,unknown,0.8,1.0,0.0,0.0,0.0
,,1,,social_engineering,0.0,0.0,0.0,0.0,0.0,0.0,1.0,1.0,0.0,0.0,unknown,telegram,sent_money,none,unknown,unknown,1.0,1.0,1.0,1.0,0.0
,,1,1865.0,transaction,1.0,0.0,0.0,0.0,0.0,0.0,0.0,0.0,1.0,0.0,upi,telegram,sent_money,payment,unknown,unknown,0.9,1.0,1.0,0.0,0.0
,,1,,transaction,0.0,0.0,0.0,0.0,0.0,0.0,0.0,1.0,0.0,0.0,unknown,phone,sent_money,payment,none,unknown,1.0,1.0,0.0,0.0,0.0
,,1,,transaction,0.0,1.0,0.0,0.0,0.0,0.0,0.0,0.0,0.0,0.0,card,website,clicked_link,payment,unknown,unknown,0.8,1.0,0.0,0.0,0.0
,,1,2000.0,commerce,0.0,0.0,0.0,1.0,0.0,0.0,0.0,0.0,0.0,0.0,bank,website,sent_money,payment,company,unknown,0.8,1.0,1.0,1.0,0.0
,,1,5000.0,transaction,0.0,1.0,1.0,0.0,0.0,0.0,0.0,0.0,1.0,0.0,bank,phone,sent_money,transaction,bank,GBP,1.0,1.0,1.0,0.0,0.0
,,1,,commerce,0.0,1.0,0.0,0.0,0.0,0.0,0.0,0.0,0.0,0.0,card,phone,installed_app,commerce,company,unknown,0.9,1.0,1.0,1.0,0.0
,,1,1000.0,commerce,0.0,0.0,1.0,0.0,0.0,0.0,0.0,0.0,1.0,0.0,bank,email,sent_money,payment,none,USD,0.8,1.0,0.0,0.0,0.0
,,1,,transaction,0.0,1.0,1.0,0.0,0.0,0.0,1.0,1.0,0.0,0.0,bank,phone,sent_money,payment,landlord,unknown,1.0,1.0,1.0,1.0,0.0
,,1,,transaction,0.0,0.0,1.0,0.0,0.0,0.0,0.0,0.0,1.0,0.0,bank,sms,sent_money,payment,amazon,unknown,0.9,1.0,1.0,1.0,0.0
,,1,500.0,transaction,0.0,0.0,1.0,0.0,0.0,0.0,0.0,0.0,1.0,0.0,bank,phone,sent_money,payment,company,unknown,1.0,1.0,0.0,1.0,0.0
,,1,,commerce,1.0,0.0,0.0,1.0,0.0,0.0,0.0,0.0,0.0,0.0,upi,social_media,sent_money,payment,company,unknown,0.8,1.0,0.0,1.0,0.0
,,1,25000.0,transaction,0.0,0.0,0.0,0.0,0.0,0.0,0.0,0.0,1.0,0.0,crypto,sms,installed_app,download,individual,EUR,1.0,1.0,1.0,0.0,0.0
,,1,,transaction,0.0,0.0,1.0,0.0,0.0,0.0,0.0,0.0,1.0,0.0,bank,website,deposited_money,trade,business_owner,unknown,0.9,1.0,0.0,1.0,0.0
,,1,2.17,transaction,0.0,1.0,0.0,0.0,0.0,0.0,0.0,0.0,0.0,0.0,card,telegram,none,payment,unknown,USD,0.8,1.0,1.0,0.0,0.0
,,1,1000.0,transaction,0.0,1.0,0.0,0.0,0.0,0.0,0.0,0.0,0.0,0.0,card,unknown,sent_money,payment,none,USD,0.8,1.0,1.0,0.0,0.0
,,1,,social_engineering,0.0,0.0,0.0,0.0,0.0,0.0,1.0,1.0,0.0,0.0,unknown,phone,none,none,airports_authority_of_india,unknown,1.0,1.0,1.0,1.0,0.0
,,1,,commerce,0.0,0.0,0.0,1.0,0.0,0.0,0.0,0.0,0.0,0.0,upi,website,clicked_link,payment,company,unknown,0.9,1.0,0.0,0.0,0.0
,,1,,social_engineering,0.0,0.0,0.0,0.0,0.0,0.0,0.0,1.0,0.0,0.0,unknown,social_media,none,none,none,unknown,0.8,1.0,0.0,0.0,0.0
,,1,,transaction,0.0,1.0,0.0,0.0,0.0,0.0,0.0,0.0,0.0,0.0,card,website,clicked_link,payment,unknown,unknown,0.8,1.0,1.0,0.0,0.0
,,1,0.7,transaction,0.0,1.0,1.0,0.0,0.0,0.0,0.0,0.0,0.0,0.0,bank,website,sent_money,payment,company,unknown,0.5,1.0,0.0,1.0,0.0
,,1,350.0,transaction,0.0,0.0,1.0,0.0,0.0,0.0,0.0,0.0,0.0,0.0,bank,phone,sent_money,payment,none,USD,1.0,1.0,0.0,0.0,0.0
,,1,,commerce,0.0,0.0,0.0,1.0,1.0,0.0,0.0,0.0,0.0,0.0,upi,website,sent_money,commerce,company,unknown,0.8,1.0,1.0,1.0,0.0
,,1,30.0,transaction,0.0,0.0,0.0,0.0,0.0,0.0,0.0,0.0,0.0,0.0,bank,email,sent_money,payment,individual,USD,1.0,1.0,1.0,0.0,0.0
,,1,,transaction,0.0,0.0,0.0,0.0,0.0,0.0,0.0,0.0,1.0,0.0,crypto,website,clicked_link,recovery,none,unknown,0.9,1.0,1.0,0.0,0.0
,,0,,none,0.0,0.0,0.0,0.0,0.0,0.0,0.0,0.0,0.0,0.0,upi | card | bank | crypto | gift_card | unknown | none,sms | email | phone | social_media | website | app | unknown | none,sent_money | shared_credentials | clicked_link | installed_app | none | unknown,payment | verification | login | download | none | unknown,bank_|_government_|_company_|_individual_|_none_|_unknown,unknown,0.0,0.0,0.0,0.0,0.0
,,1,,transaction,0.0,0.0,0.0,0.0,0.0,0.0,0.0,0.0,1.0,0.0,unknown,unknown,sent_money,payment,unknown,unknown,0.9,1.0,1.0,0.0,0.0
,,1,550.0,transaction,0.0,1.0,0.0,0.0,0.0,0.0,0.0,0.0,1.0,0.0,bank,website,staked_money,transaction,scam_website,USD,1.0,1.0,1.0,0.0,0.0
,,1,500.0,transaction,0.0,1.0,0.0,0.0,0.0,0.0,0.0,0.0,0.0,0.0,bank,sms,sent_money,payment,escort_service,GBP,0.0,1.0,1.0,0.0,0.0
,,1,1500.0,transaction,0.0,0.0,1.0,0.0,0.0,0.0,0.0,0.0,0.0,0.0,bank,unknown,sent_money,payment,none,AUD,0.9,1.0,1.0,0.0,0.0
,,1,,social_engineering,0.0,0.0,0.0,0.0,0.0,0.0,1.0,1.0,0.0,0.0,unknown,phone,none,none,individual,unknown,1.0,1.0,1.0,1.0,0.0
,,1,,transaction,0.0,0.0,0.0,0.0,0.0,0.0,0.0,0.0,0.0,1.0,unknown,social_media,none,none,none,unknown,0.8,1.0,0.0,0.0,0.0
,,1,,transaction,1.0,0.0,0.0,0.0,0.0,0.0,1.0,1.0,0.0,0.0,upi,sms,sent_money,payment,bank,unknown,0.9,1.0,1.0,1.0,0.0
,,1,290.0,commerce,0.0,0.0,1.0,1.0,0.0,0.0,0.0,0.0,0.0,0.0,bank,email,sent_money,payment,instructor,USD,1.0,1.0,0.0,0.0,0.0
,,1,2000.0,transaction,1.0,0.0,0.0,0.0,0.0,0.0,0.0,0.0,0.0,0.0,upi,sms,sent_money,payment,none,INR,0.5,1.0,1.0,0.0,0.0
,,1,12500.0,transaction,0.0,0.0,1.0,0.0,0.0,0.0,0.0,1.0,0.0,0.0,bank,website,sent_money,payment,company,USD,1.0,1.0,1.0,1.0,0.0
,,1,,social_engineering,0.0,0.0,0.0,0.0,0.0,1.0,0.0,0.0,0.0,0.0,unknown,email,shared_credentials,credential,none,unknown,0.8,1.0,0.0,0.0,0.0
,,1,,commerce,0.0,0.0,0.0,0.0,0.0,0.0,0.0,0.0,0.0,0.0,unknown,sms,sent_money,payment,none,unknown,0.5,1.0,0.0,0.0,0.0
,,1,375.0,commerce,0.0,0.0,0.0,0.0,0.0,0.0,0.0,0.0,0.0,0.0,unknown,website,sent_money,payment,individual,USD,0.8,1.0,1.0,0.0,0.0
,,1,,transaction,0.0,0.0,1.0,0.0,0.0,0.0,0.0,0.0,0.0,0.0,bank,email,sent_money,payment,company,unknown,0.8,1.0,0.0,1.0,0.0
,,1,60.0,social_engineering,0.0,0.0,0.0,0.0,0.0,0.0,0.0,1.0,0.0,0.0,upi,website,deposited_money,investment,none,unknown,1.0,1.0,0.0,0.0,0.0
,,1,200000.0,transaction,0.0,1.0,0.0,0.0,0.0,0.0,0.0,0.0,0.0,0.0,card,sms,sent_money,payment,bank,INR,1.0,1.0,1.0,1.0,0.0
,,1,1000.0,transaction,0.0,0.0,1.0,0.0,0.0,0.0,0.0,0.0,1.0,0.0,bank,email,sent_money,payment,company,USD,0.9,1.0,1.0,1.0,0.0
,,1,3500.0,transaction,0.0,1.0,0.0,0.0,0.0,0.0,0.0,0.0,0.0,0.0,card,email,sent_money,payment,bank,INR,1.0,1.0,1.0,1.0,0.0
,,0,,none,0.0,0.0,0.0,0.0,0.0,0.0,0.0,0.0,0.0,0.0,unknown,sms,sent_money,payment,none,unknown,0.0,0.0,0.0,0.0,0.0
,,1,50.0,transaction,0.0,0.0,1.0,0.0,0.0,0.0,0.0,0.0,1.0,1.0,bank,email,sent_money,payment,company,USD,1.0,1.0,0.0,1.0,0.0
,,1,2500.0,transaction,0.0,0.0,1.0,0.0,0.0,0.0,0.0,0.0,1.0,0.0,bank,telegram,sent_money,payment,unknown,AED,1.0,1.0,1.0,0.0,0.0
,,0,100.0,none,1.0,0.0,0.0,0.0,0.0,0.0,0.0,0.0,0.0,0.0,upi,unknown,sent_money,payment,unknown,INR,0.0,0.0,0.0,0.0,0.0
,,1,57000.0,transaction,0.0,1.0,0.0,0.0,0.0,0.0,0.0,0.0,0.0,0.0,card,social_media,sent_money,payment,individual,INR,0.0,1.0,1.0,1.0,0.0
,,1,,transaction,0.0,0.0,0.0,0.0,0.0,0.0,0.0,0.0,0.0,0.0,unknown,social_media,none,none,company,unknown,0.0,1.0,0.0,1.0,0.0
,,1,,transaction,0.0,0.0,1.0,0.0,0.0,0.0,0.0,0.0,0.0,0.0,crypto,youtube,sent_money,payment,unknown,unknown,0.0,1.0,0.0,0.0,0.0
,,1,,transaction,0.0,0.0,0.0,0.0,0.0,1.0,0.0,0.0,0.0,0.0,unknown,email,clicked_link,password_reset,unknown,unknown,0.8,1.0,1.0,0.0,0.0
,,1,,social_engineering,0.0,0.0,0.0,0.0,0.0,0.0,1.0,1.0,0.0,0.0,unknown,email,none,none,company,unknown,1.0,1.0,1.0,1.0,0.0
,,1,,social_engineering,0.0,0.0,0.0,0.0,0.0,1.0,0.0,0.0,0.0,0.0,none,email,none,none,none,unknown,0.0,1.0,1.0,0.0,0.0
,,1,,transaction,0.0,1.0,0.0,0.0,0.0,0.0,0.0,0.0,0.0,0.0,card,email,clicked_link,payment,paypal,unknown,0.9,1.0,1.0,1.0,0.0
,,1,,transaction,0.0,0.0,1.0,0.0,0.0,0.0,0.0,0.0,1.0,0.0,bank,sms,sent_money,transaction,individual,unknown,0.8,1.0,1.0,0.0,0.0
,,1,1500.0,transaction,1.0,0.0,0.0,0.0,0.0,0.0,0.0,1.0,0.0,0.0,upi,email,sent_money,payment,individual,unknown,1.0,1.0,1.0,0.0,0.0
,,1,150.0,transaction,1.0,0.0,0.0,0.0,0.0,0.0,0.0,0.0,0.0,0.0,upi,sms,sent_money,payment,unknown,INR,0.9,1.0,0.0,0.0,0.0
,,1,,transaction,0.0,0.0,1.0,0.0,0.0,0.0,0.0,0.0,0.0,0.0,bank,email,sent_money,transaction,company,unknown,0.8,1.0,0.0,1.0,0.0
,,1,180.0,transaction,0.0,0.0,1.0,0.0,0.0,0.0,0.0,0.0,0.0,0.0,bank,website,sent_money,payment,company,USD,0.9,1.0,0.0,1.0,0.0
,,1,,social_engineering,0.0,0.0,0.0,0.0,0.0,0.0,1.0,1.0,0.0,0.0,unknown,phone,reported,none,police,unknown,1.0,1.0,1.0,1.0,0.0
,,1,10.0,commerce,0.0,0.0,1.0,0.0,0.0,0.0,0.0,0.0,0.0,0.0,bank,email,sent_money,payment,individual,USD,0.9,1.0,0.0,0.0,0.0
,,1,680.0,transaction,0.0,0.0,1.0,0.0,0.0,0.0,0.0,0.0,0.0,0.0,bank,website,clicked_link,payment,none,USD,1.0,1.0,0.0,0.0,0.0
,,1,1000.0,transaction,0.0,1.0,0.0,0.0,0.0,0.0,0.0,0.0,0.0,0.0,card,email,clicked_link,payment,bank,INR,0.5,1.0,1.0,1.0,0.0
,,1,,transaction,0.0,0.0,0.0,0.0,0.0,0.0,0.0,0.0,0.0,0.0,unknown,social_media,sent_money,payment,individual,unknown,0.8,1.0,1.0,0.0,0.0
,,1,,commerce,0.0,0.0,0.0,0.0,0.0,0.0,0.0,0.0,0.0,0.0,unknown,website,sent_money,commerce,company,unknown,0.95,1.0,0.0,0.0,0.0
,,1,1800.0,transaction,0.0,0.0,0.0,1.0,0.0,0.0,0.0,0.0,0.0,0.0,bank,social_media,sent_money,payment,none,USD,0.5,1.0,0.0,0.0,0.0
,,1,,commerce,0.0,0.0,0.0,1.0,1.0,0.0,0.0,0.0,0.0,0.0,upi,website,installed_app,commerce,company,unknown,0.9,1.0,1.0,1.0,0.0
,,1,,transaction,0.0,1.0,0.0,0.0,0.0,0.0,0.0,0.0,0.0,0.0,card,phone,sent_money,payment,none,unknown,0.9,1.0,1.0,0.0,0.0
,,1,,transaction,0.0,0.0,1.0,0.0,0.0,0.0,0.0,0.0,1.0,0.0,bank,website,clicked_link,transaction,none,unknown,0.9,1.0,0.0,0.0,0.0
,,1,,social_engineering,0.0,0.0,0.0,0.0,0.0,0.0,0.0,1.0,0.0,0.0,unknown,telegram,none,none,individual,unknown,1.0,1.0,0.0,0.0,0.0
,,1,,commerce,0.0,0.0,0.0,0.0,0.0,0.0,0.0,0.0,0.0,0.0,unknown,website,sent_money,payment,company,unknown,0.9,1.0,1.0,1.0,0.0
,,1,,commerce,0.0,0.0,0.0,1.0,1.0,0.0,0.0,0.0,0.0,0.0,upi,website,clicked_link,commerce,company,unknown,0.8,1.0,1.0,0.0,0.0
,,1,,social_media,0.0,0.0,0.0,0.0,0.0,0.0,0.0,1.0,0.0,0.0,unknown,social_media,clicked_link,none,none,unknown,1.0,1.0,1.0,0.0,0.0
,,0,,none,0.0,0.0,0.0,0.0,0.0,0.0,0.0,0.0,0.0,0.0,unknown,email,none,none,unknown,unknown,0.0,0.0,0.0,0.0,0.0
,,1,2.0,transaction,0.0,1.0,0.0,0.0,0.0,0.0,0.0,0.0,0.0,0.0,card,sms,sent_money,payment,none,INR,0.8,1.0,0.0,0.0,0.0
,,1,,transaction,0.0,0.0,1.0,0.0,0.0,0.0,0.0,0.0,1.0,0.0,bank,app,installed_app,trade,company,unknown,0.9,1.0,1.0,1.0,0.0
,,1,,transaction,0.0,0.0,0.0,0.0,0.0,0.0,0.0,0.0,0.0,0.0,unknown,phone,sent_money,payment,none,unknown,0.9,1.0,0.0,0.0,0.0
,,1,,commerce,0.0,0.0,0.0,0.0,0.0,0.0,0.0,0.0,0.0,0.0,bank,email,sent_money,payment,company,unknown,0.8,1.0,1.0,0.0,0.0
,,1,,commerce,0.0,1.0,0.0,0.0,0.0,0.0,0.0,0.0,0.0,0.0,card,website,sent_money,payment,company,unknown,0.0,1.0,1.0,1.0,0.0
,,1,,transaction,1.0,0.0,0.0,0.0,0.0,0.0,1.0,1.0,0.0,0.0,upi,telegram,sent_money,payment,bank,unknown,1.0,1.0,1.0,1.0,0.0
,,1,,transaction,1.0,0.0,0.0,0.0,0.0,0.0,0.0,0.0,1.0,0.0,upi,sms,sent_money,payment,bank,unknown,0.8,1.0,1.0,1.0,0.0
,,1,,transaction,0.0,1.0,0.0,0.0,0.0,0.0,0.0,0.0,0.0,0.0,card,telegram,sent_money,payment,company,unknown,0.8,1.0,1.0,0.0,0.0
,,1,150.0,transaction,0.0,1.0,0.0,0.0,0.0,0.0,0.0,1.0,0.0,0.0,card,phone,sent_money,payment,none,unknown,1.0,1.0,0.0,0.0,0.0
,,1,,transaction,1.0,1.0,1.0,0.0,1.0,0.0,0.0,0.0,0.0,0.0,upi | card | bank | crypto | gift_card | unknown | none,sms | email | phone | social_media | website | app | unknown | none,sent_money | shared_credentials | clicked_link | installed_app | none | unknown,payment | verification | login | download | none | unknown,bank_|_government_|_company_|_individual_|_none_|_unknown,unknown,0.9,1.0,1.0,0.0,0.0
,,1,3850.0,commerce,0.0,0.0,1.0,1.0,0.0,0.0,0.0,0.0,0.0,0.0,bank,website,sent_money,commerce,company,USD,1.0,1.0,0.0,1.0,0.0
,,1,125.0,commerce,0.0,0.0,0.0,1.0,0.0,0.0,0.0,0.0,0.0,0.0,upi,app,installed_app,commerce,company,unknown,0.8,1.0,0.0,1.0,0.0
,,1,700.0,transaction,0.0,0.0,1.0,0.0,0.0,0.0,0.0,0.0,1.0,0.0,bank,unknown,sent_money,transaction,bank,unknown,1.0,1.0,1.0,1.0,0.0
,,1,200.0,transaction,0.0,0.0,1.0,0.0,0.0,0.0,0.0,0.0,1.0,0.0,bank,website,paid,trade,korean_bank,USD,1.0,1.0,1.0,1.0,0.0
,,1,,transaction,0.0,1.0,0.0,0.0,0.0,0.0,0.0,0.0,0.0,0.0,card,phone,none,transaction,bank,unknown,0.9,1.0,1.0,1.0,0.0
,,1,1500.0,transaction,1.0,0.0,1.0,0.0,0.0,0.0,0.0,0.0,0.0,0.0,upi,sms,sent_money,payment,bank,USD,0.9,1.0,1.0,1.0,0.0
,,1,135.0,transaction,0.0,0.0,0.0,0.0,0.0,0.0,0.0,0.0,1.0,0.0,upi,sms,sent_money,payment,individual,INR,0.8,1.0,1.0,0.0,0.0
,,1,2000.0,transaction,0.0,1.0,0.0,0.0,0.0,0.0,0.0,0.0,0.0,0.0,card,phone,shared_credentials,verification,bank,USD,1.0,1.0,1.0,1.0,0.0
,,1,,social_engineering,0.0,0.0,0.0,0.0,0.0,0.0,1.0,1.0,0.0,0.0,unknown,social_media,none,none,military,unknown,0.8,1.0,1.0,1.0,0.0
,,1,,transaction,0.0,0.0,1.0,0.0,0.0,0.0,0.0,0.0,0.0,0.0,bank,website,clicked_link,payment,company,unknown,0.9,1.0,1.0,1.0,0.0
,,1,,transaction,0.0,1.0,0.0,0.0,0.0,0.0,0.0,0.0,0.0,0.0,crypto,website,invested,investment,crypto_exchange,unknown,0.0,1.0,1.0,0.0,0.0
,,1,150000.0,transaction,0.0,0.0,1.0,0.0,0.0,0.0,0.0,0.0,1.0,0.0,bank,phone,sent_money,transaction,crypto_exchange,GBP,0.9,1.0,1.0,0.0,0.0
,,1,,transaction,0.0,0.0,1.0,0.0,0.0,0.0,1.0,1.0,1.0,0.0,bank,phone,sent_money,payment,government,unknown,1.0,1.0,1.0,1.0,0.0
,,1,,transaction,0.0,1.0,1.0,0.0,0.0,0.0,0.0,0.0,0.0,0.0,bank,unknown,sent_money,payment,none,unknown,0.8,1.0,0.0,0.0,0.0
,,1,,commerce,0.0,0.0,0.0,1.0,1.0,0.0,0.0,0.0,0.0,0.0,upi,email,sent_money,commerce,company,unknown,0.8,1.0,0.0,1.0,0.0
,,1,,transaction,0.0,0.0,1.0,0.0,0.0,0.0,0.0,0.0,0.0,0.0,bank,phone,blocked,none,unknown,unknown,0.9,1.0,1.0,0.0,0.0
,,1,,social_engineering,0.0,0.0,0.0,0.0,0.0,0.0,1.0,1.0,0.0,0.0,unknown,phone,none,none,police_department,unknown,1.0,1.0,1.0,1.0,0.0
,,1,,transaction,0.0,0.0,0.0,0.0,0.0,1.0,0.0,0.0,1.0,0.0,crypto,website,clicked_link,none,exodus,unknown,0.9,1.0,1.0,1.0,0.0
,,1,,transaction,0.0,0.0,1.0,0.0,0.0,0.0,0.0,0.0,0.0,0.0,bank,phone,paid,transaction,at&amp;t,unknown,0.8,1.0,0.0,1.0,0.0
,,1,,transaction,0.0,0.0,0.0,0.0,0.0,0.0,0.0,0.0,1.0,0.0,unknown,website,sent_money,payment,none,unknown,0.9,1.0,1.0,0.0,0.0
,,1,,transaction,1.0,0.0,0.0,0.0,0.0,0.0,0.0,0.0,0.0,0.0,upi,sms,sent_money,payment,bank,unknown,0.9,1.0,0.0,1.0,0.0
,,1,50.0,transaction,0.0,0.0,1.0,0.0,0.0,0.0,0.0,0.0,0.0,0.0,bank,email,none,payment,tenant,USD,0.8,1.0,0.0,0.0,0.0
,,1,,commerce,0.0,0.0,0.0,1.0,0.0,0.0,0.0,0.0,0.0,0.0,upi,website,clicked_link,commerce,company,unknown,0.5,1.0,0.0,1.0,0.0
,,1,,transaction,0.0,0.0,1.0,0.0,0.0,0.0,0.0,0.0,0.0,0.0,bank,website,installed_app,transaction,none,unknown,0.9,1.0,1.0,0.0,0.0
,,1,20000.0,transaction,0.0,0.0,0.0,0.0,0.0,0.0,0.0,0.0,0.0,0.0,crypto,website,deposited_bitcoin,transaction,cryptoflasher,USD,1.0,1.0,1.0,0.0,0.0
,,0,,none,0.0,0.0,0.0,0.0,0.0,0.0,0.0,0.0,0.0,0.0,unknown,social_media,none,none,none,unknown,0.0,1.0,0.0,0.0,0.0
,,1,,transaction,0.0,0.0,0.0,0.0,0.0,0.0,0.0,0.0,0.0,0.0,bank,email,sent_money,payment,bank,unknown,0.9,1.0,1.0,1.0,0.0
,,1,59396.0,transaction,0.0,0.0,1.0,0.0,0.0,0.0,0.0,0.0,1.0,0.0,bank,website,sent_money,payment,broker,USD,0.8,1.0,1.0,1.0,0.0
,,1,,transaction,0.0,0.0,1.0,0.0,0.0,0.0,0.0,0.0,1.0,0.0,bank,website,sent_money,transaction,company,unknown,0.9,1.0,1.0,1.0,0.0
,,1,,social_engineering,0.0,0.0,0.0,0.0,0.0,1.0,0.0,1.0,1.0,0.0,unknown,telegram,installed_spyware,none,unknown,unknown,1.0,1.0,1.0,0.0,0.0
,,1,15.0,transaction,0.0,0.0,1.0,0.0,0.0,0.0,0.0,1.0,0.0,0.0,bank,social_media,none,payment,unknown,USD,0.8,1.0,0.0,0.0,0.0
,,1,3000.0,transaction,0.0,0.0,1.0,0.0,0.0,0.0,0.0,0.0,1.0,0.0,bank,phone,sent_money,payment,mcafee,USD,1.0,1.0,0.0,1.0,0.0
,,1,,social_engineering,0.0,0.0,0.0,0.0,0.0,1.0,0.0,0.0,0.0,0.0,unknown,email,clicked_link,credential,apple,unknown,0.9,1.0,1.0,1.0,0.0
,,1,,transaction,1.0,0.0,0.0,0.0,0.0,0.0,0.0,0.0,0.0,0.0,upi,sms,sent_money,payment,bank,unknown,0.8,1.0,0.0,1.0,0.0
,,1,,transaction,0.0,1.0,0.0,0.0,0.0,0.0,0.0,0.0,0.0,0.0,crypto,social_media,invested,investment,company,unknown,0.9,1.0,1.0,1.0,0.0
,,1,4000.0,transaction,0.0,0.0,0.0,0.0,0.0,0.0,0.0,0.0,0.0,0.0,bank,email,none,verification,government,CAD,1.0,1.0,1.0,1.0,0.0
,,0,,none,0.0,0.0,0.0,0.0,0.0,0.0,0.0,0.0,0.0,0.0,crypto,website,clicked_link,transaction,unknown,unknown,0.0,1.0,1.0,0.0,0.0
,,1,,transaction,0.0,0.0,0.0,1.0,0.0,0.0,0.0,1.0,0.0,0.0,upi,phone,sent_money,payment,unknown,unknown,1.0,1.0,0.0,0.0,0.0
,,1,,transaction,1.0,0.0,0.0,0.0,0.0,0.0,0.0,0.0,0.0,0.0,upi,sms,sent_money,payment,bank,unknown,0.5,1.0,0.0,1.0,0.0
,,1,,social_engineering,0.0,0.0,0.0,0.0,0.0,0.0,1.0,1.0,0.0,0.0,unknown,phone,none,verification,resolution_firm,unknown,1.0,1.0,1.0,1.0,0.0
,,1,,transaction,0.0,0.0,1.0,0.0,0.0,0.0,0.0,1.0,0.0,0.0,bank,email,sent_money,payment,unknown,unknown,1.0,1.0,1.0,0.0,0.0
,,1,20000.0,transaction,0.0,0.0,1.0,0.0,0.0,0.0,0.0,0.0,1.0,0.0,bank,sms,sent_money,payment,company,USD,1.0,1.0,0.0,1.0,0.0
,,1,,transaction,0.0,0.0,1.0,0.0,0.0,0.0,0.0,0.0,0.0,0.0,bank,phone,none,transaction,company,unknown,0.8,1.0,0.0,1.0,0.0
,,1,55000.0,transaction,0.0,0.0,1.0,0.0,0.0,0.0,0.0,0.0,0.0,0.0,bank,phone,sent_money,payment,individual,INR,1.0,1.0,1.0,0.0,0.0
,,1,275000.0,transaction,0.0,1.0,1.0,0.0,0.0,0.0,0.0,1.0,0.0,0.0,bank,phone,sent_money,payment,company,USD,1.0,1.0,1.0,0.0,0.0
,,1,,meta,0.0,0.0,0.0,0.0,0.0,0.0,0.0,0.0,1.0,0.0,crypto,website,clicked_link,none,unknown,unknown,0.0,1.0,0.0,0.0,0.0
,,1,,transaction,0.0,0.0,0.0,0.0,0.0,0.0,1.0,1.0,0.0,0.0,crypto,website,clicked_link,transaction,company,unknown,1.0,1.0,1.0,1.0,0.0
,,1,7.0,transaction,1.0,0.0,0.0,0.0,0.0,0.0,0.0,0.0,0.0,0.0,upi,app,sent_money,payment,unknown,unknown,0.8,1.0,0.0,0.0,0.0
,,1,,commerce,0.0,0.0,0.0,0.0,1.0,0.0,0.0,0.0,0.0,0.0,unknown,website,sent_money,payment,company,unknown,0.8,1.0,1.0,1.0,0.0
,,1,,social_engineering,0.0,0.0,0.0,0.0,0.0,1.0,0.0,0.0,0.0,0.0,upi,email,clicked_link,verification,paypal,unknown,0.8,1.0,1.0,1.0,0.0
,,1,,transaction,0.0,0.0,1.0,0.0,0.0,0.0,0.0,0.0,0.0,0.0,bank,phone,sent_money,payment,company,unknown,0.6,1.0,0.0,1.0,0.0
,,1,,transaction,0.0,0.0,1.0,0.0,0.0,0.0,0.0,0.0,0.0,0.0,bank,sms,clicked_link,payment,company,unknown,0.9,1.0,0.0,1.0,0.0
,,1,,transaction,0.0,0.0,0.0,0.0,0.0,0.0,1.0,1.0,0.0,0.0,bank,sms,sent_money,payment,company,unknown,1.0,1.0,1.0,1.0,0.0
,,1,,social_engineering,0.0,0.0,0.0,0.0,0.0,1.0,1.0,1.0,0.0,0.0,unknown,website,clicked_link,verification,none,unknown,1.0,1.0,1.0,1.0,0.0
,,1,,commerce,0.0,0.0,0.0,1.0,1.0,0.0,0.0,0.0,0.0,0.0,upi,email,sent_money,commerce,company,unknown,0.8,1.0,0.0,1.0,0.0
,,1,,social_engineering,0.0,0.0,0.0,0.0,0.0,1.0,0.0,0.0,0.0,0.0,unknown,email,shared_credentials,login,government,unknown,0.8,1.0,1.0,1.0,0.0
,,1,,transaction,0.0,0.0,0.0,0.0,0.0,0.0,0.0,0.0,0.0,0.0,crypto,telegram,sent_money,payment,unknown,unknown,0.8,1.0,1.0,0.0,0.0
,,1,2500.0,transaction,0.0,0.0,0.0,0.0,0.0,0.0,0.0,0.0,1.0,0.0,crypto,sms,clicked_link,transaction,elon_musk,USD,1.0,1.0,0.0,1.0,0.0
,,1,,social_engineering,0.0,0.0,0.0,0.0,0.0,1.0,1.0,1.0,0.0,0.0,unknown,email,none,none,government,unknown,1.0,1.0,1.0,1.0,0.0
,,1,,transaction,0.0,0.0,1.0,0.0,0.0,0.0,0.0,0.0,1.0,0.0,bank,website,sent_money,payment,none,unknown,0.95,1.0,1.0,0.0,0.0
,,1,,transaction,0.0,0.0,0.0,0.0,0.0,0.0,0.0,1.0,1.0,0.0,crypto,website,deposit,trade,crypto_exchange,unknown,1.0,1.0,1.0,0.0,0.0
,,1,250.0,commerce,0.0,0.0,0.0,1.0,0.0,0.0,0.0,0.0,0.0,0.0,upi,website,clicked_link,commerce,company,INR,0.8,1.0,0.0,0.0,0.0
,,1,,transaction,0.0,1.0,0.0,0.0,0.0,0.0,0.0,0.0,0.0,0.0,card,website,sent_money,payment,unknown,unknown,0.0,0.0,1.0,0.0,0.0
,,1,,commerce,0.0,0.0,0.0,1.0,1.0,0.0,0.0,0.0,0.0,0.0,unknown,website,sent_money,commerce,company,unknown,0.8,1.0,1.0,0.0,0.0
,,1,,commerce,0.0,0.0,0.0,1.0,0.0,0.0,0.0,0.0,0.0,0.0,upi,website,sent_money,payment,company,unknown,0.8,1.0,0.0,1.0,0.0
,,1,,transaction,0.0,0.0,0.0,0.0,0.0,0.0,0.0,0.0,0.0,0.0,crypto,website,installed_app,none,unknown,unknown,0.9,1.0,1.0,0.0,0.0
,,1,,transaction,0.0,0.0,1.0,0.0,0.0,0.0,0.0,0.0,0.0,0.0,bank,email,sent_money,payment,company,unknown,0.9,1.0,0.0,1.0,0.0
,,1,,social_engineering,0.0,0.0,0.0,0.0,0.0,0.0,1.0,1.0,0.0,0.0,unknown,sms,none,none,escort_service,unknown,1.0,1.0,1.0,1.0,0.0
,,0,,none,0.0,0.0,0.0,0.0,0.0,0.0,0.0,0.0,0.0,0.0,unknown,email,unknown,unknown,unknown,unknown,0.0,0.0,0.0,0.0,0.0
,,1,,transaction,1.0,0.0,0.0,0.0,0.0,0.0,1.0,1.0,0.0,0.0,upi,sms,sent_money,payment,bank,unknown,1.0,1.0,1.0,1.0,0.0
,,1,,social_engineering,0.0,0.0,0.0,0.0,0.0,0.0,1.0,1.0,0.0,0.0,unknown,phone,none,none,customs_officer,unknown,1.0,1.0,1.0,1.0,0.0
,,1,,commerce,0.0,0.0,0.0,0.0,0.0,0.0,0.0,0.0,0.0,0.0,bank,website,clicked_link,commerce,company,unknown,0.8,1.0,0.0,1.0,0.0
,,1,,transaction,0.0,0.0,1.0,0.0,0.0,0.0,0.0,0.0,1.0,0.0,bank,phone,none,transaction,bank,unknown,0.9,1.0,1.0,1.0,0.0
,,1,65000.0,transaction,0.0,0.0,1.0,0.0,0.0,0.0,0.0,0.0,1.0,0.0,bank,website,installed_app,payment,company,USD,1.0,1.0,1.0,1.0,0.0
,,1,20000.0,transaction,0.0,0.0,1.0,0.0,0.0,0.0,0.0,1.0,0.0,0.0,bank,phone,sent_money,payment,individual,USD,1.0,1.0,1.0,0.0,0.0
,,1,,credential,0.0,0.0,0.0,0.0,0.0,1.0,0.0,0.0,0.0,0.0,unknown,email,clicked_link,phishing,axis_max_life_insurance,unknown,0.8,1.0,1.0,1.0,0.0
,,0,,none,0.0,0.0,0.0,0.0,0.0,0.0,0.0,0.0,0.0,0.0,unknown,email,changed_password,login,twitter,unknown,0.0,1.0,1.0,0.0,0.0
,,1,,transaction,0.0,0.0,1.0,0.0,0.0,0.0,0.0,1.0,0.0,0.0,bank,phone,sent_money,payment,none,unknown,1.0,1.0,0.0,0.0,0.0
,,1,500.0,transaction,0.0,1.0,0.0,0.0,0.0,0.0,0.0,0.0,0.0,0.0,card,atm,withdrew_money,transaction,bank,USD,1.0,1.0,1.0,1.0,0.0
,,1,,social_engineering,0.0,0.0,0.0,0.0,0.0,0.0,1.0,1.0,0.0,0.0,unknown,phone,none,none,abraham_davidson_law_firm,unknown,1.0,1.0,1.0,1.0,0.0
,,1,200.0,transaction,0.0,0.0,1.0,0.0,0.0,0.0,0.0,0.0,0.0,0.0,bank,website,sent_money,payment,company,unknown,1.0,1.0,0.0,0.0,0.0
,,1,,transaction,1.0,0.0,0.0,0.0,0.0,0.0,1.0,1.0,0.0,0.0,upi,sms,sent_money,payment,company,unknown,1.0,1.0,1.0,1.0,0.0
,,0,,none,0.0,0.0,0.0,0.0,0.0,0.0,0.0,0.0,0.0,0.0,crypto,website,utilize,none,unknown,unknown,0.0,0.0,0.0,0.0,0.0
,,1,2050.0,commerce,0.0,0.0,0.0,1.0,0.0,0.0,0.0,0.0,0.0,0.0,upi,website,sent_money,payment,company,INR,0.6,1.0,0.0,1.0,0.0
,,1,2000.0,transaction,1.0,0.0,0.0,0.0,0.0,0.0,0.0,0.0,0.0,0.0,upi,sms,sent_money,payment,unknown,INR,1.0,1.0,1.0,0.0,0.0
,,1,,transaction,0.0,1.0,0.0,0.0,0.0,0.0,0.0,0.0,0.0,0.0,bank,online,none,account_creation,bank,unknown,0.0,0.0,1.0,1.0,0.0
,,1,,transaction,1.0,0.0,0.0,0.0,0.0,0.0,0.0,0.0,0.0,0.0,upi,sms,sent_money,payment,bank,unknown,1.0,1.0,1.0,1.0,0.0
,,1,,transaction,1.0,0.0,0.0,0.0,0.0,0.0,0.0,0.0,0.0,0.0,upi,sms,sent_money,payment,bank,unknown,0.8,1.0,0.0,1.0,0.0
,,1,,transaction,0.0,0.0,1.0,0.0,0.0,0.0,0.0,0.0,1.0,0.0,bank,phone,none,payment,company,unknown,0.8,1.0,1.0,1.0,0.0
,,1,,transaction,0.0,0.0,0.0,0.0,0.0,0.0,0.0,0.0,1.0,0.0,unknown,none,none,none,none,unknown,0.95,1.0,1.0,0.0,0.0
,,1,,social_engineering,0.0,0.0,0.0,0.0,0.0,1.0,0.0,0.0,0.0,0.0,unknown,email,clicked_link,credential,individual,unknown,0.8,1.0,1.0,0.0,0.0
,,1,17.0,transaction,0.0,1.0,0.0,0.0,0.0,0.0,0.0,1.0,0.0,0.0,card,sms,sent_money,payment,postal_office,unknown,0.9,1.0,0.0,1.0,0.0
,,1,,transaction,0.0,1.0,0.0,0.0,0.0,0.0,0.0,0.0,0.0,0.0,card,website,clicked_link,transaction,car_dealer,unknown,0.5,1.0,0.0,1.0,0.0
,,0,,none,0.0,0.0,0.0,0.0,0.0,1.0,0.0,0.0,0.0,0.0,upi,phone,shared_credentials,verification,bank,unknown,0.0,1.0,1.0,1.0,0.0
,,1,,social_engineering,0.0,0.0,0.0,0.0,0.0,1.0,0.0,0.0,0.0,0.0,unknown,phone,shared_credentials,verification,insurance_company,unknown,0.8,1.0,1.0,1.0,0.0
,,1,,transaction,0.0,1.0,0.0,0.0,0.0,0.0,0.0,0.0,0.0,0.0,card,phone,shared_credentials,verification,bank,unknown,0.8,1.0,1.0,1.0,0.0
,,1,1500.0,transaction,1.0,0.0,0.0,0.0,0.0,0.0,0.0,0.0,0.0,0.0,upi,sms,sent_money,payment,bank,INR,0.8,1.0,0.0,1.0,0.0
,,1,500.0,transaction,0.0,0.0,1.0,0.0,0.0,0.0,0.0,1.0,0.0,0.0,bank,social_media,sent_money,payment,company,USD,1.0,1.0,0.0,1.0,0.0
,,0,300.0,none,0.0,0.0,0.0,0.0,0.0,0.0,0.0,0.0,0.0,0.0,upi | card | bank | crypto | gift_card | unknown | none,sms | email | phone | social_media | website | app | unknown | none,sent_money,payment,none,USD,0.0,1.0,1.0,0.0,0.0
,,1,,commerce,0.0,0.0,0.0,0.0,0.0,0.0,0.0,0.0,0.0,0.0,bank,email,sent_money,payment,company,unknown,0.8,1.0,0.0,0.0,0.0
,,1,15.0,transaction,0.0,0.0,1.0,0.0,0.0,0.0,0.0,0.0,1.0,0.0,bank,unknown,sent_money,transaction,none,INR,0.8,1.0,0.0,0.0,0.0
,,1,,social_engineering,0.0,0.0,0.0,0.0,0.0,0.0,0.0,1.0,0.0,0.0,unknown,social_media,none,analysis,none,unknown,1.0,1.0,0.0,0.0,0.0
,,1,,transaction,0.0,0.0,0.0,0.0,0.0,0.0,0.0,0.0,0.0,0.0,unknown,phone,none,none,unknown,unknown,0.8,1.0,0.0,0.0,0.0
,,1,12000.0,transaction,0.0,1.0,0.0,0.0,0.0,0.0,0.0,0.0,0.0,0.0,card,petrol_station,withdrew_money,transaction,none,USD,0.9,1.0,1.0,0.0,0.0
,,1,,commerce,0.0,0.0,0.0,0.0,0.0,0.0,0.0,0.0,0.0,0.0,unknown,email,shared_credentials,none,seller,unknown,0.0,1.0,1.0,0.0,0.0
,,1,,social_engineering,0.0,0.0,0.0,0.0,0.0,0.0,1.0,1.0,0.0,0.0,unknown,phone,none,verification,police_department,unknown,1.0,1.0,1.0,1.0,0.0
,,1,50.0,transaction,0.0,0.0,1.0,0.0,0.0,0.0,0.0,0.0,1.0,0.0,bank,website,sent_money,transaction,wallet_developer,USD,1.0,1.0,1.0,1.0,0.0
,,1,,transaction,0.0,0.0,1.0,0.0,0.0,0.0,0.0,0.0,1.0,0.0,bank,email,sent_money,payment,none,unknown,0.9,1.0,1.0,0.0,0.0
,,1,,transaction,0.0,0.0,1.0,0.0,0.0,0.0,0.0,1.0,0.0,0.0,bank,phone,transfer_money,transaction,unknown,unknown,0.9,1.0,0.0,0.0,0.0
,,1,,transaction,0.0,0.0,0.0,0.0,1.0,0.0,0.0,0.0,0.0,0.0,crypto,website,installed_app,payment,company,unknown,0.9999,1.0,1.0,1.0,0.0
,,1,500.0,transaction,1.0,0.0,0.0,0.0,0.0,0.0,0.0,0.0,0.0,0.0,upi,sms,sent_money,payment,bank,INR,1.0,1.0,1.0,0.0,0.0
,,1,,social_engineering,0.0,0.0,0.0,0.0,0.0,1.0,0.0,1.0,0.0,0.0,none,email,installed_app,none,unknown,unknown,1.0,1.0,1.0,0.0,0.0
,,1,800.0,transaction,0.0,0.0,1.0,0.0,0.0,0.0,0.0,0.0,0.0,0.0,bank,sms,withdrew_money,payment,company,USD,1.0,1.0,0.0,1.0,0.0
,,1,,transaction,0.0,0.0,0.0,0.0,0.0,0.0,0.0,0.0,0.0,0.0,bank,website,transfer_money,payment,company,unknown,0.0,1.0,1.0,1.0,0.0
,,1,,transaction,0.0,1.0,0.0,0.0,0.0,0.0,0.0,0.0,0.0,0.0,card,email,sent_money,payment,bank,unknown,0.95,1.0,1.0,1.0,0.0
,,1,,transaction,0.0,1.0,0.0,0.0,0.0,0.0,0.0,0.0,0.0,0.0,card,unknown,shared_credentials,none,individual,unknown,0.8,1.0,1.0,0.0,0.0
,,0,,none,0.0,0.0,0.0,0.0,0.0,1.0,0.0,0.0,0.0,0.0,unknown,none,installed_app,none,none,unknown,0.0,0.0,1.0,1.0,0.0
,,1,,commerce,0.0,1.0,0.0,0.0,0.0,0.0,0.0,0.0,0.0,0.0,card,website,installed_app,download,none,unknown,0.0,1.0,1.0,0.0,0.0
,,1,1000.0,transaction,0.0,0.0,1.0,0.0,0.0,0.0,0.0,1.0,0.0,0.0,bank,website,clicked_link,payment,government,INR,1.0,1.0,0.0,1.0,0.0
,,1,250.0,transaction,0.0,0.0,0.0,0.0,0.0,0.0,0.0,1.0,0.0,0.0,crypto,direct_message,sent_money,payment,unknown,LITECOIN_LTC,1.0,1.0,0.0,0.0,0.0
,,0,,none,0.0,0.0,0.0,0.0,0.0,0.0,0.0,0.0,0.0,0.0,unknown,app,installed_app,none,company,unknown,0.0,0.0,0.0,1.0,0.0
,,1,,transaction,0.0,0.0,0.0,0.0,0.0,0.0,0.0,0.0,1.0,0.0,unknown,social_media,none,none,individual,unknown,0.9,1.0,0.0,0.0,0.0
,,1,,social_engineering,0.0,0.0,0.0,0.0,0.0,1.0,0.0,0.0,0.0,0.0,unknown,email,none,credential,unknown,unknown,0.8,1.0,0.0,0.0,0.0
,,1,,social_engineering,0.0,0.0,0.0,0.0,0.0,0.0,1.0,1.0,0.0,0.0,unknown,email,none,none,hotmail,unknown,1.0,1.0,0.0,1.0,0.0
,,1,20000.0,transaction,0.0,0.0,0.0,0.0,0.0,0.0,1.0,1.0,0.0,0.0,bank,phone,paid,payment,law_enforcement,USD,1.0,1.0,1.0,1.0,0.0
,,1,,transaction,1.0,0.0,1.0,0.0,0.0,0.0,0.0,0.0,0.0,0.0,upi,email,sent_money,payment,bank,unknown,0.9,1.0,1.0,1.0,0.0
,,1,,social_engineering,0.0,0.0,0.0,0.0,0.0,1.0,0.0,0.0,0.0,0.0,unknown,email,clicked_link,none,company,unknown,0.5,1.0,0.0,1.0,0.0
,,1,100.0,commerce,0.0,1.0,0.0,0.0,0.0,0.0,0.0,0.0,0.0,0.0,gift_card,social_media,sent_money,commerce,individual,USD,0.8,1.0,1.0,0.0,0.0
,,1,500.0,transaction,1.0,0.0,0.0,0.0,0.0,0.0,0.0,0.0,0.0,0.0,upi,website,sent_money,payment,unknown,USD,1.0,1.0,1.0,0.0,0.0
,,1,100.0,transaction,0.0,0.0,0.0,1.0,0.0,0.0,0.0,0.0,0.0,0.0,upi,phone,sent_money,payment,company,INR,0.95,1.0,1.0,0.0,0.0
,,1,6.0,transaction,0.0,1.0,0.0,0.0,0.0,0.0,0.0,0.0,0.0,0.0,card,unknown,none,payment,bank,USD,0.5,1.0,1.0,1.0,0.0
,,1,,social_engineering,0.0,0.0,0.0,0.0,0.0,0.0,0.0,1.0,0.0,0.0,unknown,social_media,clicked_link,none,individual,unknown,1.0,1.0,0.0,0.0,0.0
,,1,1000.0,commerce,0.0,0.0,1.0,0.0,0.0,0.0,0.0,0.0,1.0,0.0,bank,sms,sent_money,payment,company,EUR,0.5,1.0,1.0,0.0,0.0
,,1,,commerce,1.0,0.0,0.0,1.0,0.0,0.0,0.0,0.0,0.0,0.0,upi,sms,sent_money,payment,company,unknown,0.8,1.0,0.0,0.0,0.0
,,1,,social_engineering,0.0,0.0,1.0,0.0,0.0,0.0,0.0,1.0,0.0,0.0,bank,email,clicked_link,transaction,company,unknown,1.0,1.0,0.0,1.0,0.0
,,1,,transaction,0.0,1.0,0.0,0.0,0.0,0.0,0.0,0.0,0.0,0.0,card,website,clicked_link,payment,company,unknown,0.0,1.0,1.0,1.0,0.0
,,1,,commerce,0.0,0.0,0.0,1.0,0.0,0.0,0.0,0.0,0.0,0.0,bank,email,none,commerce,company,unknown,0.8,1.0,0.0,0.0,0.0
,,1,10.0,transaction,0.0,0.0,0.0,0.0,0.0,0.0,1.0,1.0,0.0,0.0,crypto,telegram,sent_money,payment,company,ETH,1.0,1.0,1.0,1.0,0.0
,,1,,transaction,0.0,0.0,1.0,0.0,0.0,0.0,0.0,0.0,0.0,0.0,bank,website,sent_money,payment,company,unknown,0.8,1.0,0.0,1.0,0.0
,,1,500000.0,transaction,0.0,0.0,1.0,0.0,0.0,0.0,0.0,0.0,0.0,0.0,bank,email,sent_money,payment,bank,USD,0.8,1.0,0.0,1.0,0.0
,,1,,transaction,0.0,0.0,0.0,0.0,0.0,0.0,0.0,0.0,1.0,0.0,crypto,website,deposited_money,transaction,none,unknown,0.9,1.0,1.0,0.0,0.0
,,1,,transaction,0.0,1.0,0.0,0.0,0.0,1.0,0.0,0.0,0.0,0.0,card,email,shared_credentials,login,company,unknown,0.9,1.0,1.0,1.0,0.0
,,0,,none,0.0,0.0,0.0,0.0,0.0,0.0,0.0,0.0,0.0,0.0,unknown,email,clicked_link,none,wise_security,unknown,0.0,1.0,1.0,1.0,0.0
,,1,,transaction,0.0,1.0,0.0,0.0,0.0,0.0,0.0,0.0,0.0,0.0,card,phone,shared_credentials,verification,bank,unknown,0.8,1.0,1.0,1.0,0.0
,,1,1011708.0,transaction,0.0,0.0,1.0,0.0,0.0,0.0,0.0,0.0,1.0,0.0,bank,website,sent_money,payment,company,USD,0.5,1.0,1.0,1.0,0.0
,,1,,transaction,0.0,0.0,1.0,0.0,0.0,0.0,0.0,0.0,1.0,0.0,bank,website,sent_money,payment,company,unknown,0.9,1.0,1.0,1.0,0.0
,,1,500.0,transaction,0.0,0.0,1.0,0.0,0.0,0.0,0.0,0.0,1.0,0.0,bank,website,sent_money,payment,company,USD,1.0,1.0,1.0,1.0,0.0
,,0,,meta,0.0,0.0,0.0,0.0,0.0,0.0,1.0,1.0,0.0,1.0,unknown,email,none,none,none,unknown,1.0,1.0,1.0,1.0,0.0
,,1,,commerce,0.0,1.0,0.0,1.0,0.0,0.0,0.0,0.0,0.0,0.0,card,social_media,sent_money,payment,company,unknown,0.9,1.0,1.0,1.0,0.0
,,1,300.0,transaction,0.0,0.0,1.0,0.0,0.0,0.0,0.0,0.0,0.0,0.0,bank,website,sent_money,payment,company,USD,1.0,1.0,0.0,1.0,0.0
,,0,319.0,none,0.0,1.0,0.0,0.0,0.0,0.0,0.0,0.0,0.0,0.0,card,phone,sent_money,payment,company,USD,0.0,0.0,0.0,1.0,0.0
,,1,250.0,transaction,0.0,0.0,1.0,0.0,0.0,0.0,0.0,0.0,0.0,0.0,bank,website,deposited,transaction,company,USD,1.0,1.0,1.0,1.0,0.0
,,1,1000.0,transaction,1.0,1.0,1.0,0.0,0.0,0.0,0.0,0.0,1.0,0.0,upi,website,sent_money,payment,company,unknown,0.9,1.0,1.0,0.0,0.0
,,1,,social_engineering,0.0,0.0,0.0,0.0,0.0,0.0,1.0,1.0,0.0,0.0,unknown,email,none,none,bank,unknown,1.0,1.0,1.0,1.0,0.0
,,1,,social_engineering,0.0,0.0,0.0,0.0,0.0,1.0,0.0,0.0,0.0,0.0,unknown,phone,none,credential,individual,unknown,0.8,1.0,1.0,0.0,0.0
,,1,,transaction,1.0,0.0,0.0,0.0,0.0,0.0,0.0,0.0,0.0,0.0,upi,website,clicked_link,transaction,bank,unknown,0.9,1.0,0.0,1.0,0.0
,,1,,social_engineering,0.0,0.0,0.0,0.0,0.0,1.0,0.0,0.0,0.0,0.0,unknown,email,shared_credentials,login,bank,unknown,0.9,1.0,1.0,1.0,0.0
,,1,,social_engineering,0.0,0.0,0.0,0.0,0.0,0.0,1.0,1.0,0.0,0.0,unknown,whatsapp,none,none,individual,unknown,0.8,1.0,1.0,1.0,0.0
,,1,,transaction,0.0,0.0,0.0,0.0,0.0,0.0,0.0,0.0,1.0,0.0,unknown,website,clicked_link,none,company,unknown,0.8,1.0,1.0,1.0,0.0
,,1,,social_engineering,0.0,0.0,0.0,0.0,0.0,1.0,0.0,0.0,0.0,0.0,unknown,email,clicked_link,credential,microsoft,unknown,0.8,1.0,1.0,1.0,0.0
,,1,,transaction,1.0,0.0,0.0,0.0,0.0,0.0,0.0,0.0,0.0,0.0,upi,sms,sent_money,payment,bank,unknown,0.8,1.0,0.0,1.0,0.0
,,1,100000.0,transaction,0.0,0.0,0.0,0.0,0.0,0.0,0.0,0.0,0.0,0.0,bank,phone,paid_money,payment,bank,INR,0.5,1.0,1.0,1.0,0.0
,,1,19000.0,commerce,0.0,0.0,1.0,1.0,1.0,0.0,0.0,0.0,1.0,0.0,bank,website,paid,payment,company,INR,0.8,1.0,1.0,1.0,0.0
,,1,,transaction,0.0,0.0,1.0,0.0,0.0,0.0,0.0,0.0,0.0,0.0,bank,email,sent_money,payment,company,unknown,0.9,1.0,1.0,1.0,0.0
,,1,6000.0,transaction,0.0,0.0,1.0,0.0,0.0,0.0,0.0,0.0,0.0,0.0,bank,email,shared_credentials,transaction,company,unknown,1.0,1.0,1.0,0.0,0.0
,,1,,transaction,0.0,1.0,0.0,0.0,0.0,0.0,0.0,0.0,0.0,0.0,crypto,website,sent_money,payment,unknown,unknown,0.9,1.0,1.0,0.0,0.0
,,1,,transaction,0.0,0.0,1.0,0.0,0.0,0.0,0.0,0.0,0.0,0.0,bank,sms,sent_money,payment,none,unknown,0.8,1.0,1.0,0.0,0.0
,,1,,transaction,0.0,0.0,1.0,0.0,0.0,0.0,0.0,0.0,1.0,0.0,bank,website,sent_money,account_lock,none,unknown,0.8,1.0,1.0,0.0,0.0
,,1,,commerce,0.0,0.0,0.0,1.0,1.0,0.0,0.0,0.0,0.0,0.0,upi,website,sent_money,payment,company,unknown,0.5,1.0,1.0,1.0,0.0
,,1,,commerce,0.0,1.0,0.0,0.0,0.0,0.0,0.0,0.0,0.0,0.0,unknown,website,sent_money,payment,individual,unknown,0.0,0.0,1.0,0.0,0.0
,,1,,transaction,1.0,0.0,0.0,0.0,0.0,0.0,0.0,0.0,0.0,0.0,upi,website,clicked_link,payment,government,unknown,0.8,1.0,0.0,1.0,0.0
,,1,,social_engineering,0.0,0.0,0.0,0.0,0.0,0.0,1.0,1.0,1.0,0.0,unknown,sms | email | phone | social_media | website | app | unknown | none,sent_money,none,individual,unknown,1.0,1.0,1.0,1.0,0.0
,,1,,social_engineering,0.0,0.0,0.0,0.0,0.0,0.0,0.0,1.0,0.0,0.0,none,social_media,none,none,individual,unknown,1.0,1.0,0.0,0.0,0.0
,,1,,transaction,1.0,0.0,0.0,0.0,0.0,0.0,0.0,0.0,0.0,0.0,upi,sms,sent_money,payment,bank,unknown,0.8,1.0,1.0,1.0,0.0
,,1,,transaction,0.0,0.0,1.0,0.0,0.0,0.0,0.0,0.0,1.0,0.0,bank,internal_system,paid_by_cheque,transaction,bank,unknown,0.9,1.0,1.0,0.0,0.0
,,1,7000000.0,transaction,0.0,0.0,0.0,0.0,0.0,1.0,0.0,0.0,0.0,0.0,unknown,sms,sent_money,transaction,individual,USD,1.0,1.0,1.0,0.0,0.0
,,1,,transaction,0.0,0.0,1.0,0.0,0.0,0.0,0.0,0.0,0.0,0.0,bank,sms,sent_money,payment,company,unknown,0.9,1.0,1.0,1.0,0.0
,,1,3000.0,transaction,0.0,1.0,0.0,0.0,0.0,0.0,0.0,0.0,0.0,0.0,card,unknown,sent_money,payment,none,USD,0.5,1.0,1.0,0.0,0.0
,,1,,transaction,0.0,0.0,1.0,0.0,0.0,0.0,0.0,0.0,0.0,0.0,bank,website,sent_money,payment,company,unknown,0.9,1.0,0.0,1.0,0.0
,,1,,transaction,0.0,1.0,0.0,0.0,0.0,0.0,0.0,0.0,0.0,0.0,card,email,sent_money,payment,company,unknown,0.8,1.0,1.0,1.0,0.0
,,1,,transaction,0.0,0.0,1.0,0.0,0.0,0.0,0.0,0.0,0.0,0.0,bank,website,clicked_link,transaction,none,unknown,0.9,1.0,1.0,0.0,0.0
,,0,,none,0.0,0.0,0.0,0.0,0.0,0.0,0.0,0.0,0.0,0.0,upi,unknown,sent_money,payment,bank,unknown,0.0,0.0,0.0,1.0,0.0
,,1,1500.0,transaction,0.0,0.0,1.0,0.0,0.0,0.0,0.0,0.0,1.0,0.0,bank,unknown,sent_money,payment,company,INR,0.8,1.0,0.0,1.0,0.0
,,1,,transaction,0.0,1.0,0.0,0.0,0.0,0.0,0.0,0.0,0.0,0.0,card,website,shared_credentials,payment,none,unknown,0.8,1.0,1.0,0.0,0.0
,,1,9000.0,transaction,1.0,0.0,1.0,0.0,0.0,0.0,0.0,0.0,0.0,0.0,upi,sms,sent_money,payment,bank,unknown,1.0,1.0,1.0,1.0,0.0
,,1,,commerce,0.0,0.0,0.0,1.0,0.0,0.0,0.0,0.0,1.0,0.0,upi,website,sent_money,payment,company,unknown,0.8,1.0,1.0,0.0,0.0
,,1,,social_engineering,0.0,0.0,0.0,0.0,0.0,1.0,1.0,1.0,0.0,0.0,unknown,email,none,verification,google,unknown,1.0,1.0,1.0,1.0,0.0
,,1,,social_engineering,0.0,0.0,0.0,0.0,0.0,1.0,0.0,0.0,0.0,0.0,unknown,email,none,credential,individual,unknown,0.0,1.0,1.0,1.0,0.0
,,1,900000.0,transaction,0.0,0.0,1.0,0.0,0.0,0.0,0.0,1.0,0.0,0.0,bank,social_media,sent_money,payment,none,USD,1.0,1.0,0.0,0.0,0.0
,,1,,transaction,0.0,0.0,1.0,0.0,0.0,0.0,0.0,0.0,1.0,0.0,bank,discord,sent_money,payment,unknown,unknown,0.8,1.0,1.0,0.0,0.0
,,1,,credential,0.0,0.0,0.0,0.0,0.0,1.0,0.0,0.0,0.0,0.0,unknown,none,none,none,individual,unknown,0.0,0.0,1.0,0.0,0.0
,,1,,commerce,0.0,0.0,0.0,0.0,0.0,0.0,0.0,0.0,0.0,0.0,bank,website,clicked_link,purchase,company,unknown,0.9,1.0,0.0,1.0,0.0
,,1,,transaction,0.0,0.0,1.0,0.0,0.0,0.0,0.0,0.0,0.0,0.0,bank,email,sent_money,payment,company,unknown,0.8,1.0,0.0,1.0,0.0
,,0,,none,0.0,0.0,0.0,0.0,0.0,0.0,0.0,0.0,0.0,0.0,unknown,email,shared_credentials,credential,company,unknown,0.0,0.0,0.0,1.0,0.0
,,1,,social_engineering,0.0,0.0,0.0,0.0,0.0,1.0,0.0,0.0,0.0,0.0,unknown,email,clicked_link,credential,microsoft,unknown,0.8,1.0,1.0,1.0,0.0
,,1,,transaction,0.0,0.0,0.0,0.0,0.0,0.0,0.0,0.0,0.0,0.0,unknown,telegram,sent_money,payment,unknown,unknown,0.0,1.0,0.5,0.0,0.0
,,1,,commerce,0.0,0.0,0.0,1.0,0.0,0.0,0.0,0.0,1.0,0.0,upi,social_media,sent_money,commerce,company,unknown,0.5,1.0,0.0,1.0,0.0
,,1,,social_engineering,0.0,0.0,0.0,0.0,0.0,0.0,1.0,1.0,0.0,0.0,unknown,phone,reported,none,police,unknown,1.0,1.0,1.0,1.0,0.0
,,1,,transaction,0.0,0.0,0.0,0.0,0.0,0.0,0.0,0.0,1.0,0.0,unknown,website,clicked_link,none,prime_minister,unknown,0.9,1.0,0.0,1.0,0.0
,,1,,social_engineering,0.0,0.0,0.0,0.0,0.0,0.0,1.0,1.0,0.0,0.0,unknown,email,none,none,interpol_russia,unknown,1.0,1.0,1.0,1.0,0.0
,,1,,social_engineering,0.0,1.0,0.0,0.0,0.0,1.0,0.0,1.0,0.0,0.0,card,phone,shared_credentials,verification,bank,unknown,1.0,1.0,1.0,1.0,0.0
,,1,,transaction,0.0,0.0,1.0,0.0,0.0,1.0,0.0,0.0,0.0,0.0,bank,sms,sent_money,payment,unknown,unknown,0.8,1.0,0.0,1.0,0.0
,,1,3000.0,transaction,0.0,0.0,0.0,0.0,0.0,0.0,0.0,0.0,0.0,0.0,bank,email,sent_money,payment,airline,unknown,0.0,1.0,1.0,1.0,0.0
,,1,60000.0,transaction,0.0,0.0,0.0,0.0,0.0,0.0,0.0,0.0,0.0,0.0,bank,none,sent_money,payment,company,INR,1.0,1.0,1.0,1.0,0.0
,,1,,transaction,1.0,0.0,0.0,0.0,0.0,0.0,0.0,0.0,0.0,0.0,upi,sms,sent_money,payment,bank,unknown,0.9,1.0,0.0,1.0,0.0
,,1,,transaction,0.0,0.0,1.0,0.0,0.0,0.0,0.0,0.0,1.0,0.0,bank,website,sent_money,payment,none,unknown,0.9,1.0,0.0,0.0,0.0
,,1,,transaction,0.0,1.0,0.0,0.0,0.0,0.0,0.0,0.0,0.0,0.0,card,whatsapp,entered_card_details,payment,airtel,INR,0.8,1.0,1.0,1.0,0.0
,,1,38.0,commerce,0.0,1.0,0.0,1.0,0.0,0.0,0.0,0.0,0.0,0.0,card,social_media,sent_money,payment,company,GBP,0.5,1.0,1.0,0.0,0.0
,,1,1600.0,transaction,0.0,0.0,1.0,0.0,0.0,0.0,0.0,0.0,1.0,0.0,bank,website,sent_money,transaction,none,GBP,0.8,1.0,1.0,0.0,0.0
,,1,1500.0,transaction,0.0,1.0,0.0,0.0,0.0,0.0,0.0,0.0,0.0,0.0,card,sms,sent_money,payment,bank,USD,0.8,1.0,1.0,1.0,0.0
,,1,,transaction,0.0,0.0,0.0,0.0,0.0,0.0,1.0,0.0,0.0,0.0,upi | card | bank | crypto | gift_card | unknown | none,sms | email | phone | social_media | website | app | unknown | none,sent_money | shared_credentials | clicked_link | installed_app | none | unknown,payment | verification | login | download | none | unknown,bank_|_government_|_company_|_individual_|_none_|_unknown,unknown,0.8,1.0,0.0,1.0,0.0
,,1,,social_engineering,0.0,0.0,0.0,0.0,0.0,1.0,0.0,0.0,0.0,0.0,unknown,email,reported_and_blocked,none,unknown,unknown,0.9,1.0,1.0,0.0,0.0
,,1,,commerce,0.0,0.0,0.0,1.0,1.0,0.0,0.0,1.0,0.0,0.0,bank,website,clicked_link,payment,company,unknown,0.8,1.0,0.0,0.0,0.0
,,1,,social_engineering,0.0,0.0,0.0,0.0,0.0,1.0,1.0,1.0,0.0,0.0,unknown,phone,none,credential,google,unknown,0.8,1.0,1.0,1.0,0.0
,,1,,transaction,1.0,0.0,1.0,0.0,0.0,0.0,0.0,0.0,1.0,0.0,upi,sms,sent_money,payment,bank,unknown,0.8,1.0,1.0,0.0,0.0
,,1,4000.0,transaction,0.0,0.0,1.0,0.0,0.0,0.0,0.0,0.0,1.0,0.0,bank,email,sent_money,payment,bank,USD,1.0,1.0,0.0,1.0,0.0
,,0,,none,0.0,0.0,0.0,0.0,0.0,0.0,0.0,0.0,0.0,0.0,unknown,website,sent_money,none,company,unknown,0.0,0.0,0.0,1.0,0.0
,,1,,commerce,0.0,0.0,0.0,1.0,0.0,0.0,0.0,0.0,0.0,0.0,upi,website,sent_money,commerce,none,unknown,0.8,1.0,1.0,0.0,0.0
,,0,,none,0.0,0.0,0.0,0.0,0.0,0.0,0.0,0.0,0.0,0.0,upi,email,none,activation,boost_mobile,unknown,0.0,0.0,0.0,1.0,0.0
,,1,100.0,transaction,0.0,1.0,0.0,0.0,0.0,0.0,0.0,1.0,1.0,0.0,card,sms,sent_money,transaction,company,USD,1.0,1.0,1.0,0.0,0.0
,,0,,none,0.0,0.0,0.0,0.0,0.0,0.0,0.0,0.0,0.0,0.0,upi,social_media,sent_money,payment,unknown,unknown,0.0,1.0,0.0,0.0,0.0
,,1,,transaction,0.0,1.0,0.0,0.0,0.0,0.0,0.0,0.0,0.0,0.0,card,website,clicked_link,payment,company,unknown,0.0,1.0,1.0,0.0,0.0
,,1,125.0,transaction,0.0,0.0,1.0,0.0,0.0,0.0,0.0,0.0,0.0,0.0,bank,unknown,sent_money,transaction,none,USD,0.8,1.0,0.0,0.0,0.0
,,1,,transaction,0.0,0.0,1.0,0.0,0.0,0.0,0.0,1.0,0.0,0.0,bank,phone,sent_money,payment,government,unknown,1.0,1.0,0.0,1.0,0.0
,,1,,transaction,0.0,0.0,1.0,0.0,0.0,0.0,0.0,0.0,1.0,0.0,bank,phone,none,rental,unknown,unknown,0.8,1.0,0.0,0.0,0.0
,,1,,transaction,1.0,0.0,0.0,0.0,0.0,0.0,0.0,0.0,0.0,0.0,upi,sms,sent_money,payment,bank,unknown,0.8,1.0,0.0,1.0,0.0
,,1,100.0,commerce,0.0,0.0,0.0,1.0,0.0,0.0,0.0,0.0,0.0,0.0,gift_card,email,clicked_link,payment,horizon_card_services,USD,0.8,1.0,0.0,1.0,0.0
,,1,55000.0,transaction,0.0,0.0,1.0,0.0,0.0,0.0,0.0,0.0,1.0,0.0,bank,telegram,withdrawal,fee,unknown,USD,1.0,1.0,1.0,0.0,0.0
,,1,,transaction,0.0,1.0,0.0,0.0,0.0,0.0,0.0,0.0,1.0,0.0,bank,phone,sent_money,transaction,bank,unknown,0.8,1.0,1.0,1.0,0.0
,,1,5000.0,transaction,0.0,0.0,1.0,0.0,0.0,0.0,0.0,0.0,1.0,0.0,bank,app,sent_money,transaction,none,unknown,1.0,1.0,1.0,0.0,0.0
,,1,,transaction,1.0,0.0,0.0,0.0,0.0,0.0,0.0,0.0,1.0,0.0,upi,sms,sent_money,payment,bank,unknown,0.8,1.0,1.0,1.0,0.0
,,1,13000.0,wallet_drain,0.0,0.0,0.0,0.0,0.0,0.0,0.0,1.0,0.0,0.0,crypto,sms,entered_credentials,wallet_drain,unknown,USD,1.0,1.0,1.0,0.0,0.0
,,1,0.29,transaction,0.0,0.0,0.0,0.0,0.0,0.0,0.0,0.0,0.0,0.0,crypto,social_media,clicked_link,payment,none,BTC,1.0,1.0,0.0,0.0,0.0
,,0,28000.0,none,0.0,0.0,1.0,0.0,0.0,0.0,0.0,0.0,0.0,0.0,bank,phone,none,verification,bank,INR,1.0,1.0,0.0,1.0,0.0
,,1,50.0,transaction,0.0,1.0,0.0,0.0,0.0,0.0,0.0,0.0,0.0,0.0,crypto,direct_message,sent_money,payment,unknown,EUR,1.0,1.0,0.0,0.0,0.0
,,1,56000.0,transaction,0.0,0.0,1.0,0.0,0.0,0.0,0.0,0.0,1.0,0.0,bank,email,sent_money,payment,company,USD,0.8,1.0,1.0,0.0,0.0
,,1,,commerce,1.0,0.0,0.0,1.0,1.0,0.0,0.0,0.0,0.0,0.0,upi,social_media,sent_money,payment,company,unknown,0.8,1.0,1.0,1.0,0.0
,,1,2150.0,commerce,0.0,0.0,1.0,1.0,0.0,0.0,0.0,0.0,0.0,0.0,bank,website,sent_money,payment,company,INR,0.8,0.8,0.0,0.0,0.0
,,1,,transaction,0.0,1.0,0.0,0.0,0.0,0.0,0.0,0.0,0.0,0.0,crypto,website,clicked_link,payment,company,unknown,0.0,1.0,1.0,1.0,0.0
,,1,10.0,transaction,0.0,0.0,0.0,0.0,0.0,0.0,0.0,0.0,0.0,0.0,bank,email,deposited_check,payment,company,USD,0.9,1.0,1.0,1.0,0.0
,,1,,social_engineering,0.0,0.0,0.0,0.0,0.0,1.0,0.0,0.0,0.0,0.0,unknown,website,clicked_link,credential,google,unknown,0.8,1.0,1.0,1.0,0.0
,,1,100.0,transaction,0.0,0.0,1.0,0.0,0.0,0.0,0.0,1.0,0.0,0.0,bank,email,sent_money,payment,paypal,USD,1.0,1.0,0.0,0.0,0.0
,,1,,commerce,0.0,0.0,0.0,1.0,0.0,0.0,0.0,0.0,0.0,0.0,bank,website,none,commerce,company,unknown,0.8,1.0,1.0,1.0,0.0
,,1,,transaction,0.0,0.0,0.0,0.0,0.0,0.0,0.0,0.0,0.0,0.0,crypto,email,sent_money,payment,unknown,BTC,0.9,1.0,1.0,0.0,0.0
,,1,0.00069,transaction,0.0,0.0,1.0,0.0,0.0,0.0,0.0,0.0,1.0,0.0,crypto,website,sent_money,payment,unknown,SOL,1.0,1.0,1.0,0.0,0.0
,,1,,transaction,0.0,1.0,0.0,0.0,0.0,0.0,0.0,0.0,0.0,0.0,crypto,website,clicked_link,payment,company,unknown,0.0,0.0,1.0,0.0,0.0
,,1,,transaction,0.0,1.0,0.0,0.0,0.0,0.0,0.0,0.0,0.0,0.0,card,website,clicked_link,transaction,company,unknown,0.8,1.0,0.0,1.0,0.0
,,1,,social_engineering,0.0,0.0,0.0,0.0,0.0,0.0,1.0,1.0,0.0,0.0,unknown,sms | email | phone | social_media | website | app | unknown | none,sent_money | shared_credentials | clicked_link | installed_app | none | unknown,none | unknown,unknown,unknown,1.0,1.0,1.0,1.0,0.0
,,1,,transaction,0.0,0.0,1.0,0.0,0.0,0.0,0.0,0.0,0.0,0.0,bank,phone,none,payment,payday_loan_company,unknown,0.8,1.0,1.0,1.0,0.0
,,1,,transaction,1.0,0.0,0.0,0.0,0.0,0.0,0.0,0.0,1.0,0.0,upi,sms,sent_money,payment,company,unknown,0.8,1.0,0.0,1.0,0.0
,,1,4000.0,transaction,0.0,1.0,0.0,0.0,0.0,0.0,0.0,0.0,0.0,0.0,card,unknown,sent_money,payment,none,USD,0.5,1.0,1.0,0.0,0.0
,,1,,transaction,0.0,0.0,0.0,0.0,0.0,1.0,0.0,0.0,0.0,0.0,unknown,email,shared_credentials,verification,bank,unknown,0.5,1.0,1.0,1.0,0.0
,,1,4000.0,transaction,0.0,0.0,0.0,0.0,0.0,0.0,0.0,0.0,0.0,0.0,bank,social_media,sent_money,payment,company,GBP,1.0,1.0,1.0,1.0,0.0
,,1,2500.0,transaction,0.0,1.0,0.0,0.0,0.0,0.0,0.0,0.0,1.0,0.0,card,email,sent_money,payment,celebrity,USD,1.0,1.0,1.0,0.0,0.0
,,1,,social_engineering,0.0,0.0,0.0,0.0,0.0,0.0,1.0,1.0,0.0,0.0,unknown,phone,none,none,government,unknown,1.0,1.0,1.0,1.0,0.0
,,1,14000.0,transaction,0.0,0.0,1.0,0.0,0.0,0.0,0.0,0.0,0.0,0.0,bank,email,sent_money,payment,company,USD,0.9,1.0,1.0,1.0,0.0
,,1,150000.0,transaction,0.0,1.0,0.0,0.0,0.0,0.0,0.0,0.0,0.0,0.0,card,sms,sent_money,none,unknown,USD,0.9,1.0,1.0,0.0,0.0
,,1,,social_engineering,0.0,0.0,1.0,0.0,0.0,1.0,0.0,1.0,0.0,0.0,bank,email,clicked_link,payment,company,unknown,1.0,1.0,1.0,1.0,0.0
,,1,896.98,transaction,0.0,0.0,1.0,0.0,0.0,0.0,0.0,0.0,0.0,0.0,bank,email,sent_money,payment,paypal,USD,0.5,1.0,0.0,1.0,0.0
,,1,199.0,transaction,0.0,1.0,0.0,0.0,0.0,0.0,0.0,0.0,1.0,0.0,card,website,sent_money,payment,company,CDN,0.8,1.0,1.0,1.0,0.0
,,1,,transaction,0.0,1.0,0.0,0.0,0.0,0.0,0.0,0.0,0.0,0.0,card,phone,sent_money,payment,company,unknown,0.8,1.0,0.0,0.0,0.0
,,1,30.0,transaction,0.0,0.0,1.0,0.0,0.0,0.0,0.0,0.0,1.0,0.0,bank,unknown,sent_money,none,scammer,USD,1.0,1.0,1.0,0.0,0.0
,,1,20.0,commerce,0.0,1.0,0.0,0.0,0.0,0.0,0.0,0.0,0.0,0.0,card,social_media,sent_money,payment,company,USD,0.5,1.0,0.0,0.0,0.0
,,1,,transaction,0.0,0.0,1.0,0.0,0.0,0.0,0.0,0.0,1.0,0.0,bank,in_person,sent_money,transaction,none,unknown,0.8,1.0,1.0,0.0,0.0
,,1,,social_engineering,0.0,0.0,0.0,0.0,0.0,1.0,1.0,1.0,0.0,0.0,unknown,website,clicked_link,none,government,unknown,0.8,1.0,1.0,1.0,0.0
,,1,60.0,commerce,0.0,1.0,0.0,0.0,0.0,0.0,0.0,0.0,0.0,0.0,card,website,clicked_link,commerce,company,USD,0.0,1.0,1.0,1.0,0.0
,,1,950.0,transaction,0.0,0.0,0.0,0.0,0.0,0.0,0.0,0.0,0.0,0.0,bank,email,sent_money,payment,individual,unknown,1.0,1.0,0.0,0.0,0.0
,,1,,transaction,1.0,0.0,0.0,0.0,0.0,0.0,0.0,0.0,0.0,0.0,upi,sms,sent_money,payment,bank,unknown,0.8,1.0,0.0,1.0,0.0
,,1,23000.0,transaction,0.0,0.0,1.0,0.0,0.0,0.0,0.0,0.0,1.0,0.0,bank,unknown,sent_money,none,unknown,USD,1.0,1.0,1.0,0.0,0.0
,,1,,commerce,0.0,0.0,0.0,1.0,0.0,0.0,0.0,0.0,0.0,0.0,bank,social_media,sent_money,commerce,company,unknown,0.9,1.0,0.0,0.0,0.0
,,1,,commerce,0.0,0.0,0.0,0.0,0.0,0.0,0.0,0.0,0.0,0.0,upi,social_media,sent_money,payment,individual,unknown,0.0,1.0,1.0,0.0,0.0
,,1,,transaction,0.0,0.0,1.0,0.0,0.0,0.0,0.0,0.0,0.0,0.0,bank,sms,clicked_link,verification,amazon,unknown,0.8,1.0,0.0,1.0,0.0
,,1,,transaction,0.0,0.0,0.0,0.0,0.0,0.0,0.0,0.0,0.0,0.0,unknown,app,none,none,none,unknown,0.5,1.0,0.0,0.0,0.0
,,1,800.0,transaction,0.0,0.0,1.0,0.0,0.0,0.0,0.0,1.0,0.0,0.0,bank,social_media,sent_money,transaction,unknown,EUR,1.0,1.0,1.0,0.0,0.0
,,1,50000.0,transaction,0.0,0.0,1.0,0.0,0.0,0.0,0.0,0.0,1.0,0.0,bank,unknown,sent_money,payment,company,INR,1.0,1.0,1.0,1.0,0.0
,,1,,social_engineering,0.0,1.0,0.0,0.0,0.0,0.0,0.0,1.0,0.0,0.0,card,phone,sent_money,payment,company,unknown,1.0,1.0,1.0,0.0,0.0
,,1,2500.0,transaction,0.0,0.0,1.0,0.0,0.0,0.0,0.0,0.0,0.0,0.0,bank,email,sent_money,payment,company,USD,1.0,1.0,1.0,0.0,0.0
,,0,,none,0.0,0.0,0.0,0.0,0.0,0.0,0.0,0.0,0.0,0.0,upi,sms,installed_app,payment,bank,unknown,0.0,1.0,1.0,1.0,0.0
,,1,,transaction,0.0,0.0,1.0,0.0,0.0,0.0,1.0,1.0,0.0,0.0,bank,sms,sent_money,payment,government,unknown,1.0,1.0,1.0,1.0,0.0
,,1,,transaction,0.0,0.0,0.0,0.0,0.0,0.0,0.0,0.0,1.0,0.0,usdt,telegram,sent_money,payment,unknown,USDT,0.99,1.0,1.0,0.0,0.0
,,1,,social_engineering,0.0,0.0,0.0,0.0,0.0,0.0,1.0,1.0,0.0,0.0,upi,sms,none,none,unknown,unknown,1.0,1.0,1.0,1.0,0.0
,,1,2200.0,transaction,0.0,0.0,0.0,0.0,0.0,0.0,0.0,0.0,1.0,0.0,crypto,website,sent_money,payment,unknown,CELO,1.0,1.0,1.0,0.0,0.0
,,1,,transaction,0.0,0.0,1.0,0.0,0.0,0.0,0.0,0.0,0.0,0.0,bank,website,sent_money,transaction,company,unknown,0.9,1.0,1.0,1.0,0.0
,,1,554.0,transaction,0.0,1.0,0.0,0.0,0.0,0.0,0.0,0.0,0.0,0.0,card,unknown,clicked_link,payment,none,USD,0.8,1.0,1.0,1.0,0.0
,,1,,transaction,1.0,0.0,0.0,0.0,0.0,0.0,0.0,0.0,0.0,0.0,upi,website,clicked_link,payment,bank,unknown,0.5,1.0,0.0,1.0,0.0
,,1,1250.0,transaction,1.0,0.0,0.0,0.0,0.0,0.0,1.0,1.0,0.0,0.0,upi,sms,sent_money,payment,police_officer,USD,1.0,1.0,1.0,1.0,0.0
,,1,,transaction,0.0,1.0,0.0,0.0,0.0,0.0,0.0,0.0,0.0,0.0,crypto,website,sent_money,payment,none,unknown,0.0,1.0,1.0,0.0,0.0
,,1,,transaction,1.0,0.0,1.0,0.0,0.0,0.0,0.0,0.0,1.0,0.0,upi,phone,sent_money,payment,bank,unknown,0.8,1.0,1.0,1.0,0.0
,,1,,transaction,1.0,0.0,0.0,0.0,0.0,0.0,1.0,1.0,0.0,0.0,upi,sms,sent_money,payment,bank,unknown,1.0,1.0,1.0,1.0,0.0
,,1,150.0,transaction,0.0,0.0,1.0,0.0,0.0,0.0,0.0,0.0,0.0,0.0,bank,website,sent_money,transaction,bank,USD,0.9,1.0,0.0,1.0,0.0
,,1,,transaction,0.0,0.0,0.0,0.0,0.0,0.0,0.0,0.0,0.0,0.0,unknown,sms,none,none,unknown,unknown,0.8,1.0,0.0,0.0,0.0
Scam by the name of Delhivery. Beware everyone!!!,"Delhivery is infamous for late deliveries and what not but I was almost scammed by this conman who claimed he was from delhivery.    So my smytten order had been shipped for days and there was literally no progress. As delhivery handled most of smytten orders, I picked a number I found online and contacted it to which the bot said' all lines busy'. Almost immediately,  I received a call saying they're contacting from delhivery and reverting my call. The agent said that they have my order and it's on 'hold' and would be dispatched only if I update my address and number on some app. That guy sent me a hi on WhatsApp and some APK link which started auto downloading because my WhatsApp had that feature on. I immediately stopped the downloading and hung up and that guy called dozens of times after. No points for guessing, it was definitely a scam but what kind?  What were the worst possibilities?  Did i dodge it or should I run some checks?",1,,commerce,0.0,0.0,0.0,1.0,0.0,0.0,0.0,0.0,0.0,0.0,upi,phone,clicked_link,commerce,delhivery,unknown,0.8,1.0,0.0,1.0,0.0
"Possibly a scam, there are all signs of it, despite the website running for several weeks","Hello there! I recently saw 'my friend' send me a message in discord which included an x (twitter) post from one of famous creators: it suggested that you can log in [koadax.com](http://koadax.com), claim the bonus (2500$) via a promocode BONUS and withdraw it. To back it up the pictures even offered that 'my friend' already withdrew the money.     Of course I wanted to investigate and I went to my Linux laptop to open the website and check it out. After messing a bit with the registration (using my non-important email) and entering a promocode, I went to actually withdraw the money. The site said that I can enter my credit card data and withdraw it directly in BIT, USDT, USDS and so on. I didn't want to give them any of my info so I went to try to enter my USDT wallet address instead (it was another option btw).     And then: BOOM! I need to pay 150$ in deposit to actually withdraw the money! As well as confirm my identity with providing them my actual country and location!    To make it even more obvious, my friend (no quotation marks this time) said that he wanted to download Microsoft Office through some suspicious website and got hacked - that definitely should summarise it.    The games there are actually fun to play though, yet the news there are completely fake. Don't enter any sensitive data please if you were to somehow try to use this website.",1,2500.0,transaction,0.0,0.0,0.0,0.0,0.0,0.0,0.0,0.0,1.0,0.0,unknown,website,clicked_link,withdrawal,none,USD,1.0,1.0,0.0,0.0,0.0
FTC Investigator - NOT,"Received an inquiry in my Telegram inbox claiming to be from a FTC Investigator, even has the official seal of the Commission as the photo representing the user, who claimed his name was Nathan Opie.  The Telegram account shows to be registered to a woman.    I replied to his posts which started out by asking if I had been a scam victim in the affirmative.    His response was:        *Hello sir, the reason we contacted you is that we found your personal information on the scammers' fake platform, which also shows your deposit records and failed withdrawal attempts. Therefore, we need to confirm whether you have indeed suffered any losses in this fraud.*    I proceeded to explain to him my suspicions that the FTC would not be using Telegram. His response to that was:    *I completely understand your concerns. Staying cautious is very important, especially with online fraud being so widespread today. What I can assure you is that all information related to the Federal Trade Commission can be verified through official channels.*",1,,social_engineering,0.0,0.0,0.0,0.0,0.0,0.0,1.0,1.0,0.0,0.0,unknown,telegram,none,verification,FTC,unknown,1.0,1.0,1.0,1.0,0.0
My family lost 200K from a Crypto Ledger scam,"My family just lost 200K in xrp which was our life savings basically we had it in there in hopes for a long term investment. Someone who had been trusted with the keys for the ledger in my family which isn't important basically gave away the keys to the scammer and yes I know it's really stupid and I understand that but it still hurts and it sucks. I've already reported this to the authorities and I even emailed some exchanges just to see if they'd be able to flag it at all if it ever came into their exchange. I'm able to monitor the address and such so far it hasn't moved from the scammers wallet. The main reason I've come on here is to ask if anyone has any shared experience and advice on what else I can do or if anyone has ever actually recovered their money, I know the odds are very slim but I want to try and do anything I can in my power to at least try.",1,200000.0,transaction,0.0,0.0,1.0,0.0,0.0,0.0,0.0,0.0,1.0,0.0,bank,email,sent_money,transaction,unknown,XRP,1.0,1.0,1.0,0.0,0.0
(CAN) Scammers in dating apps?,"So I was on Blk dating the other day and I had matched with this Filipino woman, we matched immediately when we start talking. I had a weird feeling. My spider sense was tingling. But the first day we were talking it was very casual and nothing too serious. The second day I was talking to her, she casually brings up that she does some trading. I thought oh OK that's cool. I said I've traded too on wealth simple, and I ask her if she'd had some success. She begins to tell me that she can help me make money off wealth simple by converting my money to USCD , it starts going into detail about what I need to do. I responded. I don't really need help trading I was just trying to make conversation and then continues trying to sell me on. She'll help me with trading and all I need to do these steps.    Now in the past, I had looked for online or remote jobs one another ones I found was doing consumer ratings for Google, where someone contacted me through WhatsApp told me that I had to do a certain amount of ratings a day and I will get paid out at the end of every day. I tried the first day I made 150 bucks. Now I kept going I was supposed to make 400 something dollars. This is the catch. I was supposed to pay into the job to get paid out the money that I'm owed. Complete bullshit. On top of that they were very adamant on using USCD coins. I actually told him this is a scam and I'm not participating and for months I had these same scammers try to hit me up from all these different nu",1,,transaction,,,,,,,,,,,upi | card | bank | crypto | gift_card | unknown | none,sms | email | phone | social_media | website | app | unknown | none,sent_money,payment,bank | government | company | individual | none | unknown,USD,0.9,1.0,0.0,0.0,0.0
Jury Duty Warrant Scam from Local Sheriff,"My wife got a call today about someone signing in her name something about a jury duty order. Because she didn't show up she has warrants on her and must place a 4000 dollar hold on the credit card while she can go later to the station to fix this.    I found her crying 20 minutes into the call where I picked it up and told him you're not a real cop, this isn't done over the phone like this. He kept rushing and pushing me and wouldn't even let me think, saying I just commited a felony etc.    Told him that we are going to the cops right now and he was saying he's sending a unit now to us lol    F that guy for stressing my wife that just gave birth to the point of crying on top of her drowning at work.    Be careful!",1,4000.0,social_engineering,0.0,0.0,0.0,0.0,0.0,0.0,1.0,1.0,0.0,0.0,unknown,phone,none,none,local sheriff,unknown,1.0,1.0,1.0,1.0,0.0
Fake Lazada scam - eCommerce scam,"This is still happening, Some people will ask you to log in to their account gaining your trust that they are earning, Then they will proceed and ask you to make your own store, They will guide you through step by step, They will initially make friends or even make a relationship with you but then, the scamming starts.    * Persona: From France living in Foreign country  * Persona: From Hongkong living in Foreign country    Links that they used are:    website lazada.t71eg. com    website: lazada. sangwujie. com    website: lazada gzycr     website lazada. nlkjxx. com    **Based on research; It's been happening for 2 years ago already.**    It sounds like a e-commence shop variation of the !task scam    The site itself might be fake, and orders too - it's meant to make you believe that you have gains on the platform and have their victims send upfront fees. Everything they put in to the site is straight to the scammer's pockets.    Even if you change passwords, they control this fake lazada site so they can get control of the account back. (if they let you log in, it was to make their victims believe the fake orders/numbers)",1,,commerce,0.0,0.0,0.0,1.0,1.0,0.0,0.0,0.0,0.0,0.0,upi,website,sent_money,payment,e-commerce platform,unknown,0.9,1.0,1.0,1.0,0.0
Is this a scam or not?,"I was approached online about being a possible 'sugar baby' for a man. no sexual things just companionship since his wife had passed away. I know these are normally scams but this one is hard to figure out if it is a scam or not. He first had me communicate on the app telegram with him. then he said he only uses the Base app to pay his sugar babies. He asked me to open an account on Base and to send him my link so he can crypto me the money. Within 15 minutes I had $3,500 in crypto from Daw Currency. He has not asked for money back from me but did let me know that I have to pay the bnb fee to cash out the amount. If I pay the 'gas' or fee and I cash out the money does that put me at risk of a scam? Is this real will they have access to my funds. I don’t have anything they could honestly take but I just want to make sure if this is real or not. Because I was sent the $3500. So am I being scammed?",1,3500.0,transaction,0.0,0.0,0.0,0.0,0.0,0.0,0.0,0.0,0.0,0.0,crypto,app,sent_money,payment,unknown,unknown,0.0,1.0,0.0,0.0,0.0
[US] I received a text from a person supposedly from Trust Wallet,"I presume so but I've never had something like this.    I got a text from someone saying is this *my nickname* (which is NOT common at all) and then I said who is this and then they said some random name and a photo of some random stranger. They said they are from trust wallet and asked if I've heard of trust wallet before and I'm not responding cause either they somehow guessed my name or got my information somehow. I'm really curious as to if this is a scam or if somehow someone got my information, so does anyone have any insight on this? I don't wanna leak the name of the person just in case if it is a real person or prank. I might get one of the services that wipe your info from places because of this so any recommendations would be great for that too. Thank you for reading and for the help!",1,,social_engineering,0.0,0.0,0.0,0.0,0.0,0.0,1.0,1.0,0.0,0.0,unknown,sms,none,none,trust wallet,unknown,1.0,1.0,1.0,1.0,0.0
Maid agency scam,"There is a fraud/scam that has been going on in the name of providing maid/cook services wherein they take the registration amount and never revert the calls.They keep changing the name of the agency and also for the person associated with the said agency.I currently have four numbers of these scammers (but no time to go into the hassle of reporting them to cyber police),This post is just to make everyone aware.The numbers are-        8149192363,9819650988,7447883204,8459992937.",1,,transaction,,,,,,,,,,,unknown,sms,sent_money,payment,,,,1.0,0.0,0.0,0.0
Scam Alert! RebelDogs,"Know the guy, know the operation. Don't come near it, total scam from a douchebag. And maybe report it if you ever come across. Be safe!!",1,,social_engineering,,,,,,,1.0,,,,unknown,sms,none,none,douchebag,unknown,0.8,1.0,0.0,1.0,0.0
Goliath Ventures Ponzi Collapse,"The latest update about the Goliath Ventures collapse is not good. This is the email sent out yesterday to investors, in the supposed crypto liquidity pool, who now can't get access to their crypto investment funds.",1,,transaction,,0.0,0.0,0.0,0.0,0.0,0.0,0.0,0.0,0.0,crypto,email,invested,investment,Goliath Ventures,unknown,0.9,1.0,1.0,1.0,0.0
Fake GEICO number- robbed $1100 but actually bought me insurance,"I needed homeowners for an elderly relative- her old company dumped her when her husband died.    I googled GEICO Homeowners and got a number, i called the number,  and a nice man took all my info.    I'd already tried to do it online so his questions line up exactly with the application.    –; yes, i want to bundle with the auto policy, and the quote came out the same.    All is good, time to pay- i'm putting the whole thing on my AMEX card.   He says something about TWO transaction and one will appear under a different name for the discount.    I was pretty sure GEICO uses other carriers for homeowners so i was not suspicious.    But after i got off the phone i became suspicious so i called geico -    I had a a policy, with all the right information but they only received the down payment.    Apparently my fraudster went through the whole application and made the first payment.  I got an email confirming.   I would not have figured this out until i got a bill for the balance.    The other $1100 was charged to another company.    Then i googled the number I had called and there was only one return to some random bank.    EDIT:  The plot thickens     WHEN i spoke to the real GEICO  agent, he read the email address he had for me and it was wrong. I gave him the correct email and the policy paperwork arrived in a couple seconds, from him. It showed the partial payment.    Then i get another batch of emails from geico/homesite which i know is one of their carriers.    SO i call  ",1,1100.0,transaction,0.0,1.0,1.0,0.0,0.0,0.0,0.0,0.0,1.0,0.0,bank,phone,sent_money,payment,insurance company,USD,0.5,1.0,0.0,0.0,0.0
[NL] MT5Research.com is probably a scam,"I was just called on my mobile phone by a gentleman with a Dutch mobile number who told me he had been trying to reach me for two weeks because my opportunity to regain access to my account was expiring in two weeks. If I only completed my account information with my address details and uploaded a copy of my ID, my coins which I supposedly still had on an old MetaTrader (I think he said) account would be added to my account on their site and I could exchange and withdraw them.",1,,transaction,,,,,,,,,,,crypto,phone,sent_money,payment,,,,1.0,1.0,,
SCAM WARNING: The 'Zero to Hero Trading India Group' on Telegram is a TOTAL FRAUD and I am a victim here to speak,"I'm posting this anonymously as a victim. If you are in this group, or if they just contacted you for a 'fee,' please, for your own sake, stop what you are doing.",1,,transaction,1.0,0.0,0.0,0.0,0.0,0.0,1.0,1.0,1.0,0.0,upi,telegram,sent_money,payment,trading group,unknown,1.0,1.0,1.0,1.0,0.0
I just wanted to look at burger king prizes (burgerkingpreise.de),"Wanted to visit a burger king price website and then got lead to a scam website where a popup said:    'Notification from the Federal Criminal Police Office (BKA).    We have gained access to your device. You have been blocked due to repeated visits to pornographic websites containing content prohibited in Germany, namely child pornography, violent scenes, and propaganda promoting homosexuality. To lift the block, please pay a fine of €635 to the following account:    (Name)     de611******* (censored by me) Immediate payment only. The fine can be paid via bank transfer using mobile banking apps. After payment, the block will be lifted automatically. All information regarding the violation will be permanently deleted. If you do not make the payment within the specified timeframe, a text message with details of the incident will be sent to all contacts on your device. We have screen recordings and your personal data, including videos from the front camera. All documents will be forwarded to the court for the initiation of criminal proceedings due to violations of the penal codes of four countries.    Payment deadline: 3 hours from receipt of notification. Status: Payment not received.    What is this bs qwq",1,635.0,transaction,0.0,1.0,1.0,0.0,0.0,0.0,0.0,1.0,0.0,0.0,bank,website,sent_money,payment,Federal Criminal Police Office (BKA),EUR,1.0,1.0,1.0,1.0,0.0
[US] Is this a scam? I received a package to my name and address from SHEIN but I don't have a SHEIN account.,Is this a scam? I received a package to my name and address from SHEIN but I don't have a SHEIN account. I also received a text message from SpeedX about the package delivery. I have never had a SHEIN account. It's weird bc it was my old cell phone number and maiden name. It seems weird. Like someone testing if they can hack / use my identity. Help.,1,,commerce,,,,,,,,,,,unknown,sms,none,nondelivery,company,unknown,0.8,1.0,0.0,0.0,0.0
[US] Email Scam That Created New Email Rule/Settings (Question/Help),"My grandma received a pretty deceiving email from 'Microsoft' with a link that led to a website asking her to buy new software. She clicked the link but didn't enter payment details. Well her email (outlook) stopped receiving mail and so she called me and I figured out that a new rule had been created that sent any email containing the letter 'a' to the junk folder (poor Grandma now had to wade through a week's worth of erectile dysfunction spam to make sure she didn't miss anything important). I also figured out that her timezone got changed. I got her password changed and fixed the two things I mentioned but wanted to throw out to ya'll lovely intelligent people:    1) anyone familiar with this type of scam? Super nefarious that they were able to 'break' my grandmother's email after sending her a message that she needed to buy a microsoft upgrade to fix it. Good job grandma to not give them money.    2) Any other settings or weirdness I should check? She went about 5 days after clicking the link so that's a little scary. I told her to be vigilant on any money/email weirdness and I'm here to help, but I don't know if there are any other settings that could have been changed that I wouldn't think about?",1,,transaction,0.0,0.0,0.0,0.0,0.0,1.0,0.0,0.0,0.0,0.0,unknown,email,clicked_link,none,Microsoft,unknown,0.5,1.0,1.0,1.0,0.0
CVL KRA scam check - perfect timing email n sms validation links after you complete kyc,"Hi everyone,    Just wanted to share this to help others avoid falling for it.    I recently updated my KYC through the official NJ India app (last night), and today I got both an email and an SMS claiming my KYC was raised by 'NJ IND IND INV P LTD' in CVL KRA, asking to verify email/mobile via a link to:    https://otpdelivery.cvlindia.com:8086/validate?… (with some long auth code)    Sender email: noreply@cvlindia.in    SMS sender: AD-CVLKRA-S or CVLKLKRA-S    Red flags:    •  Wrong domain: Official CVL is cvlindia.com, not .in or otpdelivery subdomain    •  Weird port :8086    •  Mangled company name ('NJ IND IND INV P LTD' instead of NJ India Invest Pvt Ltd)    •  Unsolicited link instead of directing to official portal    I contacted NJ India support directly (via their official app/website/phone) and they confirmed it's a scam/phishing attempt. Do NOT click the link or enter any details.    Safe way to validate KYC (if needed):    •  Go manually to: https://validate.cvlindia.com/CVLKRAVerification_V1/    •  Enter your PAN, verify OTPs sent to your registered mobile/email.    •  Or check status directly in your NJ app/broker portal.    This seems to be a widespread phishing wave targeting people with recent KYC activity (NJ, Zerodha, etc.). Many similar reports on Reddit/DesiDime from 2023–now.",1,,transaction,0.0,0.0,0.0,0.0,0.0,1.0,0.0,0.0,0.0,0.0,upi,sms,clicked_link,verification,NJ India Invest Pvt Ltd,unknown,0.9,1.0,0.0,1.0,0.0
Fake Solva IT Systems Job Offer Scam – HR Mamta Chauhan (India),"I want to alert others about a job scam I experienced recently. On 14 Nov 2025, I received an email from 'Solva Systems' (info@solvasystems.com) congratulating me for being shortlisted for Round 2 for a supposed Developer position. The email was signed by their HR, 'Mamta Chauhan (HR Department - India Wing)'. A day later (15 Nov), I received another email congratulating me for clearing Round 2 and inviting me to take a 'Technical Round 3 Exam' via a link, with instructions to finish before midnight the next day. The email mentions onboarding candidates by 22 Dec and hints that all further instructions are on their portal. I am planning to take the test and see what happens because they said 'if selected' there will be a meeting.",1,,transaction,0.0,0.0,1.0,0.0,0.0,0.0,1.0,1.0,0.0,0.0,bank,email,clicked_link,verification,company,unknown,1.0,1.0,1.0,1.0,0.0
[US] Staffing Agency Scam?,"I was contacted through LinkedIn by someone apparently working for Volt (part of Innova Solutions?) for a Morgan Stanley role. I sent them my resume and I joined a Teams call with 3 people from the staffing agency. They told me multiple times that it's a contractor position (6 months temporary, opportunity for permanent) and that I would be paid through them rather than Morgan Stanley.",1,,transaction,,0.0,0.0,0.0,0.0,0.0,0.0,0.0,0.0,0.0,bank,video,sent_credentials,interview,staffing agency,unknown,0.5,1.0,0.0,0.0,0.0
[US] Got Hit With the 'I Accidentally Reported You' Discord Scam,"After I had helped this person join a server a while ago, they randomly messaged me out of nowhere while I was out with a friend. They started telling me that my account had supposedly been reported for something serious and that I was at risk of being banned. Then they said I needed to contact a specific 'support' or 'staff' account to fix it. They tried to make it feel urgent and stressful, like I had to act fast or I'd lose my account. That pressure and fear tactic is something I now recognize as a big red flag for scams.    They also sent messages that looked kind of official at first, but when I paid closer attention, things didn't add up. The wording was weird, and the account they wanted me to contact clearly wasn't real Discord staff, just another regular user. Real Discord employees don't handle reports through DMs or tell you to message random accounts, which made it obvious something was off.    Instead of panicking, I stopped replying and didn't follow any of their instructions. I didn't click on anything, didn't give them any information, and didn't message the fake 'support' account they mentioned. Not long after, they unfriended me, which honestly made it even more suspicious. After that, I blocked them to make sure they couldn't keep trying to contact me.    I didn't end up reporting them, but I did make sure to cut off contact completely and not engage further.",1,,social_engineering,0.0,0.0,0.0,0.0,0.0,0.0,1.0,1.0,0.0,0.0,unknown,sms,none,none,Discord staff,unknown,0.9,1.0,1.0,1.0,0.0
(UK) Three / Vodafone Scam - ~DMV Communications,"I was contacted by 'Three' claiming that my monthly bill would increase from £19 to £32 due to their merger with Vodafone. They advised that I could lock in for 24 months at £20 to protect myself from the rise. I told them that there was no way that Three would be putting my monthly up £13 pm. They knew everything about my Three account -     My monthly plan, telephone number, account email, how long I had been with them and all sounded very convincing. They then sent me a text to confirm that they were from Three and I received a text from 'Three' on my phone. They also sent me a 'contract' to return via email to confirm the change.    They also asked me to confirm my bank account and sort code and at that point I refused and hung up.    A text arrived from 'Three UK' providing a PAC code 'following my request'.    The email contract was from DMV Communications (Birmingham company according to Google) offering me a 24 month contract with Vodafone. Email binned!    I contacted Three and they put me through to their security team, got me to change password and binned the request for a PAC code.    I then received 7 phone calls from an unknown number in 20 minutes. I eventually answered one and they were pretty abusive and angry that I wasn't taking their fantastic deal.",1,,transaction,0.0,0.0,1.0,0.0,0.0,0.0,0.0,0.0,0.0,0.0,bank,email,shared_credentials,verification,company,unknown,0.9,1.0,0.0,1.0,0.0
[US] Facebook messenger scam.,"Hello, I just got scammed a few weeks ago and just got a letter that my bank will not help me. So before the big winter storm hit I decided to grab some firewood, and looked on Facebook marketplace for it. After contact a few people a was solicited by someone called 'premium wood' and their page stated on Facebook that it was a business, I agreed to pay them via zelle (my mistake) and obviously they took the money and never delivered the wood. I am trying to get my money back ($250) but my options are limited and I Have a baby coming in a month, any one know what to do? Thank you.",1,250.0,commerce,1.0,0.0,1.0,1.0,1.0,0.0,0.0,0.0,0.0,0.0,upi,social_media,sent_money,payment,business,USD,1.0,1.0,1.0,0.0,0.0
Pixodex Online Casino is a scam,"Fell for an obvious advance fee withdrawal scam and am urging people to not make the same mistake I did. I only lost 160 dollars there and about but. I don't believe ill be able to get it back. The site seems legit and genuine until you try to withdraw money and at that point they force you to continuously deposit money in order to verify your account and take out your winnings. I did not do this for obvious reasons. If someone could tell me if it's that would be great, but im very doubtful that putting another 200 dollars in would do anything but make me lose money.   dont fall for this like I did.     Edit: BTW I already made a formal report against pixodex on chainabuse. The link was pixodex.com for anyone wondering. Also I wasn't asking if I should put more into it its obvious a scam. I was being sarcastic it just didn't come across.",1,160.0,transaction,1.0,0.0,0.0,0.0,0.0,0.0,0.0,1.0,0.0,0.0,upi,website,sent_money,withdrawal,online casino,unknown,1.0,1.0,1.0,0.0,0.0
Telegram Crypto Raees Is A Scammer,"Professor Raees is running a Group named Professor Crypto on telegram where He have 2 groups 1 paid and 1 free For lurking people forwarding them Crypto Signal That is legit but here the Scam Comes when you join Premium group He Shares the same signal But After a while he asks to Invest In MTS (Mutual Trading Service) where he Tell all Give 120$ or 150$ get 450$ or 500$ in next 24 hours then If you agreed and send the Amount he then Ask after 24 hours to pay 90$ or 120$, 20% Amount of profits and the profits never will come and he Will Block you from All side kick you from Group and so more never Answer because he is Scammer the way it works he just forward the trade Signal and he doesn't trade it's your loss only. He just Sit back wait For us to lurked in MTS fraud he runs, He is a Sharp Scammer beware. I have lost Almost 250$ USD in his games.",1,120.0,transaction,0.0,0.0,1.0,0.0,0.0,0.0,0.0,0.0,1.0,0.0,bank,telegram,sent_money,investment,Professor Raees,USD,0.8,1.0,1.0,1.0,0.0
Recharge app scam,"I came across a facebook post in which there was a sponsered ad, there he mentioned to get massive discount on downloading the app. He used UI from the PhonePe app, but as a web dev, I was confirmed that is a scam app i would request and report the app!",1,,transaction,1.0,0.0,0.0,0.0,0.0,0.0,0.0,0.0,0.0,0.0,upi,website,installed_app,download,unknown,unknown,0.8,1.0,0.0,0.0,0.0
Onchain wallet,I'm probably getting scammed from a girl that I met on tinder she said to me she can teach me how to trade she helped me setup accounts and everything we trade a couple times and I made profit but all of these looks really sus she is all the time telling me that I need to increase my funds so I can make more money. Also the trading platform looks really sus and it's through the browser of the onchain wallet.   I tried to withdraw the funds but the first time that we did it together I had no problem to withdraw a small amount of the funds but now that I tried to withdraw all of them the customer service is asking me to do a verification but I don't want to upload any photos of my id or passport on that site because it doesn't look trustworthy.   Anyone with the same experience?,1,,transaction,0.0,0.0,1.0,0.0,0.0,0.0,0.0,1.0,0.0,0.0,bank,website,withdrawal,verification,trading platform,unknown,1.0,1.0,1.0,0.0,0.0
Help!! Is this a legitimate crypto website?,"The website is https://www.crypto-353.com/#/    I was looking to make a bit of extra money on the side when I seen an ad for a job that allows you to make money by completing tasks. It started off as easy money, liking YouTube videos every hour and getting €2 for each video. Every day you have to do something called a 'prepaid task'. To do these tasks you must set up a crypto account in which you'd deposit money into.     It started off great making an extra €100 a day even yesterday I made 200 odd quid. Today I done a prepaid task and deposited €300 into this account which would net me back over 500 quid. This is when I was told I was 'randomly' selected for another task in which I had to pay €1000 and my original deposit would be withheld until I done so. This is when I realised the scam, I still had access to my funds on the above mentioned website so I transferred it back into my bank account blocked all users and wiped my hands clean of them.     I would just like to know if my funds in that website were fake and no money will be sent into my account or did I get lucky and will recover my lost money.    Any help would be greatly appreciated!!",1,300.0,transaction,0.0,0.0,1.0,0.0,0.0,0.0,0.0,0.0,1.0,0.0,bank,website,deposited money,transaction,crypto website,€,1.0,1.0,0.0,0.0,0.0
[Australia] concert tickets online purchase,"hi , just checking , if i put a post to buy tickets on reddit, and a person with good karma on reddit but then via a chat thread, i offer to buy tickets. there $10 extra from original $90 per ticket but sold out. Asked to transfer 1/2 funds to UBank which came up with his name and details . theres also a UBank in indonisia, how do i check im not getting scamed please",1,10.0,transaction,,1.0,,,,,,,,,bank,chat,sent_money,payment,unknown,unknown,0.8,1.0,0.0,0.0,0.0
⚠️FRAUDSTER ALERT - ARBAAZ HAMDARE⚠️,This fraudster is scamming people on Facebook Marketplace. I had posted images of a few Hot Wheels die cast cars for sale on marketplace. He's using the same images to scam unsuspecting people and taking advance amounts from them. I have 155+ references of my legit service on my page and someone using the images of my products to scam people is highly damaging to me and unsuspecting buyers equally. I have filed a cyber complaint. Attaching images of all the proof &amp; details of this scammer. Feel free to comment on this post or DM me if anyone has any questions.,1,,commerce,0.0,0.0,0.0,1.0,1.0,0.0,0.0,0.0,0.0,0.0,upi,social_media,sent_money,commerce,individual,unknown,0.8,1.0,1.0,0.0,0.0
Is this a scam?,"# Financial exploitation happening in communities based on fashion and style. **WHAT IS HAPPENING (The Facts)** A network of users is trying to get money from community members. Here is how they operate: 1. **Asking for Money**: Users put links in their public profiles to ask for gift cards or cash. 2. **Looks Normal**: These users are often active posters and have been in the community for months, so they look trustworthy. 3. **The DM Trap**: If they don't ask in their profile, they invite you to DM them ('send me not boring DMs'), and then ask for money later in the chat. 4. **Teen Danger**: This scam is also seen in communities based on teen fashion. The users asking for money might be minors themselves, or they are targeting young people.",1,,transaction,0.0,0.0,1.0,0.0,0.0,0.0,0.0,0.0,0.0,0.0,bank,dm,sent_money,payment,unknown,unknown,0.8,1.0,0.0,0.0,0.0
Astroearnings scam alert,"I'm sharing facts only, not opinions. I joined a Telegram bot by Astroearnings in September 2024. At that time, no email or ID was required to register. The bot is still active today. I did not 'appear recently'. My website account is new simply because I was unaware a website existed. There was no clear migration announcement or instructions provided. I contacted support politely, asking where to find the official instructions. Some tickets were closed without response. Others were answered with 'read announcements', where no relevant information could be found. I never requested any private or privileged information. Later, through general chat, I discovered there was a migration process. However, my account does not have the 'activate web login' button, making support assistance necessary (see screenshot). A withdrawal request for 255 USDT was submitted and confirmed by the Telegram bot. After the expected waiting period, no TXID was ever provided, no on-chain transaction exists, and the funds are no longer accessible (see screenshot). The account was then blocked. The justification given was that the email was 'fake', without evidence, despite the account containing funds. Outcome: Loss of access, support, communication, and funds, with no explanation or resolution path. Sharing this so others can review the facts and make their own conclusions. Screenshots attached.",1,255.0,transaction,0.0,0.0,1.0,0.0,0.0,0.0,0.0,0.0,1.0,0.0,bank,telegram,withdrawal_request,transaction,astroearnings,USD,0.8,1.0,1.0,1.0,0.0
Meesho delivery boys repeatedly crossing boundaries..,"I want to share something that has happened to me three different times with Meesho deliveries, and honestly I'm feeling disturbed and unsafe.    First incident:  I ordered something from Meesho. The delivery boy after delivering the product started calling me on WhatsApp and texting! There was no reason for WhatsApp calls at all. So inappropriate, so I blocked him and raised a complaint.    Second incident:  Another delivery boy came to my flat, but my society security didn't allow him inside. After that, he started complaining to me repeatedly that the guards misbehaved with him. He kept calling me 5–10 times continuously, pressuring me as if I was responsible. Then he asked me for the flat owner's phone number, which I found extremely inappropriate. I refused and blocked him.    Third (most disturbing and recent) incident:  I had ordered some items but I wasn't at my flat, so I couldn't receive them. The delivery boy told me to mark the order as 'delivered' and then return it later, and said he would 'keep the product safely.' After I marked it delivered, he didn't process the return. Instead, he started insisting on coming to meet me personally and kept saying, 'Ma'am I need to talk to you, just come, I will talk to you.'  I clearly told him I'm not at the flat and don't want the product. Still, he kept pushing.    When I said I'm at my brother's place, he actually asked, 'Where is your brother's place? I will come there.'  That completely crossed the line. Why would a delivery boy ask for the location of someone else's house?",1,,commerce_nondelivery,0.0,0.0,0.0,1.0,0.0,0.0,0.0,0.0,0.0,0.0,upi,phone,none,delivery,company,unknown,0.9,1.0,1.0,0.0,0.0
Pune Family duped of Rs. 14Cr by Fake Godman claiming to be Shankar Maharaj,"A Pune-based IT engineer lost everything, including his life savings and his home abroad, after he was duped into believing that a godman's spirit living inside a woman could cure his seriously ill daughter. Over seven years, he handed over nearly Rs 14 crore to a self-styled godman and his disciple, only to discover it was all an elaborate fraud. 'Baba' Deepak Khadke and his disciple Vedika Pandharpurkar convinced the engineer, Deepak Dolas, that Shankar Maharaj - a godman who died in 1947 - resided in Vedika's body and could heal his daughter's incurable congenital disease. Dolas, deeply concerned for his daughter's health, was told that only unwavering faith could save her. He was told that if he donated all his property to the Maharaj, his daughter would recover. For seven years, the engineer was promised the 'darshan' (vision) of Shankar Maharaj. Desperate for a cure for his daughter, Dolas began transferring money, first from his bank accounts and later by selling his home and farmhouse in the UK. Dolas gradually lost all his savings, possessions and bank deposits, totalling about Rs 14 crore. The money was transferred to Vedika's account. When his daughter's condition did not improve, Dolas confronted them and realised he had been defrauded.",1,,transaction,,,,,,,,,,,bank,phone,sent_money,payment,godman,INR,0.8,1.0,1.0,1.0,0.0
"[US] Help, brushing scam with live worms I did not order sent to me.","I was sent a package of live, bright green worms suddenly addressed in my name. I don't have a credit card nor do I think I have shopping accounts in my name. I'm pretty sure this is a brushing scam.     What should I do? Before I knew what a brushing scam was I tried calling the company that sent them, is that bad? They didn't pick up, but should I be worried? I haven't scanned anything else by them.",1,,commerce,,0.0,,,1.0,0.0,0.0,0.0,0.0,0.0,card,email,shared_credentials,transaction,company,unknown,0.8,1.0,0.0,1.0,0.0
Crypto Exchange Scam,"Vaultxtrading.com, This is a scam crypto exchange website. Don't fall victim to this whatsapp group from Malaysia. I lost 275k to these scammers and have been mentally broken and suicidal since. I just hope that my post will inform another person so that they don't fall victim to this as I have.",1,,transaction,,,,,,,,,,,crypto,whatsapp,sent_money,payment,,,,1.0,1.0,,
Elon Musk crypto scam sent to all of my chats from my account,"Posted as a story and a post and it also sent the same picture of elon musk's twitter profile with a crypto scam tweet to ALL of my chats. I looked at the devices that are logged in and there's nothing, I don't know who else to ask.",1,,transaction,,,,,,,,,,,unknown,sms,sent_money,payment,,,,1.0,0.0,0.0,0.0
Myntra Delivery Scam,"I'm done being polite. Myntra and their delivery partner are running a systematic scam and I have proof.    WHAT HAPPENED:    Ordered 2 jackets from Myntra, ₹1900 total. Both orders had 'delivery failures' then my cancellation requests FAILED (how does a cancellation fail??). Next day both marked 'DELIVERED'. I got nothing.    THE FRAUD:    The delivery agent called on 5th, said he delivered to my door. I came home - nothing there.    I called him back. He didn't pick up.    I kept calling. HE BLOCKED MY NUMBER.    A delivery agent. Blocked. The customer. Who paid ₹1900.    I threatened police complaint. THEN he responded. Sent me a photo of ONE opened/torn packet as 'proof of delivery' for TWO SEPARATE ORDERS placed on different dates.    Think about that. One photo. Two orders. Different dates. Opened packet. This is fake evidence.    MYNTRA'S RESPONSE:    First they said refund by Feb 9. Today I got an email saying 'our investigation shows package was delivered in original untampered condition, no refund.'    THEY'RE CONTRADICTING THEIR OWN EVIDENCE TO PROTECT A THIEF.    THE PATTERN:    This isn't a mistake. This is a system:    – Mark orders 'delivered' without delivering    – Steal the items    – If customer complains, send fake photos    – Block customer's number    – Company backs up the fraud    How many people just gave up? How many didn't have time to fight? How many assumed 'delivered' mea",1,1900.0,commerce_nondelivery,0.0,0.0,0.0,1.0,0.0,0.0,0.0,0.0,0.0,0.0,upi,phone,sent_money,payment,company,INR,0.8,0.8,0.0,0.0,0.0
My truth: I allowed myself to be scammed and I knew better,"In November 2024, I was scammed by a user on a Facebook group who used Apple Pay. I did some research and found the name of a 'recovery hacker' and messaged them on Telegram.   Over the next 90 days, I allowed myself to be manipulated emotionally, financially, exposing myself on all fronts. I drained my bank account and honestly believed that this was a real person (they'd call me via telegram nonstop). It happened in a well known cycle: referral; grooming; recovery hooks; escalation grabs; emotional appeals and grip; delay tactics; emotional pleas; them asking for help.. rinse and repeat.     I was so ashamed and embarrassed that I wouldn't tell anyone about this. But it's been a year and the scammer called me and messaged me via telegram today, telling me the are finally able to recover the funds!!! I laughed. The money is gone. And I am now curious, if anyone else has experienced this type of scam?   I always thought he acted alone but now I'm not sure.     I protected myself and changed every password, bank account, 2FA auths and they were never able to hack money from my account so I believe they were just straight up scammers.",1,,transaction,0.0,0.0,1.0,0.0,0.0,0.0,0.0,0.0,1.0,0.0,bank,telegram,drained_account,none,unknown,unknown,0.9,1.0,1.0,0.0,0.0
[US] fell for punchbowl email scam,"smh my dumbass fell for an obvious phishing.    got an email from a friend that was supposedly an invite to an event; clinked on the link that even had captcha verification. upon successful verification, it brought me to what appeared to be the google login page. only after logging in and seeing an error message pop up, i realized the link had a '.ru' on the domain.    how screwed am i? im checking on my google activity rn, and I dont see anything suspicious i changed the password and enabled 2 step verification, as well as logging out other devices.     in case anyone is curious the link was unix(dot)yoohuyea(dot)ru(dot)com/trbhxz3c1p!0ywic/",1,,phishing,0.0,0.0,0.0,0.0,0.0,1.0,0.0,0.0,0.0,0.0,unknown,email,clicked_link,phishing,google,unknown,0.9,1.0,1.0,1.0,0.0
My friend seems to have fallen for a scam and I don't know how to convince her otherwise,"I've been friends with her for about half a year now (in college). We're pretty close but don't meet up often due to being in different classes. A few months ago she began vaguely alluding to working on some kind of project but I didn't think anything of it because it's not strange for students to engage in internships or join courses.     I later learned this was a start-up or non-profit of some kind but still didn't think anything of it. She didn't tell me much and I didn't pry because I assumed she wanted to keep it private for some reason. When I heard 'non-profit', I just thought it was some kind of charity and thought that was pretty admirable.    Flash forward to about a week ago when she asked me if I was interested in an 'opportunity'. I was immediately skeptical because that's a word only scammers tend to use but I thought she wouldn't get sucked easily into such things so I agreed to at least hear her out.     This opportunity has to do with the aforementioned start-up. The details were kept extremely vague to the point where even now I don't know much about it.  The suspicions began to appear in my head when I realized that- 1) she wasn't working on this alone and has a 'mentor' and 2) her mentor is a very shady guy.    Turns out that she's been taking the help of one of our seniors from a different department. I don't know the guy but she refers to him as 'sir' which I found really off-putting because he's not that much older than us and 'sir' isn't really an inf",1,,multi-level marketing,0.0,0.0,0.0,0.0,1.0,0.0,1.0,1.0,0.0,0.0,unknown,social_media,none,none,individual,unknown,0.8,1.0,1.0,1.0,0.0
"Almost scammed by MyTinyThinker.com, an education comp. with negative-option billing and difficult-to-identify ownership","I have a four year old who's just beginning to write and, lo and behold, an Instagram ad popped up advertising a (possibly) helpful product called the My Tiny Thinkers TrackTrek Workbook that has grooved stencil-like lettering to help kids practice their penmanship.    I nearly ordered it but something told me to research a little further and I found this r/preschoolers [post of dozens of parents ripped off](https://www.reddit.com/r/Preschoolers/comments/1o5zve9/my_tiny_thinker_club_scam) by the same company: [typical scammy](https://imgur.com/A3Hry33) opt-out only order. Get your item then start getting billed $30 a month. I am pretty good at spotting these (usually) but I'd have never seen this. Price of the 'VIP' membership isn't listed anywhere.    [Their BBB page](https://www.bbb.org/us/ca/castro-valley/profile/educational-supplies/tiny-thinkers-1116-973107) has 76 unaddressed complaints. There's no information about the company listed, no names, nothing. Just an address in Castro Valley, California.    I (slow work day) dug into the California Secretary of State database and found the company TINYTHINKERSCO LLC (B20250047280) registered to a different address with an agent who owns about a dozen small businesses.    I guess I'm posting to a) warn other parents to avoid this company at all costs. They do A LOT of social marketing and b) figure out how a company's ownership can be SO opaque.",1,,commerce,,,,,,,,,,,unknown,social_media,clicked_link,none,company,unknown,0.9,1.0,0.0,0.0,0.0
Ethical Scam,"I found this story on LinkedIn, I thought to share it here.     I recently came across a strange Ethereum wallet, and the story behind it deserves to be told.    Someone on social media pretends to be a beginner, sharing their 12-word seed phrase and asking for help 'recovering' their crypto. If you check the wallet, you'll see $3,000 in USDT (Tether),  but no ETH for gas.    Tempted by easy money, some people send a little ETH so they can transfer the USDT out.    But then something fascinating happens:  - The ETH you send instantly disappears.  - The USDT in the wallet is frozen by Tether. It's blacklisted.  - The wallet is protected by EIP-7702 smart account logic that automatically drains any ETH sent in.    Over 4 years, this 'trap' wallet has collected nearly $270,000 from people who tried to exploit what looked like an easy target.    And here's the twist:  It's the only scam that only scams scammers, an ethical trap for the greedy.",1,3000.0,meta,0.0,0.0,0.0,0.0,0.0,0.0,0.0,0.0,1.0,0.0,crypto,social_media,sent_money,none,unknown,USD,0.0,0.0,0.0,0.0,0.0
[Aus] What kind of scam is this? Freq Chinese texts,"Located Sydney Australia. I don't speak mandarin and I have zero Chinese background or family.    But I often get a lot of these Chinese messages via text. I know that they are a scam but not sure what kind it is or what tactic they use.    I'm assuming they are targeting the elderly in the Chinese community here in Australia, as is common for people overseas to try to scam to elderly over here. Especially ones who have recently immigrated over here and want to try to scare them into paying them money.",1,,social_engineering,0.0,0.0,0.0,0.0,0.0,0.0,1.0,1.0,0.0,0.0,unknown,sms,none,none,Master Li,unknown,1.0,1.0,1.0,1.0,0.0
pig butchering: i wish i knew,"lost about 300K total. we lost proceeds from the sale of a house. wife withdrew from 401(k), too. i threw away my kid's college tuition.     i was stupid. we were both stupid and greedy. *i* made the initial contact with information i found online. and i found the pitch so convincing. it is a real person based on linkedin and facebook profiles. but, i was stupid and greedy. didn't bother to do the due diligence or at least talk to friends.     be aware of this. protect yourself.     i will never heal from this. but god's grace - we both have kickass jobs and a smart kiddo. we'll be ok.     fuck the thieves.     be careful y'all.     &lt;EDIT: i have contacted authorities and we know that nothing will happen even though they have the power to freeze/contact the exchanges. This very sub has a NUMBER of people from that crime ring. They have put comments in here and sent me DMs, trying to suck information out of me. Over 1/3rd of the viewers of my post are from Nigeria, too. This isn't the only proof, though. The people who sent me DMs: some of their lifespan on reddit matches exactly with the date when my advisor went underground. These are crime rings using human slave labor, and working them to death. The names of people (my advisor) and the websites i used don't matter. It's the psychology and the principles of the thing: their methods will continue to rapidly evolve to cheat you.     Y'all stick to your work-ethics and don't let greed overtake you. I am extremely lucky to n",1,,pig butchering,0.0,0.0,1.0,0.0,0.0,0.0,0.0,0.0,1.0,0.0,bank,email,sent_money,payment,unknown,unknown,0.95,1.0,1.0,0.0,0.0
[US] we WILL locate you?,"So recently my fiancé and i have moved for work. To my knowledge i have no outstanding credditors or pending legal cases.     About a week after we moved i recieved a phone call addressing me by a previous legal name i havent gone by in years. Both my fiancé and i have changed our full legal names for personal reasons. This person called addressing me by my old name and using an address i havent lived at since i used that name 5 years ago.     They demanded to speak to me, i never comfirmed who i was, and when i didnt do so made vauge threats about being a compliance officer tasked with locating me and if i dont disclose who i am. That i would be located.     I might messing up the script but they specifically said compliance officer but didnt say with what company, jurisdiction or government agency.     I hung up and they then started calling my fiancé and from private numbers only.      We hung up and theyve now started calling just my fiancé and from private numbers only.      Ive done public record searches, small claims, criminal and warrant searches in the last 2 states ive lived in and found nothing. Used been verified to look up the 2 numbers they called us from and the one they left for us to call and they are listed as 'likely scam'.     I called the number they left and pretended to be a lawyer asking why they were harrasing my 'client' and for either a case # or the name of the company/agency they represent and they refused",1,,social_engineering,0.0,0.0,0.0,0.0,0.0,1.0,1.0,1.0,0.0,0.0,unknown,phone,none,none,compliance officer,unknown,0.8,1.0,1.0,1.0,0.0
Is this a scam?,"My airtel payment app shows 1100 due with some extra 499 monthly charge I don't know wtf that is, and now this guy (twice or thrice unknown numbers, different people) contacted me to pay... I say them send me qr directly from app, they send this....     Airtel wifi users, should I pay him?",1,,transaction,,,,,,,,,,,upi,sms,sent_money,payment,,,,1.0,0.0,0.0,0.0
CoinSpot scam and looking like a FOOL to the police,"I, 27YO female who is adamant that she's internet safe, was made a fool by this scam.     I have been absolutely bombarded by text messages warning me that a 'CoinSpot recovery code' was 'requested' even though I don't have an account and so I kept replying 'N' to 'stop the recovery'. (Lesson 1, never reply). This happened for weeks.     Then I received a phone call (after a few days of no texts and I was also waiting for a call back after an interview) from a man who had an English accent saying that they are from the CoinSpot team asking about suspicious activity. I tell them that 'it's not me, I don't have an account, and to just please remove all my details from his system'.     'Absolutely ma'am, I’ll make a note of it' and he hangs up.     Anyway, fast forward to a week later on a Monday or Tuesday, I get a phone call from a No Caller ID.     I answer it, it was also an English man but this time, he claimed that he was from the Australian Federal Police. He began the call by STATING MY FULL LEGAL NAME, my phone number, my email and HOME SUBURB. I'm absolutely completely spooked out. So of course, I believe him.     He told me that over the weekend, a person had been arrested and a laptop and 3 phones had been seized. On those devices all of my information was on it including my bank cards. He told me that he cannot tell me which cards they were, but if I was to go to the police, they would have the report. He told me to cancel all my cards, change all my passwords to so",1,,transaction,,1.0,,,,,,,,,card,phone,cancelled_cards,payment,CoinSpot,unknown,0.9,1.0,1.0,1.0,
"My dad has been scammed for £150,000 today by people claiming to be crypto dot com and ledger.","Hi everyone,    I'm posting this here as I feel really lost. My dad came over to me and told me 'you're going to have to come and help me, all of my crypto is gone'. I was in the house with him earlier today and he was on the phone to who he thought was Crypto.com. He'd had some security alerts earlier in the day saying logins had been attempted from Germany and Turkey. Then he received a phone call, this was a British male that sounded like they had a southern accent.     I'm absolutely kicking myself because if I had heard more of that conversation he was having on the phone, I genuinely would have known to tell him to shut it down.     Basically, the had told him that his ledger had corrupted and that they needed to send him a new one, they told him to go to ledgeractivation.com (since taken down). I think then, they generate their own seed phrase and had him replace his with their code. I'm writing this and I know it sounds naive and he fell for it too easily and that's true but my dad is a really hardworking man, he remaps Land Rover ECU's and is known to be one of the best in the industry. This money, he's worked his entire life for it and he never asks me for help but it broke my heart seeing how sick and scared he was.     He's been dealing with a lot, we both have chronic migraine and after extended stints of migraines, anything.that requires thought is so much more difficult than it normally is. He's also got Crohn's disease and recently they've found inflammation s",1,150000.0,transaction,0.0,0.0,1.0,0.0,0.0,0.0,0.0,0.0,1.0,0.0,bank,phone,sent_money,transaction,crypto exchange,GBP,0.9,1.0,1.0,0.0,0.0
I would like to ask for advice if anyone has had similar experiences with crypto OTC fraud.,"**$34,680 USDT lost in Telegram OTC deal due to impersonation &amp; refund address manipulation**    I'm posting this to get feedback and check if anyone has seen a similar case.    I participated in an OTC deal for a token (megaETH) through a Telegram OTC desk    called 'Taverna OTC'    Timeline (simplified):    1. I deposited 34,680 USDT to the OTC desk for a legitimate OTC trade.  2. A Telegram group was created wit- myself- the person who introduced me- the OTC representative  3. During KST early morning hours, an unknown account entered the groupimpersonating me:- same nickname- same profile picture  4. This impersonating account requested a 'refund' and provided a walletaddress that does NOT belong to me  5. The OTC desk processed the refund to that third-party wallet.  6. Shortly after the refund, the Telegram group was deleted.  7. I never requested any refund and never authorized that wallet.    The refunded funds were then moved on-chain and later transferred to fixedfloat.    (On-chain proof available; Debank history shows the flow.)    Key points:    
- This was an escrow-style OTC deal.
- No verification was done to confirm that the refund request actually came    from the real buyer.
- Refund destination address was changed without ownership confirmation.
- The deal group was deleted immediately after the refund.    From my perspective, this is either:
    - a coordinated scam involving impersonation,
    or
    - gross negligence by the OTC operator in  ",1,34680.0,transaction,0.0,0.0,1.0,0.0,0.0,0.0,0.0,0.0,0.0,0.0,bank,Telegram,sent_money,refund,unknown,USD,1.0,1.0,1.0,0.0,0.0
Google review scam,So i was added to some whatsapp group for google reviews initially they paid 150 rs. Afterwards they gave more economy tasks and i took the task of 2000 rs and i recieved 2800 rs afterwards i stopped playing this games of reviews. Now i am afraid of freezing the bank account. Should i file the cyber crime complaint on safer side?,1,,transaction,,,,,,,,,,,bank,sms,sent_money,payment,,,,1.0,1.0,,
A prime minister is now warning people against BG wealth and DSJ exchange,"The Tongan prime minister is also sounding the alarm against BG wealth sharing group and DSJ exchange     https://www.1news.co.nz/2026/02/08/tongan-nz-authorities-team-up-to-battle-high-risk-crypto-scam/    Anyone who is still advocating for this scam operation, please read the article and listen to the video clip.    They have shut down 800 websites for BG wealth and DSJ exchange but new ones keep coming up.",1,,transaction,0.0,0.0,0.0,0.0,0.0,0.0,0.0,0.0,1.0,0.0,unknown,website,clicked_link,none,prime minister,unknown,0.9,1.0,0.0,1.0,0.0
"I was scammed by MDFEX, a fake and high-risk crypto platform.","When I tried to withdraw my money, the withdrawal never went through and no one from the platform replied. The 'profits' shown in my account now look like they were simulated to trick me into believing I was earning returns. Then they pressured me to pay extra 'fees', to unlock my withdrawal, and after that my account was frozen.",1,,transaction,0.0,0.0,0.0,0.0,0.0,0.0,0.0,1.0,0.0,0.0,crypto,website,sent_money,withdrawal,crypto platform,unknown,1.0,1.0,1.0,0.0,0.0
Warning: MDFEX is a fake exchange (Don't fall for it),"MDFEX looks like a real exchange, but it's a black hole. I track these sites for a living. The charts are rigged to make you feel like a genius. But try to withdraw? Impossible. They'll demand a 'tax' or 'VIP fee' to release funds. It's all lies. Real exchanges don't ask for external payments.",1,,transaction,,1.0,,,,,,,,,card,website,sent_money,transaction,exchange,unknown,0.9,1.0,1.0,0.0,0.0
Police department scam,"Hi my buddy called me scared with something he did, said he messaged an escort saying hello and heard nothing back. Then the next day he got a call from the police department of another city saying hello messaged a missing underage girl. The detective tried to get him to say he did something with the girl. He said we will issue you a warrant or you can come into the police station.",1,,social_engineering,0.0,0.0,0.0,0.0,0.0,0.0,1.0,1.0,0.0,0.0,unknown,phone,none,none,police department,unknown,1.0,1.0,1.0,1.0,0.0
Is this Scam OLX ?,"So I was selling Some stuff on olx , the buyer said he wasn't home told me to drop the item at a location. N He'll UPI me . I didn't proceeded because when I asked for cash he denied several times . I'm worried if I sell using Upi he'll just put a charge back claiming I gave faulty product n I'll lose money.",1,,transaction,1.0,,,,,,,,,,upi,sms,sent_money,payment,,,,1.0,0.5,0.0,0.0
Never thought I would be scammed but thankfully got licky.,"I recently applied for central certificates.. after successful process a week later got a anonymous sms with a link to indian postal service asking to update my location to deliver a package which looked way to real. But i ignored it, and after a week i got the same sms today. This time I overthought maybe its for the courier of the approved certificate and so I went ahead with update and later payment page for courier charge of rupees 10. They denied my mastercard debit card- but accepted credit card which was also mastercard!! Something smelled fishy but I was in hurry and so without noticing I filled the otp which pops up above keyboard for fast payment 😑🫣… after submitting when I saw the payment amount of 20000 rupees my heart skipped!!     I started jumping in anxiety(I'm just a student)  And to my ducking luck - the transaction declined - turns out there wasn't sufficient balance in the card😭 felt light as I have escaped this time!   Tried reporting to national helpline but they cut the call immediately which is super weird!!!   And then emailed the parent card company in light of the fraudulent transaction and further safety of my card!     Hope that my personally details aren't misused and how else to report this fraud? And make sure about data leak?? Kindly help     Gonna attach pics below! Be careful and share it among friends and family.",1,20000.0,transaction,1.0,1.0,0.0,0.0,0.0,0.0,0.0,1.0,0.0,0.0,upi,sms,sent_money,payment,indian postal service,INR,1.0,1.0,1.0,0.0,0.0
[NZ]Got this email saying to reset my account password for a -zamdkkajdahd-.which is just a string of random letters.,"I'm pretty sure this is a scam but, l've never heard of this website, and if it's real I cannot find it, I'm confused because scams usually use common or popular websites so you're more likely to click links, so either it's legit and l've completely forgotten the account I made and the name of the service changed or similar, or this scammer thinks I'm blind or is just uniquely stupid. I've added pictures of the email, and the name for the company I apparently have an account with is just a string of random letters,    'zamdkkajdahd' which is the weirdest thing to name something, anyway some clarity about this would be appreciated as I'm just confused how this works as a scam.",1,,transaction,0.0,0.0,0.0,0.0,0.0,1.0,0.0,0.0,0.0,0.0,unknown,email,clicked_link,password reset,unknown,unknown,0.8,1.0,1.0,0.0,0.0
Need help with potential scam,I have a guy who sent me a dm on tiktok who is named brian\_bips he claims he had a business proposal and is telling me if he sends me money from his crypto assets to my cash app and once it's activated he will want me to send back 60% and I keep 40% what exactly is he trying to do,1,,transaction,,,,,,,,,,,crypto,social_media,sent_money,payment,,,,1.0,0.0,0.0,0.0
New Telus phishing scam - caller pretends to be from your phone carrier and wants you to reset your password,"I got a call about an hour ago from someone claiming to be from Telus. They said that this morning someone tried to order a new phone using my account to their address, and that I needed to change my password to the one they provide me to regain control of my account, and that if I disconnect the call my phone would be fully disconnected, unless I called them back within 5 minutes. They sent me a legimate link from Telus to reset my password, but insisted I use the password they provided. They also provided a random 1-888 phone number that I can't find online. It has a generic 'Thank you for calling Telus fraud' greeting.",1,,social_engineering,0.0,0.0,0.0,0.0,0.0,1.0,0.0,0.0,0.0,0.0,unknown,phone,reset_password,credential,Telus,unknown,0.9,1.0,1.0,1.0,0.0
Myntra Delivery Scam,"I'm done being polite. Myntra and their delivery partner are running a systematic scam and I have proof.    WHAT HAPPENED:    Ordered 2 jackets from Myntra, ₹1900 total. Both orders had 'delivery failures' then my cancellation requests FAILED (how does a cancellation fail??). Next day both marked 'DELIVERED'. I got nothing.    THE FRAUD:    The delivery agent called on 5th, said he delivered to my door. I came home - nothing there.    I called him back. He didn't pick up.    I kept calling. HE BLOCKED MY NUMBER.    A delivery agent. Blocked. The customer. Who paid ₹1900.    I threatened police complaint. THEN he responded. Sent me a photo of ONE opened/torn packet as 'proof of delivery' for TWO SEPARATE ORDERS placed on different dates.    Think about that. One photo. Two orders. Different dates. Opened packet. This is fake evidence.    MYNTRA'S RESPONSE:    First they said refund by Feb 9. Today I got an email saying 'our investigation shows package was delivered in original untampered condition, no refund.'    THEY'RE CONTRADICTING THEIR OWN EVIDENCE TO PROTECT A THIEF.    THE PATTERN:    This isn't a mistake. This is a system:    – Mark orders 'delivered' without delivering    – Steal the items    – If customer complains, send fake photos    – Block customer's number    – Company backs up the fraud    How many people just gave up? How many didn't have time to fight? How many assumed 'delivered' mea",1,1900.0,commerce_nondelivery,0.0,0.0,0.0,1.0,0.0,0.0,0.0,0.0,0.0,0.0,upi,phone,sent_money,payment,company,INR,0.8,0.8,0.0,0.0,0.0
[US] Is this too good to be true?,"UPDATE    \\**Yes, I am apparently blind 😅 It's AI and I am immediately charging back on my card. I bought through Shopify and PayPal thankfully so that'll be easy. First time looking through for dresses, I didn't have a lot of experience with possible scam sites. So thanks to everyone who helped for all the tips and tricks to look out for.\\**        I've been desperately searching for a dress for a book ball I'm going to in April. Stumbled across this on Etsy. They offer multiple dresses but this was my favorite. Guy asked me to let him (or her, idk) refund and pay for it through his website which saves us both money away from Etsy fees.    I reverse image searched it and couldn't find it on another site. He's charging $180 for it and that felt a touch low for me. The site is called 'Custom your neon'. I paid with a credit card so I can charge back if it's a scam - I just really want to find the original dress/picture if you do think it isn't real.",1,180.0,commerce,,1.0,,,,,,,,,card,website,sent_money,payment,individual,USD,,0.0,0.0,0.0,0.0
Possible Scam,Hello    Does anyone of you know the traiding Plattform tokenzoom?    I had some good profits on it but as soon as i wanted to withdraw it the plattform wanted 34% tax on my profits.    After i paid it they told me im suspected in Money- laundering because the last payment i did was from another account. Now they want me to pay that again from my Account to make Sure its Not Money laundering.,1,,transaction,0.0,0.0,1.0,0.0,0.0,0.0,0.0,0.0,0.0,0.0,bank,website,paid,tax,crypto exchange,unknown,0.9,1.0,1.0,1.0,0.0
Is this a scam or i'm overthinking it?,,1,1100.0,commerce,1.0,,,1.0,,,,,,,upi,sms,sent_money,payment,unknown,unknown,0.8,1.0,1.0,0.0,0.0
"new Ajio scam going around — got a call today, be careful","just a heads up for anyone ordering from Ajio.  i bought a pair of sneakers from Ajio (all paid, legit order, tracking on XpressBees etc).    today i got a call from some lady who knew my exact order id, the item i bought, and the amount i paid. sounded super legit at first.    then she says there's a 'payment verification issue' and sends me a UPI QR code on whatsapp (profile pic was Ajio logo but obviously no blue tick).  i asked her to send a proper card payment link or the original Ajio payment gateway… she refused. only kept pushing UPI.    so yeah, pretty sure it's a new scam.  they somehow get your order details to sound authentic and then try to trick you into paying again via QR code.    just posting this so no one else gets caught off-guard.  Ajio never asks for extra payment through WhatsApp or personal UPI.  if you get these calls, ignore + block. stay safe.",1,1000.0,transaction,1.0,,,,,,,,,,upi,sms,sent_money,payment,Ajio,INR,0.8,1.0,0.0,1.0,0.0
[US] Found someone on Facebook selling a PS5 Pro with extras for an amazing price and curious how this scam works?,"I'm like 98% sure this is a scam but I was curious how the scammer would be able to get past the purchase protection on marketplace? The sellers profile is a typical fake profile(Joined 1 year ago, extremely beautiful woman as profile pic with no other pics, no posts). It says that they have sold 2 other items with no reviews and they have 3 other listings for sale but they are used consoles that are reasonably priced. The description says it's a Malaysian PS5 Pro to keep people from wondering why it's so cheap I'm guessing.",1,,commerce,,,,,,,,,,,bank,social_media,sent_money,commerce,individual,unknown,0.0,1.0,0.0,0.0,0.0
Potential Delhivery/Blue dart scam,"Got a call from 'delhivery' saying that they aren't able to deliver to my pin code for the next 21 days. The lady then proceeded to tell me that reassignment to Blue dart is possible but demanded a payment of 90% of the original bill, promising to return the original amount. Ive attached the QR they sent below. It looked too sketchy and I decided to end the call. Typing this out it sounds like a scam, has anyone had a similar experience and did you pay?",1,,commerce,0.0,0.0,0.0,1.0,0.0,0.0,0.0,0.0,0.0,0.0,upi,phone,none,payment,delivery company,unknown,0.8,1.0,0.0,1.0,0.0
is my friend being scammed?,"my friend is using this website to do his trading: web.sophussdt.com/#/ I'm unsure if its real or not.     also he's shared some screenshots with a support chat he's had can't post them so here to quote    &gt;'I'm very sorry sir during the verification of your account just now we found that your profit exceeded your principal. According to the options rules (please refer to the seventh item of risk warning)you have exceeded the options profit and caused an imbalance in the options, so your withdrawal request has been rejected, currently your account has been frozen.     &gt;your account \\*\\*\\* has a recharge principle of 2391 USDC. the maximum profit that your acount can achieve for options trading is 0-2391 USDC. your profit cannot exceed your principle. According to the system calculation your current profit is 3715 USDC which exceeds the options rules!    &gt; currently you need to resubmit the 1324 USDC order as the depoit within 3 days. after submission your account will automatically return to normal and all funds can be withdrawn if you fail to return to normal within 3 days, the system will charge 1% of your account value as a fee each day.    &gt;    recharging the 1324 USDC is solely for verifying the security of your account this amount will not be deducted and will remain in your account after submission, your account will return to normal and you will be able to withdraw the funds normally.",1,3715.0,transaction,0.0,0.0,1.0,0.0,0.0,0.0,0.0,0.0,0.0,0.0,bank,website,sent_money,withdrawal,options trading platform,USD,0.8,1.0,1.0,1.0,0.0
I think my dad is being scammed (UPDATE),"Just yesterday, my dad convinced my mom to join dsjex.net as well. My dad joined it around 5 months ago, but he hasn't been directly scammed yet. He's been 'stacking' the money he supposedly earns, so he hasn't tried to withdraw anything during these 5 months. My mom saw how much he talked about this app, and that convinced her too. So yesterday, he signed her up.    The sign-up requires a front and back picture of your ID, plus a photo of you holding your ID. The app they use for the 'trading' isn't on the App Store—you can't find it by searching. You have to click some link to download it (I don't know what the link is). My dad was showing my mom how you have to join a group called 'BG-888 Wealth Sharing Group' on an app called BonChat. The group is run by a man who goes by 'Professor Stephen Beard.'    They have daily video calls, and according to my dad, Professor Stephen drops codes every day for the group members to enter into the app. They call these 'signals,' and it's like a daily check-in. I don't really understand what the point of that is, scam-wise.",1,,social_engineering,0.0,0.0,0.0,0.0,0.0,0.0,1.0,1.0,0.0,0.0,unknown,video_call,joined_group,none,Professor Stephen Beard,unknown,1.0,1.0,0.0,1.0,0.0
Don't trust Neon (Side Hustle App),"On my instagram fy page, I randomly found a video of a college student testing 'side hustles' and talking about Neon, which is an app that pays you to record your calls and sells it to AI centers as data. The creater seemed to come off as authentic and someone who was trying different side hustles for money, but their entire page was just promoting Neon. I also found a different creater, with the EXACT same script, word for word, promoting Neon. They have a bunch of similar videos with identical scripts, and each around 500–~ followers. The acutal Neon instagram acount seemed weird as well, as a ton of comments on their videos were complaining about the payments not going through. I thik it's very fishy, and a waste of time selling your conversaions in a scam.",1,,transaction,0.0,0.0,1.0,0.0,0.0,0.0,0.0,0.0,0.0,0.0,bank,social_media,installed_app,none,unknown,unknown,0.8,1.0,0.0,0.0,0.0
Civil/Small claims complaint possible scammers,"Has anyone received a call from someone regarding a type of civil litigation or small claims complaint? The first time a man called my mothers cell phone this past Monday and then a woman called my mom from the same number today, they both asked for me by name and stated that it's a civil complaint as if I'm being sued. The second time they called, they left a different call back number along with a ref number. When I Googled the number, the Robokiller website lists the number being reported by other people as a scam. The lady on the phone stated that they were calling from Abraham Davidson law firm. Has anyone else received a call from these people, and if so, did they try to scam you? Please comment below if you have encountered them.",1,,social_engineering,0.0,0.0,0.0,0.0,0.0,0.0,1.0,1.0,0.0,0.0,unknown,phone,none,none,Abraham Davidson law firm,unknown,1.0,1.0,1.0,1.0,0.0
The e-commerce scam alert 'Readytobuy (dot) in',"The e-commerce portal 'Readytobuy (dot) in' is running a simple e-commerce scam. I have paid ₹999.00 to learn lessons in e-commerce diligence. I would like to share the leasons. First let me break down the scam below    1) Advertise a product usually not available in India on Instagram/Facebook, below the market price.    2) Offer COD, return &amp; refund    3) Ship some garbage from same product category, nowhere near close to what was ordered in quality and appearance.     4) You accept COD and pay the delivery person, they don't offer open box delivery, you don't care as you can return or request refund later.     5) You open box and realize you have received complete garbage. You reach out to customer support for refund or return, they ignore your message. Three days pass, window of requesting a refund or return expires.     Lessons : -    1) Return/ Refund guarantee doesn't mean anything to an unknown e-commerce portal.     2) COD does inspire confidence but it's useless in absence of open box delivery.    3) Affiliation with Shopify and e-kart doesn't mean e-commerce portal is reputable.    4) If a product or its similar alternative is not available on other major e-commerce portals e.g. Amazon, Flipkart etc. that product most likely is not available in India or anywhere else. They use promotional videos from China and AI made pics of non-existent products.",1,999.0,commerce,,,,,,,,,,,upi,social_media,sent_money,payment,unknown,INR,1.0,1.0,1.0,0.0,0.0
Uso Parin pala ang Scam Buyers na pabili,"A buyer messaged to buy my second hand luggage, pabili at 550. I reminded to inform rider to bring exact coz i dont have change.    The rider was so makulit with calls and texts. I reminded to bring 550 exact coz i dont have change.    Rider messaged he is paying 1800. The buyer also said rider will pay 1800 and i should send back yung sobra sa kanya through gcash.    I declined saying i will only get the 550, any excess, the rider should give to her, not me, coz I've encountered a scam like this before.    The buyer did not respond anymore and the rider did not arrive also.    I reported this and buyer account got suspended.    Paalala maging maingat sa mga ganitong scam",1,550.0,commerce,0.0,0.0,1.0,0.0,0.0,0.0,0.0,0.0,0.0,0.0,bank,sms,sent_money,payment,none,unknown,1.0,1.0,0.0,0.0,0.0
Insurance Ombudsman scam,"So I got a call from a person claiming that he works in insurance ombudsman. I had complained about a policy missold to me some days back and I thought that this is actually a call from some authority like IRDAI so I spoke to him. He told me in detail what he did and how the agents missell the insurance. He then said that IRDAI has set up ombudsman where we can complaint about this misselling.    He said that he will help me cancelling my original policy which is 3 year old and help me get my policy premiums refunded. This was to be done by what he said as porting of policy. I had to buy a new policy which I can discontinue after 2 years of paying premium and after which my original policy money with interest will be released to me. He had all my details so I did not doubt him and sent my aadhar, pan, cancelled cheque and photo to him which he told is needed to generate insurance proposals. He said that after his call I will receive a call from kotak legal team and I should not talk to them and just ask them to give me paid up id. Then I received a call from a person saying that he was from Kotak legal team and said that I will generate paid up ID (All this is an elaborate scheme and both of them might be sitting beside each other). After that, when he gave me the proposal It was too good to be true and then I realised that no ombudsman agent will call me from a normal number. I asked an agent fried pf mine who works insurance and he said that all this is a scam.",1,,social_engineering,,,,,,,,,,,unknown,phone,sent_credentials,none,insurance ombudsman,unknown,0.9,1.0,1.0,1.0,0.0
Airline Customer Service Scam?,"When looking to see if there is a direct person-person line with Delta I found this website: http://www.trailforums.com/t/what-is-delta-airlines-phone-number-speak-directly-agent/119062. I called the number despite my intuition telling me it felt off. A woman picked up immediately and said 'thank you for calling the help desk.' Did not say Delta or anything. I asked what airline this was for and she said 'what are you looking for?' I said Delta and she said it was Delta. I said I was looking to change my flight. The audio was really weird. It sounded like there was a ton of fuzz and like everytime I spoke static would come on. She said she couldn't hear me and asked to repeat myself. I hung up and am now on hold with Delta's regular customer service line. I didn't give any of my personal information out to the woman, but I am concerned that my voice and phone number were enough to do something scammy... any thoughts?",1,,social_engineering,0.0,0.0,0.0,0.0,0.0,0.0,1.0,1.0,0.0,0.0,unknown,phone,none,none,airline customer service,unknown,1.0,1.0,1.0,1.0,0.0
base-nft (scam),"Being a beginner creator is one of the most difficult things. You don't have the audience or the experience to spot scammers. These scammers are smart, they target smaller channels. <https://base-nft.com/> is a very complex scam system. They approach new artists and genuinely ask for illustrations and even a verification video of your art, just like real collectors would. Then they recommend that you mint your work on their site, and you pay the gas fees. Suddenly, you see a large sum of money appear on their platform. This is where the real problem begins. The 'client' who contacted you pressures you to withdraw the funds. To withdraw, they claim you must pay a 'base commission' that supposedly cannot be deducted from your earnings for privacy reasons which is a lie. Then they start adding more charges: blockchain delay fees, licensing fees, additional Coinbase fees, and so on. They are extremely convincing and make you believe you will get your money. But in the end, you realize you will never receive anything.",1,,transaction,0.0,0.0,0.0,1.0,0.0,0.0,0.0,1.0,0.0,0.0,bank,website,sent_money,payment,client,unknown,1.0,1.0,1.0,0.0,0.0
I am almost positive my family is falling for a scam.,"So my grandmother saw a Facebook ad for investing into ethereum (red flag 1), she then got into contact with someone over Whatsapp (red flag 2), she then sent them money over etransfer (red flag 3).     Since this, she's been doing regular calls with this apparent investment company and is setup with her own crypto wallet on Crypto.com that she has access to, but she is sending money to her crypto wallet and then sending it to someone else (red flag 4).     Now, she's received money from this apparent company but I don't believe it's ever been more than the sum of what she's ever sent them. My Grandmother has put all her money into this, including having taken out loans (red flag 5). What questions should I ask? What information should I get, to convince her this is a scam?     My dad has even agreed with my grandmother that this is not a scam. Am I wrong for feeling like this is a scam? There have been way too many red flags and this has been going on for so long she's past the point of no return, all I want to do is stop them from sending a cent more when we are all at an extreme financial loss.     I'm literally staying with this family because I haven't been able to find work for months, if they go under, I'm going down with them because I don't have the money to support myself right now.    I will update this post as I get more info or if anyone brings up any good questions or info to dig for.",1,,transaction,1.0,1.0,1.0,0.0,0.0,0.0,0.0,0.0,1.0,0.0,upi | card | bank | crypto | gift_card | unknown | none,sms | email | phone | social_media | website | app | unknown | none,sent_money | shared_credentials | clicked_link | installed_app | none | unknown,payment | verification | login | download | none | unknown,bank | government | company | individual | none | unknown,unknown,0.9,1.0,1.0,0.0,0.0
Probably is but is this a scam?,<https://youtu.be/UoGu-sQxmT8?si=WjsgQFpvyCnNIZ9d>,1,,transaction,,1.0,,,,,,,,,crypto,video,clicked_link,payment,unknown,unknown,0.0,0.0,1.0,0.0,0.0
[UK] Possible scam my family has gotten roped into against our will?,"It might be a bit early, but I need the help of this subreddit because I suspect this may be a scam. Is it?     Earlier today, while my dad was eating lunch (he works from home), a man apparently showed up at the front door. According to my dad, this man talked very quickly so he didn't exactly hear what he was saying, but he was able to make out the man talking about 'putting it in writing'. He then set up a ladder against our house's front wall and tore a couple of roof tiles off, apparently to fix a leak in the roof we didn't know about, without putting in writing beforehand or letting my dad negotiate or turn it down. It's also important to note that it's just a ladder, no scaffolding or other safety equipment of any kind.",1,,transaction,,0.0,0.0,0.0,0.0,0.0,1.0,1.0,0.0,0.0,unknown,door-to-door,none,repair,unknown,unknown,1.0,1.0,1.0,1.0,0.0
Apple Account password reset scam?,"Apple sending account reset to wrong email—scam?    A family remember received FOUR emails in quick succession saying I'm trying to reset my Apple Account password.     Here's the weird part: not only am I *not* trying to reset my password, I myself am not getting these emails, only my family member (my name in black, theirs in orange). Their email has NEVER been attached to my Apple Account in any capacity, and I don't have any kind of family sharing on, nor are they a recovery contact    I reset my password just to be safe, but what's going on here? Is this a scam? If it's really someone else trying to brute-force my account, why is my family member getting the alerts and not me???",1,,social_engineering,0.0,0.0,0.0,0.0,0.0,1.0,0.0,0.0,0.0,0.0,unknown,email,clicked_link,password reset,Apple,unknown,0.8,1.0,1.0,1.0,0.0
Don't trust Neon (Side Hustle App),"On my instagram fy page, I randomly found a video of a college student testing 'side hustles' and talking about Neon, which is an app that pays you to record your calls and sells it to AI centers as data. The creater seemed to come off as authentic and someone who was trying different side hustles for money, but their entire page was just promoting Neon. I also found a different creater, with the EXACT same script, word for word, promoting Neon. They have a bunch of similar videos with identical scripts, and each around 500–~ followers. The acutal Neon instagram acount seemed weird as well, as a ton of comments on their videos were complaining about the payments not going through. I thik it's very fishy, and a waste of time selling your conversaions in a scam.",1,,transaction,0.0,0.0,1.0,0.0,0.0,0.0,0.0,0.0,0.0,0.0,bank,social_media,installed_app,none,unknown,unknown,0.8,1.0,0.0,0.0,0.0
Nicole Eitel is a scammer,"Scammer alert  Nicole Eitel is a true scammer.  Calling herself as crypto coach, also owning nicoleeitel.com, introduced me to dexbrokerage.com by telegram and pig-butchered with fake crypto trading. Be careful crypto investors, very cunning tactics to scam.  Silent and targetting one by one. New kinda scam strategy.",1,,transaction,0.0,0.0,1.0,0.0,0.0,0.0,0.0,0.0,0.0,0.0,bank,telegram,sent_money,transaction,crypto coach,unknown,0.9,1.0,1.0,1.0,0.0
IS THIS SCAM??,"So I got this message from a number in WhatsApp (as I have filled out a Google form from a post in LinkedIn for work-from-home jobs). So, the girl asked me for my resume. I sent my resume, then I got a voice note saying we have a vacancy in hr and telling details about part-time and full-time job options(to be noted, not once any company is stated in any of this conversation till now). Then, as a reply, I asked for the company name, job description, company website, or any other valid details, and she gave me her company LinkedIn profile    It is a company named ACHIEVERS INNOVATION (I have given the link to the LinkedIn profile ).    Here is the [link](https://www.linkedin.com/company/achieversinnovation/).    Is this a new kind of scam, or is it legit?.    I am thinking it's some kind of scam.    Can anyone tell more about this?",1,,transaction,0.0,0.0,1.0,0.0,0.0,0.0,0.0,0.0,0.0,0.0,bank,voice,sent_money,payment,company,unknown,0.8,1.0,0.0,1.0,0.0
Am I being scammed?,"I do think that I am being scammed but I really would like to know as to how. So here is the context; I'm an artist and someone reached out to me on Instagram wanting to purchase some images I have on my account, the trick though is they wanted them as NFT's ( who still buys NFT's in 2025 I thought to myself) but I was intrigued, they offered 1 ETH per image and they wanted 4 images in total. The site they wanted me to upload on is [vitalartsie.com](http://vitalartsie.com), I checked the website and I created an account but didn't link my wallet. Then I started looking more into the website details and some things weren't adding up. So I thought ok no; I'm not minting anything ( minting 1 NFT item costs 0.1 ETH which I wasn't willing to pay)     Here's where things get wild, I tell the supposed scammer that I'm out, that the account isn't working and I can't afford to mint any images, they suggest doing 1 at first at least I say nope not in my financial ability. And this is where things get even more phishy.. I suggest they fund my wallet with 0.2 ETH so I would do 2 NFT's, a few hours later my account shows that it is indeed funded with the amount.",1,1.0,transaction,,,,,,,,,,,crypto,website,uploaded_image,minting,unknown,ETH,0.9,1.0,0.0,0.0,0.0
Scam by JKumar Infra Ltd. with taxpayers money,Credits - @ranter_p on Instagram,1,,commerce,,,,,,,,,,,unknown,social_media,none,none,company,unknown,0.0,1.0,1.0,1.0,0.0
"What's app scam. Wrong names, area codes, numbers changing everyday. Called companies. Not them posting.",Stock group trying to sell stocks and developing a partnership    So many holes and a wrong name of the CEO when I cross referenced on the real site    Beware of anything coming through as Cambridge associates    Title of what's app will be Wealth begins here 01    Claiming they are Cambridge associates    This is a scam 100%    187 victims ready to be taken,1,,social_engineering,0.0,0.0,0.0,0.0,0.0,1.0,1.0,1.0,0.0,0.0,upi,sms,sent_money,payment,company,unknown,1.0,1.0,1.0,1.0,0.0
(CAN) Scammers in dating apps?,"So I was on Blk dating the other day and I had matched with this Filipino woman, we matched immediately when we start talking. I had a weird feeling. My spider sense was tingling. But the first day we were talking it was very casual and nothing too serious. The second day I was talking to her, she casually brings up that she does some trading. I thought oh OK that's cool. I said I've traded too on wealth simple, and I ask her if she'd had some success. She begins to tell me that she can help me make money off wealth simple by converting my money to USCD , it starts going into detail about what I need to do. I responded. I don't really need help trading I was just trying to make conversation and then continues trying to sell me on. She'll help me with trading and all I need to do these steps.    Now in the past, I had looked for online or remote jobs one another ones I found was doing consumer ratings for Google, where someone contacted me through WhatsApp told me that I had to do a certain amount of ratings a day and I will get paid out at the end of every day. I tried the first day I made 150 bucks. Now I kept going I was supposed to make 400 something dollars. This is the catch. I was supposed to pay into the job to get paid out the money that I'm owed. Complete bullshit. On top of that they were very adamant on using USCD coins. I actually told him this is a scam and I'm not participating and for months I had these same scammers try to hit me up from all these different nu",1,,transaction,,,,,,,,,,,upi | card | bank | crypto | gift_card | unknown | none,sms | email | phone | social_media | website | app | unknown | none,sent_money,payment,bank | government | company | individual | none | unknown,USD,0.9,1.0,0.0,0.0,0.0
[US] How do I prove this is a scam?,"I have a friend who is getting scammed out of thousands of dollars from someone on Telegram and won't believe me when I tell her she's being scammed. She keep's sending 'fees' in advance usually through an Apple gift card for a supposed large 'payout', and of course never gets the so called payout. There is always some excuse by the scammer. I have the telegram user ID and a phone number from the user ID. My friend gave the scammer my telegram ID so they of course tried me too and I told them to F off. Can someone please provide any suggestions on how I can prove to my friend this is not legit? A dark web site database I can search maybe? Me telling her it's BS isn't working and she's completely believing just about anything these crooks tell her. She's been sending $ via Apple cards, and it's been going on for a while now. She's pawned jewelry, borrows money, etc to pay these crooks. Any suggestions would be greatly appreciated. Thanks",1,1000.0,transaction,1.0,1.0,1.0,0.0,0.0,0.0,0.0,1.0,0.0,0.0,upi | card | bank | crypto | gift_card | unknown | none,sms | email | phone | social_media | website | app | unknown | none,sent_money | shared_credentials | clicked_link | installed_app | none | unknown,payment | verification | login | download | none | unknown,bank | government | company | individual | none | unknown,USD,1.0,1.0,1.0,0.0,0.0
A prime minister is now warning people against BG wealth and DSJ exchange,"The Tongan prime minister is also sounding the alarm against BG wealth sharing group and DSJ exchange     https://www.1news.co.nz/2026/02/08/tongan-nz-authorities-team-up-to-battle-high-risk-crypto-scam/    Anyone who is still advocating for this scam operation, please read the article and listen to the video clip.    They have shut down 800 websites for BG wealth and DSJ exchange but new ones keep coming up.",1,,transaction,0.0,0.0,0.0,0.0,0.0,0.0,0.0,0.0,1.0,0.0,unknown,website,clicked_link,none,prime minister,unknown,0.9,1.0,0.0,1.0,0.0
Canada - BMO withdraw and deposit scam?,"I'm fairly certain this is a scam, but the lasy is very insistent and had been on the phone with us all day, and was able to call us back using the BMO Fraud Detection phone #.    We have a recording, which I can't upload here. Basically, a bank employee is being suspected of using our account to attempt to wire money somewhere else in Canada. 'BMO' wants our help to catch them. (As I'm writing it, this seems ridiculous)., 'BMO' will transfer us $10,000 (which immediately raised alarms), we withdraw the money and go to another location to deposit the money into a 'federal investigation machine' and somehow that will help them magically catch the person using our account for fraud.    I'm certain this is a scam, but the kicker is, the police department called us to get our help in this.",1,10000.0,transaction,0.0,0.0,1.0,0.0,0.0,0.0,0.0,0.0,0.0,0.0,bank,phone,withdrew_money,payment,BMO,unknown,0.8,1.0,1.0,1.0,0.0
Scam Alert — Sundarban Tour Scam by 'Ma Tara Tour and Travels',"I'm posting this to warn others. We recently went for a Sundarban tour in West Bengal, and unfortunately we were scammed by a tour operator called 'Ma Tara Tour and Travels.' They did not provide the services that were promised in the package: The hotel that was promised was not provided. The facilities and arrangements mentioned in the package were not delivered. They took the full payment in advance before the tour started. After taking the money, they switched off their phone / stopped responding. After our experience, we also came to know that other tourist groups have faced similar issues and claim that they were also scammed by the same travel agency.",1,,commerce,0.0,0.0,1.0,1.0,0.0,0.0,0.0,0.0,0.0,0.0,bank,phone,paid,payment,tour operator,unknown,0.8,1.0,1.0,0.0,0.0
Scam with use of CoinMarketCap name,"Well that screwed me.     Well, I don't know how a token pre-sale group and some airdrop benefiting its members arrived or arrived on my Telegram. And I fell for their scam. I'm 99% sure it's a scam. The issue is that they use the CoinMarketCap image.",1,,transaction,,0.0,0.0,0.0,0.0,0.0,0.0,0.0,0.0,0.0,unknown,telegram,sent_money,transaction,unknown,unknown,0.99,1.0,1.0,0.0,0.0
"This is a scam for sure, but how?","I have someone trying to tell me they want to pay $8,000 for some of my photos as NFTs, which obviously screams definite scam, but they want to do it on Opensea. I'm just curious as to how a scam would work on a legitimate platform such as this?",1,,transaction,,,,,,,,,,,crypto,website,clicked_link,payment,,,,0.0,1.0,0.0,0.0
Getogx,"Someone sent me a thing about a promo code for a free $2500 to play on this online crypto casino, and more screen shots showing a person withdrawing those funds, red flags went off, pretty sure it's a scam but want to see what info is out there about it, I saw another post about this being a rinse and repeat thing, so I think I already have my answer but any insight would be great!",1,2500.0,transaction,,1.0,,,,,,,,,crypto,social_media,clicked_link,transaction,crypto casino,USD,1.0,1.0,1.0,0.0,0.0
Got call from cybercrime,some guy called my mom's number saying he is from the cybercrime department and that someone is using my mother's aadhar for a different number being used to commit crimes (texting obscenities to girls). He is asking us to go to the local police station and call him from there so he explain the situation to the police or something. I called him a scammer and told him  to stop. He spoke back calling me illiterate and saying that we would get a legal notice    this is totally a scam right? what was the point of sending us to the police station to meet some guy there?,1,,social_engineering,0.0,0.0,0.0,0.0,0.0,1.0,1.0,1.0,0.0,0.0,unknown,phone,none,none,cybercrime department,unknown,1.0,1.0,1.0,1.0,0.0
🚨 SCAM WARNING: YouTube Channel '@solanagd',"Hi everyone, just a quick warning:    There is a fake YouTube channel which has 136k followers [**https://www.youtube.com/@solanagd**](https://www.youtube.com/@solanagd)**,**  they play old videos of [https://www.youtube.com/@SolanaFndn](https://www.youtube.com/@SolanaFndn)    * **The Lie:** They are using bots and paid ads to trick people, ask you to send SOL to get 2x back. **It is 100% fake.**  * **The Scammer's Address:** `AparZ7xJL4kVsm7t2H7E3HXyHYMxg6aoZuia5BmAE6fp`    Stay safe!",1,,transaction,0.0,0.0,0.0,0.0,0.0,0.0,0.0,0.0,0.0,0.0,crypto,social_media,sent_money,transaction,none,unknown,0.9,1.0,0.0,0.0,0.0
Ada classic curve scam,3 kurta sets for 1100    Got scammed    Insta profile was pretty convincing,1,,transaction,,,,,,,,,,,upi,sms,sent_money,payment,,,,1.0,0.0,0.0,0.0
My family lost 200K from a Crypto Ledger scam,"My family just lost 200K in xrp which was our life savings basically we had it in there in hopes for a long term investment. Someone who had been trusted with the keys for the ledger in my family which isn't important basically gave away the keys to the scammer and yes I know it's really stupid and I understand that but it still hurts and it sucks. I've already reported this to the authorities and I even emailed some exchanges just to see if they'd be able to flag it at all if it ever came into their exchange. I'm able to monitor the address and such so far it hasn't moved from the scammers wallet. The main reason I've come on here is to ask if anyone has any shared experience and advice on what else I can do or if anyone has ever actually recovered their money, I know the odds are very slim but I want to try and do anything I can in my power to at least try.",1,200000.0,transaction,0.0,0.0,1.0,0.0,0.0,0.0,0.0,0.0,1.0,0.0,bank,email,sent_money,transaction,unknown,XRP,1.0,1.0,1.0,0.0,0.0
Wrong Number Scam via Discord,"I had a wrong number scam over Discord. I didn't know this scam was done over Discord, so I'm spreading awareness. Scammer sent a friend invite over Discord. I didn't recognize the name, but due to server nicknames, I figured I knew them under another name.    I accepted the friend invite, but didn't say anything. The next day they asked if I got their message on 'the game', not saying any specific game here. I said no, so they respond 'oh my gosh, I thought you were my friend.' After a couple back and forward of me thinking it was an honest mistake they say 'you seem really nice.'    I got suspicious after this, so I checked our mutual servers. We had 1 match: a 30k+ population server for add-on developers.    They messaged again 2 days later 'I was playing this dinosaur game that I think you'd enjoy.' I just blocked them at this point with no response.",1,,social_engineering,0.0,0.0,0.0,0.0,0.0,0.0,0.0,1.0,0.0,0.0,unknown,discord,none,none,individual,unknown,0.8,1.0,0.0,0.0,0.0
kimchiswap,"Hello, I would like to know if this site [https://kimchiswap.io/](https://kimchiswap.io/) is a scam because they are asking me to verify my wallet by paying approximately 1,500 USDT in order to withdraw my funds. They are also putting even more pressure on me to do it before 15.02.26. They say:    'Due to the restrictions imposed on , all unverified wallets will be permanently blocked starting on 15.02.26.    What you need to do:    Verify your wallet by 15.02.26 to avoid having your funds blocked.    If verification is not completed by the specified deadline, the funds will be used to cover the tax-service costs of.'",1,1500.0,transaction,0.0,0.0,1.0,0.0,0.0,0.0,0.0,1.0,0.0,0.0,bank,website,sent_money,verification,tax-service,USD,1.0,1.0,1.0,1.0,0.0
Bybit refuses 582 USDT refund after proven P2P scam (2022) – even with MiCAR license in EU (Germany),"In September 2022 I got scammed on Bybit P2P (order #1239526900452631296, 582.52 USDT). I provided ALL proof immediately: Payoneer screenshots, video of chat with scammer (he gave ultimatum), Payoneer support confirmation that payment never arrived. Bybit: – did not freeze the withdrawal in time – dragged the case for 3+ years with template replies – finally refused in November 2025 (3 refusal letters in a row) Since May 2025 Bybit has full MiCAR license in EU (FMA Austria → passport to Germany). According to MiCAR Articles 59–61, 68 they MUST provide fair mediation and protect users from fraud. This is a direct violation.",1,582.52,transaction,0.0,0.0,0.0,1.0,0.0,0.0,0.0,0.0,0.0,0.0,crypto,website,invested,transaction,Bybit,USD,0.9,1.0,1.0,1.0,0.0
[US] possible scam. Guy says he found my mom's debit card,My mom got a message from someone she is acquaintances with on Facebook saying that he found he card at a local gas station. She did not go inside this store today and only got drive thru food so she was initially confused and went to look and saw that she does have her card so he couldn't have possibly found her card. Once she told him that he completely stopped responding.,1,,transaction,,1.0,,,,,,,,,card,social_media,none,none,unknown,unknown,0.5,1.0,1.0,0.0,0.0
Crypto scam,Has anyone heard of Zkexpo.com? Fees for audit and then fees to remove money once audit done. Ruined us. Anyone else scammed by them?,1,,transaction,,1.0,,,,,,,,,crypto,website,sent_money,payment,crypto exchange,unknown,0.9,1.0,1.0,0.0,0.0
"Scammer alert: This women is offering jobs and making people open accounts at Tide Bank, which is a scam. You could lose your savings if you participate.","Scammer alert - claiming to offer jobs, she's making everyone open accounts at TIDE BANK, which is a scam. If you do, you could lose all your savings. Please, someone report this to the proper authorities. She's literally scamming everyone — students, job seekers, elderly people.",1,,transaction,,,,,,,,,,,bank,social_media,opened_account,payment,bank,unknown,0.9,1.0,1.0,1.0,0.0
Alert! Came across a new scam,"So there is this website called crypllet that claims to help you identify if your 12 words phrase was ever compromised in a crypto hack. There was this guy selling his audience about this website where he tells his audience to create a wallet, buy some crypto and validate their 12 word phrase on the website to if it was ever compromised in a cyber attack. I'm pretty sure this website saves your 12 words phrase to hack into your wallet and steal funds",1,,transaction,0.0,0.0,1.0,0.0,0.0,0.0,0.0,0.0,0.0,0.0,bank,website,validated_12_word_phrase,verification,crypto hack,unknown,0.9,1.0,1.0,0.0,0.0
[NL] MT5Research.com is probably a scam,"I was just called on my mobile phone by a gentleman with a Dutch mobile number who told me he had been trying to reach me for two weeks because my opportunity to regain access to my account was expiring in two weeks. If I only completed my account information with my address details and uploaded a copy of my ID, my coins which I supposedly still had on an old MetaTrader (I think he said) account would be added to my account on their site and I could exchange and withdraw them.",1,,transaction,,,,,,,,,,,crypto,phone,sent_money,payment,,,,1.0,1.0,,
"FRK Group, Freckie Capital, Bosonic are SCAMS","Freckie Capital and the Bosonic trading app are scams. It all starts out so harmlessly where the Freckie crew provides 9am premarket updates like clockwork from the core team of Amelia Clarke and AI NAT alleged pioneer Matthew Craig West (both claim to be British) and the post close master, Andrew Seymour Adil to provide worldly recaps from his vast GS and MS insider views on how the money machine really works and how it can work for the little guy all conveniently staged in Oct25 to the yearend and mid Jan26. Ryan Carter is a master scammer, too.    Stage I is the harmless stock tips from the NAT (Nova Auto Trade) 5.0 system where you trade in your personal account and they tell you where to exit. Some tips were not bad. Ok! Then there is a free raffle on Saturdays. Gifts include coffee station, $350 ETH up to $5000 BTC. Alright! Getting to know this AI machine called NAT and all is good.    Stage II is where they beg the elder statesman, Seymour Adil (LinkedIn page and all) to come back and oversee 'special opportunities'. He talks about his vast experience on Wall Street and promotes 'Block Trades' that are usually saved for the elite where stocks that are $100 can be 'obtained' for $85 overnight then sold next day for 17.5% profit or more. The 1^(st) big block was $630m UBER block trade and up to 50% discount to market for the 60day holders thus requiring big money 1.0m+. The lesser profits were 15% for 15days, 25% for 30days and 40% for 45days. No taxes issues either becau",1,,transaction,0.0,0.0,0.0,0.0,0.0,0.0,1.0,1.0,0.0,0.0,bank,social_media,sent_money,transaction,company,unknown,1.0,1.0,1.0,1.0,0.0
CoinSpot scam and looking like a FOOL to the police,"I, 27YO female who is adamant that she's internet safe, was made a fool by this scam.     I have been absolutely bombarded by text messages warning me that a 'CoinSpot recovery code' was 'requested' even though I don't have an account and so I kept replying 'N' to 'stop the recovery'. (Lesson 1, never reply). This happened for weeks.     Then I received a phone call (after a few days of no texts and I was also waiting for a call back after an interview) from a man who had an English accent saying that they are from the CoinSpot team asking about suspicious activity. I tell them that 'it's not me, I don't have an account, and to just please remove all my details from his system'.     'Absolutely ma'am, I’ll make a note of it' and he hangs up.     Anyway, fast forward to a week later on a Monday or Tuesday, I get a phone call from a No Caller ID.     I answer it, it was also an English man but this time, he claimed that he was from the Australian Federal Police. He began the call by STATING MY FULL LEGAL NAME, my phone number, my email and HOME SUBURB. I'm absolutely completely spooked out. So of course, I believe him.     He told me that over the weekend, a person had been arrested and a laptop and 3 phones had been seized. On those devices all of my information was on it including my bank cards. He told me that he cannot tell me which cards they were, but if I was to go to the police, they would have the report. He told me to cancel all my cards, change all my passwords to so",1,,transaction,,1.0,,,,,,,,,card,phone,cancelled_cards,payment,CoinSpot,unknown,0.9,1.0,1.0,1.0,
[US] suspicious threats made in phone call from Summit,"This message is intended for you, BLANK, case number BLANK.  This is BLANK Burke contacting you regarding a formal order of location that was submitted to my office this morning.  I need to verify your current address for a deliverance of this order.  BLANK, you have an imminent complaint that has been filed against you. At this point, you have one final opportunity to contact the resolution firm handling this matter to discuss it immediately before further proceedings are initiated. Now they can be reached at 855-BLANK-BLANK and again your case number listed here on this order is BLANK.  BLANK, you have now been officially notified, failure to respond, will trigger immediate action, and avoidance is no longer an option.  Sir, at this point you have all the available information to you, either contact the resolution firm.",1,,social_engineering,0.0,0.0,0.0,0.0,0.0,0.0,1.0,1.0,0.0,0.0,unknown,phone,none,verification,resolution firm,unknown,1.0,1.0,1.0,1.0,0.0
Kitopex by elon musk,"Hey guys, i saw a post from elon musk where he promoted kitopex so i wanted to See what's it about. I used Fake email and stuf and you got 2500$ which , how they advertised you could withdraw instantly. Of course i tried it, but now you would have to deposit 60 Bucks and i wanted to know why the real elon musk Account posted it they also have pictures of him and an elon musk Special, now i wanted to know how this works and how they eitler can use him without consequences or if he actually would collaborate. They also adveritise that you can win an rocket Trip and stuff. I really want to know what this is about, im sorry if this doesn't fit in this subreddit im Not using it on the regular i just saw this subreddt.",1,2500.0,transaction,0.0,0.0,0.0,0.0,0.0,0.0,1.0,1.0,0.0,0.0,unknown,email,sent_money,payment,elon musk,unknown,1.0,1.0,1.0,1.0,0.0
SCAM ALERT: Unibasic by Hexafun (via CRED) – 2 months of ghosting and a secret cancellation,"Timeline of the disaster: Nov 13th: Placed an order for a tote bag through the CRED app. Dec/Jan: Total silence. No updates, no shipping info. I'll be honest, I almost forgot about the order because life got busy. The Runaround: The delivery partner actually tried to contact Hexafun/Merchant to move the shipment along, but they couldn't reach them either. Total radio silence. Jan 21st (Today): I finally checked the tracking website again. It shows the shipment was CANCELLED BY MERCHANT back on Jan 8th. The Problem: Hexafun never emailed me, never messaged me, and never initiated a refund. If I hadn't manually checked the tracking link today, they would have just kept my money and I'd be none the wiser.",1,,commerce,,,,,,,,,,,upi,app,sent_money,payment,company,unknown,0.8,1.0,0.0,0.0,0.0
Eu) Weird Phone Call During Facebook Ads Account Reactivation – Scam or Hack?,"Hi everyone:     Recently, I tried to reactivate my Facebook Ads account and got a very strange phone call from someone claiming to be Facebook support.     • They said things like 'you are a good person' and 'we will review this case.'     • They mentioned my issue number 2015889142320817 and said it was passed to a specialized team.     • The chat then disconnected suddenly.     • They also told me to remove my card from the app, which felt very suspicious.    I started this from the official Facebook Help Center page, but the system redirected me to this chat automatically.    Afterwards:     • I got an email from Meta that looked legitimate.     • Later, I received notifications that someone tried to log in to my account.",1,,social_engineering,0.0,1.0,0.0,0.0,0.0,0.0,1.0,1.0,0.0,0.0,card,phone,removed_card,none,Facebook support,unknown,0.8,1.0,1.0,1.0,0.0
I received this email from : rpratkums@manisjos.onmicroosoft.com. Posting for awareness. Scam/phishing email.,,1,,phishing,0.0,0.0,0.0,0.0,0.0,1.0,0.0,0.0,0.0,0.0,unknown,email,shared_credentials,login,company,unknown,0.8,1.0,1.0,1.0,0.0
[US] Postings for mid-century furniture at way below market value scam,"I posted asking about this in another sub, but think perhaps bringing awareness might be helpful in case this really is a scam.    I was checking out a buffet on Craigslist, purportedly located in Minneapolis, MN. The buffet was listed maybe a couple hundred less than I figured it might sell for, which gave me pause. I did some digging and saw that the exact pictures and description were taken from a sold listing on Facebook marketplace, from somewhere in WA. I figured, ok, probably some scam.    Because I am seriously looking for a buffet/sideboard, I decided to move to FB marketplace for my search. To my dismay, Marketplace was saturated with postings from Minneapolis and Saint Paul for mid-century sideboards listed at WAY below market value. They all had a similar phrase in the posting about delivery arrangements being available for a fee, so I became even more suspicious.    I went back to craigslist and pulled the phone number associated with original the listing. After looking that up, I saw the number appeared to possibly be associated with an escort service.",1,,commerce,0.0,0.0,1.0,1.0,1.0,0.0,0.0,0.0,0.0,0.0,bank,phone,sent_money,payment,escort service,unknown,0.8,1.0,0.0,0.0,0.0
🚨 ONLINE PROPERTY FRAUD ALERT IN INDIRANAGAR – PLEASE READ &amp; STAY SAFE 🚨,,1,,none | transaction | commerce | credential | social_engineering | advanced | meta,1.0,0.0,0.0,0.0,0.0,0.0,0.0,0.0,1.0,0.0,upi,sms,sent_money,payment,bank,unknown,0.8,1.0,0.0,1.0,0.0
Potential Delhivery/Blue dart scam,"Got a call from 'delhivery' saying that they aren't able to deliver to my pin code for the next 21 days. The lady then proceeded to tell me that reassignment to Blue dart is possible but demanded a payment of 90% of the original bill, promising to return the original amount. Ive attached the QR they sent below. It looked too sketchy and I decided to end the call. Typing this out it sounds like a scam, has anyone had a similar experience and did you pay?",1,,commerce,0.0,0.0,0.0,1.0,0.0,0.0,0.0,0.0,0.0,0.0,upi,phone,none,payment,delivery company,unknown,0.8,1.0,0.0,1.0,0.0
My friend seems to have fallen for a scam and I don't know how to convince her otherwise,"I've been friends with her for about half a year now (in college). We're pretty close but don't meet up often due to being in different classes. A few months ago she began vaguely alluding to working on some kind of project but I didn't think anything of it because it's not strange for students to engage in internships or join courses.     I later learned this was a start-up or non-profit of some kind but still didn't think anything of it. She didn't tell me much and I didn't pry because I assumed she wanted to keep it private for some reason. When I heard 'non-profit', I just thought it was some kind of charity and thought that was pretty admirable.    Flash forward to about a week ago when she asked me if I was interested in an 'opportunity'. I was immediately skeptical because that's a word only scammers tend to use but I thought she wouldn't get sucked easily into such things so I agreed to at least hear her out.     This opportunity has to do with the aforementioned start-up. The details were kept extremely vague to the point where even now I don't know much about it.  The suspicions began to appear in my head when I realized that- 1) she wasn't working on this alone and has a 'mentor' and 2) her mentor is a very shady guy.    Turns out that she's been taking the help of one of our seniors from a different department. I don't know the guy but she refers to him as 'sir' which I found really off-putting because he's not that much older than us and 'sir' isn't really an inf",1,,multi-level marketing,0.0,0.0,0.0,0.0,1.0,0.0,1.0,1.0,0.0,0.0,unknown,social_media,none,none,individual,unknown,0.8,1.0,1.0,1.0,0.0
Scam or legit platform ?,Hi All     Is this a legit decentralized crypto platform?     <https://ddefi.cc>,1,,transaction,1.0,1.0,1.0,0.0,0.0,0.0,0.0,0.0,0.0,0.0,upi | card | bank | crypto | gift_card | unknown | none,sms | email | phone | social_media | website | app | unknown | none,sent_money | shared_credentials | clicked_link | installed_app | none | unknown,payment | verification | login | download | none | unknown,bank | government | company | individual | none | unknown,unknown,0.9,1.0,1.0,0.0,0.0
[US] Discord App Tester,"Me: ???
Them: Hello,are you still playing Clash Royale
Me: Yeah
Them: ok ^^
Them: May I introduce myself? My friend
Me: Sure
Them: tysm :3
Them: I'm sorry to bother you. I'm a promoter for a game company. Our company has launched a new game on the Google Store and APP store. We would like to invite you to experience it
After entering the game, I will give you some game props as gifts 💖
Me: Alright I will
Me: But how did you find my account
It feels scammy because of the little stuff like 'My friend' ':3' or the 💖
also, we have 0 mutual servers is a big red flag. No legit game studio is DMing random players to recruit testers.",1,,social_engineering,0.0,0.0,0.0,0.0,0.0,1.0,0.0,0.0,0.0,0.0,unknown,discord,clicked_link,none,game company,unknown,0.8,1.0,0.0,1.0,0.0
man i just fell for the SAME scam FIFTEEN TIMES,this guy i'm friends with online got hacked and sent me the twitter kai cenat raovax scam and MY DUMBAHH MADE 15 RAOVAX ACCOUNTS with the SAME PASSWORD so i CHANGED ALL MY GOOGLE ACCOUNT PASSWORDS but is there anything ELSE i should DO,1,,transaction,,,,,,,,,,,crypto,sms,sent_money,payment,,,,1.0,0.0,0.0,0.0
"FRK Group, Freckie Capital, Bosonic are SCAMS","Freckie Capital and the Bosonic trading app are scams. It all starts out so harmlessly where the Freckie crew provides 9am premarket updates like clockwork from the core team of Amelia Clarke and AI NAT alleged pioneer Matthew Craig West (both claim to be British) and the post close master, Andrew Seymour Adil to provide worldly recaps from his vast GS and MS insider views on how the money machine really works and how it can work for the little guy all conveniently staged in Oct25 to the yearend and mid Jan26. Ryan Carter is a master scammer, too.    Stage I is the harmless stock tips from the NAT (Nova Auto Trade) 5.0 system where you trade in your personal account and they tell you where to exit. Some tips were not bad. Ok! Then there is a free raffle on Saturdays. Gifts include coffee station, $350 ETH up to $5000 BTC. Alright! Getting to know this AI machine called NAT and all is good.    Stage II is where they beg the elder statesman, Seymour Adil (LinkedIn page and all) to come back and oversee 'special opportunities'. He talks about his vast experience on Wall Street and promotes 'Block Trades' that are usually saved for the elite where stocks that are $100 can be 'obtained' for $85 overnight then sold next day for 17.5% profit or more. The 1^(st) big block was $630m UBER block trade and up to 50% discount to market for the 60day holders thus requiring big money 1.0m+. The lesser profits were 15% for 15days, 25% for 30days and 40% for 45days. No taxes issues either becau",1,,transaction,0.0,0.0,0.0,0.0,0.0,0.0,1.0,1.0,0.0,0.0,bank,social_media,sent_money,transaction,company,unknown,1.0,1.0,1.0,1.0,0.0
kimchiswap,"Hello, I would like to know if this site [https://kimchiswap.io/](https://kimchiswap.io/) is a scam because they are asking me to verify my wallet by paying approximately 1,500 USDT in order to withdraw my funds. They are also putting even more pressure on me to do it before 15.02.26. They say:    'Due to the restrictions imposed on , all unverified wallets will be permanently blocked starting on 15.02.26.    What you need to do:    Verify your wallet by 15.02.26 to avoid having your funds blocked.    If verification is not completed by the specified deadline, the funds will be used to cover the tax-service costs of.'",1,1500.0,transaction,0.0,0.0,1.0,0.0,0.0,0.0,0.0,1.0,0.0,0.0,bank,website,sent_money,verification,tax-service,USD,1.0,1.0,1.0,1.0,0.0
PSA: A Redditor tried to scam me using a fake 'wallet validation' website + SafePal seed phrase trick (screenshots included),"So I wanted to share this because it might save someone else from getting drained.    A Reddit user named 'teeye123' DM'd me out of nowhere and tried running what looks like a very common crypto scam involving:    🔹 A fake 'dApp validation' website    🔹 Trying to get my seed phrase    🔹 Pretending to help me 'fix errors' on my wallet    🔹 Transitioning to WhatsApp to avoid Reddit oversight    They claimed that:   • My wallet needed to be 'validated'   • I had to use a fake website they sent   • SafePal needed to be 'verified manually'   • Android 'doesn't need validation' (??)   • They needed to see my portfolio 'to build confidence'   • Eventually, they asked me to message them on WhatsApp    At multiple points they tried getting me to:   • Enter my seed phrase   • Follow instructions on a phishing site   • Share screenshots of my wallet setup steps   • Add coins to my watchlist so they could mimic a fake portfolio   • Move the conversation off Reddit",1,,social_engineering,0.0,0.0,0.0,0.0,0.0,1.0,0.0,0.0,0.0,0.0,crypto,DM,seed_phrase,verification,none,unknown,0.9,1.0,1.0,0.0,0.0
is my friend being scammed?,"my friend is using this website to do his trading: web.sophussdt.com/#/ I'm unsure if its real or not.     also he's shared some screenshots with a support chat he's had can't post them so here to quote    &gt;'I'm very sorry sir during the verification of your account just now we found that your profit exceeded your principal. According to the options rules (please refer to the seventh item of risk warning)you have exceeded the options profit and caused an imbalance in the options, so your withdrawal request has been rejected, currently your account has been frozen.     &gt;your account \\*\\*\\* has a recharge principle of 2391 USDC. the maximum profit that your acount can achieve for options trading is 0-2391 USDC. your profit cannot exceed your principle. According to the system calculation your current profit is 3715 USDC which exceeds the options rules!    &gt; currently you need to resubmit the 1324 USDC order as the depoit within 3 days. after submission your account will automatically return to normal and all funds can be withdrawn if you fail to return to normal within 3 days, the system will charge 1% of your account value as a fee each day.    &gt;    recharging the 1324 USDC is solely for verifying the security of your account this amount will not be deducted and will remain in your account after submission, your account will return to normal and you will be able to withdraw the funds normally.",1,3715.0,transaction,0.0,0.0,1.0,0.0,0.0,0.0,0.0,0.0,0.0,0.0,bank,website,sent_money,withdrawal,options trading platform,USD,0.8,1.0,1.0,1.0,0.0
"Do not use KCEX . com! It's a scam! If you put your money in it, you will lose them all!","So long story short, I worked in this scam fuck exchange before. Do not use [kcex.com](https://kcex.com)! They will scam your money away. They don't have any real money in the exchange and they use leverage to generate fake reserve. There is no real money in the change.     They use visitors' real money and once they cash into the exchange, suddenly it becomes real money. This is why many users could not  withdraw their funds once they made the deposit. They are basically robbing your money and use it as the fake reserve or however the fuck they please.     Do not trust [kcex.com](https://kcex.com). If possible, please file a report to FTC and mark them as a scam organization.     None of the information online about this exchange is true. Every piece of information about them is fake.     **Do not trust this exchange and avoid them at all costs!**",1,,transaction,0.0,0.0,0.0,0.0,0.0,0.0,0.0,0.0,1.0,0.0,unknown,website,deposited money,transaction,exchange,unknown,0.95,1.0,1.0,0.0,0.0
New scam?,"I randomly got this message/link on WhatsApp    I have not checked/applied/asked for updation of any health insurance policy    Just to be safe I didnt even open the link as of now, is there a safe way to open the link and check or should I just block and report it outright on WhatsApp?    also planning to report it on trai dnd app",1,,transaction,0.0,0.0,0.0,0.0,0.0,0.0,0.0,0.0,0.0,0.0,upi,sms,sent_money,payment,health insurance company,unknown,0.9,1.0,1.0,1.0,0.0
I was scammed of 21 sol (about 3k usd) via @So1ana_fnds youtube channel,"Hello, i was recently scammed by a YouTube channel called u/So1ana_fnds via this giveaway video [https://m.youtube.com/watch?v=DcZwIkp8JWw&amp;pp=0gcJCR4Bo7VqN5tD](https://m.youtube.com/watch?v=DcZwIkp8JWw&amp;pp=0gcJCR4Bo7VqN5tD)        I am aware that this is my fault for trusting to such people and their schemes.        My post has 2 goals:    1. To ask how can this channel seem so legit (with years of history and videos) while being fraudulent?    2. To inform everyone in case anyone would ever consider trusting into these things        All the best",1,21.0,transaction,0.0,0.0,1.0,0.0,0.0,0.0,0.0,0.0,0.0,0.0,bank,social_media,sent_money,transaction,company,sol,0.9,1.0,0.0,1.0,0.0
Meesho Legit Exchange Scam!!,So I ordered a set of Branded soaps from Meesho Mall. The seller was having a good rating and it was a trusted product so I ordered and received the product but the product was of different variety like from the same brand but different variant. It was exchangeable so I put the exchange request the same day and it was supposed to be exchanged by 26 Dec (under a week from the request date I think).    On 24 Dec I received a notification by delivery partner that the exchange has been successful and later I checked on Meesho app and it was showing the same there that exchange has been successful. Now the product is in my hands and it was neither taken nor the replacement was delivered by the delivery partner/seller🙏🏻 I contacted their customer support and they are saying same repeated lines of apologies and there's 'nothing they can do with this issue now' because their system is showing the same that 'exchange has been successful'.    This is insane because I received no OTP/code messeges calls or anything that could count as exchange being done. I literally have the original product with packaging in my hands like excuse me!???     Scared to order from any E-commerce now.,1,,commerce,0.0,0.0,0.0,1.0,0.0,0.0,0.0,0.0,0.0,0.0,upi,app,exchange_request,commerce,Meesho Mall,unknown,0.8,1.0,1.0,1.0,0.0
My family needs help,"Repost: My dad is being scammed for almost 2 years now. Changed numbers, phones, no social media and somehow they still find him. He's sent most of his disability money to them, we are in the middle of a suspected dementia diagnosis so it's hard to watch him blow it all. He's 'won' a truck, two different lotteries and so on. It's to the point that my siblings and mother hardly talk to him because of his refusal to acknowledge it. I'm at a loss on what to do, if we take the phone away he goes livid and almost manic. The cops have been called but unfortunately nothing can be done. Any advice is appreciated. Additional info, he's been flagged at western unions around the area so that helps but now he is finding strangers to send money for him and sending over thousands at a time. Adult protection services not able to help, neurology appointment isn't until April this year.",1,,transaction,1.0,1.0,1.0,0.0,0.0,0.0,0.0,0.0,1.0,0.0,upi | card | bank,sms | email | phone,sent_money,payment,bank | individual,unknown,0.8,1.0,1.0,0.0,0.0
(US)Is this a crypto scam?,"So my husband decided to invest 1k on crypto.com. now he tells me some investor gave him 10k to put into crypto and now he supposedly made 190k that he said he'withdrew' and is now in a wallet.    He also said he has to pay 5700 dollars in crypto or something like that to be able to get the money  by today or some fee will start being deducted from the total balance.    None of this sounds right to me.    Then he went to some other app that he said was his wallet. I don't know what app it was but he said the investor is guiding him on what to do.    To me it all stinks. he's determined to borrow the  $5700, using our car as collateral to get this money. Somebody please tell me, could any of this be legit?",1,10000.0,transaction,0.0,0.0,1.0,0.0,0.0,0.0,0.0,0.0,0.0,0.0,bank,email,sent_money,payment,investor,unknown,0.95,1.0,1.0,1.0,0.0
Warning: MDFEX is a fake exchange (Don't fall for it),"MDFEX looks like a real exchange, but it's a black hole. I track these sites for a living. The charts are rigged to make you feel like a genius. But try to withdraw? Impossible. They'll demand a 'tax' or 'VIP fee' to release funds. It's all lies. Real exchanges don't ask for external payments.",1,,transaction,,1.0,,,,,,,,,card,website,sent_money,transaction,exchange,unknown,0.9,1.0,1.0,0.0,0.0
Decentraland - Mana Token Scam,"Warning: Crypto phishing scam    I received an email claiming I was an 'early adopter' eligible for free MANA tokens. The email looked legitimate and used Decentraland branding, but clicking the button and connecting a wallet will immediately drain funds.    The message was sent via Substack, not from an official Decentraland domain. I was an early adopter, so I'm unsure how I was targeted (possibly a leaked or breached list). I've reported the sender to Substack.    Has anyone else experienced something similar? Please be careful!",1,,transaction,,,,,,,,,,,crypto,email,clicked_link,payment,,,,1.0,0.0,0.0,0.0
Is this a scam? Aramya offers my mom to go through 200 designs in exchange for site credits. She then spends around 100-200 real money to buy something from the site. The clothes did arrive and with good quality but it just seems sus to me.,"This is their site - aramya.in    She keeps getting these messages from them on whatsapp. Basically she has to swipe through about 200 designs (like tinder, accepting and rejecting) and then they give her around 300 credits.",1,,commerce,,,,,,,,,,,unknown,sms,sent_money,payment,company,unknown,0.5,1.0,0.0,1.0,0.0
"WARNING: Thrillophilia is refusing to refund my ₹53,000 for a trip THEY cancelled. Here is the 'Wallet Trap' to avoid.","**UPDATE: RESOLVED** After raising a formal legal dispute, Thrillophilia has processed a full refund of ₹53,025 to my bank account. The issue is now amicably resolved. Thank you to the community for the support.",1,53025.0,commerce,0.0,0.0,0.0,1.0,0.0,0.0,0.0,0.0,0.0,0.0,upi,email,agreed to the wallet,refund,Thrillophilia,INR,1.0,1.0,1.0,1.0,0.0
Is this a scam,Long story short. I met this woman on Facebook and we have become very good friends. She seems 100% legit. It has been two months now and she has never asked me about investing in anything. Last week she flew to NY from LA to attend a Lazard AI luncheon.     Today she told me she has been invited to attend a training session hosted by Lazard.com which is a legit financial services. The training is using AI to trade forex. It is hosted on Telegram. They promised $100 and access to this AI forex platform.,1,100.0,transaction,0.0,0.0,0.0,0.0,0.0,0.0,1.0,1.0,0.0,0.0,unknown,telegram,none,payment,legitimate financial services,USD,1.0,1.0,0.0,1.0,0.0
Mobicryp Scam Alert – No Withdrawal After 1 Year,"Hello everyone,    I'm writing this post **only to spread awareness** and share my personal experience so others can be careful.    About **one year ago**, I invested money in a **crypto minting platform called Mobicryp**. The platform presents itself as a minting-based earning opportunity and, according to the information shared in its promotions and platform details, it **claims to be owned or operated by Abhishek Bhandari**.    At the beginning, everything looked normal and professional. The platform promised:    * Minting-based returns  * Easy and timely withdrawals    # My experience after requesting withdrawal:    * Withdrawal requests kept getting delayed  * No clear or satisfactory response from support  * Repeated explanations but no solution  * **Even after more than one year, my withdrawal has not been processed**    I followed up multiple times using the available support options, but there was **no clear resolution**. Based on my experience, it felt like the platform was responsive only when it came to deposits, not withdrawals.    # Red flags I personally noticed:    * Extremely long withdrawal delays  * Lack of transparency  * No clear accountability  * Promises not matching actual outcomes    If anyone is considering investing in **Mobicryp or similar minting platforms**, I strongly recommend doing detailed research and being very cautious.    If others here have had similar experiences, please feel free to share — collective awareness can help prevent further",1,,transaction,0.0,0.0,1.0,0.0,0.0,0.0,0.0,0.0,1.0,0.0,bank,website,sent_money,withdrawal,crypto minting platform,unknown,0.8,1.0,1.0,0.0,0.0
Discord Nigerian Tech Scams,"There's several groups of Nigerians that sit in various tech Discords. Everything from C++, Godot, to Unreal Engine.    When people ask questions in tech related Discord servers, they'll PM the person who asked the question saying they can fix the problem or do the entire project for around $100 USD in Crypto or Wallmart Giftcards.     They often have tons of social media with AI generated content where they have fake portfolios selling copyrighted stuff like 3D models etc.        There are a couple competing Nigerian gangs doing this. As far as I know non of them actually have computers and operate from mobile phones.",1,100.0,commerce,0.0,0.0,0.0,1.0,1.0,0.0,0.0,0.0,0.0,0.0,crypto | gift_card,private_message,sent_money,commerce,none,USD,0.8,1.0,1.0,0.0,0.0
New scam?,"I randomly got this message/link on WhatsApp    I have not checked/applied/asked for updation of any health insurance policy    Just to be safe I didnt even open the link as of now, is there a safe way to open the link and check or should I just block and report it outright on WhatsApp?    also planning to report it on trai dnd app",1,,transaction,0.0,0.0,0.0,0.0,0.0,0.0,0.0,0.0,0.0,0.0,upi,sms,sent_money,payment,health insurance company,unknown,0.9,1.0,1.0,1.0,0.0
[US] I just fell for a phone scam,"I'm so mad at myself. Just the other day, I was thinking how vigilant I am about scams...    I have a relative who was jailed today. We were expecting her to be granted release the same day so I was waiting for a call from the jail notifying me of the judge's decision. I received a call from someone claiming to be from the Sheriff's Department who knew her name and charges. They said she was approved for release subject to paying some fines (Yes, I know how that sounds now...).    They tried to take $1,102 total through two separate transactions. Thankfully Zelle wouldn't let me send the second transaction due to daily limits. When they tried to have me send the second transaction via Apple Cash, the scam warning popped up and that was a wakeup call for me. I then asked if they had a number I could call back to verify they were legitimate. They tried to keep me on the phone saying they could verify anything I needed. I went back and forth saying if they were the police, they'd want me to be diligent. They tried to pull 'We'll just send her back to general population for 6-9 months until a court date.' This was when I knew I'd been had. They did put the phone down and 'radio' down to booking to have her brought back due to noncompliance; that was a believable touch.",1,1102.0,transaction,1.0,0.0,1.0,0.0,0.0,0.0,1.0,1.0,0.0,0.0,upi,phone,sent_money,payment,sheriff's department,USD,1.0,1.0,1.0,1.0,0.0
base-nft (scam),"Being a beginner creator is one of the most difficult things. You don't have the audience or the experience to spot scammers. These scammers are smart, they target smaller channels. <https://base-nft.com/> is a very complex scam system. They approach new artists and genuinely ask for illustrations and even a verification video of your art, just like real collectors would. Then they recommend that you mint your work on their site, and you pay the gas fees. Suddenly, you see a large sum of money appear on their platform. This is where the real problem begins. The 'client' who contacted you pressures you to withdraw the funds. To withdraw, they claim you must pay a 'base commission' that supposedly cannot be deducted from your earnings for privacy reasons which is a lie. Then they start adding more charges: blockchain delay fees, licensing fees, additional Coinbase fees, and so on. They are extremely convincing and make you believe you will get your money. But in the end, you realize you will never receive anything.",1,,transaction,0.0,0.0,0.0,1.0,0.0,0.0,0.0,1.0,0.0,0.0,bank,website,sent_money,payment,client,unknown,1.0,1.0,1.0,0.0,0.0
Concerned about an online mentorship program in Australia. MLM and is it legitimate? Red flags: www.unitedvision.com.au,"Hi all,    Throwaway account for obvious reasons.    I'm a female entrepreneur that was recently invited into a high-ticket 'mentorship' program called United Vision (Brisbane-based, male founder named PJ Coorey). It's referral-only, no public contact info on the site, and seems to push personal growth, family freedom, escaping the 9-5, community, and a vague 'proven online business model' (e-com/consumables/affiliate stuff). You can find the founder's name via searching 'united vision founder au' onto Google.    Red flags that worry me:    * They take 6% of profits once you hit 30k AUD/month revenue (override/royalty feeling).  * It is very selective: interviews, Zoom calls, and feels like subtle power moves or tests.  * Heavy on mindset/accountability and life-changing testimonials (debt gone, better relationships, more fulfilled purpose), but zero specifics on products, customers, or earnings proof.  * A friend is pushing hard to recruit others into it and it feels off.  * Attended their event 'Outperforming The Economy: 2026 (Brisbane)' at UQ (motivational, Think &amp; Grow Rich workshop vibe). Keep in mind that this event was invite only.  * The website (unitedvision.com.au) has no contact page, and just 'learn more' which leads to mentorship info that says reach out to the person who shared it with you.  * The founder has only done two podcasts so far, and these podcasts have a low view count.    It feels vague on how money is actually made without recruitment emphasis.",1,,transaction,0.0,0.0,1.0,0.0,0.0,0.0,0.0,0.0,0.0,0.0,bank,website,clicked_link,none,unknown,AUD,0.8,1.0,0.0,0.0,0.0
Chase/Zelle scam still alive and well.,"I just got called from chase, via a 1-800 number.  Came up legit.  Caller one says someone open and account and used my Zelle fraudulently.  Got two case numbers, then got transferred to a second person.  When I said I would talk to my bank directly, he got agitated and hung up.",1,,transaction,,,,,,,,,,,upi,phone,sent_money,payment,,,,1.0,0.0,0.0,0.0
Dimovo and Seasplendor,"Full on crypto exchange scam. They will lure you in with futures crypto contract trades that never lose (of course). Standard crypto exchange scam but sophisticated. Will keep asking you to add money and will provide winning trade signals. Will give you an option at a 6x ICO, etc. Eventually you will not be able to withdraw your money and they will hold it hostage until you pay them more. Just a warning. Stay away.",1,,transaction,,1.0,,,,,,,,,crypto,website,installed_app,payment,crypto exchange,unknown,0.9,1.0,1.0,1.0,0.0
Is this a scam or i'm overthinking it?,,1,1100.0,commerce,1.0,,,1.0,,,,,,,upi,sms,sent_money,payment,unknown,unknown,0.8,1.0,1.0,0.0,0.0
Police department scam,"Hi my buddy called me scared with something he did, said he messaged an escort saying hello and heard nothing back. Then the next day he got a call from the police department of another city saying hello messaged a missing underage girl. The detective tried to get him to say he did something with the girl. He said we will issue you a warrant or you can come into the police station.",1,,social_engineering,0.0,0.0,0.0,0.0,0.0,0.0,1.0,1.0,0.0,0.0,unknown,phone,none,none,police department,unknown,1.0,1.0,1.0,1.0,0.0
Maid agency scam,"There is a fraud/scam that has been going on in the name of providing maid/cook services wherein they take the registration amount and never revert the calls.They keep changing the name of the agency and also for the person associated with the said agency.I currently have four numbers of these scammers (but no time to go into the hassle of reporting them to cyber police),This post is just to make everyone aware.The numbers are-        8149192363,9819650988,7447883204,8459992937.",1,,transaction,,,,,,,,,,,unknown,sms,sent_money,payment,,,,1.0,0.0,0.0,0.0
[US] Is this too good to be true?,"UPDATE    \\**Yes, I am apparently blind 😅 It's AI and I am immediately charging back on my card. I bought through Shopify and PayPal thankfully so that'll be easy. First time looking through for dresses, I didn't have a lot of experience with possible scam sites. So thanks to everyone who helped for all the tips and tricks to look out for.\\**        I've been desperately searching for a dress for a book ball I'm going to in April. Stumbled across this on Etsy. They offer multiple dresses but this was my favorite. Guy asked me to let him (or her, idk) refund and pay for it through his website which saves us both money away from Etsy fees.    I reverse image searched it and couldn't find it on another site. He's charging $180 for it and that felt a touch low for me. The site is called 'Custom your neon'. I paid with a credit card so I can charge back if it's a scam - I just really want to find the original dress/picture if you do think it isn't real.",1,180.0,commerce,,1.0,,,,,,,,,card,website,sent_money,payment,individual,USD,,0.0,0.0,0.0,0.0
[INDIA]I got scammed by a person claiming to be Steam Support official,"I was contacted by a person on Steam saying that they falsely reported my account and I was then redirected to Discord to 'prove my innocence' to a person claiming to be a Steam Support official.    I was made to logout of my account (even Steam Guard) as a 'security measure' and then followed an elaborate scam.    They took over my account and put me on voice call with screen sharing on. They demanded me to pay money through Steam gift cards (which they promised would be transferred to my account) and threatened to ban my account and permanently delete all games I bought.    I panicked and believed them. They took nearly $6000 from my credit card and savings account until I finally realised and immediately reported the issue to the banks.    I was so disheartened and ashamed at myself for getting scammed like this. All of this happened throughout the morning (1 am to 5 am) and I just couldn't think straight possibly due to exhaustion and lack of sleep.    I immediately reported the issues to Amazon (where the gift cards were purchased) and they acknowledged the transactions were suspicious and that I have been a victim of a phishing attack. I reached out to the cyber police department and filed a complaint there as well.    It has been 6 days since the incident and so far I have received interim credit for my credit card and shadow credit on my savings account. While the banks have given a period of 12 weeks to investigate and give a final verdict, the chances depend on w",1,6000.0,transaction,,1.0,,,,,,,,,card,email,sent_money,payment,Steam Support official,USD,1.0,1.0,1.0,1.0,
Is this a scam web site?,"Amazouu.com    Received a blind message of a business opportunity to create an Amazon online store    This looks so amateur, but I thought I would fly by other others anyway    Obviously, Amazon is misspelled, but I'm just wondering is it just a fake online store or is it some sort of crypto scam site too?",1,,commerce,0.0,0.0,0.0,1.0,1.0,0.0,0.0,0.0,0.0,0.0,upi,sms,sent_money,commerce,company,unknown,0.8,1.0,0.0,1.0,0.0
I got a phone call from a Gmail staff today,"I got a phone call from someone who says he's a Gmail security staff. He knew my name, email and phone number. He said a hacker added my Gmail address as a recovery email address. He asked me if I have received verification code and notification emails regarding it. Yes, there were two emails sent from authentic [google.com](http://google.com) domain. They were saying that an email address that I couldn't recognize added my email address as a recovery email address. He said someone hacked Gmail API and added my email as recovery email so he needs to delink that email because the hacker can request data transfer.    He sounded like a legit guy and the phone number was from California 510-327-5782. However, I couldn't see anyone on 'linked account' list. He asked me if I have received a notification he just sent on Gmail app. There was no notification at all then he just hung up. I immediately changed passwords of all my gmail accounts.",1,,social_engineering,0.0,0.0,0.0,0.0,0.0,1.0,1.0,1.0,0.0,0.0,unknown,phone,none,none,Gmail security staff,unknown,1.0,1.0,1.0,1.0,0.0
Microsoft Security Scam. What do I do now?,"I feel so stupid. I just bought a new laptop. I pulled up FB for the first time. There was a new friend request so i clicked it. Then a phone call came through then this Microsoft Security Team popup stated i had been hacked and needed to call for support.     Yes, I know what your thinking... I must be stupid...well I guess so..     I called the number and believed they were legit. Allowed them into my system. They ran multiple reports under quick access. One stated I was being listened to. He said my ip address has been compromised and my phone. He asked for my name and email which I gave. Then asked me to answer yes/no to questions of, Do I use online banking, Do I pay my bills online. I do not use online banking but do purchase things online from time to time. He said because my phone was compromised I needed to call another secure number.     I began to get suspicious but he was good and assured me he was with the biggest, global Microsoft and this was not a scam. I called the other number the guy started to download a program that was not Microsoft so I questioned him hard. He then stated if I wasn't going g to allow him to continue then he would hang up and I could find my own computer repair person. I knew right then I feel into a scammed.",1,,social_engineering,0.0,0.0,0.0,0.0,0.0,1.0,1.0,1.0,0.0,0.0,unknown,phone,shared_credentials,verification,Microsoft Security Team,unknown,0.8,1.0,1.0,1.0,0.0
This is a scam 😡 anger anger anger,Result of applying too many jobs on linkedin,1,,none | transaction | commerce | credential | social_engineering | advanced | meta,0.0,0.0,0.0,0.0,0.0,0.0,1.0,0.0,0.0,0.0,upi | card | bank | crypto | gift_card | unknown | none,sms | email | phone | social_media | website | app | unknown | none,sent_money | shared_credentials | clicked_link | installed_app | none | unknown,payment | verification | login | download | none | unknown,bank | government | company | individual | none | unknown,unknown,0.8,1.0,0.0,1.0,0.0
Job Scam Alert - Calling from Airport Authority of India as they claim,"A woman called (Caller ID Identified as HR Aarohi), mentioned calling from Airports Authority of India that they saw my profile and got resume from Naukri and that my profile is shortlisted. Which roles among Developer, QA, etc. would I prefer. And then said for the recruitment process an ID need to be generated for which I have to pay Rs. 1100/- which is refundable. I sensed it is sure shot scam and I asked her for the ID of the person who is calling to verify and she went like 'I am not going to give you any of my information, You can google the company if you want'",1,,social_engineering,0.0,0.0,0.0,0.0,0.0,0.0,1.0,1.0,0.0,0.0,unknown,phone,none,none,Airports Authority of India,unknown,1.0,1.0,1.0,1.0,0.0
Watch out for Walter,"I have been scammed by this Walter Bennett.    was only $70 but still shouldn't have trusted the ol' telegram trader.     Found a bit miner click bot on telegram (i know first mistake)    pop up ads of a 'Qualified trader' helping people earn money through crypto.    Now with alot and I mean a s###load of testimonials from satisfied customers it sorta kinda seemed legit, was on the fence at first but thought a $70 investment wasn't too much.     put through the money all seemed well, had to wait a bit for him to create the screenshots lol should've known.     get a message saying congrats money will be in your account within the hour, see an obviously doctored screen shot of a transaction from a fake crypto exchange saying funds have been transferred.    next message from him is another screen shot of the same transaction but a with an added pop up saying I need to pay a one time $507 verification fee 😅     so yeah unintentionally paid $70 for a lesson to not trust anybody besides those you know IRL on telegram    Stay vigilant 👀",1,70.0,transaction,0.0,0.0,1.0,0.0,0.0,0.0,0.0,0.0,0.0,0.0,bank,telegram,sent_money,transaction,crypto exchange,unknown,0.8,1.0,0.0,0.0,0.0
[US] fell for punchbowl email scam,"smh my dumbass fell for an obvious phishing.    got an email from a friend that was supposedly an invite to an event; clinked on the link that even had captcha verification. upon successful verification, it brought me to what appeared to be the google login page. only after logging in and seeing an error message pop up, i realized the link had a '.ru' on the domain.    how screwed am i? im checking on my google activity rn, and I dont see anything suspicious i changed the password and enabled 2 step verification, as well as logging out other devices.     in case anyone is curious the link was unix(dot)yoohuyea(dot)ru(dot)com/trbhxz3c1p!0ywic/",1,,phishing,0.0,0.0,0.0,0.0,0.0,1.0,0.0,0.0,0.0,0.0,unknown,email,clicked_link,phishing,google,unknown,0.9,1.0,1.0,1.0,0.0
New UK Crypto Phone Scam (Police imitation - identity theft scare / part recording),"I just wanted to post here that a new phone scam is going around where the person calling claims to be from the police. The story may vary but for me it was 'DC Paul Reid' from the Holborn Branch Metropolitan Police. Very believable English accent, and confident. He started off by saying that I was not in any trouble (to put me at ease), gave me a crime reference number, and informed me and that they had arrested an individual on the 24th December in Covent Garden, London. This individual, he said, had fake driving licenses, including one with my name on it.    He went on to ask me whether I had used my driving license to confirm my identity on any apps or platforms, and I said yet, but I couldn't really remember which. This was a ploy to get me really scratching my head and believing the scam. He said that several passwords were noted down, including for my email address (which he had), and he then went on to say there were also seed-phrases found. This is where red flags went off. He asked me if I held had any cryptocurrency accounts, and asked whether I could give him the seed phrases. This is where I asked what investigative power they had with crypto exchanges and I said 'well as a police officer, you'd know that seed phrases are not to be given to anyone, at which point he hung up.    This one caught me very much by surprise. Leaving the call recording here.    I am getting called once a month by what seems like the same people (I guess). I really need to do a dark net  ",1,,transaction,0.0,0.0,0.0,0.0,0.0,1.0,1.0,1.0,1.0,1.0,unknown,phone,sent_money,payment,police,unknown,1.0,1.0,1.0,1.0,0.0
Uso Parin pala ang Scam Buyers na pabili,"A buyer messaged to buy my second hand luggage, pabili at 550. I reminded to inform rider to bring exact coz i dont have change.    The rider was so makulit with calls and texts. I reminded to bring 550 exact coz i dont have change.    Rider messaged he is paying 1800. The buyer also said rider will pay 1800 and i should send back yung sobra sa kanya through gcash.    I declined saying i will only get the 550, any excess, the rider should give to her, not me, coz I've encountered a scam like this before.    The buyer did not respond anymore and the rider did not arrive also.    I reported this and buyer account got suspended.    Paalala maging maingat sa mga ganitong scam",1,550.0,commerce,0.0,0.0,1.0,0.0,0.0,0.0,0.0,0.0,0.0,0.0,bank,sms,sent_money,payment,none,unknown,1.0,1.0,0.0,0.0,0.0
[GER] 819237crypto.com Phone fraud,"I received a call yesterday from a +44 phone number. I was convinced it was [Crypto.com](http://Crypto.com), because I had contacted Visa card support a few days earlier, and they also use a +44 number.    The woman on the phone told me there was suspicious activity on my account. I became worried immediately, especially because I had already received SMS messages containing verification codes. Shortly after, she sent me several emails from the address I always receive crypto.com emails from, 'hello( )crypto.com', which all appeared to be legitimate.    She then directed me to a website (819237crypto.com) and asked me to enter a code she provided. After that, I was prompted to enter my passcode and authentication code — which I did...    [Crypto.com](http://Crypto.com) support later helped me regain access to my account, but by then, most of my funds were gone. I had my assets staked and believed the unstaking period would keep them safe. Unfortunately, the attackers forcibly unstaked the funds and converted them into some kind of DeFi cryptocurrency, likely transferring them to another wallet.    I am extremely worried and unsure what to do next. I lost almost €8,000.",1,,transaction,0.0,0.0,0.0,0.0,0.0,0.0,0.0,0.0,1.0,0.0,crypto,phone,clicked_link,transaction,none,EUR,0.9,1.0,1.0,0.0,0.0
MALL Platform Order Grabbing Crypto Scam. Screenshots in Comments.,"A so-called 'task-based earning' platform is circulating that promises commissions for fake order-grabbing activities linked to major e-commerce brands (Amazon, AliExpress, Alibaba). Early stages allow small withdrawals and payouts to build trust. Once confidence is established, users are required to deposit cryptocurrency (USDT via the TRC-20 network) to access higher commissions. After deposits are made, withdrawals are frozen and additional payments are demanded to 'unfreeze' or 'restore' accounts.",1,,commerce,0.0,0.0,0.0,1.0,1.0,0.0,0.0,0.0,0.0,0.0,crypto,website,deposit,commission,e-commerce brands,unknown,0.9,1.0,1.0,1.0,0.0
BEWARE!! and pls help,My friend sent me an image of a mr beast crypto scam going on called husewin and i kinda fell for it. I know im stupid but i used my personal email and a random password to make an account. I DIDNT CONNECT ANY BANKING INFO OR ANYTHING cus i wanted to make sure if it was legit. i went to all the accounts i have that i can think of with the email i used and changed password and added 2fa but im still scared. Am i safe? My friend obviously got hacked so what other things can i do to make sure im secure?,1,,social_engineering,0.0,0.0,0.0,0.0,0.0,1.0,0.0,0.0,0.0,0.0,unknown,email,changed_password,none,none,unknown,0.8,1.0,1.0,0.0,0.0
Alert! Came across a new scam,"So there is this website called crypllet that claims to help you identify if your 12 words phrase was ever compromised in a crypto hack. There was this guy selling his audience about this website where he tells his audience to create a wallet, buy some crypto and validate their 12 word phrase on the website to if it was ever compromised in a cyber attack. I'm pretty sure this website saves your 12 words phrase to hack into your wallet and steal funds",1,,transaction,0.0,0.0,1.0,0.0,0.0,0.0,0.0,0.0,0.0,0.0,bank,website,validated_12_word_phrase,verification,crypto hack,unknown,0.9,1.0,1.0,0.0,0.0
[US] suspicious threats made in phone call from Summit,"This message is intended for you, BLANK, case number BLANK.  This is BLANK Burke contacting you regarding a formal order of location that was submitted to my office this morning.  I need to verify your current address for a deliverance of this order.  BLANK, you have an imminent complaint that has been filed against you. At this point, you have one final opportunity to contact the resolution firm handling this matter to discuss it immediately before further proceedings are initiated. Now they can be reached at 855-BLANK-BLANK and again your case number listed here on this order is BLANK.  BLANK, you have now been officially notified, failure to respond, will trigger immediate action, and avoidance is no longer an option.  Sir, at this point you have all the available information to you, either contact the resolution firm.",1,,social_engineering,0.0,0.0,0.0,0.0,0.0,0.0,1.0,1.0,0.0,0.0,unknown,phone,none,verification,resolution firm,unknown,1.0,1.0,1.0,1.0,0.0
Social Security Administration Fraud,"Good morning everyone, I am in a little bit of a pickle with the Social Security Administration after they confessed that they issued a copy of my social security card to someone that had just arrived to this country.    This started in 2023 after this person was assigned two social security numbers to his account. He used his oficial number to report wages, but then he decided it was a good idea to use my SS number to scam federal banks with personal loans, credit cards, and Obamacare insurances thru the marketplace in 2024 and 2025. He obtained over $70k of bad debt under my name and needless to say my credit score went down to 580 in a matter of days.    This is what I have done so far:    	*I reported it to the FTC.	*I contacted the police department in the county the scams happened.	*I contacted the local police department in my own county.	*I reported it to the IC3 (FBI)	*I contacted all 3 credit bureaus to report fraud.	*I contacted every single creditor to report each account as fraud.	*I went in person to the SSA Office and that's when I found out about them giving out my number to someone else. They stated that my number had been removed from that person's profile.",1,,transaction,0.0,1.0,0.0,0.0,0.0,0.0,0.0,0.0,1.0,0.0,card,unknown,none,transaction,bank,unknown,0.8,1.0,1.0,0.0,0.0
DC Jury Duty FRAUD,"I received a phone call from a person pretending to be a police officer in Spokane, Washington named Officer Davis (Badge #590) who claimed there were 2 warrants out for my arrest for failing to appear for a federal court case jury summons. He said I needed to appear at a DC sheriff office that night to post bail for $5,000 and to do a handwriting analysis to clear the warrant. The only information I gave him was my email address when I thought this might be real and he sent me a 'DC arrest warrant' with the name of 2 real judges with their signatures (one I recall was Chief Judge Denise J. Casper, U.S. District Court, District of Massachusetts). He said I needed to stay on the phone with him until I arrived at the sheriff's department. When I looked up the address of the so-called Sheriff's Department it was an apartment building in Northwest DC. I hung up and did not go to the department / apartment and called the Spokane Sheriff's Department who verified this was a fraud. On Google Maps, this address appears as North Washington County Main Sheriff's Headquarters, however there is no Sheriff's department in DC.",1,5000.0,social_engineering,0.0,0.0,0.0,0.0,0.0,0.0,1.0,1.0,0.0,0.0,unknown,phone,none,none,police officer,USD,1.0,1.0,1.0,1.0,0.0
CVL KRA scam check - perfect timing email n sms validation links after you complete kyc,"Hi everyone,    Just wanted to share this to help others avoid falling for it.    I recently updated my KYC through the official NJ India app (last night), and today I got both an email and an SMS claiming my KYC was raised by 'NJ IND IND INV P LTD' in CVL KRA, asking to verify email/mobile via a link to:    https://otpdelivery.cvlindia.com:8086/validate?… (with some long auth code)    Sender email: noreply@cvlindia.in    SMS sender: AD-CVLKRA-S or CVLKLKRA-S    Red flags:    •  Wrong domain: Official CVL is cvlindia.com, not .in or otpdelivery subdomain    •  Weird port :8086    •  Mangled company name ('NJ IND IND INV P LTD' instead of NJ India Invest Pvt Ltd)    •  Unsolicited link instead of directing to official portal    I contacted NJ India support directly (via their official app/website/phone) and they confirmed it's a scam/phishing attempt. Do NOT click the link or enter any details.    Safe way to validate KYC (if needed):    •  Go manually to: https://validate.cvlindia.com/CVLKRAVerification_V1/    •  Enter your PAN, verify OTPs sent to your registered mobile/email.    •  Or check status directly in your NJ app/broker portal.    This seems to be a widespread phishing wave targeting people with recent KYC activity (NJ, Zerodha, etc.). Many similar reports on Reddit/DesiDime from 2023–now.",1,,transaction,0.0,0.0,0.0,0.0,0.0,1.0,0.0,0.0,0.0,0.0,upi,sms,clicked_link,verification,NJ India Invest Pvt Ltd,unknown,0.9,1.0,0.0,1.0,0.0
"My dad has been scammed for £150,000 today by people claiming to be crypto dot com and ledger.","Hi everyone,    I'm posting this here as I feel really lost. My dad came over to me and told me 'you're going to have to come and help me, all of my crypto is gone'. I was in the house with him earlier today and he was on the phone to who he thought was Crypto.com. He'd had some security alerts earlier in the day saying logins had been attempted from Germany and Turkey. Then he received a phone call, this was a British male that sounded like they had a southern accent.     I'm absolutely kicking myself because if I had heard more of that conversation he was having on the phone, I genuinely would have known to tell him to shut it down.     Basically, the had told him that his ledger had corrupted and that they needed to send him a new one, they told him to go to ledgeractivation.com (since taken down). I think then, they generate their own seed phrase and had him replace his with their code. I'm writing this and I know it sounds naive and he fell for it too easily and that's true but my dad is a really hardworking man, he remaps Land Rover ECU's and is known to be one of the best in the industry. This money, he's worked his entire life for it and he never asks me for help but it broke my heart seeing how sick and scared he was.     He's been dealing with a lot, we both have chronic migraine and after extended stints of migraines, anything.that requires thought is so much more difficult than it normally is. He's also got Crohn's disease and recently they've found inflammation s",1,150000.0,transaction,0.0,0.0,1.0,0.0,0.0,0.0,0.0,0.0,1.0,0.0,bank,phone,sent_money,transaction,crypto exchange,GBP,0.9,1.0,1.0,0.0,0.0
Phishing Scam (almost fell for it),"Got a dm from a friend on discord telling me they were able to grab and withdraw $2500 from a logan paul promo which they got via moadax.com. You guessed it, the site got reported for being a phishing scam when i typed in the url after trying to find information about this and the domain is 6 days old. So i assume my friend got scamed. If y'all see this, just be aware of thus, presumably new discord scam bs.",1,2500.0,transaction,,1.0,,,,,,,,,card,dm,sent_money,payment,unknown,USD,1.0,1.0,1.0,0.0,0.0
ARK Invest &amp; Token Go Exchange - Pig Butchering Scam,"I never thought I'd be writing something like this, but here I am — sharing this because I don't want anyone else to feel what I'm feeling right now.    I believe I've been a victim of a pig-butchering crypto scam that used ARK Invest's name (clearly impersonated) and a platform called TokenGo Exchange.    This has been emotionally devastating.    How they trapped me:    It started slowly.    Professional conversations.    Confidence.    Charts. Logic. 'Strategy.'    They claimed links to ARK Invest — a name I trusted. That trust lowered my guard.    They introduced me to TokenGo Exchange. At first, everything looked real. I made profits. I even withdrew small amounts successfully. That's the part that messes with your head — it makes you believe it's real.    Then I invested more.    And that's when everything changed.    Withdrawals started getting 'reviewed.'    Then delayed.    Then frozen.    I am writing this in order to create a thread to create awareness.    [https://tokengopro.com/home/neoGreen]",1,,pig_butchering,0.0,0.0,0.0,0.0,0.0,0.0,1.0,1.0,1.0,0.0,crypto,website,invested,transaction,ARK Invest,unknown,1.0,1.0,1.0,1.0,0.0
"ROBTMB ON X - ROBTHEMASTER ON TT, X AND ALL OTHER PLATFORMS ON SOLANA IS A RUGGER WHO TRIES TO DO CHARITY NOW AND RUGGED 350+ COINS. ALSO CHANGED HIS NAME TO WOBBY WOBBY","Hi everyone, i tried to take action for a few days now cuz all i see is a rugger with 350+ rugged tokens being active on social media and streams (eg. Twitch), where he tries to 'catch predators' but in reality, he rugged 350+ coins and blocks everyone, who comments it. Now since today hes trying to do charity work again and streaming to 'donate for the ppl in need' when in reality yesterday he had 320 SOL in his wallet and rugged all his so called projects. Also, he doesnt answer any of the negative comments and blocks instantly. I tried to get in touch with him cuz hes doxed and shows his face everywhere, but instead of replying, he just blocks me and other people saying the truth. Proof is in the pics above. His adress is mainly:    3JwkJxvbC7hXHpRHEWLcGYQShCgCfAV7noxyhYdwb9vy    His social accounts (he changed his name on X yesterday cuz i was trying to reach him by his name that he used - Rob the Master, but he changed to WOBBY WOBBY today after i didnt stop with contacting him today - cause i dont think its good to rug people and lie about what you do and trying to hide it with 'good deed' if hes innocent, why does he block the negative comments and doesnt reply? Thousand of people got scammed for a large amount of money and he laughs it off and tries to hide it with charity and keeps making more money by streams  with so-called 'good deeds'. Okay man, do your good deeds. Do the charity. Im all in. But why did u rug 350+ tokens? Why dont u take the responsibility for it",1,,rug pull,0.0,0.0,0.0,0.0,0.0,0.0,0.0,1.0,0.0,0.0,crypto,social_media,none,none,individual,unknown,1.0,1.0,0.0,0.0,0.0
[US] Postings for mid-century furniture at way below market value scam,"I posted asking about this in another sub, but think perhaps bringing awareness might be helpful in case this really is a scam.    I was checking out a buffet on Craigslist, purportedly located in Minneapolis, MN. The buffet was listed maybe a couple hundred less than I figured it might sell for, which gave me pause. I did some digging and saw that the exact pictures and description were taken from a sold listing on Facebook marketplace, from somewhere in WA. I figured, ok, probably some scam.    Because I am seriously looking for a buffet/sideboard, I decided to move to FB marketplace for my search. To my dismay, Marketplace was saturated with postings from Minneapolis and Saint Paul for mid-century sideboards listed at WAY below market value. They all had a similar phrase in the posting about delivery arrangements being available for a fee, so I became even more suspicious.    I went back to craigslist and pulled the phone number associated with original the listing. After looking that up, I saw the number appeared to possibly be associated with an escort service.",1,,commerce,0.0,0.0,1.0,1.0,1.0,0.0,0.0,0.0,0.0,0.0,bank,phone,sent_money,payment,escort service,unknown,0.8,1.0,0.0,0.0,0.0
Need help with a situation.,"I think i am victim of a pig butchering scam or whatever It's called. The site is orbitchain.top. a girl suggested i buy some stuff on It. Now i have assets Frozen there. I already came down to terms that i wont ever see that Money again.   She approached me and conviced me to invest some Money on a JHDL thing, i dont know what that Is. I feel stupid enough already.",1,,pig butchering scam,,0.0,0.0,0.0,0.0,0.0,0.0,0.0,1.0,0.0,unknown,website,sent_money,investment,unknown,unknown,0.9,1.0,1.0,0.0,0.0
Sephora Mail Fraud,"Made a reddit account just for this, i usually just browse from the internet as an outsider lol.    Got two UPS tracking alerts in my email for packages from Sephora. Silly me thought that was related to an Etsy order I made, and maybe that was her last name. Well, the packages arrived and they're full of make up… duh. Obviously it trips an alarm in my brain at that point and I check my credit card statements… almost $2000 and over a dozen orders mostly over $100 each. I'm self employed and my credit card is crazy and all over the place so I don't check it often.     I called my credit card company and canceled the card and reported the fraud. They assured me I would get my money back. Interestingly, i was also charged for two $25 orders on some kind of tech site as well.    Another day went by and a third package arrived from sephora, even larger. There was no tracking info for this.",1,,commerce,,1.0,,,,,,,,,card,email,shared_credentials,transaction,company,unknown,0.0,1.0,1.0,1.0,0.0
Got a call from Vancouver Police claiming my mother was involved in a scam,"Im not sure what to make of this, so im turning to you. Last week I received a call from someone claiming to be a detective from the Vancouver police, instantly alarming, even more alarming is I live in Maryland. He said my mom's name, and that she was involved in a romance scam and sent over money. I hung up, after asking my mom if she knew anything, both her and my dad urged me to just hang up, they thought it wasnt real. I didnt think much of it until today where I got a voice mail, same guy, telling me his name and badge number, sure it could be real, it sounds legit and he has a convincing enough voice, but I still dont know what to make of it, again, I live in Maryland, why the hell would someone in Vancouver have my information?",1,,transaction,0.0,0.0,1.0,0.0,0.0,0.0,0.0,0.0,0.0,0.0,bank,phone,sent_money,transaction,police,unknown,0.8,1.0,1.0,1.0,0.0
Dapp staking,"I've been having invitations about staking on dappstaking dot com.    They present a high reward of 36% in 60 days, 107% in 90 days with different ranges of the amount you stake.    Is it real or scam?",1,,transaction,,1.0,,,,,,,,,crypto,website,clicked_link,investment,none,unknown,0.8,1.0,0.0,0.0,1.0
(US) Definitely not a legit job offer. BEWARE!,"I'm currently unemployed and got a text with a remote job offer from someone claiming to be from VRG Therapeutics. The position is for customer service/data entry. It paid nearly $30/hour for training (a week) and nearly $40/hour but no more than 35 hours a week.    I passed the 'interview/briefing' with flying colors, although I got a nagging feeling during the interview. I think it was the asking about loyalty a couple of times. I wondered how was the workload that they felt the need to ask this repeatedly. They informed me that they will be sending me equipment (Chromebook, webcam, printer, possibly desk &amp; chair-a bit much, but ok?) and asked how I'd like to be paid. (First alarm bells went off in my head) He also asked if I have a credit card and is it maxed. (?!??? Louder alarms)    I was to expect an email the next morning &amp; to be available for my first job briefing. The email consisted of a job offer letter &amp; a W4 form. The job offer letter had odd multiple fonts &amp; was addressed from a generic Chinese supervisor name although I was told that the company was based in Budapest (More alarm bells) THEN he asked for a photo of my credit card, front &amp; back. (Absolutely NOT!)    I flatly refused (Four alarm fire sirens going off now).  I am currently on hold, despite being told by David (my direct 'supervisor to be') that I have nothing to worry about. Considering that this is only the second time I've spoken to him online, his repeated assurances are poin",1,,transaction,,1.0,,,,,,,,,card,text,sent_money,payment,company,unknown,0.9,1.0,1.0,1.0,0.0
Following person is fraud - Joshy u/joshy92,"If you are trying to sell/exchange gift card on reddit, never deal with Joshy [u/joshy92](https://www.reddit.com/user/joshy92/) . He is fraud. He will take your gift card details &amp; use them without paying you back.    He usually directly reach out to DM whenever you try to sell gift card online. He promise that he is legit and done multiple transscations in past &amp; has create dummy community [**r/giftcardexclnage**](https://www.reddit.com/r/giftcardexclnage/) to look legit.    Only use [r/giftcardexchange](https://www.reddit.com/r/giftcardexchange/) for legit gift card transaction.",1,,transaction,1.0,1.0,1.0,0.0,1.0,0.0,0.0,0.0,0.0,0.0,upi | card | bank | crypto | gift_card | unknown | none,sms | email | phone | social_media | website | app | unknown | none,sent_money | shared_credentials | clicked_link | installed_app | none | unknown,payment | verification | login | download | none | unknown,bank | government | company | individual | none | unknown,unknown,0.9,1.0,1.0,0.0,0.0
loan fraud/Identity theft. How do I stop my house from being foreclosed on?,"I applied for a Heloc loan just to see what I would be able to get to possibly move. I own my house outright, (I received money from a family member when they passed) and I used my equity is this house to apply for the loan. I had a meeting with an e notary and signed the paperwork so my information could be processed. There was never any discussion of funds being distributed.    I never withdrew funds. I never signed off on a withdraw. 2 months later I checked my Kickoff app and I am in debt $307,000.00. Someone has withdrawn 100% of the funds. The loan company cannot provide proof of identity or any security measures of funds distributed. Since then, they have sold my debt to be collected to another company, and even they sold it to another company. I am unable to make the monthly payments because I can't afford it. I am a single mom, work 2 jobs, and I am barely scraping by as it is. Now I am getting foreclosure notices on my home. Debt collectors call me constantly. I am so scared to lose my house, it is the only sense of security I have in my life. I have no clue where to start. I have filed a claim with the FBI. The website said that they receive so many emails, there is no guarantee anyone will respond. Is there a place that can track the money that was withdrawn, or anything?    Please help.",1,307000.0,transaction,0.0,0.0,1.0,0.0,0.0,0.0,0.0,0.0,1.0,0.0,bank,email,signed_paperwork,loan,none,USD,1.0,1.0,1.0,0.0,0.0
DO NOT FALL FOR THIS SCAM 'theproperpccompanyltd',"There is this discord server called 'TheProperPCCompanyLTD'    They have scammed me out of a pc, they make themselves look believable but having government documents and being on the gov.uk website, but all that is to make them gain trust. I don't know how many people have already fallen for the scam but the reviews are definitely fake. I have already reported this fraud and I ask for you to aswell",1,,transaction,,1.0,,,,,,,,,card,discord,sent_money,payment,company,unknown,0.0,1.0,1.0,1.0,0.0
Elon Musk' Crypto Casino Scam Awareness,"A scam has been circulating again recently involving fake Elon Musk Twitter (X) screenshots. The way it works is that you receive messages—often from friends who have likely been hacked—showing a supposed 'crypto casino' giveaway launched by Musk.    The screenshots show a promo code that supposedly grants you a $2,500 bonus. Once you 'activate' it on the site, it shows a fake successful withdrawal to make it look legitimate.    I couldn't find much info on this specific version online yet, so I wanted to share it here to raise awareness. My friend's account was likely compromised to spread this.    Please be careful: This is an obvious scam. No one is handing out free money like this. If you see this, do not click the links and let your friends know through a different channel that their account might be hacked.    Stay safe!",1,2500.0,social_engineering,0.0,0.0,0.0,0.0,0.0,0.0,1.0,1.0,0.0,0.0,unknown,social_media,clicked_link,none,Elon Musk,USD,1.0,1.0,0.0,1.0,0.0
[US] Facebook messenger scam.,"Hello, I just got scammed a few weeks ago and just got a letter that my bank will not help me. So before the big winter storm hit I decided to grab some firewood, and looked on Facebook marketplace for it. After contact a few people a was solicited by someone called 'premium wood' and their page stated on Facebook that it was a business, I agreed to pay them via zelle (my mistake) and obviously they took the money and never delivered the wood. I am trying to get my money back ($250) but my options are limited and I Have a baby coming in a month, any one know what to do? Thank you.",1,250.0,commerce,1.0,0.0,1.0,1.0,1.0,0.0,0.0,0.0,0.0,0.0,upi,social_media,sent_money,payment,business,USD,1.0,1.0,1.0,0.0,0.0
"The cybersecurity helpline 1930 didn't work in Shopian, Kashmir and someone got scammed because of it.","Once my mother got a call from an unknown number. It was a man, maybe between 35 to 55 years old, who said he was an army major. He claimed he had *accidentally* transferred money into her account and wanted her to send it back. Luckily, I had already warned and trained my mom about scams like this. She told him, 'I don't know any major, I'm not sending you any money,' and hung up. He tried calling again, but she didn't answer. When I found out, I immediately tried calling the cybersecurity helpline 1930. It said, 'Not reachable in your area.' Seriously? That's our 'developed' system? A helpline meant to stop cybercrimes isn't even available in places like Shopian, Kashmir. A few days later, the same kind of scam happened to a young boy here in Kashmir. He panicked, transferred money, and got scammed. If the cybersecurity helpline had actually worked when I called, maybe the authorities could've taken action or raised alerts before it reached someone else. India calls itself 'Digital India,' but what's the point if basic cybersecurity help isn't even accessible in some regions?",1,,transaction,1.0,0.0,1.0,0.0,0.0,0.0,1.0,1.0,1.0,0.0,bank,phone,sent_money,payment,army major,unknown,1.0,1.0,1.0,1.0,0.0
Server too pic of credit card?,"Update: sorry typo on post headline meant 'Server took pic of credit card?'    Went to a restaurant and paid by credit card. Paid 15% tip. At 3:15 pm card chip was used.    Came home and saw a transaction alert to key in passcode at 10 pm. I called credit card company and found out after paying at restaurant (only charge today)    ⁠1. Someone manually keyed in my cc info at 4:15 pm at fast food joint. Less than a mile from restaurant.    2. ⁠Attempted online transaction at 10:10 pm, got verification code so it didn't go thru.    3. ⁠Attempted DoorDash transaction at 10:21 pm was flagged as fraud. (While on the call).    New card ordered, filed police complaint. Headed to restaurant and fast food joint to hopefully get video tomorrow (if they have it).    I was the only table and only one server present who charged the card also. I think server took pic of card.",1,15.0,transaction,,1.0,,,,,,,,,card,unknown,clicked_link,none,none,unknown,0.8,0.0,0.0,0.0,0.0
Stolen $282m Bitcoin &amp; Litecoin from a hardware wallet via social engineering scam,,1,282000000.0,social_engineering,0.0,0.0,0.0,0.0,0.0,0.0,1.0,1.0,0.0,0.0,crypto,social_media,clicked_link,transaction,company,unknown,1.0,1.0,1.0,1.0,0.0
Paragon tweaks scammed us,"This summer https://paragontweeks.net/ PC Tweker made his coin $PRGN.People bought it.Coin was suposed to be payment currency for them work,also holding coin in your wallet was suposed to acumulate points and than you can reedem points for chance to win some hardware like a gift for loality.Hundreds of people bought coin,we holded some people weeks some months from beginning,they promissed advertisment,collaborations with other crypto teams,uploading them software to microsoft,steam,epic games(they did microsoft) we patiently waited for epic games ,steam,we asked for months,they was postponing informations using excuse moving into different launchpad (migrating coin)As soon as migration was done.They shut it down couple days ago Sunday 21.12.2025 using bunch of excuses that afternoon in matter of hours changed tone from positive to negative.Than in couple hours after Gavin Wilburn posted those excuses they deleted whole telegram group,whoever was complaining on them discord was very quickly banned (Jurnin),than they deleted tweets months in past in matter of first couple hours too and also removing anything associated with crypto on them webpage ( that takes time so must be planned) Biggest holders who bealived in them  lost in between 10 and 50 thousnds dollars after scam they pulled on us.Using excuse to save their business they scammed us.Gavin Wilburn and London Green think that we will forgot,that we give up.Scammers we report to FBI we will find other ways for justic",1,,transaction,0.0,0.0,1.0,0.0,0.0,0.0,0.0,0.0,1.0,0.0,bank,website,holded coin,none,crypto team,unknown,0.9,1.0,1.0,1.0,0.0
Fake GrubHub emails promise tenfold return on sent cryptocurrency,,1,100.0,transaction,0.0,0.0,1.0,0.0,0.0,0.0,0.0,0.0,0.0,0.0,bank,email,sent_money,payment,GrubHub,unknown,0.8,1.0,0.0,1.0,0.0
Scam Alert: QexbitDFS - Fraud Crypto Investment,"The #Qexbitscam has launched a new fake investment website Qexbitdfs.com. It is the exact same graphics and format as their previous bogus website. You can google search 'qexbit' and read all the warnings about these scammers. There are even warning videos on Youtube. The site is fraud because (1) no actual contact phone number, (2) no physical address , (3) only communication is chat , and (4) all information displayed are FAKE. The scumbags will lure victims using Facebook or Linkedin. Then they will convince you to only communicate via WhatsApp. BEWARE DO NOT invest your hard earned money. The balance you see on their website is fake. You can check by using blockchain explorer to view your crypto wallet transactions. Go to Etherscan.io or blockchain.com/explorer. Enter your wallet address and the tool will show the real current balance. It will be zero.",1,,transaction,0.0,0.0,0.0,0.0,0.0,0.0,0.0,0.0,1.0,0.0,crypto,website,sent_money,investment,company,unknown,0.9,1.0,1.0,1.0,0.0
Debt collector call from unfamiliar area code. Is this a scam?,I got a call from an area code that I don't associate anything with except it's the city where I go to my doctor appointment and hospital.     They said they're a debt collector for a traffic violation I had in Florence. I never had a traffic violation in the state of the area code and I eventually told them I'm busy and I'll call them back and what number I can reach them and they responded 'the number he was calling from'. I never had a traffic violation in the US before and don't they usually mail you that stuff anyway? I did get a speeding ticket in Italy (so maybe that's why he said Florence?) that I never paid for but can they buy debt cross country?    I'm worried it's a scam caller but they used my legal name when addressing me. The amount owed isn't too big but I'm just confused at to what violation I had or if this is just a big scam.     Does anyone know or experienced anything like this?,1,100.0,transaction,0.0,0.0,1.0,0.0,0.0,0.0,0.0,0.0,0.0,0.0,bank,phone,none,payment,debt collector,unknown,0.5,1.0,1.0,1.0,0.0
i got scammed by https://www.lostnofficial.com/,"Scam report    Awhile back like 2 months ago i bought a hoodie and sweats from this company looked legit, they had Instagram adds and there website didn't seem fishy... until today i got a notification that my package was delivered and it was a tiny empty envelope with my name on it and I'm sure there's hundreds of other people that fell for this, the website says 'made in the US' but it went thru costumes and they gave me a Chinese tracking number, is there any way to get my money back or am i cooked",1,,commerce_nondelivery,0.0,0.0,0.0,1.0,0.0,0.0,0.0,0.0,0.0,0.0,unknown,website,sent_money,payment,company,unknown,0.8,1.0,1.0,0.0,0.0
Venmo Scam for tickets,"Hi there, I recently got scammed and sent a $300 Venmo charge but paid thru my Chase Card. Will file a police report in the morning but do I need to dispute with Venmo or Chase?",1,300.0,transaction,,1.0,,,,,,,,,card,app,sent_money,payment,unknown,USD,0.0,0.0,0.0,0.0,0.0
[UK] Been waiting for a delivery for nearly a month when a different company messaged me instead,"First time on this sub so not sure this allowed. Context: Ordered some merchandise at the beginning of January and it was due to be delivered by Royal Mail like a week ago. Had a text from Evri earlier saying they tried to deliver it but no one was in (I've been home all day), thought it would've been said merchandise so I opened the link and thought I would see a photo of them attempting said delivery. It was not, it was just them asking me to put my details in. I put my postcode in but thats about it. The biggest give away that it might be a scam was the completely different delivery company so thought I'd ask people who know better than me AKA Reddit.",1,,commerce,0.0,0.0,0.0,1.0,0.0,0.0,0.0,0.0,0.0,0.0,unknown,sms,clicked_link,commerce,Evri,unknown,0.8,1.0,0.0,0.0,0.0
Clara Mae William &amp; Tradeven,I have been scammed by Clara Mae William passing herself off as a broker/financial advisor. She is using the pig butchering technique where Tradeven is the name of one of the ATS platform's that she supports. Beware,1,,transaction,,1.0,,,,,,,,,card,sms,sent_money,payment,broker/financial advisor,unknown,0.8,1.0,1.0,1.0,0.0
Civil/Small claims complaint possible scammers,"Has anyone received a call from someone regarding a type of civil litigation or small claims complaint? The first time a man called my mothers cell phone this past Monday and then a woman called my mom from the same number today, they both asked for me by name and stated that it's a civil complaint as if I'm being sued. The second time they called, they left a different call back number along with a ref number. When I Googled the number, the Robokiller website lists the number being reported by other people as a scam. The lady on the phone stated that they were calling from Abraham Davidson law firm. Has anyone else received a call from these people, and if so, did they try to scam you? Please comment below if you have encountered them.",1,,social_engineering,0.0,0.0,0.0,0.0,0.0,0.0,1.0,1.0,0.0,0.0,unknown,phone,none,none,Abraham Davidson law firm,unknown,1.0,1.0,1.0,1.0,0.0
Got scammed - DEX SWAP SCAM - Modus Operandi. TL:DR below,"I got scammed yesterday. It all started on reddit, when I was looking for part time jobs, work from home jobs, for some side money and interacted with a post for data analytics which involved analysing some numbers related to trading, I do that for myself, so I was like sure I can give it a try and earn some cash for little effort. This guy (deleted account now on reddit) asked me about DEX, Swaps, Arbitrage. I just knew what arbitrage was theoretically. So he tells me a little bit about that and then asks me to connect to his team leader/mentor/boss on WhatsApp who is going by the name Marco Novak, from Netherlands (+31 6 26116413).     So this guy calls me, and explains what DEX is, what SWAP is, and how arbitrage happens. Per swap arbitrage, the profits is about 1.5% to 2% of the capital. And of the overall profits at the end of month it will be 80%-20% split. He would take 20% of the profits. Sounds too good to be true, but he sounded very calm, professional and knows what he is talking about. Swapping only stable coins (USDC, DAI, UDSC.e), on genuine dex swap platforms like Uniswap, Sushi Swap, Quickswap, Kyberswap. He said we will use Polygon network as the gas fees are very less.     He then says, I would need to open up a trust wallet, and deposit around $30 so he can show me how it works. So based on his instructions, I purchased $30 worth USDT, converted it to POL token and moved it to Trust wallet on my own. On trust wallet I converted POL to USDT and kept some POL",1,30.0,transaction,0.0,0.0,0.0,0.0,0.0,0.0,1.0,1.0,0.0,0.0,crypto,phone,sent_money,payment,individual,USD,1.0,1.0,1.0,1.0,0.0
Possible new crypto casino scam 'Snoopd.us',"Dont remember where but i saw this casino somewhere online and i joined and used a promo code to get 2k balance which i needed to wager before being able to cashout, now i have wagered the needed amount but i need to deposit 105$ before being able to cashout. Is this site a scam and should i avoid depositing any money to it? Does anyone know?    EDIT:    Ty for the quick answers, now I know what to look out for in the future and I won't be interacting with that website anymore.    Thanks every1",1,2000.0,transaction,0.0,0.0,0.0,0.0,0.0,0.0,0.0,0.0,0.0,0.0,crypto,website,deposited money,cashout,none,unknown,1.0,1.0,0.0,0.0,0.0
Fake Socisl Security email,"Got an email purporting to be from Social Security prompting me to download my new statement. It also says it only works on Windows machines (!). Mousing over the 'Download now' link shows it leads to a .exe file, and not a .pdf.     None of us here would fall for this obvious crap, but SOMEONE will.",1,,social_engineering,0.0,0.0,0.0,0.0,0.0,1.0,1.0,1.0,0.0,0.0,unknown,email,clicked_link,credential,Social Security,unknown,1.0,1.0,1.0,1.0,0.0
Did I get scammed,So I messaged this guy on TikTok aryonewholesales and he said ah yeah blah blah then started talking about copy trading.    He asked for my number and told me to get a blockchain account and a vault bridge.com account then start putting money into it I did.     Now he's telling me my withdrawal date is now but when I tried to take out the money from vault bridge I got an email from an anti money laundering bill saying that because I'm trying to take out such a large amount and it's my first time I need to pay a fee of 2.7k he said he will pay 1.7 as long as I pay a thousand. His motivation for getting me this money has been him saying he wants 20% of what I get I need answers fast as if this is true I have an hour to do it.,1,2700.0,transaction,0.0,0.0,1.0,0.0,0.0,0.0,0.0,1.0,0.0,0.0,bank,email,sent_money,withdrawal,bank,unknown,1.0,1.0,0.0,1.0,0.0
Discord 'Play Test' Scam,"This one is for all of the people who frequently use discord, there has been a scam going around of people attempting to have you 'playtest' a new game they made. It will usually appear as someone on your friends list maybe someone you may know online who has been hacked. I know lots of people follow the rule of not downloading stuff they know nothing about but it appears somewhat legitimate. Once you download the so called play test they will then hack into numerous accounts on your computer and most likely rob you and/or blackmail you. Please watch out for it!",1,,social_engineering,0.0,0.0,0.0,0.0,0.0,1.0,0.0,0.0,0.0,0.0,unknown,social_media,installed_app,download,none,unknown,0.8,1.0,1.0,0.0,0.0
Pc App store subscription scam? [Can],"So recently I've noticed I've been getting charged for a subscription from the pc app store that i never made. Its been a few months and they've taken a couple hundred bucks out of my account.  At first I thought it was a mistake so I called the pc app store, which I never even heard of let alone made an account for. They told me they'd refund me (which they have not) and not to call my bank which I was immediately suspicious of. Later that night more money was attempted to be taken out of my account by the pc app store after they told me they cancelled any payments. Payments I never even made in the first place.   I contacted my bank and canceled my card but Im not sure if Im safe. Im not sure how they got my information but I think it has to do with my computer and Microsoft store or steam. I made a purchase on steam around the time the payments started so it might be that but I didnt sign up for a subscription. I scanned my computer for virus and there's nothing.",1,,transaction,,1.0,,,,,,,,,card,phone,none,payment,pc app store,unknown,0.8,1.0,1.0,1.0,0.0
I think I got scammed by a fake HDFC agent. Shared an OTP that revealed all my details… I'm only 20 and freaking out.,"4th slide ig it's their saved progress    Hey everyone,  I'm honestly shaking right now and really need some advice.    I got a call today from someone claiming to be from HDFC. I assumed they were a third-party partner who helps with credit card applications, so I didn't really suspect anything. They asked me to confirm my name and date of birth, which I did.    Then they told me I'd get an OTP to 'start the application' and like an idiot… I shared it.    Only later I realized that the OTP actually lets them open an application that automatically loads all my details, including my PAN number and home address. So even though I didn't give those to them directly, they basically got access to everything.    I tried calling the number back, but of course, now they're not answering.    I'm only 20, and this is the first time I've dealt with anything like this, so I'm honestly panicking. I haven't contacted HDFC yet because I know they'll probably just tell me they can block my UPI/card/account — which isn't even the issue here. My worry is someone using my identity info to apply for credit or loans in my name.    Has anyone been through something like this?  How serious is it if someone got my name, DOB, PAN, address and that OTP?  What should I do next?    I feel so stupid for falling for it, but it all sounded legit in the moment. Any help or advice would really mean a lot right now.",1,,transaction,1.0,0.0,0.0,0.0,0.0,0.0,0.0,1.0,0.0,0.0,upi,phone,shared_credentials,verification,bank,unknown,1.0,1.0,1.0,0.0,0.0
[US] Email Scam That Created New Email Rule/Settings (Question/Help),"My grandma received a pretty deceiving email from 'Microsoft' with a link that led to a website asking her to buy new software. She clicked the link but didn't enter payment details. Well her email (outlook) stopped receiving mail and so she called me and I figured out that a new rule had been created that sent any email containing the letter 'a' to the junk folder (poor Grandma now had to wade through a week's worth of erectile dysfunction spam to make sure she didn't miss anything important). I also figured out that her timezone got changed. I got her password changed and fixed the two things I mentioned but wanted to throw out to ya'll lovely intelligent people:    1) anyone familiar with this type of scam? Super nefarious that they were able to 'break' my grandmother's email after sending her a message that she needed to buy a microsoft upgrade to fix it. Good job grandma to not give them money.    2) Any other settings or weirdness I should check? She went about 5 days after clicking the link so that's a little scary. I told her to be vigilant on any money/email weirdness and I'm here to help, but I don't know if there are any other settings that could have been changed that I wouldn't think about?",1,,transaction,0.0,0.0,0.0,0.0,0.0,1.0,0.0,0.0,0.0,0.0,unknown,email,clicked_link,none,Microsoft,unknown,0.5,1.0,1.0,1.0,0.0
"I was scammed by MDFEX, a fake and high-risk crypto platform.","When I tried to withdraw my money, the withdrawal never went through and no one from the platform replied. The 'profits' shown in my account now look like they were simulated to trick me into believing I was earning returns. Then they pressured me to pay extra 'fees', to unlock my withdrawal, and after that my account was frozen.",1,,transaction,0.0,0.0,0.0,0.0,0.0,0.0,0.0,1.0,0.0,0.0,crypto,website,sent_money,withdrawal,crypto platform,unknown,1.0,1.0,1.0,0.0,0.0
Scam or legit platform ?,Hi All     Is this a legit decentralized crypto platform?     <https://ddefi.cc>,1,,transaction,1.0,1.0,1.0,0.0,0.0,0.0,0.0,0.0,0.0,0.0,upi | card | bank | crypto | gift_card | unknown | none,sms | email | phone | social_media | website | app | unknown | none,sent_money | shared_credentials | clicked_link | installed_app | none | unknown,payment | verification | login | download | none | unknown,bank | government | company | individual | none | unknown,unknown,0.9,1.0,1.0,0.0,0.0
[UK] Possible scam my family has gotten roped into against our will?,"It might be a bit early, but I need the help of this subreddit because I suspect this may be a scam. Is it?     Earlier today, while my dad was eating lunch (he works from home), a man apparently showed up at the front door. According to my dad, this man talked very quickly so he didn't exactly hear what he was saying, but he was able to make out the man talking about 'putting it in writing'. He then set up a ladder against our house's front wall and tore a couple of roof tiles off, apparently to fix a leak in the roof we didn't know about, without putting in writing beforehand or letting my dad negotiate or turn it down. It's also important to note that it's just a ladder, no scaffolding or other safety equipment of any kind.",1,,transaction,,0.0,0.0,0.0,0.0,0.0,1.0,1.0,0.0,0.0,unknown,door-to-door,none,repair,unknown,unknown,1.0,1.0,1.0,1.0,0.0
BEWARE!! and pls help,My friend sent me an image of a mr beast crypto scam going on called husewin and i kinda fell for it. I know im stupid but i used my personal email and a random password to make an account. I DIDNT CONNECT ANY BANKING INFO OR ANYTHING cus i wanted to make sure if it was legit. i went to all the accounts i have that i can think of with the email i used and changed password and added 2fa but im still scared. Am i safe? My friend obviously got hacked so what other things can i do to make sure im secure?,1,,social_engineering,0.0,0.0,0.0,0.0,0.0,1.0,0.0,0.0,0.0,0.0,unknown,email,changed_password,none,none,unknown,0.8,1.0,1.0,0.0,0.0
Fake GrubHub emails promise tenfold return on sent cryptocurrency,,1,100.0,transaction,0.0,0.0,1.0,0.0,0.0,0.0,0.0,0.0,0.0,0.0,bank,email,sent_money,payment,GrubHub,unknown,0.8,1.0,0.0,1.0,0.0
⚠️ Scam Alert: People asking to publish apps using your Google Play Console account,,1,,transaction,0.0,0.0,0.0,0.0,0.0,0.0,1.0,1.0,0.0,0.0,unknown,email,installed_app,download,company,unknown,1.0,1.0,1.0,1.0,0.0
"[US] Instacart Scam? Items added to order, then removed, order not delivered","I had a very odd Instacart experience today that I can't quite make heads or tails of. I ordered some groceries for delivery. I took a peek when the app said the shopper had started and immediately noticed that my tub of cream cheese had been increased from 1 to 5 and I immediately messaged her (first screenshot). She said it was a glitch and would show normally soon. After her response I noticed that several other items had their quantities increased by 3-5. Then I noticed that a $50 thing of baby formula was added to my order… I let her know about this as well since this was definitely not an item I had added myself. She said 'gotcha' and refunded that item. When she checked out, the item quantities *did* go back to what they were supposed to be. After she checked out, within just a minute or two (WAY faster than she could have possibly driven to my house), the order was marked as delivered and she uploaded that blank grey photo in the second screenshot. The groceries never arrived.",1,50.0,commerce,0.0,0.0,0.0,1.0,0.0,0.0,0.0,0.0,0.0,0.0,upi,app,none,commerce,Instacart shopper,USD,0.8,1.0,1.0,0.0,0.0
Warning: WhatsApp scam message with AirBnB booking details and personal information,"Warning for scam! I made a booking in a European town through AirBnB and communicated with the host through the AirBnB message system. All good.    But then I got two scam messages in WhatsApp to my personal phone number. Basically the same copy pasted message from two different senders, both some kind of official WhatsApp business accounts. The message states that the status of my booking have changed from 'Confirmed' to 'Awaiting Confirmation' and that I urgently need to click a link going to 'www.airbnb.com-{randomstuff}'. Although I directly realised it was a scam I though the link looked quite legit, until I saw the 'airbnb.com-{something}' instead of 'airbnb.com/{something}'. I've pasted the message below.    One big question is, how have my personal information as well as details about my booking leaked? And this seem to be an long running problem: <https://www.reddit.com/r/AirBnB/s/683Jk0fGi0>",1,,social_engineering,0.0,0.0,0.0,0.0,0.0,1.0,1.0,1.0,0.0,0.0,unknown,WhatsApp,clicked_link,none,AirBnB,unknown,1.0,1.0,1.0,1.0,0.0
[US] Is this eBay buyer trying to scam me?,"Hey guys, I sold this Michael Jordan card on eBay. The first two photos show the card I sold and shipped. Starting around photo 7, things get suspicious. The buyer claims the card is trimmed. I don't believe it is, but I was willing to issue a full refund to be fair.    However, in photo 11 he mentions requesting money back from both me and this other eBay seller, which raised red flags. It made me wonder if he already owns a trimmed copy, bought mine to swap it, and planned to return his trimmed card to me.",1,,commerce,,1.0,,,,,,,,,card,website,none,payment,eBay seller,unknown,0.5,1.0,0.0,0.0,0.0
New Scam by Call forwarding,"Sharing this so others don't fall for it.    My father got a call from someone claiming to be a *bank courier*. The person said they couldn't find our address and asked him to call a number that was sent via SMS.    My dad forwarded the number to me. When I checked, I realised it was actually a **call forwarding code** (numbers starting with `*21*`). Huge red flag.    Out of curiosity (and frustration), I called the original number back and asked why he was scamming people. He immediately started abusing me and bragging about how he 'earns ₹56,000 a day' and tried to belittle me, which pretty much confirmed everything.    **Please don't ever dial numbers starting with** `*21*`**.**    No bank or courier will ever ask you to do this. Dialling these codes can forward your calls and OTPs without you realising.    Posting this mainly because elderly family members are especially vulnerable to this stuff. Please warn your parents and relatives.    Stay safe.    Edited by ChatGPT",1,,transaction,1.0,0.0,0.0,0.0,0.0,0.0,1.0,1.0,0.0,0.0,upi,phone,sent_money,payment,bank courier,unknown,1.0,1.0,1.0,1.0,0.0
The e-commerce scam alert 'Readytobuy (dot) in',"The e-commerce portal 'Readytobuy (dot) in' is running a simple e-commerce scam. I have paid ₹999.00 to learn lessons in e-commerce diligence. I would like to share the leasons. First let me break down the scam below    1) Advertise a product usually not available in India on Instagram/Facebook, below the market price.    2) Offer COD, return &amp; refund    3) Ship some garbage from same product category, nowhere near close to what was ordered in quality and appearance.     4) You accept COD and pay the delivery person, they don't offer open box delivery, you don't care as you can return or request refund later.     5) You open box and realize you have received complete garbage. You reach out to customer support for refund or return, they ignore your message. Three days pass, window of requesting a refund or return expires.     Lessons : -    1) Return/ Refund guarantee doesn't mean anything to an unknown e-commerce portal.     2) COD does inspire confidence but it's useless in absence of open box delivery.    3) Affiliation with Shopify and e-kart doesn't mean e-commerce portal is reputable.    4) If a product or its similar alternative is not available on other major e-commerce portals e.g. Amazon, Flipkart etc. that product most likely is not available in India or anywhere else. They use promotional videos from China and AI made pics of non-existent products.",1,999.0,commerce,,,,,,,,,,,upi,social_media,sent_money,payment,unknown,INR,1.0,1.0,1.0,0.0,0.0
Is Oak Crypto/TpBit a scam ?,I live in a small town in the Central Valley and there has been ongoing talk about a new way to earn easy money by buying coins and selling them. My dad fell for this because he was brought in by a family member. It's said the more people you refer the more money you make… This so obviously sounds like a big scam to me but they can't see it. Everyone in my small town is in it especially people my parents know. They are taking advantage of a whole community and it sickens me.The so called CEO's name is Arthur and he apparently texts them through WhatsApp . It's a bunch of relatives bringing each other in and I'm afraid this is how the scam is going so good. These victims are falling for it because it's the people they trust that are bringing  them in. They are praying on naive poor folks that don't even know English. So many people are getting the money they invested back plus more but im pretty sure this is gonna blow up pretty soon. The only way to access the app and money is through a referral and the app is not in the AppStore. My dad says that there's no loss in profits which is the biggest red flag.,1,,meta,0.0,0.0,0.0,0.0,0.0,0.0,1.0,1.0,1.0,0.0,unknown,sms,sent_money,none,unknown,unknown,1.0,1.0,1.0,1.0,0.0
[US] ulta Credit Card,"I received an Ulta Beauty rewards mastercard opened in my name delivered to my address. I dont shop at Ulta and definitely did not make this card. Realistically what should/can I do now to secure my information and accounts, and what are these scammers likely trying to get out of making a card in my name and then having it delivered to me.",1,,commerce,,1.0,,,,,,,,,card,delivery,received,none,Ulta Beauty,unknown,0.5,1.0,1.0,0.0,0.0
Stay away from FxCapKyn - Fake Crypto Exchange,Just a quick heads up for the community: **FxCapKyn** is a fraudulent website. It is not a real exchange. They will lock your account and steal your crypto. Please avoid this site at all costs.,1,,transaction,,1.0,,,,,,,,,crypto,website,sent_money,payment,crypto exchange,unknown,0.0,0.0,1.0,0.0,0.0
cboeus.org is a fake site or not??,i need help my relative made over 100k$ and now as he tried to withdraw $9000 it say need tax of same amount to release the funds or he can withdraw as much he want without disturbance but he withdra money from it already 6k$ but there was no such issues and the guy that give my relative binary trading signals say you should pay who introduced him to this app,1,9000.0,advanced,,1.0,,,,,,,,,card,website,sent_money,transaction,unknown,USD,1.0,1.0,1.0,0.0,0.0
SHOPMISTRY IS A SCAM,"I had to make a Reddit account just so I could share this horrible experience.    I placed an order with SHOPMISTRY in October. They stated that the delivery time for my actual order would be 21 working days, but it's now 8th December, and I haven't received anything, no product, no tracking, and no proper update.    I told them I didn't want the gift (BOGO) at all; they could keep it. I just wanted the actual product I paid for.    Since then? Nothing.    No replies to emails. On Instagram, they keep giving vague copy-paste responses like 'it's out for delivery' or 'check your email,' but no real updates, no tracking info, nothing.    It's been over a month, and at this point, it feels like they just took the money and ran. Has anyone else dealt with ShopMistry? Should I file a consumer complaint or go through my bank for a refund?    What's especially disappointing is that many small businesses market themselves under the banner of sustainability, handmade, or ethical shopping to gain people's trust, but then fail to deliver even the basic level of service. When the product is questionable, the service is terrible, and the communication is basically a scam, it completely defeats the purpose of choosing a small business over a mainstream, reliable supplier.    PR label has terrible customer service, and so does The Clothing Factory.    I was very impressed with the polite society and tnnd-out's response and customer service, but the products were still of very low quality.   ",1,,commerce,0.0,0.0,0.0,1.0,0.0,0.0,0.0,0.0,1.0,0.0,upi,email,sent_money,payment,small business,unknown,0.9,1.0,1.0,0.0,0.0
[US] Bank account repeatedly logged into after changing passwords to everything,"After being scammed for my username and password to my mobile banking account, I changed my password and username to it, and then switched back my contact info, and set up alerts for log ins and attempts. Then I changed my passwords for every other account I own, even unrelated ones. There was a successful login that I didn't recognize so I changed it again, and soon after there was an invalid attempt on the account. So I changed the username. Then silence for a long time. Then, after at least a week of nothing happening, I reconnect rocket money through plaid, and sure enough the same day I have an unfamiliar log in to my bank account again while I'm not even on my phone. Changed my password and username again, delete rocket money, and bam overnight another successful log in while I'm sleeping. Changed everything again and now I'm here.",1,,transaction,0.0,0.0,1.0,0.0,0.0,0.0,0.0,0.0,0.0,0.0,bank,app,changed_password,login,bank,unknown,0.5,1.0,1.0,1.0,0.0
Coretific Online:Legit?,Does anybody have any experience with the website Coretific.online for investing in Crypto?  My attempts to find out if it is a reputable site are showing it's likely a scam site.,1,1000.0,social_engineering,0.0,0.0,0.0,0.0,0.0,0.0,1.0,1.0,0.0,0.0,crypto,website,clicked_link,investment,individual,USD,1.0,1.0,1.0,1.0,0.0
Bank Account Dormant Mail,"https://preview.redd.it/fyfl1qsubz6g1.png?width=1663&amp;format=png&amp;auto=webp&amp;s=4edfd775b201fe063f489455ccd8ef61b4524de6    https://preview.redd.it/7i40g9fxbz6g1.png?width=1660&amp;format=png&amp;auto=webp&amp;s=b7672253b0f8f194aff7dd5f53482af708b28232    My account no or any other details not mentioned, received a similar mail few days back. I only have one bank account and use it regularly for upi only. The email address does not have '.bank.in ' as well. So is this a scam or any body else got similar emails?",1,,transaction,1.0,,,,,,,,,,upi,email,none,none,bank,unknown,0.0,0.0,0.0,1.0,0.0
Scammer sent me a phone no. with unconditional call forwarding code. The callers name was displayed as ' official line'.,"I got a call from  9863638421.    He said he is speaking from bluedart,  i delivery boy couldn't reach me due to mismatch in pincode. He said the delivery boy is in 100-200 meter radius and was repeatedly sending emails to the company as he was unable to reach me. I asked the name of the sender, he said my husband's name.    He then asked me ,' should I send you the delivery boys no. Or would you like to write it down? I will send your user code along with it.'    I asked him to send it on sms. He sent it following code- * 21 *mobile no.#.    Red flags:     1) bluedart delivery boys already have their customers contact no.    2) if there was pin code mismatch, how can he be 100-200 meter away?    3) since when delivery boys started sending emails?    4) me and my husband haven't ordered anything.    5) the overall tone of the caller: extremely unprofessional    I wasn't in the mood to deal with this since I was on field visit with my students and other faculty.  So I called my husband, sent him the callers no. And asked him to deal with it.    My husband called him and shamed him for being a thief and fraud.    He called me again but I didn't pick up. Then I blocked him and reported his no.",1,,call-forwarding,0.0,0.0,0.0,0.0,0.0,0.0,0.0,0.0,0.0,0.0,unknown,phone,none,none,unknown,unknown,0.9,1.0,0.0,0.0,0.0
Scammer using chemo child…,"Today (Dec 4, 2025) in the Pokémon/crypto crossover space, where someone's pushing a donation angle tied to a kid with cancer named Avery battling cancer/going through chemo, but layering in a Solana token pump ($AVERY) that screams red flags. You're spot on to flag it as potential scammy; these 'charity + meme coin' plays are a classic rug-pull tactic in crypto communities, especially when they exploit real tragedies for emotional hooks.",1,,transaction,,,,,,,,,,,crypto,social_media,clicked_link,donation,charity,unknown,0.9,1.0,1.0,0.0,0.0
Potential scam on Booking.com / Host asking for off-platform payment Body,"I just received a suspicious message through the Booking.com app for an upcoming trip. The 'host' is claiming my reservation is 'tentative' and demanding 100% payment via a direct bank link within 5 hours to avoid cancellation.    Red Flags:    Asking to move payment off the official platform.    Using high-pressure '5-hour' deadlines.    The app itself is showing a 'suspicious activity' warning on the chat.     So, I decided to cancel the booking.          It looks like a property account may have been compromised to target guests. Do not pay via external links!",1,,transaction,0.0,0.0,1.0,0.0,0.0,0.0,0.0,1.0,0.0,0.0,bank,app,sent_money,payment,host,unknown,1.0,1.0,1.0,0.0,0.0
[Uk] just recived a concerning text,"Hi all. Although im 99% sure its a scam i just want to be sure  I recived this text '[Urgent Security Center Warning]     The system has detected that your account recently logged in through a proxy server or VPN environment, triggering the platform's security risk control mechanism and being classified as high-risk. Please go to the Security Center immediately to complete identity verification; otherwise, related functions will be restricted.    ⚠️ If verification is not completed within 12 hours, communication permissions will be suspended.'  I did a bit of digging and i can't find anything to say if its a scam or not?  Edit: the message came from a numer in pakistan and its  used the name 'Whatsapp'",1,,social_engineering,0.0,0.0,0.0,0.0,0.0,1.0,0.0,1.0,0.0,0.0,unknown,sms,none,verification,security center,unknown,1.0,1.0,1.0,1.0,0.0
[Twitter/X] 'Accidental false report' Phishing and ransom scam,"Got contacted by someone telling me they 'accidentally told their followers to mass report my account' and I need to talk to someone on Discord to fix it.    That person was an AI impersonating Twitter staff, with his Linkedin and everything, and they got just enough information out of me to indirectly force reownership of my account. They then made a demand for $250. They did not get my money, but my account is now gone.    Had I not been so sleep deprived, I would have seen this coming as soon as they asked me to change my email. Especially since this happened immediately after criticizing **a certain place**.    ***Because of course it did.***    I reported the account to Discord, but they'll just make a thousand more.",1,,social_engineering,0.0,0.0,0.0,0.0,0.0,1.0,1.0,1.0,1.0,0.0,unknown,email,changed_credentials,verification,Twitter staff,unknown,1.0,1.0,1.0,1.0,0.0
New kind of scam in the name Amazon delivery,okay so my father got a call this morning saying his order is on the way getting delivered from Amazon   The amount was 749 we thought it's something my sister ordered because every other day there's a new parcel getting delivered when I tried to pay through the QR code it was not working saying rejected by bank the guy said you can pay in my personal qr it was kind of suspicious but I thought If it's a scam we can just return it through Amazon   After opening the box the ordered labelled was different than the order received and it turns out nobody placed order on my fathers number   I got the scammers mobile number Instagram handle address YouTube channel everything what should I do I don't want to get into any trouble with these type of people but I want my money back,1,749.0,commerce,0.0,0.0,0.0,1.0,0.0,0.0,0.0,0.0,0.0,0.0,upi,sms,sent_money,payment,Amazon,INR,0.8,1.0,1.0,1.0,0.0
[US] My MIL has lost over $250k to romance scams. We just discovered she stole ~$150k from her sister.,"I need advice on a situation that has spiraled from standard scam victimhood into serious elder financial abuse.    The Background - My mother-in-law (MIL) has been a constant romance scam victim for the last 8 years. Over that time, she has given away at least $250k of her own money along with tens of thousands she borrowed from others before we know she was involved in these scams. It's the standard script: oil rig workers, rich businessmen trapped overseas, missing-in-action soldiers, etc.    * We've found scratched-off Apple Gift Cards.  * She asks how to send Bitcoin.  * There are tons of random transactions on her current public Venmo.  * She has been debanked multiple times and temporarily lost access to her SS/retirement when scammers rerouted them.  * She flips out aggressively anytime a family member tries to confront her.",1,,transaction,,1.0,,,,,,,,,card,unknown,sent_money,none,none,unknown,0.0,1.0,1.0,0.0,0.0
"Same number keeps calling, different people on the other end but with legit info.","I got a phone call yesterday twice from a 314 area code number which isn't local. Let it go to voicemail and it turned out to be my doctors office. It stated a bunch of info that only the doctors would know and wanted me to make an appointment even giving me the correct phone number to call back. Problem is I already made this appointment and just blew it off as a glitch. Well today same number calls and I answer it. Its some women and they immediately asked for my dad about some veterans affairs... my dad isn't a veteran but he was sitting next to me so I just gave him the phone. He had no idea what they wanted and was confused why they were calling me. So this got me curious and called my doctors office, they let me know that they have no record of anyone calling yesterday.",1,,social_engineering,0.0,0.0,0.0,0.0,0.0,0.0,1.0,1.0,0.0,0.0,unknown,phone,none,none,doctor's office,unknown,1.0,1.0,1.0,1.0,0.0
The Fake Amazon Parcel Scam – It Got Me,Got a fake Amazon COD scam call today. Sharing exactly what happened so you don't get tricked.,1,699.0,commerce,,1.0,,,,,,,,,bank,phone,sent_money,payment,Amazon,INR,0.8,1.0,1.0,1.0,
Sbi apk scam??,My friend is the admin of this group but some unknown guy posted this today. I was suspixious the above post and didnt download the apk and left the group. This is a shady link/apk right??,1,,transaction,1.0,0.0,0.0,0.0,0.0,0.0,0.0,0.0,0.0,0.0,upi,unknown,installed_app,download,unknown,unknown,0.9,1.0,0.0,0.0,0.0
Arise Angel Investors,The just changed their site to keepyourheadup.info    This will provide context but TL:DR They are scamming 1000's of people that legitimately need help by pretending to be Angel Investors (I am not the only one)    https://x.com/anonsf0ramerica/status/1989869368671338575?s=46    https://x.com/cannachickog/status/1989890679988744579?s=46,1,,social_engineering,0.0,0.0,0.0,0.0,0.0,0.0,1.0,1.0,0.0,0.0,unknown,social_media,clicked_link,none,Angel Investors,unknown,1.0,1.0,1.0,1.0,0.0
"Almost scammed by MyTinyThinker.com, an education comp. with negative-option billing and difficult-to-identify ownership","I have a four year old who's just beginning to write and, lo and behold, an Instagram ad popped up advertising a (possibly) helpful product called the My Tiny Thinkers TrackTrek Workbook that has grooved stencil-like lettering to help kids practice their penmanship.    I nearly ordered it but something told me to research a little further and I found this r/preschoolers [post of dozens of parents ripped off](https://www.reddit.com/r/Preschoolers/comments/1o5zve9/my_tiny_thinker_club_scam) by the same company: [typical scammy](https://imgur.com/A3Hry33) opt-out only order. Get your item then start getting billed $30 a month. I am pretty good at spotting these (usually) but I'd have never seen this. Price of the 'VIP' membership isn't listed anywhere.    [Their BBB page](https://www.bbb.org/us/ca/castro-valley/profile/educational-supplies/tiny-thinkers-1116-973107) has 76 unaddressed complaints. There's no information about the company listed, no names, nothing. Just an address in Castro Valley, California.    I (slow work day) dug into the California Secretary of State database and found the company TINYTHINKERSCO LLC (B20250047280) registered to a different address with an agent who owns about a dozen small businesses.    I guess I'm posting to a) warn other parents to avoid this company at all costs. They do A LOT of social marketing and b) figure out how a company's ownership can be SO opaque.",1,,commerce,,,,,,,,,,,unknown,social_media,clicked_link,none,company,unknown,0.9,1.0,0.0,0.0,0.0
eBay seller return scam?,"I recently purchased something off of eBay (makeup) and the item that they sent me was the wrong thing. I started a return request, but the seller told me that I could close it and then they would refund it, they just needed my PayPal account. This doesn't sound right to me, and everything I'm seeing says that if I close the return request then I'm at their mercy as to whether they refund.",1,,commerce,,,,,,,,,,,upi | card | bank | crypto | gift_card | unknown | none,sms | email | phone | social_media | website | app | unknown | none,sent_money | shared_credentials | clicked_link | installed_app | none | unknown,payment,company,unknown,0.8,1.0,0.0,1.0,0.0
SCAM ALERT: Klardven is the new name for the Klardun/Trardun rug pull.,"Heads up to anyone browsing TikTok or YouTube today. The 'Klardun' scammers have officially rebranded (again) to Klardven. They aren't even trying to be subtle anymore—it's the exact same website layout, the same '98% sold out' progress bar, and the same fake $55M seed round claim.",1,,commerce,,,,,,,,,,,unknown,website,clicked_link,none,company,unknown,0.0,1.0,1.0,1.0,0.0
Phishing Scam (almost fell for it),"Got a dm from a friend on discord telling me they were able to grab and withdraw $2500 from a logan paul promo which they got via moadax.com. You guessed it, the site got reported for being a phishing scam when i typed in the url after trying to find information about this and the domain is 6 days old. So i assume my friend got scamed. If y'all see this, just be aware of thus, presumably new discord scam bs.",1,2500.0,transaction,,1.0,,,,,,,,,card,dm,sent_money,payment,unknown,USD,1.0,1.0,1.0,0.0,0.0
[US] So I almost got phished today. And honestly? It was really well done.,"Started with a robocall showing 'Google' as the caller - 'Unauthorized login from Toronto, Canada detected. Press 1 if this was you, press 2 if it wasn't.'    I pressed 2 without thinking. Mistake - and I know better. Google doesn't call you about security issues. But fortunately, it wasn't a mistake with immediate consequences.        After I hung up, I did what I should have done first - went to my personal Google account and my Google Workspace accounts and actually looked at my recent sign-ins. Nothing. No Toronto. No unusual activity at all. And since I have 2FA enabled on all my email and don't have SMS as a 2FA option, I wasn't surprised - any real login would have required my authenticator app.    So when I got the callback from a very calm, very professional-sounding person claiming to be Google Security, I knew what was up. They read out my personal gmail account, so at least I knew it wasn't associated with any Google Workspace accounts I have. I played along just long enough to see what they'd send, and what they texted me was a google domain link redirecting to a Google Sites URL - while I was on the call. As soon as I got it, I hung up and blocked the number.",1,,social_engineering,0.0,0.0,0.0,0.0,0.0,1.0,0.0,1.0,0.0,0.0,unknown,phone,clicked_link,none,Google,unknown,1.0,1.0,1.0,1.0,0.0
(US) Tax return scam?,"They left this voicemail and I called them back right after. There was a little intro from a bot and the it told me to press 2 to get on with an agent. They put me on with a 'personal assistant ai' thing which kept asking me for my full name, I kept saying no over and over and eventually the bot was like 'I can't help you, goodbye' and hung up.     I called back once again and this time got on with a man. He asked me for my name and I gave him a fake one. He asked me who had left the voicemail and I gave him the name that was in the voicemail. He then began asking me about my taxes in 2024 and if I owed money or got a tax return. I answered truthfully with a no because I began to doubt myself that this was a scam. We had a brief back and forth with him clarifying that both of those were a no and then he said that my account must've been flagged by accident and he will take me off the list.",1,,transaction,0.0,0.0,0.0,0.0,0.0,0.0,0.0,0.0,0.0,0.0,unknown,phone,none,none,tax authority,unknown,0.9,1.0,1.0,1.0,0.0
Mom is involved in a romance scam [US],"My mom is 72 and for the last 5 months or so she's been secretly having an online relationship with someone she met on TikTok. They quickly moved messaging to telegram and WhatsApp and she started sending money to help him with some 'emergencies'. Obviously a scam! Her bank has warned her and both my brother and I have warned her. She'll act like she believes us and then go right back to the scammer. I know she's probably hooked on the dopamine hits from the attention. I'm working on a POA and monitoring her social media accounts.     My question is, how does everyone deal with this? Emotionally, I mean. I'm so heart broken and anxious about this whole situation. Sometimes I just want to run away and pretend like it's not happening. Ugh it just sucks so much!",1,,social_engineering,0.0,0.0,1.0,0.0,0.0,0.0,0.0,1.0,1.0,0.0,bank,telegram,sent_money,payment,individual,unknown,1.0,1.0,1.0,0.0,0.0
Coinbase phishing email with a lure to call 'support',A Coinbase phishing email that hit the Spam inbox    has a prompt to call (888) 864-7590 which is where they scam you if you call in.    scammy af. sad part is that this works on some folks.,1,,social_engineering,0.0,0.0,0.0,0.0,0.0,1.0,0.0,1.0,0.0,0.0,unknown,email,clicked_link,none,Coinbase,unknown,1.0,1.0,1.0,1.0,0.0
Tinder gal scams,I played dumb. But wanted to see where it goes to waste a lot of their time. A week passes of this person making no sense. Then it told me to put $150 in my usdc and open up an account with cryoworkwin. She/it had all the answers to make a lot of money but never disclosed how or even state her 'observations' on getting rich in the crypto market. Think with that head on your shoulders boys 😆 note this person was from Ottawa ontario under the username Lexi on tinder. 🤣,1,,transaction,,,,,,,,,,,crypto,social_media,sent_money,payment,,,,1.0,0.0,0.0,0.0
Tumblr scam can anyone else help?,"Hey, has anyone here dealt with someone called Sarah Osman? She's apparently a tumblr support person but she started asking a friend of mine for money to restore her account and to get rid of any of the previous reports that had been made.",1,,social_engineering,0.0,0.0,0.0,0.0,0.0,1.0,1.0,1.0,0.0,0.0,unknown,email,sent_money,payment,tumblr support person,unknown,1.0,1.0,1.0,1.0,0.0
ticketing-apple.com - SCAM - American speaker too,"First, you will get a legit text from Apple saying that someone requested to change your password and it'll give you the 6 digit code. Then, you'll get an automated phone call roughly 10-60 minutes later saying, 'This is apple support. Someone tried resetting your password. If you did not, press one and an Apple support person will follow up.' Then, 10 minutes later, you'll get a phone call from a human. It was a native english speaking person, but sounded like a younger kid. Super polite, taking you through the steps and confirming that you did not request the password change. Then, they'll say that they're going to generate a 6 digital code and to go to the official apple website ticketing-apple.com to enter the code. Once you enter it, you'll update your credentials.",1,6.0,social_engineering,0.0,0.0,0.0,0.0,0.0,1.0,0.0,0.0,0.0,0.0,unknown,phone,clicked_link,credential,Apple,unknown,0.8,1.0,0.0,1.0,0.0
Scammer posing as UK police asked if 'Trezor' meant anything to me (high-effort call),"I received a long unsolicited phone call from someone claiming to be 'Detective Baxter' from the UK Metropolitan Police, allegedly working in conjunction with the NYPD.    They claimed a terrorist suspect had been arrested and was found with a file containing personal data from ~500 people, including mine, and that a fake ID existed in my name. They said they had my name, phone number, an old address, and partial bank/credit card information, and repeatedly asked me to 'confirm' details and whether I knew the suspect.    ## Major red flags  - UK police cold-calling a US resident and claiming NYPD involvement (instead of FBI)  - Unable to properly verify identity  - Provided a generic 'case reference number'  - Claimed I could go to *any local police station* to obtain a transcript of the call  - **Call initially came from a New York number, but when asked for a callback number they provided a Bay Area (650) number and couldn't explain the discrepancy**    ## Biggest giveaway They claimed the suspect possessed a **24-word recovery phrase** and directly asked whether **'trezor'** meant anything to me, then offered to have *Trezor call me directly*. I denied any association and declined all follow-ups.",1,,social_engineering,0.0,0.0,0.0,0.0,0.0,1.0,1.0,1.0,0.0,0.0,unknown,phone,none,none,UK Metropolitan Police,unknown,1.0,1.0,1.0,1.0,0.0
Ethan Signals on Telegram,"Hello all, just a mote of warning that Ethan Signals on Telegram has just fired up another arbitrage scam. As usual he claims the best/strongest signal in his history and if their testing pans out they will post it on Tuesday 12/16/2025. BE WARNED!!!",1,,transaction,0.0,0.0,0.0,0.0,0.0,0.0,0.0,0.0,0.0,0.0,unknown,telegram,sent_money,payment,Ethan Signals,unknown,0.8,1.0,0.0,1.0,0.0
Job Scam Alert - Calling from Airport Authority of India as they claim,"A woman called (Caller ID Identified as HR Aarohi), mentioned calling from Airports Authority of India that they saw my profile and got resume from Naukri and that my profile is shortlisted. Which roles among Developer, QA, etc. would I prefer. And then said for the recruitment process an ID need to be generated for which I have to pay Rs. 1100/- which is refundable. I sensed it is sure shot scam and I asked her for the ID of the person who is calling to verify and she went like 'I am not going to give you any of my information, You can google the company if you want'",1,,social_engineering,0.0,0.0,0.0,0.0,0.0,0.0,1.0,1.0,0.0,0.0,unknown,phone,none,none,Airports Authority of India,unknown,1.0,1.0,1.0,1.0,0.0
[US] My wife was scammed on fb marketplace,"So long story short my wife did 0 research and sent this seller on fb 300$ for a deposit for a dog. Giving my wife's phone number, our apartment number along with address.(for contract for the dog).We drove 6 hours to find out this didn't exist and we knocked on some random guys door. A day later an unknown number called my wife saying it's 'sellers name' were down the road with your dog.(dog we were going to get). I love your 'list my wife's suv and color, I'd love to go for a ride in it' and had been spam calling wife ever since. Wife is currently staying in hotel because she doesn't feel safe at home.",1,300.0,commerce,0.0,0.0,1.0,1.0,1.0,0.0,0.0,1.0,0.0,0.0,bank,phone,sent_money,payment,seller,USD,1.0,1.0,1.0,0.0,0.0
Is Novabase a scam?,"Ive heard about people getting fake job offers from novabase, but is it a scam as a crypto wallet?  I started talking to a guy a month go and he put money into an account I made for it, then when trying to withdraw, Novabase told me I had to send money to the account to activate it.  Which unfortunately, yes I did.  Then after a couple tries with that they told me Id need to tell them the exact amount sent, supposed to be recieved, and then the TRANSX ID.  Which I feel like kind of makes sense but also not really, I got scammed huh?",1,,transaction,0.0,0.0,1.0,0.0,0.0,0.0,0.0,0.0,0.0,0.0,bank,website,sent_money,transaction,crypto wallet,unknown,0.5,1.0,1.0,0.0,0.0
[US] Staffing Agency Scam?,"I was contacted through LinkedIn by someone apparently working for Volt (part of Innova Solutions?) for a Morgan Stanley role. I sent them my resume and I joined a Teams call with 3 people from the staffing agency. They told me multiple times that it's a contractor position (6 months temporary, opportunity for permanent) and that I would be paid through them rather than Morgan Stanley.",1,,transaction,,0.0,0.0,0.0,0.0,0.0,0.0,0.0,0.0,0.0,bank,video,sent_credentials,interview,staffing agency,unknown,0.5,1.0,0.0,0.0,0.0
Porter Scam- Ghee Delivery,"Bhai ghee mangwaya tha kisi se Rohtak se     Us bande ne mere relative ko dia peeragadhi k pass     Waha se portar kar rhe the     Driver aya ghee lia or ride start nahi ki     5 kg Cow ghee, lagbhag 10000 ka le gya betichod.     Its a very common scam happening now adays. Called porter service they said since it has no bill or something we cant do anything.    Mind you, I have recordings from a cctv camera however, number not visible. But could    Not do anything.",1,10000.0,commerce,0.0,0.0,1.0,1.0,0.0,0.0,0.0,0.0,0.0,0.0,bank,app,installed_app,commerce,porter service,INR,0.8,1.0,0.0,0.0,0.0
Scammer posing as UK police asked if 'Trezor' meant anything to me (high-effort call),"I received a long unsolicited phone call from someone claiming to be 'Detective Baxter' from the UK Metropolitan Police, allegedly working in conjunction with the NYPD.    They claimed a terrorist suspect had been arrested and was found with a file containing personal data from ~500 people, including mine, and that a fake ID existed in my name. They said they had my name, phone number, an old address, and partial bank/credit card information, and repeatedly asked me to 'confirm' details and whether I knew the suspect.    ## Major red flags  - UK police cold-calling a US resident and claiming NYPD involvement (instead of FBI)  - Unable to properly verify identity  - Provided a generic 'case reference number'  - Claimed I could go to *any local police station* to obtain a transcript of the call  - **Call initially came from a New York number, but when asked for a callback number they provided a Bay Area (650) number and couldn't explain the discrepancy**    ## Biggest giveaway They claimed the suspect possessed a **24-word recovery phrase** and directly asked whether **'trezor'** meant anything to me, then offered to have *Trezor call me directly*. I denied any association and declined all follow-ups.",1,,social_engineering,0.0,0.0,0.0,0.0,0.0,1.0,1.0,1.0,0.0,0.0,unknown,phone,none,none,UK Metropolitan Police,unknown,1.0,1.0,1.0,1.0,0.0
I think I got scammed by AGS (Aegis AI) on Arbitrum – can't sell &amp; asked to pay 'liquidity unlock fee',"I want to share my experience both to vent and to warn others. I know I made mistakes (greed + lack of experience), but maybe this will help someone avoid the same trap.    I was looking for a crypto community on Telegram. Then a guy DM'd me saying he was making 'high profits' and that the key was to chase information about new coins early, before everyone else. He told me he had 'alpha' on a tiny project that could do 30x–50x and had a big future.    The token was AGS (Aegis AI) on Arbitrum, and he specifically told me to use Bitget Wallet to buy it.    I started with a small amount, and the price pumped quickly – my bag was up around 1000% on the first day. That's when he started pushing hard, telling me to 'go all in' and put everything I had. I didn't fully follow his advice, but I did increase my position.    The first red flag came when I tried to sell a small part to take profit. Every swap failed and I couldn't exit my position.    When I told him, he said he knew the 'project owner / dev' personally and that it was just a technical/liquidity issue. He sent me fake screenshots showing that Binance and OKX supposedly bought bags of AGS, to make it look legit.    Then he gave me a second Telegram contact who claimed to be the dev / technical guy. This person told me I couldn't sell because there was 'no liquidity' for my wallet and that I needed to pay about $180 to 'open the liquidity' or 'whitelist' my address.    Unfortunately, I believed them and sent the $180. After",1,,transaction,0.0,0.0,1.0,0.0,0.0,0.0,0.0,0.0,1.0,0.0,bank,telegram,sent_money,payment,project owner / dev,unknown,0.9,1.0,1.0,1.0,0.0
"Anybody know why a scammer would use my card/bestbuy account to purchase an iPad, but have it shipped to my own address?","I'm confused and unsure what to think.    This morning I was bombarded with texts and emails with verification codes and welcome messages to services I do not use.    Among all these was a purchase confirmation from Best Buy for an iPad that was fraudulently purchased by the attacker, only they left my shipping address so they're obviously not getting the iPad.    What's the scam here? Am I missing something or is it purely just to take my money away from me?    I'll note that I haven't made anybody angry and I don't have any enemies that I'm aware of, so why would a hacker do something like that to not get anything out of it.    EDIT:    Well for anyone who this happens to, the delivery service roadie was an option for the scammer to use, and roadie allows them to make a call and change the delivery address at any point up until it's picked up by the driver.    So scammer got his iPad",1,,commerce,,1.0,,,,,,,,,card,email,sent_money,payment,none,unknown,0.8,1.0,0.0,0.0,0.0
Porter Scam- Ghee Delivery,"Bhai ghee mangwaya tha kisi se Rohtak se     Us bande ne mere relative ko dia peeragadhi k pass     Waha se portar kar rhe the     Driver aya ghee lia or ride start nahi ki     5 kg Cow ghee, lagbhag 10000 ka le gya betichod.     Its a very common scam happening now adays. Called porter service they said since it has no bill or something we cant do anything.    Mind you, I have recordings from a cctv camera however, number not visible. But could    Not do anything.",1,10000.0,commerce,0.0,0.0,1.0,1.0,0.0,0.0,0.0,0.0,0.0,0.0,bank,app,installed_app,commerce,porter service,INR,0.8,1.0,0.0,0.0,0.0
Got scammed by clicking the link of fake courier website 48000 UPI credit card..bank denied to chargeback,,1,48000.0,transaction,1.0,,,,,,,,,,upi,website,clicked_link,payment,courier company,INR,1.0,1.0,1.0,0.0,0.0
Workplace scam call claiming to be from Fire Dept,"Received a scam call the other day at work. First red flag was the caller id showed a strange international number. Caller states he is calling from the Fire Dept and they need to come out and check our fire extinguishers and smoke detectors. (Funny thing is we are located literally across the street from the Fire Dept) Ok sure fine. He ask for the managers name, which I did provide. Then he goes on and says there is a FedEx delivery arriving and I need to write down the tracking number. I asked him why would I need to write down the tracking number if it would be on the package being delivered.     By this time I am clued in that this is a weird and not a legit call, but I entertained him for a little bit longer.     He then tells me he is just going to text the manager and I again questioned him as to how he was going to text the manager if he didn't have her number which he says he did. Okay then why did you ask what her name was? Finally he says he is on his way to the business to meet the supposed FedEx delivery. I said 'and who are you again?' Then he tells me he is the Regional Vice President. I said 'Regional Vice President of what?' He replied of my company (even though at the beginning of the call he said he was with the Fire Dept). I laughed and said 'nice try, we are privately owned' and hung up. Looked it up and it's a popular scam.    My question is what is the end game of this scam? Like what does the scammer get out of the business, there was no FedEx delivery",1,,social_engineering,0.0,0.0,0.0,1.0,0.0,0.0,1.0,1.0,0.0,0.0,none,phone,none,none,Fire Dept,unknown,1.0,1.0,1.0,1.0,0.0
Elon Musk crypto scam sent to all of my chats from my account,"Posted as a story and a post and it also sent the same picture of elon musk's twitter profile with a crypto scam tweet to ALL of my chats. I looked at the devices that are logged in and there's nothing, I don't know who else to ask.",1,,transaction,,,,,,,,,,,unknown,sms,sent_money,payment,,,,1.0,0.0,0.0,0.0
I was scammed on Telegram by a fake 'trading investment' account — warning to others,"I want to warn everyone about a scammer I encountered on Telegram who pretends to run a trading investment service.        They promised that if I invested $200, I would receive $2100 after 24 hours of 'trading.' After I paid, they suddenly shortened the time to 4 hours and then asked me to pay multiple extra 'fees' to release the supposed profit. Every time I sent money, they invented new charges.        This is the classic pattern of an investment scam:    – Guaranteed high returns    – No commission 'at first'    – Fake trading results    – Repeated demands for more deposit/fees    – No actual payout        Here is the Telegram username they used:@DAVID_SACKS01, A_Dave_kowalsky    (Be careful: they may change usernames often.)    I'm sharing this so others don't fall for the same trick. DO NOT send money to strangers promising unrealistic investment returns.    If anyone else was scammed by similar schemes, feel free to share below so more people know.",1,200.0,transaction,0.0,0.0,1.0,0.0,0.0,0.0,0.0,0.0,1.0,0.0,bank,telegram,sent_money,payment,trading investment service,unknown,1.0,1.0,1.0,0.0,0.0
[US] Failed credit union scam attempt - Don't make my mistakes!,"I hang around in this sub a lot and I like to offer advice to others when I can. I experienced a scam attempt on Sunday demonstrating to me just how good these people can be when trying to convince you they are genuine.    In the middle of Sunday's playoff game, I received a text message from my credit union (specifically named), asking if I made a $240 purchase at a Target in Lansing, Michigan (I'm in Florida). This account's debit card had been compromised at least three times previously, so it got my immediate attention. Had I been more attentive, I would have noted the incoming phone number wasn't legit (the credit union's text used a typical 5-digit SMS number). I was asked to respond 'yes' or 'no.' *My first mistake* was responding 'no,' since that verified I was here.    Before I even had the chance to log into the account, the phone rang. Now I wear hearing aids which are Bluetooth-connected to my phone so I can stream calls. I tapped on one of the aids on my ear to answer the call. I didn't immediately see the incoming number as I walked to another room to get my laptop. *Mistake number two.*    The caller didn't have an accent, but the call quality was not good - unusual with my hearing aids - and his voice was so garbled, I had to keep asking him to repeat things. He tried to explain about three $500 Zelle payments that were made from my account (while he barely mentioned the Michigan Target charge). He then told me that my account was being 'restricted,' and that I should send a verification code to a phone number he provided. *Mistake number three.*    I sent the verification code, but when I asked him for more details about the restrictions, he started asking me personal information like my name, address, and date of birth. I realized this was a scam attempt and hung up.    Afterwards, I contacted my credit union and they confirmed that no fraudulent activity had occurred on my account.",1,240.0,transaction,0.0,1.0,0.0,0.0,0.0,0.0,0.0,1.0,0.0,0.0,bank,phone,sent_money,verification,credit union,USD,1.0,1.0,0.0,1.0,0.0
Crypto Recovery,Has anyone had any experience with Zavk Recovery??  I lost funds via a Scammer....   Is anyone familiar with Zavk????,1,,transaction,,1.0,,,,,,,,,crypto,email,sent_money,recovery,individual,unknown,0.9,1.0,1.0,0.0,0.0
Stay away from FxCapKyn - Fake Crypto Exchange,Just a quick heads up for the community: **FxCapKyn** is a fraudulent website. It is not a real exchange. They will lock your account and steal your crypto. Please avoid this site at all costs.,1,,transaction,,1.0,,,,,,,,,crypto,website,sent_money,payment,crypto exchange,unknown,0.0,0.0,1.0,0.0,0.0
DeFi Scam,I recently made a mistake and began trading on a new platform. It was through my Base wallet. https://m.defifinance.cc/#/ After attempting to make my first withdrawal the app froze. After reopening it my UID had change and the account balance was zero. I had to contact them on WhatsApp and they verified the balance in my account but was told I had to pay a 20% bond to access my funds. I understand the recovery scam and didn't pay. Is there any way I can access those funds? Any recourse?,1,,transaction,,,,,,,,,,,crypto,app,withdrew_funds,recovery,DeFi platform,unknown,0.8,1.0,1.0,1.0,0.0
Scam claiming I have outstanding payday loan?,"Back in my younger days, 10+ years ago, I would occassionally use payday loans to get advances when I was short on money. These repayments were always deducted directly from my bank account on payday, so all of them were always paid in full. I haven't used payday loans in well over a decade.    However, about two years ago I started getting occassional phone calls, claiming that I had an outstanding payday loan that was never repaid.  Knowing that I didn't have any outstanding loans, I assumed it was just a scam attempt, and just ignored them... never called back, never gave any information.  I recently got a text stating that they are going to garnish my bank account.  So this time I called them back.  Again, I did not give any of my information... but they had my name, address, DOB, and SSN already.  I told them I had no loans, and would not be sending them any money.  They told me I would have to 'tell it to the judge,' and hung up on me.    I am wondering if anyone has encountered a scam like this?    Reasons I am concerned:    * They had all of my personal information.    * I did used to use Payday loans.    Reasons I think it's a scam:    * I never left any loans unpaid.    * Nothing about this has ever appeared on my Credit Report.    * I don't recognize the name of the loan company they claim I got a loan from.",1,,transaction,0.0,0.0,1.0,0.0,0.0,0.0,0.0,0.0,0.0,0.0,bank,phone,none,payment,payday loan company,unknown,0.8,1.0,1.0,1.0,0.0
Domerex,"I found a crypto casino named Domerex where if you put a promo code they give 2.500$ because they are celebrating their 50m users  but I tried to withdraw this and they said that I need to verify my account so i need to deposit 60$ (That 2.5k turned into 40k) Is it a scam,isn't it? I think it is scam ,how can someone give you 2.500$ so easy,but this amount of money can drive me crazy and I can't stop thinking to try deposit…",1,2500.0,transaction,0.0,0.0,0.0,0.0,0.0,0.0,0.0,0.0,1.0,0.0,crypto,website,deposited_money,transaction,crypto casino,unknown,1.0,1.0,1.0,0.0,0.0
Paragon tweaks scammed us,"This summer https://paragontweeks.net/ PC Tweker made his coin $PRGN.People bought it.Coin was suposed to be payment currency for them work,also holding coin in your wallet was suposed to acumulate points and than you can reedem points for chance to win some hardware like a gift for loality.Hundreds of people bought coin,we holded some people weeks some months from beginning,they promissed advertisment,collaborations with other crypto teams,uploading them software to microsoft,steam,epic games(they did microsoft) we patiently waited for epic games ,steam,we asked for months,they was postponing informations using excuse moving into different launchpad (migrating coin)As soon as migration was done.They shut it down couple days ago Sunday 21.12.2025 using bunch of excuses that afternoon in matter of hours changed tone from positive to negative.Than in couple hours after Gavin Wilburn posted those excuses they deleted whole telegram group,whoever was complaining on them discord was very quickly banned (Jurnin),than they deleted tweets months in past in matter of first couple hours too and also removing anything associated with crypto on them webpage ( that takes time so must be planned) Biggest holders who bealived in them  lost in between 10 and 50 thousnds dollars after scam they pulled on us.Using excuse to save their business they scammed us.Gavin Wilburn and London Green think that we will forgot,that we give up.Scammers we report to FBI we will find other ways for justic",1,,transaction,0.0,0.0,1.0,0.0,0.0,0.0,0.0,0.0,1.0,0.0,bank,website,holded coin,none,crypto team,unknown,0.9,1.0,1.0,1.0,0.0
Mr smith and Ella with bes,"Bes trading group website :pk.bescoin-crypto.com- license is fake - will not give address, collects 25 percent commission and when I called them out - they shut me off- did not invest as they avoided questions and answers -   Stay away from them",1,,transaction,,1.0,,,,,,,,,crypto,website,invested,investment,trading group,unknown,0.5,1.0,1.0,1.0,0.0
Most Sophisticated Attempt I've ever seen by a mile… Google,"Wanted to help spread the word on a super sophisticated phishing attempt that came my way today. Supposedly from Google.     It starts with an automated phone call attempting to verify a suspicious phone number change after which some handful of minutes later, a 'Google security team member' calls you. Suuuper convincing! 'We won't ask for any passwords or any personal information, we're just trying to verify this attempt to change your number to \\_\\_\\_ from [your actual phone number]'",1,,social_engineering,0.0,0.0,0.0,0.0,0.0,1.0,1.0,1.0,0.0,0.0,unknown,phone,none,verification,Google,unknown,0.9,1.0,1.0,1.0,0.0
SCAM ALERT: Klardven is the new name for the Klardun/Trardun rug pull.,"Heads up to anyone browsing TikTok or YouTube today. The 'Klardun' scammers have officially rebranded (again) to Klardven. They aren't even trying to be subtle anymore—it's the exact same website layout, the same '98% sold out' progress bar, and the same fake $55M seed round claim.",1,,commerce,,,,,,,,,,,unknown,website,clicked_link,none,company,unknown,0.0,1.0,1.0,1.0,0.0
[SCAM ALERT] Cashify agent tried to hijack my MINT iPad with fake reports and a secret lock.,"I am posting this to warn everyone about the disgusting predatory tactics of Cashify agents.    **The Device:** Apple iPad, MINT condition. Zero scratches, zero dents (always in a heavy-duty cover), and excellent battery.     **The Scam:** The online quote was high, but the agent offered **50% less** the moment he arrived. **The Lies:** 1. He spoke 'gibberish' and mumbled when I asked for technical reasons for the price drop. 2. In his report, he marked my perfect screen as 'scratched' and said there were 'dents' that don't exist. 3. He claimed the battery was bad—but **he didn't even know how to check iPad battery health** (which is hidden in analytics). He just made it up.    **The Spite:** I refused to sell it. Because I didn't fall for his scam, he left **HIS fingerprint** and a **secret passcode** on my iPad. He basically 'bricked' my device as he walked out the door.    **The Support:** Cashify Support (Anup Kumar) was useless. He just emailed me common pins like '0000,' which didn't work because the device was in 'Security Lockout.'    **The Fix:** I've spent the last 3 hours using my **laptop to force-restore the iPad** via Recovery Mode. I had to download an 8.83 GB file just to delete a stranger's fingerprint from my property.",1,,commerce,0.0,0.0,0.0,0.0,1.0,0.0,0.0,0.0,0.0,0.0,upi,phone,installed_app,none,company,unknown,0.8,1.0,1.0,1.0,0.0
I received this email from : rpratkums@manisjos.onmicroosoft.com. Posting for awareness. Scam/phishing email.,,1,,phishing,0.0,0.0,0.0,0.0,0.0,1.0,0.0,0.0,0.0,0.0,unknown,email,shared_credentials,login,company,unknown,0.8,1.0,1.0,1.0,0.0
[US] just got a call about a 'healthcare benefit subsidy card',"Got a call from someone claiming to be a licensed healthcare agent saying I qualified for a 'healthcare subsidy benefit card' — $500–$1200/month for gas and groceries, not repayable. He asked basic questions (age, income, insurance) but weirdly repeated them multiple times. Then he wanted to do a practice call to coach me before connecting a Marketplace agent. When the call was merged, it sounded like the real Marketplace line. The agent asked for my name and DOB, but the call dropped mid-sentence and no one called back. Calling the original number just plays endless music. Tons of red flags. Only info I gave was name, phone, email, address, and birthday — pretty sure it was a scam.",1,500.0,transaction,0.0,0.0,0.0,0.0,0.0,0.0,1.0,1.0,0.0,0.0,unknown,phone,sent_money,transaction,healthcare agent,unknown,1.0,1.0,1.0,1.0,0.0
Liking YT videos scam?,"Hello friends,    Like many of you I have gotten unsolicited 'job' opportunities. With outrageous payouts '$500-2000' commission a day. So I was curious what really was the scam here so I went along. First they explain what they do 'the tasks' which is liking YT videos and shorts. Then they say for a 'sign on bonus' we will give you $15 in ETH. So I used my Venmo crypto current acc sent them my wallet address and sure enough they gave me $15. Then out of curiosity I went along with the scam and they continue to pay me $9 here $5 there.",1,,transaction,,,,,,,,,,,crypto,social_media,sent_money,payment,,,,0.0,0.0,1.0,1.0
discord scam? want advice,got a message froma friend that apparently she reported me for like money/fraud or some shit and the response for appeal she received involved a support admin (@jxuanz_moderatorsupport) and now this jingxuan person is telling me to change my email address so that discord can verify my account?    is this a scam or do I need to do that to fix my account? idk what to do        my account standing still says its fine but im shaking with anxiety because all of my friends are on my discord ugh I feel sick,1,,social_engineering,0.0,0.0,0.0,0.0,0.0,1.0,1.0,1.0,0.0,0.0,unknown,email,clicked_link,verification,Discord support,unknown,1.0,1.0,1.0,1.0,0.0
CA Buyer scam on kijiji,"I recently posted a thing on sale on kijiji, the canadian equivalent of craigslist or facebook marketplace i think. I've gotten 7 different people contacting me, all from either random numbers or seemingly random email adresses, disguised as regular people.    The method of this scam involves:    Person contacts you    person asks if item is still available,    if say yes, then they respond that they are happy with item condition and are on vacation, and that they will send their cousin over to pickup the item for someones surprise birthday gift. Sometimes the cousin is replaced with a moving company.    Here's some screenshots of it too.     It's funny because i've recieved this exact script like 5 times now..    have fun reading my slow realization that i shouldn't have put my phone number on the listing.",1,,commerce,0.0,0.0,0.0,1.0,1.0,0.0,0.0,0.0,0.0,0.0,upi,email,shared_credentials,nondelivery,seller,unknown,0.9,1.0,0.0,0.0,0.0
was sent this tiktok message,"The message includes a username , password, and an amount of money 'left for me'.     The website leads to Nebula X log in page, no idea what that is!     What could this scam lead to? What is the purpose?",1,1.0,advanced,1.0,1.0,1.0,0.0,0.0,0.0,0.0,0.0,0.0,0.0,upi | card | bank | crypto | gift_card | unknown | none,sms | email | phone | social_media | website | app | unknown | none,sent_money | shared_credentials | clicked_link | installed_app | none | unknown,payment | verification | login | download | none | unknown,bank | government | company | individual | none | unknown,unknown,0.9,1.0,1.0,0.0,0.0
[US] we WILL locate you?,"So recently my fiancé and i have moved for work. To my knowledge i have no outstanding credditors or pending legal cases.     About a week after we moved i recieved a phone call addressing me by a previous legal name i havent gone by in years. Both my fiancé and i have changed our full legal names for personal reasons. This person called addressing me by my old name and using an address i havent lived at since i used that name 5 years ago.     They demanded to speak to me, i never comfirmed who i was, and when i didnt do so made vauge threats about being a compliance officer tasked with locating me and if i dont disclose who i am. That i would be located.     I might messing up the script but they specifically said compliance officer but didnt say with what company, jurisdiction or government agency.     I hung up and they then started calling my fiancé and from private numbers only.      We hung up and theyve now started calling just my fiancé and from private numbers only.      Ive done public record searches, small claims, criminal and warrant searches in the last 2 states ive lived in and found nothing. Used been verified to look up the 2 numbers they called us from and the one they left for us to call and they are listed as 'likely scam'.     I called the number they left and pretended to be a lawyer asking why they were harrasing my 'client' and for either a case # or the name of the company/agency they represent and they refused",1,,social_engineering,0.0,0.0,0.0,0.0,0.0,1.0,1.0,1.0,0.0,0.0,unknown,phone,none,none,compliance officer,unknown,0.8,1.0,1.0,1.0,0.0
Fake Blue Dart Scam ?,"My dad received a call from someone claiming to be a Blue Dart employee. They said a courier was booked using my dad's name and phone number from Mumbai (we don't live in Mumbai) and was being sent to Thailand. According to them, Customs flagged the parcel as illegal or contaminated.    The caller also said that airport/customs authorities are asking for the Aadhaar details of the person who supposedly booked the courier.    Ofcourse we did not budge and did not share any details.  When I tried searching for the number we received the call from on Truecaller or Gpay, there was nothing on it.    This sounds suspicious to me. Has anyone experienced something similar, or does this look like a scam?",1,,transaction,0.0,0.0,0.0,1.0,0.0,0.0,0.0,0.0,0.0,0.0,unknown,phone,none,none,Blue Dart,unknown,0.8,1.0,1.0,1.0,0.0
[US] Has anyone heard of 'Dunley Financial Group',"This coming claims to be a debt collector located in the state of Maine. I can't find any footprint for this company online which leads me to believe it's an illegitimate business trying to scam people. The address the gave seems to be an office building with available rental space for multiple companies but their address didn't have a suite #.    Got a call from this company today claiming I owed an outstanding balance on an old bank account from 2009/2010. They claim the bank did a charge off in 2017 and that they're not collecting it and threatened to file a civil suit and report to Chex systems and said all my accounts will be frozen for 5 years. I called said bank (which is also my current bank) and they said they have no history of collections or any charge off accounts initiated by them. They also suggest I called early warning to triple check, which they told me that debt is only on reports for 7 years so it wouldn't be on my consumer file anymore due to it being so old.",1,,transaction,0.0,0.0,1.0,0.0,0.0,0.0,0.0,1.0,0.0,0.0,bank,phone,none,payment,debt collector,unknown,1.0,1.0,1.0,1.0,0.0
Tech company Scamming students,<https://www.reddit.com/r/DigiYodha/> Tech company Scammer even created a reddit community to scam students. This is outrageous especially for people who are diligent and study hard to crack genuine opportunities and companies like these straightaway sell internship certificates Linkedin page of the company: <https://www.linkedin.com/company/vatalique/> Website: <vatalique.com> Other reddit account associated with vatalique: u/AncientMan_. This guy dmed me claiming to be from vatalique>,1,,commerce,0.0,0.0,0.0,1.0,1.0,0.0,0.0,0.0,0.0,0.0,upi,sms,sent_money,commerce,company,unknown,0.9,1.0,1.0,1.0,0.0
3dns .box domain is a scam,"So i purchased a .box domain a year ago, everything went through well. In September i used the 3dns platform to renew my purchased domain and paid in USDC to swap to ETH (using their platform's built in feature) and it reached the 3DNS contract (via deBridge 'Bridge and Pay'), but there is no renewal/expiration event in the Optimism tx logs.    After contacting their support (the support on their website didnt work, the Discord mod said so) on Discord, they updated the new expiration date on their website UI, but nothing happened onchain. I told them i need an actual onchain transaction for verification, then they just keep postponing the resolution, saying their engineers were working on it. After a while they shut down the discussion section on their discord server and the only active mod (who is the support) said he would be working on other projects. And recently they also deleted my ticket on their Discord.",1,,transaction,0.0,0.0,1.0,0.0,0.0,0.0,0.0,0.0,0.0,0.0,bank,website,paid,transaction,3DNS,unknown,0.8,1.0,0.0,1.0,0.0
"Weird 1st time experience with Blinkit delivery agent, could it be a scam?","So we ordered some stuff off Blinkit recently. I rarely use these apps but it was one of those moments when everything around was closed and one of the 10 minute delivery app Blinkit was the only option for some quick food.    We got the order delivered in time, no issues. The delivery agent dropped it off to us (all in the Blinkit sealed bag), we cooked the food and had just sat down the plate about 30 mins later heard the doorbell again.     It was the delivery agent saying, we registered a complaint on Blinkit app that we didn't receive the order. To which we said we hadn't raised any complain nor cancelled any order and the order was marked delivered on Blinkit app. There was no error of two orders also, as we could only see 1 order that we placed on the app which we ate.     The delivery agent and the person on his phone started demanding the order items back or to pay the order money in cash otherwise it will be deducted from the delivery agent's bank account. The person on call with the Blinkit delivery driver was very rude and didn't seem like a call from any of the official Blinkit customer service for sure from the tone he was talking.    We told him the app has marked the order delivered and we hadn't raised any refund so there was no chance of paying the amount again for items already paid for. We called Blinkit customer service and suddenly the guy on the call with delivery agent said 'leave it, don't worry about the payment' and just left without saying anything",1,,commerce,,,,,,,,,,,upi,phone,sent_money,payment,delivery agent,,,1.0,0.5,0.5,0.0
Atlys (Visa Service) failed to submit my application and deleted chat messages to cover up their incompetency. Kept ghosting while I begged for my passport back.,"IF YOU CARE ABOUT YOUR SANITY NEVER USE ATLYS FOR ANY VISAs.    I spent an entire week in agonizing fear and anxiety after Atlys failed to submit my application for japan visa  despite saying they would (they deleted these messages), and then failed to return my passport for a very long time. Everyday they would just say 'its getting dispatched today' and upon asking when, they'd start ghosting.. I legit thought they had lost it.    I just received my passport back hence making this post.    tldr: Atlys lied about true application status, failed to submit application to the embassy, denied refund and did not return my passport for several days as well as DELETED crucial chat messages which couldve been used as evidence (fortunately i have most of it). From what it seems, someone in the process made a mistake, it snowballed into a complete mess, and they had to delete evidence in order to cover it up from the higher ups.        It was an agonizing experience.     I have compiled the entire chain of events with full details on my website: [atlys-scam.identifiedneko.com](http://atlys-scam.identifiedneko.com)     If you dont trust the link, i'll also post the same thing from the website in the comments. Text only though, screenshots of the chat are on the site.",1,,commerce,0.0,0.0,0.0,1.0,0.0,0.0,0.0,0.0,1.0,0.0,unknown,website,none,commerce,Atlys (Visa Service),unknown,0.9,1.0,1.0,0.0,0.0
MALL Platform Order Grabbing Crypto Scam. Screenshots in Comments.,"A so-called 'task-based earning' platform is circulating that promises commissions for fake order-grabbing activities linked to major e-commerce brands (Amazon, AliExpress, Alibaba). Early stages allow small withdrawals and payouts to build trust. Once confidence is established, users are required to deposit cryptocurrency (USDT via the TRC-20 network) to access higher commissions. After deposits are made, withdrawals are frozen and additional payments are demanded to 'unfreeze' or 'restore' accounts.",1,,commerce,0.0,0.0,0.0,1.0,1.0,0.0,0.0,0.0,0.0,0.0,crypto,website,deposit,commission,e-commerce brands,unknown,0.9,1.0,1.0,1.0,0.0
"[US] Really good PayPal phishing scam, beware!","I will start this by saying I am a very computer literate person, so this scam to me was absolutely wild.    I woke up to find several emails from the official PayPal email regarding a new account opened with someone whose name was not mine. All the emails were from THE official PayPal service email to me. I called PayPal to report the suspicious activity in the morning when they opened, they told me it is absolutely impossible for someone to make a new account using my email. I went back to the emails to check all the details a second time. the actual 'to' address was my email but without the '.' between my first and last name but was also to my specific email (but not listed as such in the 'to' section. I found above there was also a 'reply to' and the official PayPal service email.    This MOTHER really hit reply to the official PayPal email from an email account with my name without a period and BCCed me on it (I assume changing where the links direct to phish) so it looked like it was to my official email.    As a computer literate person I obviously didn't click on anything in the emails because the whole situation was too odd to me and I wasn't doing anything until I called PayPal for confirmation.    this is a VERY good scam to computer literacy vulnerable people so I just want this out there to warn others!!!",1,,phishing,0.0,0.0,0.0,0.0,0.0,1.0,0.0,0.0,0.0,0.0,upi,email,clicked_link,phishing,PayPal,unknown,0.9,1.0,1.0,1.0,0.0
Anyone heard of Axle Data scam? (help please),"Hey guys, I'm posting in a slight rush on behalf of a co-worker who I believe is being scammed and just want to see if anyone has heard of this program before.    It's called Data Axle, which IS a real website, a real thing, but I think the scammers are using screenshots of it to seem legit.     Has anyone encountered this scam before? Screenshots below that I got her to send me.    From what I can tell from the real website, you can't apply for a job with them without sending them an email... Which she did not do. She got this through a WhatsApp group!!        It's quite elaborate, with an app-like interface through a link they sent her.    Simply put, you send money (she sent $1000) to complete some type of 'package', and once you have sent enough money, you get more back. She was going to send another $1500 and was expecting to get $5000 back.     At first I joked about it being a pyramid scheme before she explained it all, and then I was shocked by how scammy it sounded. I was like, this is too good to be real. If this was real, everyone would be doing it, and now she is freaking out.         Is there ANY way that this could possibly be real?? And is there any course of action for getting her money back if it's a scam?    She has since asked for her money back from them after I expressed my concerns.        Thank you!!    https://preview.redd.it/w0c5z08hzfgg1.jpg?width=246&amp;format=pjpg&amp;auto=webp&amp;s=a5159ea15d0e73b725e3a24904265211e221cf22    https://preview.redd.it/w0c5z08hzfgg1.jpg?width=246&amp;format=pjpg&amp;auto=webp&amp;s=a5159ea15d0e73b725e3a24904265211e221cf22",1,1000.0,task,0.0,0.0,0.0,0.0,0.0,0.0,0.0,0.0,1.0,0.0,upi,app,sent_money,payment,unknown,unknown,0.9,1.0,1.0,0.0,0.0
Fake GEICO number- robbed $1100 but actually bought me insurance,"I needed homeowners for an elderly relative- her old company dumped her when her husband died.    I googled GEICO Homeowners and got a number, i called the number,  and a nice man took all my info.    I'd already tried to do it online so his questions line up exactly with the application.    –; yes, i want to bundle with the auto policy, and the quote came out the same.    All is good, time to pay- i'm putting the whole thing on my AMEX card.   He says something about TWO transaction and one will appear under a different name for the discount.    I was pretty sure GEICO uses other carriers for homeowners so i was not suspicious.    But after i got off the phone i became suspicious so i called geico -    I had a a policy, with all the right information but they only received the down payment.    Apparently my fraudster went through the whole application and made the first payment.  I got an email confirming.   I would not have figured this out until i got a bill for the balance.    The other $1100 was charged to another company.    Then i googled the number I had called and there was only one return to some random bank.    EDIT:  The plot thickens     WHEN i spoke to the real GEICO  agent, he read the email address he had for me and it was wrong. I gave him the correct email and the policy paperwork arrived in a couple seconds, from him. It showed the partial payment.    Then i get another batch of emails from geico/homesite which i know is one of their carriers.    SO i call  ",1,1100.0,transaction,0.0,1.0,1.0,0.0,0.0,0.0,0.0,0.0,1.0,0.0,bank,phone,sent_money,payment,insurance company,USD,0.5,1.0,0.0,0.0,0.0
"[IN]SCAM ALERT: If you see an 'Elon Musk' tweet about a new crypto casino called Ronegex, REPORT IT.","**Warning: 'Ronegex' and the Elon Musk Crypto Casino is a Scam**   I'm posting this to warn everyone: If you see a screenshot of an Elon tweet launching a 'crypto casino' called **Ronegex**, stay away.    **How the scam works:**    1. They use a fake 'Inspect Element' screenshot of an Elon tweet (which doesn't exist).  2. You enter a promo code and see a fake balance (e.g., $2,500).  3. When you try to withdraw, they demand KYC docs or a 'deposit' to unlock the funds.    I tried it and verified it's a trap. The site is a template used by scammers to steal identities and deposits. **Do not upload your ID.**",1,2500.0,transaction,0.0,0.0,0.0,0.0,0.0,0.0,1.0,1.0,0.0,0.0,crypto,social_media,clicked_link,transaction,Elon Musk,unknown,1.0,1.0,0.0,1.0,0.0
Got call from cybercrime,some guy called my mom's number saying he is from the cybercrime department and that someone is using my mother's aadhar for a different number being used to commit crimes (texting obscenities to girls). He is asking us to go to the local police station and call him from there so he explain the situation to the police or something. I called him a scammer and told him  to stop. He spoke back calling me illiterate and saying that we would get a legal notice    this is totally a scam right? what was the point of sending us to the police station to meet some guy there?,1,,social_engineering,0.0,0.0,0.0,0.0,0.0,1.0,1.0,1.0,0.0,0.0,unknown,phone,none,none,cybercrime department,unknown,1.0,1.0,1.0,1.0,0.0
Grandlotusunion.com Review! They lure you in and block your withdrawals.,"I am writing this review about grandlotusunion to warn everyone about my terrible experience. This company is a complete scam    I initially planned to invest $10,000, but their 'account managers' pressured and manipulated me into increasing the amount. They convinced me that with a larger deposit, I would receive a 'guaranteed' profit. In the end, I deposited a total of $40,000    Despite my attempts to contact them over the last 3 days, there is total silence; they have completely stopped responding to my calls and emails, leaving my withdrawal requests ignored and my 40,000 EUR trapped in their system—proving that they are only friendly when soliciting deposits but disappear the moment you try to take your money out    If you see positive reviews about grandlotusunion, stay away — they are most likly fake. These are professional scammers who will empty your bank account. Don't invest a single cent here! They stole $40,000 of my money, and now I'm filing a lawsuit",1,40000.0,transaction,0.0,0.0,1.0,0.0,0.0,0.0,0.0,0.0,1.0,0.0,bank,email,sent_money,withdrawal,company,EUR,1.0,1.0,1.0,1.0,0.0
pig butchering: i wish i knew,"lost about 300K total. we lost proceeds from the sale of a house. wife withdrew from 401(k), too. i threw away my kid's college tuition.     i was stupid. we were both stupid and greedy. *i* made the initial contact with information i found online. and i found the pitch so convincing. it is a real person based on linkedin and facebook profiles. but, i was stupid and greedy. didn't bother to do the due diligence or at least talk to friends.     be aware of this. protect yourself.     i will never heal from this. but god's grace - we both have kickass jobs and a smart kiddo. we'll be ok.     fuck the thieves.     be careful y'all.     &lt;EDIT: i have contacted authorities and we know that nothing will happen even though they have the power to freeze/contact the exchanges. This very sub has a NUMBER of people from that crime ring. They have put comments in here and sent me DMs, trying to suck information out of me. Over 1/3rd of the viewers of my post are from Nigeria, too. This isn't the only proof, though. The people who sent me DMs: some of their lifespan on reddit matches exactly with the date when my advisor went underground. These are crime rings using human slave labor, and working them to death. The names of people (my advisor) and the websites i used don't matter. It's the psychology and the principles of the thing: their methods will continue to rapidly evolve to cheat you.     Y'all stick to your work-ethics and don't let greed overtake you. I am extremely lucky to n",1,,pig butchering,0.0,0.0,1.0,0.0,0.0,0.0,0.0,0.0,1.0,0.0,bank,email,sent_money,payment,unknown,unknown,0.95,1.0,1.0,0.0,0.0
Lost 20k on a fake exchange ponzi scheme,was brought into this Ponzi scheme by my friend who I know for many years basically there was a group on Telegram called TSQ. They said they have a partnership with an exchange called hellobit they were giving us trading signals that we were putting into the app to make money at first everything worked seamlessly I was making money I could withdraw my money so I decided to put in even more across multiple accounts because they were giving referral bonuses in a form of extra trading signals for people who invite other people after sometime they made up a story about getting hacked and that our funds are lost and then they disappeared. It later turned out that the trading signals were fake and they took our deposit and disappeared,1,20.0,transaction,0.0,0.0,1.0,0.0,0.0,0.0,0.0,0.0,1.0,0.0,bank,telegram,sent_money,none,exchange,unknown,1.0,1.0,1.0,1.0,0.0
(US) Definitely not a legit job offer. BEWARE!,"I'm currently unemployed and got a text with a remote job offer from someone claiming to be from VRG Therapeutics. The position is for customer service/data entry. It paid nearly $30/hour for training (a week) and nearly $40/hour but no more than 35 hours a week.    I passed the 'interview/briefing' with flying colors, although I got a nagging feeling during the interview. I think it was the asking about loyalty a couple of times. I wondered how was the workload that they felt the need to ask this repeatedly. They informed me that they will be sending me equipment (Chromebook, webcam, printer, possibly desk &amp; chair-a bit much, but ok?) and asked how I'd like to be paid. (First alarm bells went off in my head) He also asked if I have a credit card and is it maxed. (?!??? Louder alarms)    I was to expect an email the next morning &amp; to be available for my first job briefing. The email consisted of a job offer letter &amp; a W4 form. The job offer letter had odd multiple fonts &amp; was addressed from a generic Chinese supervisor name although I was told that the company was based in Budapest (More alarm bells) THEN he asked for a photo of my credit card, front &amp; back. (Absolutely NOT!)    I flatly refused (Four alarm fire sirens going off now).  I am currently on hold, despite being told by David (my direct 'supervisor to be') that I have nothing to worry about. Considering that this is only the second time I've spoken to him online, his repeated assurances are poin",1,,transaction,,1.0,,,,,,,,,card,text,sent_money,payment,company,unknown,0.9,1.0,1.0,1.0,0.0
New Level Pay legit?,Is this a known international payments platform or a scam setup? Www.newlevelpay.com thanks folks,1,,transaction,1.0,1.0,1.0,0.0,0.0,0.0,0.0,0.0,0.0,0.0,upi | card | bank | crypto | gift_card | unknown | none,sms | email | phone | social_media | website | app | unknown | none,sent_money | shared_credentials | clicked_link | installed_app | none | unknown,payment | verification | login | download | none | unknown,bank | government | company | individual | none | unknown,unknown,0.9,1.0,1.0,0.0,0.0
"[Canada] Phishing scam, I feel so stupid and ashamed, my girlfriend probably hates me.","I have been waiting for my Alberta license I have ordered just before I went to Mexico for 12 days.    I have NEVER fell for any scam ever, but this seemed so legit and with my circumstances it just seemed exactly what would happen.    I got the message from Canada post saying I needed to sign something to pick up my license from the delivery driver or it would be returned to the post office (I received this as soon as I landed back in Canada, but was sent on Feb 5th).    Anyway, I opened the link, it took me to an exact replica of Canada post website, link and all, I put my email in, confirmed my identity, and then I needed to pay for a re delivery, I paid.    I'm from Australia so I wasn't sure how things worked here, you usually get charged for all different things that you wouldn't in Australia so I thought it might just be how it is.    How I realised it was a scam was when I got spammed by emails a couple hours later and got locked out of my scotiabank app.    I have locked my card and I ordered a new one, I am currently on the phone with them to cancel the current one for peace of mind.    Is the card being locked enough, or am I being paranoid?    I can't believe I fell for this, I hate myself and can't sleep because of this, any advice would be appreciated if what I've done isn't enough.",1,,transaction,,1.0,,,,,,,,,card,website,paid,payment,Canada Post,unknown,0.8,1.0,1.0,1.0,0.0
[IND] Beware of this whatsapp scam claiming to use DMA account for huge profits,"I joined a whatsapp so called 'trading community' that was initially helping participants with stock recommendations. These were beneficial initially but then they slowly started saying that they are opening a new office in India and were planning for a big 'compounding strategy'. So they asked people to open account with Interactive Brokers India, which I did. They knew exactly when my account was approved etc which leads me to believe these elements are part of the IB ecosystem. Later they said they will help me open a DMA account and pointed me to install a third party app 'IBIN MAX'.. that was my red flag and I quit.    If you are part of a similar group, beware not to do anything which is suspicious and stay away from installing any third party apps of any sort.",1,,transaction,0.0,0.0,1.0,0.0,0.0,0.0,0.0,0.0,0.0,0.0,bank,sms,sent_money,transaction,Interactive Brokers India,unknown,0.8,1.0,0.0,1.0,0.0
Clara Mae William &amp; Tradeven,I have been scammed by Clara Mae William passing herself off as a broker/financial advisor. She is using the pig butchering technique where Tradeven is the name of one of the ATS platform's that she supports. Beware,1,,transaction,,1.0,,,,,,,,,card,sms,sent_money,payment,broker/financial advisor,unknown,0.8,1.0,1.0,1.0,0.0
[NZ]Got this email saying to reset my account password for a -zamdkkajdahd-.which is just a string of random letters.,"I'm pretty sure this is a scam but, l've never heard of this website, and if it's real I cannot find it, I'm confused because scams usually use common or popular websites so you're more likely to click links, so either it's legit and l've completely forgotten the account I made and the name of the service changed or similar, or this scammer thinks I'm blind or is just uniquely stupid. I've added pictures of the email, and the name for the company I apparently have an account with is just a string of random letters,    'zamdkkajdahd' which is the weirdest thing to name something, anyway some clarity about this would be appreciated as I'm just confused how this works as a scam.",1,,transaction,0.0,0.0,0.0,0.0,0.0,1.0,0.0,0.0,0.0,0.0,unknown,email,clicked_link,password reset,unknown,unknown,0.8,1.0,1.0,0.0,0.0
Lizwex,<https://lizwex.com> is Elon Musk's newest crypto thingy a scam? Sounds too good to be true,1,,transaction,,0.0,0.0,0.0,0.0,0.0,1.0,1.0,0.0,0.0,crypto,website,clicked_link,payment,Elon Musk,unknown,1.0,1.0,1.0,1.0,0.0
(USA) Federal Court System - Legal Case Notification email,"I thought I would post my Federal Court Scam.  It was pretty convincing, but I googled around a lot. On a Federal Court page, it states that email is never used to contact people about court cases.  I also couldn't locate the case number.  I was going to forget about it until I got an update email from them today and came directly to reddit.      My first red flag was the January 1 date.  Nothing is open on Jan 1, its a federal holiday.  Then, the email address wasn't a .gov, also there is only generic information.  Still, it's pretty scary to get something that says your being sued.  But I'm smart enough not to click in email links.",1,,social_engineering,0.0,0.0,0.0,0.0,0.0,1.0,1.0,1.0,0.0,0.0,unknown,email,none,none,Federal Court System,unknown,1.0,1.0,1.0,1.0,0.0
[US] Scams targeting realtors,"I listed a house for sale and received a text from a supposed buyer, but their message was very formal. I was a bit suspicious but open to learning more. Then they said they wanted to do a zoom call about 'the transition.' That set off more alarm bells because they were acting as if they were ready to purchase the property, rather than just look at it first. They asked for my email and I unfortunately gave it. Then they said they had to send me the zoom link and it would be best if I used a Windows computer. I knew then it was a scam and ignored them. I looked it up and apparently scammers are sending fake zoom links that installs malware.    But later that evening, I received an email from a different name, saying they wanted to move to my city. I was already suspicious but replied that I'd be happy to help them find a home. They told me their husband was in the military so they'd send me a link to a zoom call. I reported the email for phishing and ignored.",1,,social_engineering,0.0,0.0,0.0,0.0,0.0,1.0,0.0,0.0,0.0,0.0,unknown,sms | email | phone | social_media | website | app | unknown | none,sent_mails | shared_credentials | clicked_link | installed_app | none | unknown,none | verification | login | download | none | unknown,unknown,unknown,0.8,1.0,1.0,0.0,0.0
Bluzor pro exchange is a scam,"l invested in a cryptocurrency msga and I was told it had to be purchased through this exchange. After the crypto has gone up so much money, it's not letting me withdraw. Anything every time I try to withdraw it. Keeps saying failed.I was lucky enough to get probably seventy percent of my funds back. I don't understand how the google play store allows.These scam exchanges to even be listed on google play. I just want to warn other people.lf anyone tells them about this coin, it's a complete scam, they will let you deposit. Possibly you could take out a little bit, but then all of a sudden it stops. And they don't allow any more withdrawals.",1,,transaction,0.0,0.0,0.0,0.0,0.0,0.0,0.0,0.0,1.0,0.0,crypto,website,deposited,transaction,cryptocurrency exchange,unknown,0.8,1.0,1.0,0.0,0.0
"[CA] Wife scammed on Facebook, asking for EMT confirmation","Hello,    My wife was scammed on Facebook trying to get firewood for her father. She had already sent an email money transfer when she got suspicious.         The persons profile has pictures from another province, was only created earlier this month and they have a Outlook email from France. Looks to be others warning people of them on Facebook as well.    So while we have probably lost the money I am curious why the 'Seller' keeps asking for the confirmation email for the interact E-Transfer. Our Bank account shows the money is out of our account but we have not received an email confirming it was deposited.    Just not sure what their end goal could be since they already have the money.",1,,transaction,1.0,0.0,1.0,0.0,0.0,0.0,0.0,0.0,0.0,0.0,upi,email,sent_money,verification,bank,unknown,0.8,1.0,0.0,1.0,0.0
Kitopex by elon musk,"Hey guys, i saw a post from elon musk where he promoted kitopex so i wanted to See what's it about. I used Fake email and stuf and you got 2500$ which , how they advertised you could withdraw instantly. Of course i tried it, but now you would have to deposit 60 Bucks and i wanted to know why the real elon musk Account posted it they also have pictures of him and an elon musk Special, now i wanted to know how this works and how they eitler can use him without consequences or if he actually would collaborate. They also adveritise that you can win an rocket Trip and stuff. I really want to know what this is about, im sorry if this doesn't fit in this subreddit im Not using it on the regular i just saw this subreddt.",1,2500.0,transaction,0.0,0.0,0.0,0.0,0.0,0.0,1.0,1.0,0.0,0.0,unknown,email,sent_money,payment,elon musk,unknown,1.0,1.0,1.0,1.0,0.0
Help with this Crypto scam,"I'm writing this to share my experience and hopefully get some clarity from people who understand crypto scams better than I do.  A friend of mine invited me to participate in a crypto trading investment. According to him, the operation worked by following trade 'calls' from a group of experienced investors. The platform we used was called something like it.upa (I'm not 100% sure about the exact name).  The promise was very high returns:  30%  45%  up to 60% profit per operation  We did three operations, and all of them were shown as successful inside the platform. My friend showed me screenshots and records saying he had already made withdrawals in the past, supposedly up to $1,700 USD, which made the whole thing seem more legitimate.  After the last successful operation, before I requested a withdrawal, my friend suggested that I invest an additional $10,000 USD, claiming that by doing so we could reach 80% total profit. I declined and said I preferred to withdraw part of the money first.  That's when things started to feel wrong.  When I asked him to help me withdraw $10,000 USD, he told me that the platform had blocked the withdrawal. According to him, there were restrictions or issues on the platform that prevented large withdrawals.  At this point, I realized several red flags:  Guaranteed or very high profits in a short time  Pressure to invest more money before allowing withdrawals  Withdrawals supposedly working only for small amounts  A platform I can't find reliably",1,10000.0,transaction,0.0,0.0,0.0,0.0,0.0,0.0,0.0,1.0,0.0,0.0,upi,website,sent_money,withdrawal,none,USD,1.0,1.0,0.0,0.0,0.0
Cashtower Fraud Loan Website/Web Application,Hello everyone   I am writing this post to let you know about this Fraud 7 days loan website. - web.mycashtower.com   This is a fraud 7 days loan website. I know these scams are very common so I am sharing this one here. It claims to be RBI Approved and 'powered by NBFC' which I believe is a false claim. Please stay away from this and report it so it can be brought down.,1,,commerce,,,,,,,,,,,bank,website,clicked_link,loan,NBFC,unknown,0.0,1.0,0.0,1.0,0.0
In person crypto startup scam to be cautious of,"I read about this scam that seemed interesting because the victims actually met them in person. The scammers in Europe lured the victims who were founders of crypto startups to 'invest' in the project. They met in a restaurant or hotel lobby and tell them to specifically use the Exodus wallet and ask to take a picture of it but they were really opening the seed phrase without the victims knowing which drained their funds, after telling them to transfer it as 'proof of funds'. The scammers were even wearing business suits and presented themselves as investment managers. I'm wondering if anyone else heard about this?",1,,transaction,0.0,0.0,1.0,0.0,0.0,0.0,0.0,0.0,1.0,0.0,bank,in person,sent_money,payment,company,unknown,0.8,1.0,1.0,1.0,0.0
"[Canada] Phishing scam, I feel so stupid and ashamed, my girlfriend probably hates me.","I have been waiting for my Alberta license I have ordered just before I went to Mexico for 12 days.    I have NEVER fell for any scam ever, but this seemed so legit and with my circumstances it just seemed exactly what would happen.    I got the message from Canada post saying I needed to sign something to pick up my license from the delivery driver or it would be returned to the post office (I received this as soon as I landed back in Canada, but was sent on Feb 5th).    Anyway, I opened the link, it took me to an exact replica of Canada post website, link and all, I put my email in, confirmed my identity, and then I needed to pay for a re delivery, I paid.    I'm from Australia so I wasn't sure how things worked here, you usually get charged for all different things that you wouldn't in Australia so I thought it might just be how it is.    How I realised it was a scam was when I got spammed by emails a couple hours later and got locked out of my scotiabank app.    I have locked my card and I ordered a new one, I am currently on the phone with them to cancel the current one for peace of mind.    Is the card being locked enough, or am I being paranoid?    I can't believe I fell for this, I hate myself and can't sleep because of this, any advice would be appreciated if what I've done isn't enough.",1,,transaction,,1.0,,,,,,,,,card,website,paid,payment,Canada Post,unknown,0.8,1.0,1.0,1.0,0.0
Just got a scam call trying to find out where I crypto trade,"Just sharing this one because it was very convincing. I got called by someone saying they were from Binance fraud department and someone had managed to access my account from Singapore. I was immediately suspicious at being called out of the blue, but they spent the first couple of minutes just checking whether there was any reason someone in Singapore might be accessing my account so I was beginning to think it might be real.    I became suspicious again when they asked me which other crypto platforms I trade on and I said they had no reason to be asking for that information. At this point the first caller put me through to his 'supervisor'. The supervisor said they would send me an e-mail from Binance to prove who they were. I duly got an e-mail which appeared to be from Binance and the caller said to check who the e-mail was from to prove it was them. At this point I knew it was a scam call as I know how easily the sender can be faked in e-mails and clearly no genuine security team would use that as a way to verify their identity.    I told them as much - they then tried scare tactics, saying they had a legal obligation to inform any other platforms I used and I could be liable for losses if I didn't tell them. At this point I was fed up and simply told them I didn't trade crypto anywhere.",1,,transaction,0.0,0.0,1.0,0.0,0.0,0.0,0.0,0.0,0.0,0.0,bank,email,shared_credentials,verification,company,unknown,0.8,1.0,1.0,1.0,0.0
[US] Scammer impersonating a county sheriff,"So embarrassingly today I almost fell for a scam for the first time in my life. Someone impersonating the county sheriff where I live was saying that because I missed Jury duty that I was now going to be held in contempt in court and given several citations for missing it. I'll admit I'm not too familiar with the legal process with missing jury duty so all the jargon he was using sounded very convincing.     Getting to the point though at some moment during the conversation he texted me a fake warrant and asked me to read it from start to finish. No additional personal information other than my name and home address was mentioned (which he already knew when he initially called me) and I immediately hung up when he began telling me that I had to go to my nearest financial institution and request 10% of the required citations (which was 4,500$). I talked to the bankers and they confirmed that this kind of scam was going around lately and said it was good that I stopped before I can inside.     So thankfully nothing more than my name and home address was mentioned which I know is already public information. My main question though is how concerned should I be that they had me read over the fake warrant that was sent to me? I was told the main risk here would be that they would try using my voice to fool friends or family members but I just wanted to inquire if there was something more I should be concerned about and what the next recommended steps are. Thanks for any in advance!",1,,social_engineering,0.0,0.0,0.0,0.0,0.0,1.0,1.0,1.0,0.0,0.0,unknown,phone,none,none,county sheriff,unknown,1.0,1.0,1.0,1.0,0.0
[GER] 819237crypto.com Phone fraud,"I received a call yesterday from a +44 phone number. I was convinced it was [Crypto.com](http://Crypto.com), because I had contacted Visa card support a few days earlier, and they also use a +44 number.    The woman on the phone told me there was suspicious activity on my account. I became worried immediately, especially because I had already received SMS messages containing verification codes. Shortly after, she sent me several emails from the address I always receive crypto.com emails from, 'hello( )crypto.com', which all appeared to be legitimate.    She then directed me to a website (819237crypto.com) and asked me to enter a code she provided. After that, I was prompted to enter my passcode and authentication code — which I did...    [Crypto.com](http://Crypto.com) support later helped me regain access to my account, but by then, most of my funds were gone. I had my assets staked and believed the unstaking period would keep them safe. Unfortunately, the attackers forcibly unstaked the funds and converted them into some kind of DeFi cryptocurrency, likely transferring them to another wallet.    I am extremely worried and unsure what to do next. I lost almost €8,000.",1,,transaction,0.0,0.0,0.0,0.0,0.0,0.0,0.0,0.0,1.0,0.0,crypto,phone,clicked_link,transaction,none,EUR,0.9,1.0,1.0,0.0,0.0
US is this a scam on Facebook?,"So, 'Kate' commented on a comment I made on a Facebook post, and then IMed me, claiming to be a billionaire heiress, and is randomly giving away $2.5m via OnePay or Vanilla card.     So far, she has asked for my name, g-mail addy, and phone number.     What is my risk in giving her that information?",1,2.5,advanced,1.0,1.0,1.0,0.0,0.0,0.0,0.0,1.0,0.0,0.0,upi | card | bank,email | phone,sent_money,payment,individual,unknown,1.0,1.0,0.0,0.0,0.0
Sympathy scam - palestineblankets.com,"I recently found a video on Instagram from a user named palestineblankets. The video shows an old man knitting blankets along with a caption and sad music in the background. There is also a link to the user's website where you can buy the blankets.    The problem is, once you watch another video, you quickly realize that each one contains a completely different man and story. This person is stealing videos of old men and using them to trick people into buying their blanket (I doubt this person's even making them) in the guise of supporting Palestine.    What makes this scam so frustrating is that it's very obvious to spot if you just click on this person's account and watch one other video, yet they are still getting millions of impressions and have probably profited thousands. There was an identical scam I saw a few months ago which stole similar videos of random old men to solicit gofundme donation.",1,,commerce,0.0,0.0,0.0,1.0,1.0,0.0,0.0,0.0,1.0,0.0,bank,social_media,clicked_link,commerce,individual,unknown,0.8,1.0,1.0,0.0,0.0
Whatsapp Investing Scam,"Hey everyone. Thought I would share this, in hopes of maybe saving even one person from being scammed. 'Goldman Sachs' reached out to me about trading opportunities. Essentially, what they do is have one 'professor' and one assistant who furthers everything along. The scam goes as follows:    They tell you that they are able to get shares at the previous day closing price AFTER the move is made in pre market. You have a buying window between 8a-830a. You must sell right at the open. For example, if stock ABCD closed at 1.00, and the following morning, it has moved to $1.30 in pre-market, at 8a est you are able to buy the shares at 1.00. Guaranteeing a profit. See the screenshot for all the 'winners' they have provided, totaling near 800%. I have been following this group since Oct just to see how this works. It's hilariously insane but there are people out there who will be duped into this.",1,,transaction,0.0,0.0,0.0,0.0,0.0,0.0,1.0,1.0,0.0,0.0,unknown,whatsapp,sent_money,payment,Goldman Sachs,unknown,1.0,1.0,1.0,1.0,0.0
Workplace scam call claiming to be from Fire Dept,"Received a scam call the other day at work. First red flag was the caller id showed a strange international number. Caller states he is calling from the Fire Dept and they need to come out and check our fire extinguishers and smoke detectors. (Funny thing is we are located literally across the street from the Fire Dept) Ok sure fine. He ask for the managers name, which I did provide. Then he goes on and says there is a FedEx delivery arriving and I need to write down the tracking number. I asked him why would I need to write down the tracking number if it would be on the package being delivered.     By this time I am clued in that this is a weird and not a legit call, but I entertained him for a little bit longer.     He then tells me he is just going to text the manager and I again questioned him as to how he was going to text the manager if he didn't have her number which he says he did. Okay then why did you ask what her name was? Finally he says he is on his way to the business to meet the supposed FedEx delivery. I said 'and who are you again?' Then he tells me he is the Regional Vice President. I said 'Regional Vice President of what?' He replied of my company (even though at the beginning of the call he said he was with the Fire Dept). I laughed and said 'nice try, we are privately owned' and hung up. Looked it up and it's a popular scam.    My question is what is the end game of this scam? Like what does the scammer get out of the business, there was no FedEx delivery",1,,social_engineering,0.0,0.0,0.0,1.0,0.0,0.0,1.0,1.0,0.0,0.0,none,phone,none,none,Fire Dept,unknown,1.0,1.0,1.0,1.0,0.0
Got scammed. My fault. Sharing so others don't fall for this.,"I wanted to share this so others don't get caught the way I did.    I booked a car on Zoomcar after seeing a new listing. The 'owner' messaged me in the Zoomcar chat and shared his number. A few days later, the listing suddenly got cancelled. When I reached out, he said Zoomcar had 'paused' his listings and asked me to book directly instead and that he ran a car rental business. He even offered 20% off because 'Zoomcar takes a 40% commission.'    We spoke over the phone, and after seeing a few photos, I paid a 25% token — ₹5.5k. A day before delivery, he asked if I wanted it delivered for a small extra fee. I said yes.    Next morning, he told me to pay the remaining amount so he could generate an invoice and leave for my location. I told him that wasn't mentioned earlier and insisted we'd come to him, see the car, and then pay. He agreed and sent a location.    The location turned out to be the cargo area of Mumbai Airport.    When I called him from there, he said we wouldn't be allowed inside and told me to pay the remaining amount first. I refused and repeated that we'd only pay after seeing the car. Then he changed the story again: 'He said that the owner won't allow the car to leave unless the invoice is generated.'    At this point, it clicked — this was a scam.",1,5500.0,transaction,0.0,0.0,0.0,1.0,1.0,0.0,0.0,0.0,0.0,0.0,upi,phone,sent_money,payment,car rental business owner,INR,0.8,1.0,0.0,1.0,0.0
Was tryna download Opera GX (I know I know) and clicked a possible phishing link: http://gaming-opera.com/,Went on edge just factory reset my pc and I may be a bit paranoid but the first link I see (and click I know again im stupid just wasn't paying any attention) is this http://gaming-opera(dot)com I scanned it on virus total and it comes up as a phishing link should I factory reset AGAIN or is it safe-ish? Is it a just take my email and send a bunch of spam or hack it type deal sorry if I'm asking stupid questions just a paranoid individual with a lot of information to lose!    https://preview.redd.it/x2heu2328eeg1.png?width=1628&amp;format=png&amp;auto=webp&amp;s=ccf3e15f85ec6407e256e62799f443c3216b5814,1,,phishing,0.0,0.0,0.0,0.0,0.0,1.0,0.0,0.0,0.0,0.0,upi,website,clicked_link,credential,unknown,unknown,0.8,1.0,1.0,0.0,0.0
I hate to say it but I got scammed.,"I should have been aware 😭 now I'm buried in so much debts. I don't know how to recover from this.    This might be long and English is not my first language so please bear with the errors.    Site is: www.starexchange.vip    Just looking at the site, I'm already suspecting that it's not legit. They just let me withdraw a small amount which I also deposited back hoping to earn more. This guy is playing with my emotions asking me to borrow money until I'm buried in debt. I really thought he's legit  based on our interactions.    God I'm so stupid. I didn't expect for this to happen to me.    I don't want to believe it's a scam. I'm still hoping to recover my money.    I've been following up with their support chat which I think is the same guy who lured me into this.    He is teaching me to trade. Short-term options trading. At first he asked to deposit 50 USDT and then we traded. We always earn 10 percent for every 30 seconds trade, and every trade he's asking me to deposit more saying it's an opportunity. He said this signals come from his sister who works in the US. When I was able to accumulate 1200 USDT in the platform, he asked me to deposit 300 USDT more saying the 90 seconds trading signal is rare, or so I thought. Unfortunately, I deposited the 300 USDT, now I have 1500 USDT.    407 USDT of that 1500 USDT came from him which I think is fake USDT as I'm thinking he's also the one operating the site.    So we traded that night and I earned 30% of 1500 USDT. It was added",1,1500.0,transaction,0.0,0.0,1.0,0.0,0.0,0.0,0.0,1.0,1.0,0.0,bank,website,deposited money,trade,unknown,USD,1.0,1.0,1.0,0.0,0.0
Need help with potential scam,I have a guy who sent me a dm on tiktok who is named brian\_bips he claims he had a business proposal and is telling me if he sends me money from his crypto assets to my cash app and once it's activated he will want me to send back 60% and I keep 40% what exactly is he trying to do,1,,transaction,,,,,,,,,,,crypto,social_media,sent_money,payment,,,,1.0,0.0,0.0,0.0
Possible Scam,Hello    Does anyone of you know the traiding Plattform tokenzoom?    I had some good profits on it but as soon as i wanted to withdraw it the plattform wanted 34% tax on my profits.    After i paid it they told me im suspected in Money- laundering because the last payment i did was from another account. Now they want me to pay that again from my Account to make Sure its Not Money laundering.,1,,transaction,0.0,0.0,1.0,0.0,0.0,0.0,0.0,0.0,0.0,0.0,bank,website,paid,tax,crypto exchange,unknown,0.9,1.0,1.0,1.0,0.0
Funds deposited to Base app from scam exchange- what do I do now?,This may be a new level to the scam I was caught in last year. The exchange notified me that they were depositing ETH to my Base App wallet and now they want 1.6% from me to get the funds released to my bank account. They connected me to a so-called 'Coinbase' employee (with a Gmail address) to help me get the funds transferred. Of course he is asking for the fee up front first. They claim this is standard procedure. I'm not paying the fee and they warned me that it would only go up as my balance increased in the Base app. What do I do now? Has anyone heard of this happening?,1,,advanced,0.0,0.0,1.0,0.0,0.0,0.0,1.0,1.0,0.0,0.0,bank,email,none,payment,company,unknown,1.0,1.0,1.0,1.0,0.0
"Is this an official domain of ABCL, I was not able to find about it.","I am assuming this is a scam/phishing attempt since I do not have any loans with ABCL, and I do not wish to login on the official site with a number and check now. My doubt stems from two things - the fact that sometimes organizations own and redirect similar domains back to their main domain but I do not even want to test this. Secondly, they have been very consistent at this - sending me TnC changes, policy changes, etc from the same domain.         So this is fake right?",1,,social_engineering,0.0,0.0,0.0,0.0,0.0,1.0,0.0,0.0,0.0,0.0,unknown,website,clicked_link,login,company,unknown,0.8,1.0,0.0,1.0,0.0
cryptozit exchange scam,cryptozit is a scam website posing as a legitimate crypto platform. It has been reported to steal user funds and credentials. Do not deposit money or enter personal data.,1,,commerce,,1.0,,,,,,,,,crypto,website,deposited_money,transaction,crypto exchange,unknown,0.0,0.0,1.0,0.0,0.0
Crypto data company that feels way too good to be true.,"I got offered a 'job' at a 'company' called Guava Studio. They are covered in red flags and I'm certain they aren't legit but I'm curious.    I've uploaded the text they sent of how they supposedly work.    I'm curious as to both how they scam me and if I can keep making money off them until a certain point?      What they said:    Simply put, the market is filled with both well known and emerging brands, all striving to gain greater exposure and higher conversion rates. Beyond traditional methods of building brand awareness, search engine systems can also be leveraged to strengthen brand data and boost recognition    The company's website connects the company, brand founders, and users. Brand founders provide data to boost their brands, while the website offers services and search engine support. By investing real funds, founders enhance brand performance, generating authentic consumer data. Strong metrics and visibility help drive sales, giving lesser-known brands market opportunities and established brands more exposure. In this process, founders earn profits and users gain real benefits",1,,task scam,0.0,0.0,0.0,0.0,0.0,0.0,0.0,0.0,0.0,0.0,unknown,website,clicked_link,none,company,unknown,0.9,1.0,0.0,1.0,0.0
(UK) Three / Vodafone Scam - ~DMV Communications,"I was contacted by 'Three' claiming that my monthly bill would increase from £19 to £32 due to their merger with Vodafone. They advised that I could lock in for 24 months at £20 to protect myself from the rise. I told them that there was no way that Three would be putting my monthly up £13 pm. They knew everything about my Three account -     My monthly plan, telephone number, account email, how long I had been with them and all sounded very convincing. They then sent me a text to confirm that they were from Three and I received a text from 'Three' on my phone. They also sent me a 'contract' to return via email to confirm the change.    They also asked me to confirm my bank account and sort code and at that point I refused and hung up.    A text arrived from 'Three UK' providing a PAC code 'following my request'.    The email contract was from DMV Communications (Birmingham company according to Google) offering me a 24 month contract with Vodafone. Email binned!    I contacted Three and they put me through to their security team, got me to change password and binned the request for a PAC code.    I then received 7 phone calls from an unknown number in 20 minutes. I eventually answered one and they were pretty abusive and angry that I wasn't taking their fantastic deal.",1,,transaction,0.0,0.0,1.0,0.0,0.0,0.0,0.0,0.0,0.0,0.0,bank,email,shared_credentials,verification,company,unknown,0.9,1.0,0.0,1.0,0.0
